;  Created by Sandify
;  https://sandify.org
;  Version: 0.2.6
;
;  Machine type: Rectangular
;    Min X (mm): 0
;    Max X (mm): 500
;    Min Y (mm): 0
;    Max Y (mm): 500
;  Content type: shape
;  Layer:
;    Shape: FileImport
;    Name: Butterfly.thr
;    From file:: Butterfly.thr
;    Aspect Ratio: true
;    Comments: 
;    Visible: true
;    Initial width: 10
;    Initial height: 10
;    X offset: 0
;    Y offset: 0
;    Rotate (degrees): 0
;    Reverse path: false
;    Fine tuning:
;      Connect to next layer: line
;      Draw portion of path (%): 100
;      Backtrack at end (%): 0
;      Rotate starting point (%): 0
;  Reverse export path: false
;
; File name: 'butterfly (C C)'
; File type: gcode
;

G01 X231.406 Y268.647
G01 X230.637 Y268.685
G01 X229.874 Y268.798
G01 X229.121 Y268.986
G01 X228.385 Y269.248
G01 X227.672 Y269.582
G01 X226.985 Y269.988
G01 X226.332 Y270.463
G01 X225.715 Y271.005
G01 X225.142 Y271.611
G01 X224.615 Y272.276
G01 X224.142 Y273.001
G01 X223.724 Y273.780
G01 X223.367 Y274.609
G01 X223.074 Y275.486
G01 X222.849 Y276.403
G01 X222.695 Y277.358
G01 X222.615 Y278.345
G01 X222.614 Y279.361
G01 X222.692 Y280.397
G01 X222.851 Y281.450
G01 X223.094 Y282.515
G01 X223.421 Y283.585
G01 X223.834 Y284.655
G01 X224.334 Y285.719
G01 X224.922 Y286.770
G01 X225.595 Y287.803
G01 X226.355 Y288.812
G01 X227.200 Y289.791
G01 X228.130 Y290.733
G01 X229.142 Y291.633
G01 X230.235 Y292.486
G01 X231.386 Y293.272
G01 X231.498 Y293.623
G01 X231.535 Y290.498
G01 X231.534 Y285.722
G01 X231.534 Y285.322
G01 X231.535 Y281.921
G01 X231.535 Y280.046
G01 X231.534 Y274.696
G01 X231.827 Y274.630
G01 X232.114 Y274.548
G01 X232.394 Y274.454
G01 X232.666 Y274.347
G01 X232.930 Y274.227
G01 X233.186 Y274.096
G01 X233.432 Y273.952
G01 X233.668 Y273.798
G01 X233.895 Y273.632
G01 X234.110 Y273.458
G01 X234.315 Y273.275
G01 X234.508 Y273.083
G01 X234.689 Y272.883
G01 X234.859 Y272.678
G01 X235.016 Y272.464
G01 X235.160 Y272.245
G01 X235.292 Y272.022
G01 X235.411 Y271.794
G01 X235.518 Y271.563
G01 X235.611 Y271.330
G01 X235.692 Y271.094
G01 X235.759 Y270.856
G01 X235.814 Y270.618
G01 X235.856 Y270.381
G01 X235.885 Y270.144
G01 X235.902 Y269.907
G01 X235.907 Y269.673
G01 X235.899 Y269.442
G01 X235.880 Y269.214
G01 X235.850 Y268.990
G01 X235.808 Y268.770
G01 X235.756 Y268.555
G01 X235.693 Y268.346
G01 X235.620 Y268.142
G01 X235.538 Y267.944
G01 X235.447 Y267.755
G01 X235.347 Y267.572
G01 X235.239 Y267.395
G01 X235.123 Y267.227
G01 X235.000 Y267.068
G01 X234.871 Y266.918
G01 X234.736 Y266.775
G01 X234.595 Y266.644
G01 X234.449 Y266.519
G01 X234.299 Y266.405
G01 X234.145 Y266.300
G01 X233.988 Y266.205
G01 X233.828 Y266.120
G01 X233.667 Y266.044
G01 X233.503 Y265.978
G01 X233.339 Y265.921
G01 X233.175 Y265.875
G01 X233.010 Y265.837
G01 X232.846 Y265.809
G01 X232.684 Y265.791
G01 X232.523 Y265.781
G01 X232.364 Y265.780
G01 X232.208 Y265.787
G01 X232.055 Y265.803
G01 X231.905 Y265.827
G01 X231.759 Y265.859
G01 X231.618 Y265.899
G01 X231.534 Y265.925
G01 X231.535 Y257.448
G01 X231.534 Y253.423
G01 X231.535 Y248.147
G01 X231.534 Y245.347
G01 X231.534 Y237.397
G01 X231.536 Y229.147
G01 X231.533 Y224.797
G01 X231.534 Y221.072
G01 X231.532 Y215.922
G01 X231.535 Y209.797
G01 X231.535 Y203.947
G01 X231.536 Y199.922
G01 X231.537 Y195.522
G01 X231.531 Y189.922
G01 X231.531 Y184.947
G01 X231.537 Y180.947
G01 X231.537 Y174.397
G01 X231.534 Y169.147
G01 X231.529 Y164.997
G01 X231.535 Y160.247
G01 X231.529 Y155.247
G01 X231.534 Y151.197
G01 X231.538 Y147.797
G01 X231.529 Y144.672
G01 X231.531 Y141.922
G01 X231.536 Y137.472
G01 X231.539 Y133.997
G01 X233.028 Y134.482
G01 X233.031 Y137.482
G01 X233.039 Y141.933
G01 X233.029 Y144.658
G01 X233.036 Y147.783
G01 X233.037 Y151.208
G01 X233.038 Y155.259
G01 X233.031 Y160.234
G01 X233.032 Y165.010
G01 X233.037 Y169.160
G01 X233.036 Y174.386
G01 X233.037 Y180.937
G01 X233.038 Y184.938
G01 X233.035 Y189.939
G01 X233.036 Y195.515
G01 X233.034 Y199.941
G01 X233.036 Y203.943
G01 X233.036 Y209.795
G01 X233.035 Y215.922
G01 X233.033 Y221.075
G01 X233.034 Y224.777
G01 X233.034 Y229.156
G01 X233.036 Y237.389
G01 X233.034 Y245.354
G01 X233.036 Y248.137
G01 X233.034 Y253.434
G01 X233.036 Y257.440
G01 X233.389 Y258.529
G01 X233.639 Y259.621
G01 X233.788 Y260.712
G01 X233.836 Y261.793
G01 X233.784 Y262.858
G01 X233.635 Y263.899
G01 X233.390 Y264.909
G01 X233.053 Y265.882
G01 X233.036 Y265.923
G01 X233.204 Y265.952
G01 X233.373 Y265.991
G01 X233.542 Y266.040
G01 X233.711 Y266.101
G01 X233.879 Y266.170
G01 X234.046 Y266.251
G01 X234.210 Y266.342
G01 X234.372 Y266.443
G01 X234.531 Y266.555
G01 X234.686 Y266.678
G01 X234.836 Y266.810
G01 X234.980 Y266.953
G01 X235.119 Y267.106
G01 X235.252 Y267.269
G01 X235.377 Y267.439
G01 X235.494 Y267.620
G01 X235.604 Y267.809
G01 X235.704 Y268.006
G01 X235.795 Y268.212
G01 X235.876 Y268.424
G01 X235.947 Y268.644
G01 X236.006 Y268.870
G01 X236.055 Y269.101
G01 X236.091 Y269.338
G01 X236.115 Y269.580
G01 X236.127 Y269.827
G01 X236.126 Y270.075
G01 X236.111 Y270.327
G01 X236.083 Y270.580
G01 X236.042 Y270.835
G01 X235.986 Y271.091
G01 X235.916 Y271.346
G01 X235.833 Y271.601
G01 X235.735 Y271.852
G01 X235.622 Y272.102
G01 X235.496 Y272.348
G01 X235.356 Y272.591
G01 X235.201 Y272.828
G01 X235.033 Y273.059
G01 X234.851 Y273.284
G01 X234.655 Y273.501
G01 X234.446 Y273.712
G01 X234.225 Y273.911
G01 X233.991 Y274.102
G01 X233.745 Y274.282
G01 X233.488 Y274.452
G01 X233.220 Y274.609
G01 X233.034 Y274.707
G01 X233.186 Y276.861
G01 X233.129 Y279.037
G01 X233.034 Y280.031
G01 X233.035 Y281.922
G01 X233.033 Y285.318
G01 X233.035 Y285.720
G01 X233.036 Y290.511
G01 X233.034 Y293.018
G01 X233.045 Y293.594
G01 X234.301 Y293.774
G01 X234.546 Y293.802
G01 X234.530 Y292.998
G01 X234.530 Y290.500
G01 X234.528 Y285.714
G01 X234.532 Y285.332
G01 X234.529 Y281.909
G01 X234.527 Y280.027
G01 X234.717 Y278.746
G01 X234.789 Y277.476
G01 X234.745 Y276.227
G01 X234.588 Y275.005
G01 X234.533 Y274.713
G01 X234.791 Y274.490
G01 X235.034 Y274.256
G01 X235.263 Y274.012
G01 X235.476 Y273.760
G01 X235.674 Y273.500
G01 X235.857 Y273.232
G01 X236.023 Y272.959
G01 X236.174 Y272.680
G01 X236.309 Y272.397
G01 X236.427 Y272.111
G01 X236.529 Y271.822
G01 X236.616 Y271.532
G01 X236.686 Y271.241
G01 X236.740 Y270.950
G01 X236.779 Y270.660
G01 X236.802 Y270.372
G01 X236.810 Y270.087
G01 X236.803 Y269.804
G01 X236.782 Y269.526
G01 X236.747 Y269.253
G01 X236.698 Y268.986
G01 X236.636 Y268.726
G01 X236.561 Y268.471
G01 X236.474 Y268.224
G01 X236.375 Y267.986
G01 X236.265 Y267.755
G01 X236.145 Y267.535
G01 X236.015 Y267.323
G01 X235.876 Y267.122
G01 X235.728 Y266.931
G01 X235.573 Y266.751
G01 X235.410 Y266.583
G01 X235.242 Y266.425
G01 X235.067 Y266.279
G01 X234.888 Y266.144
G01 X234.704 Y266.022
G01 X234.535 Y265.921
G01 X234.852 Y265.334
G01 X235.118 Y264.710
G01 X235.330 Y264.054
G01 X235.485 Y263.368
G01 X235.581 Y262.657
G01 X235.617 Y261.925
G01 X235.590 Y261.178
G01 X235.499 Y260.416
G01 X235.343 Y259.647
G01 X235.121 Y258.876
G01 X234.832 Y258.106
G01 X234.530 Y257.450
G01 X234.585 Y254.627
G01 X234.528 Y253.439
G01 X234.542 Y248.363
G01 X234.531 Y248.134
G01 X234.529 Y245.355
G01 X234.531 Y237.403
G01 X234.533 Y229.146
G01 X234.530 Y224.783
G01 X234.531 Y221.075
G01 X234.531 Y215.915
G01 X234.533 Y209.805
G01 X234.533 Y203.948
G01 X234.527 Y199.943
G01 X234.530 Y195.514
G01 X234.532 Y189.934
G01 X234.528 Y184.955
G01 X234.528 Y180.953
G01 X234.526 Y174.399
G01 X234.530 Y169.146
G01 X234.526 Y164.994
G01 X234.528 Y160.242
G01 X234.535 Y155.265
G01 X234.530 Y151.189
G01 X234.536 Y147.788
G01 X234.530 Y144.661
G01 X234.535 Y141.936
G01 X234.527 Y137.484
G01 X234.529 Y136.259
G01 X234.743 Y136.714
G01 X236.035 Y139.355
G01 X236.032 Y141.931
G01 X236.032 Y144.658
G01 X236.036 Y147.786
G01 X236.035 Y151.188
G01 X236.033 Y155.266
G01 X236.036 Y160.246
G01 X236.031 Y165.000
G01 X236.035 Y169.155
G01 X236.037 Y174.386
G01 X236.031 Y180.944
G01 X236.038 Y184.950
G01 X236.031 Y189.933
G01 X236.033 Y195.518
G01 X236.037 Y199.928
G01 X236.032 Y203.962
G01 X236.034 Y209.804
G01 X236.036 Y215.925
G01 X236.035 Y221.072
G01 X236.036 Y224.791
G01 X236.034 Y229.167
G01 X236.037 Y237.388
G01 X236.033 Y245.352
G01 X236.037 Y248.138
G01 X236.117 Y251.702
G01 X236.033 Y253.435
G01 X236.127 Y255.484
G01 X236.038 Y257.442
G01 X236.364 Y258.145
G01 X236.632 Y258.853
G01 X236.844 Y259.560
G01 X236.999 Y260.264
G01 X237.099 Y260.960
G01 X237.145 Y261.644
G01 X237.138 Y262.314
G01 X237.080 Y262.966
G01 X236.973 Y263.594
G01 X236.819 Y264.198
G01 X236.620 Y264.775
G01 X236.378 Y265.320
G01 X236.096 Y265.832
G01 X236.039 Y265.923
G01 X236.235 Y266.118
G01 X236.422 Y266.327
G01 X236.601 Y266.546
G01 X236.770 Y266.779
G01 X236.928 Y267.024
G01 X237.075 Y267.279
G01 X237.210 Y267.543
G01 X237.333 Y267.819
G01 X237.442 Y268.104
G01 X237.538 Y268.399
G01 X237.619 Y268.700
G01 X237.685 Y269.010
G01 X237.735 Y269.324
G01 X237.769 Y269.646
G01 X237.787 Y269.973
G01 X237.788 Y270.303
G01 X237.772 Y270.637
G01 X237.738 Y270.973
G01 X237.687 Y271.311
G01 X237.617 Y271.649
G01 X237.529 Y271.987
G01 X237.423 Y272.323
G01 X237.298 Y272.656
G01 X237.155 Y272.987
G01 X236.994 Y273.312
G01 X236.814 Y273.632
G01 X236.616 Y273.947
G01 X236.401 Y274.252
G01 X236.167 Y274.550
G01 X236.035 Y274.707
G01 X236.220 Y275.636
G01 X236.325 Y276.597
G01 X236.346 Y277.583
G01 X236.281 Y278.588
G01 X236.129 Y279.607
G01 X236.037 Y280.042
G01 X236.037 Y281.868
G01 X236.035 Y281.913
G01 X236.073 Y284.482
G01 X236.034 Y285.317
G01 X236.037 Y285.731
G01 X236.065 Y289.919
G01 X236.037 Y290.512
G01 X236.036 Y292.986
G01 X236.055 Y294.152
G01 X237.477 Y294.648
G01 X237.570 Y294.677
G01 X237.534 Y292.962
G01 X237.535 Y290.505
G01 X237.606 Y287.202
G01 X237.537 Y285.731
G01 X237.538 Y285.332
G01 X237.600 Y283.244
G01 X237.540 Y281.923
G01 X237.549 Y280.392
G01 X237.531 Y280.029
G01 X237.716 Y279.107
G01 X237.825 Y278.195
G01 X237.862 Y277.300
G01 X237.827 Y276.425
G01 X237.722 Y275.577
G01 X237.552 Y274.758
G01 X237.539 Y274.712
G01 X237.771 Y274.351
G01 X237.982 Y273.981
G01 X238.172 Y273.606
G01 X238.341 Y273.224
G01 X238.490 Y272.838
G01 X238.617 Y272.449
G01 X238.723 Y272.058
G01 X238.809 Y271.664
G01 X238.873 Y271.271
G01 X238.917 Y270.880
G01 X238.941 Y270.490
G01 X238.945 Y270.102
G01 X238.929 Y269.719
G01 X238.894 Y269.341
G01 X238.840 Y268.971
G01 X238.768 Y268.606
G01 X238.679 Y268.248
G01 X238.572 Y267.900
G01 X238.449 Y267.561
G01 X238.310 Y267.233
G01 X238.155 Y266.915
G01 X237.987 Y266.611
G01 X237.805 Y266.317
G01 X237.610 Y266.036
G01 X237.529 Y265.928
G01 X237.797 Y265.425
G01 X238.029 Y264.889
G01 X238.223 Y264.324
G01 X238.376 Y263.731
G01 X238.487 Y263.113
G01 X238.553 Y262.474
G01 X238.573 Y261.815
G01 X238.544 Y261.140
G01 X238.465 Y260.452
G01 X238.336 Y259.755
G01 X238.154 Y259.051
G01 X237.920 Y258.346
G01 X237.632 Y257.640
G01 X237.541 Y257.442
G01 X237.642 Y255.797
G01 X237.595 Y254.119
G01 X237.533 Y253.435
G01 X237.650 Y250.643
G01 X237.535 Y248.144
G01 X237.538 Y245.340
G01 X237.624 Y239.215
G01 X237.536 Y237.393
G01 X237.534 Y229.170
G01 X237.536 Y224.798
G01 X237.534 Y221.065
G01 X237.533 Y215.927
G01 X237.534 Y209.815
G01 X237.536 Y203.962
G01 X237.536 Y199.945
G01 X237.532 Y195.528
G01 X237.533 Y189.935
G01 X237.535 Y184.946
G01 X237.537 Y180.936
G01 X237.530 Y174.396
G01 X237.531 Y169.160
G01 X237.537 Y165.003
G01 X237.536 Y160.245
G01 X237.533 Y155.262
G01 X237.529 Y151.207
G01 X237.538 Y147.777
G01 X237.535 Y143.897
G01 X239.035 Y150.142
G01 X239.038 Y151.195
G01 X239.036 Y155.253
G01 X239.038 Y160.240
G01 X239.036 Y165.003
G01 X239.032 Y169.139
G01 X239.038 Y174.380
G01 X239.036 Y180.953
G01 X239.035 Y184.944
G01 X239.032 Y189.941
G01 X239.038 Y195.519
G01 X239.035 Y199.944
G01 X239.036 Y203.945
G01 X239.037 Y209.815
G01 X239.035 Y215.921
G01 X239.033 Y221.080
G01 X239.035 Y224.780
G01 X239.038 Y229.153
G01 X239.038 Y237.390
G01 X239.175 Y242.478
G01 X239.039 Y245.340
G01 X239.036 Y248.146
G01 X239.167 Y250.561
G01 X239.082 Y252.935
G01 X239.037 Y253.428
G01 X239.146 Y254.934
G01 X239.127 Y256.412
G01 X239.037 Y257.450
G01 X239.321 Y258.178
G01 X239.553 Y258.904
G01 X239.733 Y259.627
G01 X239.862 Y260.344
G01 X239.942 Y261.051
G01 X239.974 Y261.745
G01 X239.959 Y262.424
G01 X239.899 Y263.084
G01 X239.796 Y263.722
G01 X239.651 Y264.337
G01 X239.467 Y264.924
G01 X239.246 Y265.483
G01 X239.035 Y265.926
G01 X239.236 Y266.280
G01 X239.420 Y266.649
G01 X239.587 Y267.029
G01 X239.736 Y267.420
G01 X239.865 Y267.822
G01 X239.975 Y268.236
G01 X240.065 Y268.656
G01 X240.134 Y269.085
G01 X240.182 Y269.520
G01 X240.207 Y269.962
G01 X240.211 Y270.409
G01 X240.191 Y270.857
G01 X240.148 Y271.309
G01 X240.082 Y271.761
G01 X239.993 Y272.214
G01 X239.880 Y272.665
G01 X239.743 Y273.115
G01 X239.582 Y273.559
G01 X239.398 Y273.998
G01 X239.190 Y274.433
G01 X239.041 Y274.712
G01 X239.205 Y275.493
G01 X239.311 Y276.302
G01 X239.354 Y277.138
G01 X239.333 Y277.996
G01 X239.246 Y278.871
G01 X239.092 Y279.760
G01 X239.032 Y280.029
G01 X239.056 Y281.373
G01 X239.034 Y281.910
G01 X239.102 Y283.693
G01 X239.030 Y285.311
G01 X239.033 Y285.721
G01 X239.258 Y288.832
G01 X239.194 Y291.998
G01 X239.039 Y293.712
G01 X239.679 Y291.689
G01 X240.140 Y289.669
G01 X240.425 Y287.663
G01 X240.536 Y285.684
G01 X240.537 Y285.224
G01 X240.606 Y283.565
G01 X240.536 Y281.945
G01 X240.533 Y281.910
G01 X240.561 Y280.647
G01 X240.539 Y280.038
G01 X240.702 Y279.142
G01 X240.801 Y278.260
G01 X240.836 Y277.392
G01 X240.810 Y276.546
G01 X240.725 Y275.725
G01 X240.583 Y274.931
G01 X240.530 Y274.702
G01 X240.747 Y274.207
G01 X240.938 Y273.703
G01 X241.102 Y273.197
G01 X241.240 Y272.684
G01 X241.351 Y272.170
G01 X241.435 Y271.655
G01 X241.493 Y271.140
G01 X241.525 Y270.627
G01 X241.531 Y270.116
G01 X241.511 Y269.611
G01 X241.467 Y269.109
G01 X241.397 Y268.615
G01 X241.304 Y268.130
G01 X241.187 Y267.652
G01 X241.048 Y267.186
G01 X240.886 Y266.731
G01 X240.703 Y266.287
G01 X240.534 Y265.926
G01 X240.771 Y265.347
G01 X240.973 Y264.738
G01 X241.137 Y264.102
G01 X241.260 Y263.442
G01 X241.341 Y262.757
G01 X241.378 Y262.053
G01 X241.369 Y261.332
G01 X241.312 Y260.597
G01 X241.206 Y259.851
G01 X241.051 Y259.096
G01 X240.844 Y258.334
G01 X240.585 Y257.572
G01 X240.538 Y257.448
G01 X240.647 Y256.106
G01 X240.644 Y254.727
G01 X240.539 Y253.427
G01 X240.678 Y251.323
G01 X240.629 Y249.173
G01 X240.539 Y248.139
G01 X240.537 Y245.347
G01 X240.702 Y241.002
G01 X240.535 Y237.404
G01 X240.589 Y230.326
G01 X240.534 Y229.163
G01 X240.538 Y224.788
G01 X240.537 Y221.065
G01 X240.536 Y215.932
G01 X240.534 Y209.801
G01 X240.534 Y203.963
G01 X240.536 Y199.926
G01 X240.535 Y195.515
G01 X240.538 Y189.925
G01 X240.540 Y184.944
G01 X240.532 Y180.946
G01 X240.539 Y174.388
G01 X240.535 Y169.140
G01 X240.539 Y164.999
G01 X240.533 Y160.231
G01 X240.538 Y158.600
G01 X241.910 Y169.351
G01 X242.040 Y170.371
G01 X242.034 Y174.394
G01 X242.034 Y180.939
G01 X242.033 Y184.944
G01 X242.032 Y189.936
G01 X242.039 Y195.516
G01 X242.035 Y199.939
G01 X242.040 Y203.940
G01 X242.041 Y209.800
G01 X242.036 Y215.933
G01 X242.039 Y221.071
G01 X242.035 Y224.792
G01 X242.039 Y229.153
G01 X242.129 Y235.409
G01 X242.033 Y237.405
G01 X242.219 Y241.335
G01 X242.048 Y245.199
G01 X242.033 Y245.357
G01 X242.043 Y248.074
G01 X242.040 Y248.140
G01 X242.179 Y250.154
G01 X242.147 Y252.129
G01 X242.031 Y253.441
G01 X242.141 Y254.785
G01 X242.147 Y256.101
G01 X242.051 Y257.383
G01 X242.044 Y257.443
G01 X242.298 Y258.250
G01 X242.498 Y259.053
G01 X242.647 Y259.849
G01 X242.746 Y260.639
G01 X242.794 Y261.414
G01 X242.795 Y262.175
G01 X242.749 Y262.918
G01 X242.658 Y263.641
G01 X242.525 Y264.341
G01 X242.351 Y265.015
G01 X242.139 Y265.661
G01 X242.038 Y265.925
G01 X242.159 Y266.450
G01 X242.254 Y266.981
G01 X242.322 Y267.515
G01 X242.365 Y268.053
G01 X242.381 Y268.591
G01 X242.370 Y269.130
G01 X242.334 Y269.666
G01 X242.270 Y270.202
G01 X242.181 Y270.732
G01 X242.066 Y271.260
G01 X242.041 Y271.359
G01 X242.427 Y270.889
G01 X242.793 Y270.386
G01 X243.135 Y269.853
G01 X243.451 Y269.290
G01 X243.740 Y268.699
G01 X243.999 Y268.082
G01 X244.227 Y267.439
G01 X244.421 Y266.774
G01 X244.580 Y266.085
G01 X244.703 Y265.376
G01 X244.787 Y264.650
G01 X244.831 Y263.909
G01 X244.834 Y263.152
G01 X244.794 Y262.385
G01 X244.711 Y261.608
G01 X244.583 Y260.825
G01 X244.410 Y260.038
G01 X244.191 Y259.250
G01 X243.925 Y258.462
G01 X243.613 Y257.678
G01 X243.532 Y257.494
G01 X243.635 Y256.238
G01 X243.643 Y254.946
G01 X243.552 Y253.625
G01 X243.531 Y253.439
G01 X243.675 Y251.606
G01 X243.666 Y249.725
G01 X243.540 Y248.144
G01 X243.553 Y245.614
G01 X243.541 Y245.342
G01 X243.739 Y241.827
G01 X243.617 Y238.244
G01 X243.541 Y237.395
G01 X243.660 Y231.829
G01 X243.536 Y229.168
G01 X243.537 Y224.794
G01 X243.539 Y221.070
G01 X243.539 Y215.925
G01 X243.535 Y209.809
G01 X243.539 Y203.950
G01 X243.540 Y199.935
G01 X243.537 Y195.521
G01 X243.543 Y188.005
G01 X244.089 Y200.187
G01 X244.357 Y209.422
G01 X244.209 Y216.753
G01 X245.401 Y216.829
G01 X248.115 Y216.997
G01 X249.967 Y217.192
G01 X252.874 Y217.194
G01 X255.825 Y217.359
G01 X257.654 Y217.544
G01 X260.981 Y217.417
G01 X264.384 Y217.497
G01 X265.423 Y217.562
G01 X269.431 Y217.208
G01 X273.551 Y217.129
G01 X274.865 Y217.163
G01 X280.003 Y216.501
G01 X284.464 Y216.242
G01 X291.476 Y214.875
G01 X297.471 Y214.176
G01 X305.753 Y212.361
G01 X319.250 Y208.523
G01 X331.373 Y204.090
G01 X342.000 Y199.371
G01 X349.224 Y195.647
G01 X355.911 Y191.917
G01 X366.048 Y185.446
G01 X375.817 Y178.288
G01 X381.834 Y173.347
G01 X388.040 Y167.783
G01 X391.305 Y164.592
G01 X393.237 Y171.793
G01 X390.138 Y165.779
G01 X390.822 Y163.310
G01 X389.817 Y161.268
G01 X388.040 Y167.783
G01 X392.288 Y175.885
G01 X393.529 Y178.449
G01 X392.976 Y183.356
G01 X389.000 Y175.292
G01 X385.952 Y169.716
G01 X388.760 Y159.462
G01 X387.668 Y157.818
G01 X383.940 Y171.346
G01 X383.870 Y171.564
G01 X388.127 Y179.346
G01 X391.990 Y187.312
G01 X392.059 Y187.463
G01 X390.951 Y191.025
G01 X387.200 Y183.153
G01 X383.060 Y175.462
G01 X381.834 Y173.347
G01 X385.666 Y159.958
G01 X386.514 Y156.336
G01 X385.331 Y154.972
G01 X381.870 Y168.551
G01 X379.803 Y175.048
G01 X384.026 Y182.550
G01 X387.872 Y190.241
G01 X389.691 Y194.244
G01 X388.350 Y197.180
G01 X384.793 Y189.494
G01 X380.860 Y181.984
G01 X377.800 Y176.700
G01 X381.836 Y163.532
G01 X384.142 Y153.712
G01 X382.886 Y152.554
G01 X379.668 Y166.163
G01 X375.817 Y178.288
G01 X379.986 Y185.533
G01 X383.793 Y192.970
G01 X386.939 Y199.897
G01 X385.478 Y202.430
G01 X382.088 Y194.929
G01 X378.332 Y187.600
G01 X374.220 Y180.463
G01 X373.831 Y179.828
G01 X378.026 Y166.891
G01 X381.274 Y153.343
G01 X381.638 Y151.471
G01 X380.346 Y150.477
G01 X377.341 Y164.105
G01 X373.377 Y177.140
G01 X371.865 Y181.307
G01 X375.975 Y188.308
G01 X379.736 Y195.502
G01 X383.139 Y202.871
G01 X383.957 Y204.795
G01 X382.418 Y207.030
G01 X379.187 Y199.706
G01 X375.600 Y192.552
G01 X371.668 Y185.583
G01 X369.922 Y182.727
G01 X374.264 Y170.008
G01 X377.673 Y156.672
G01 X379.053 Y149.541
G01 X377.740 Y148.679
G01 X374.937 Y162.312
G01 X371.168 Y175.364
G01 X367.988 Y184.115
G01 X372.033 Y190.885
G01 X375.742 Y197.848
G01 X379.106 Y204.988
G01 X380.870 Y209.138
G01 X379.297 Y211.148
G01 X376.199 Y204.005
G01 X372.757 Y197.026
G01 X368.978 Y190.230
G01 X366.048 Y185.446
G01 X370.529 Y172.936
G01 X374.088 Y159.801
G01 X376.397 Y147.878
G01 X375.043 Y147.120
G01 X372.432 Y160.743
G01 X368.850 Y173.801
G01 X364.346 Y186.233
G01 X364.141 Y186.735
G01 X368.119 Y193.281
G01 X371.774 Y200.020
G01 X375.098 Y206.937
G01 X377.702 Y213.061
G01 X376.088 Y214.880
G01 X373.127 Y207.909
G01 X369.830 Y201.099
G01 X366.207 Y194.467
G01 X362.266 Y188.027
G01 X362.245 Y187.995
G01 X366.846 Y175.690
G01 X370.533 Y162.754
G01 X373.257 Y149.247
G01 X373.692 Y146.421
G01 X372.300 Y145.768
G01 X369.875 Y159.368
G01 X366.475 Y172.417
G01 X362.148 Y184.855
G01 X360.367 Y189.188
G01 X364.269 Y195.524
G01 X367.860 Y202.052
G01 X371.129 Y208.757
G01 X374.069 Y215.622
G01 X374.464 Y216.620
G01 X372.860 Y218.290
G01 X370.024 Y211.490
G01 X366.862 Y204.847
G01 X363.383 Y198.376
G01 X359.596 Y192.092
G01 X358.481 Y190.368
G01 X363.192 Y178.256
G01 X367.000 Y165.508
G01 X369.853 Y152.183
G01 X370.931 Y145.157
G01 X369.524 Y144.593
G01 X367.264 Y158.171
G01 X364.024 Y171.213
G01 X359.853 Y183.655
G01 X356.620 Y191.496
G01 X360.454 Y197.624
G01 X363.988 Y203.942
G01 X367.211 Y210.436
G01 X370.115 Y217.091
G01 X371.220 Y219.880
G01 X369.585 Y221.424
G01 X366.870 Y214.792
G01 X363.840 Y208.313
G01 X360.500 Y202.001
G01 X356.861 Y195.871
G01 X354.747 Y192.600
G01 X359.556 Y180.674
G01 X363.471 Y168.108
G01 X366.442 Y154.960
G01 X368.103 Y144.104
G01 X366.671 Y143.615
G01 X364.569 Y157.162
G01 X361.481 Y170.186
G01 X357.459 Y182.623
G01 X352.899 Y193.655
G01 X356.663 Y199.580
G01 X360.136 Y205.694
G01 X363.310 Y211.983
G01 X366.177 Y218.432
G01 X367.945 Y222.898
G01 X366.308 Y224.315
G01 X363.713 Y217.847
G01 X360.809 Y211.528
G01 X357.605 Y205.371
G01 X354.108 Y199.390
G01 X351.069 Y194.686
G01 X355.966 Y182.937
G01 X359.978 Y170.544
G01 X363.053 Y157.566
G01 X365.144 Y144.067
G01 X365.245 Y143.184
G01 X363.802 Y142.784
G01 X361.849 Y156.296
G01 X358.908 Y169.297
G01 X355.026 Y181.722
G01 X350.252 Y193.513
G01 X349.245 Y195.682
G01 X352.936 Y201.413
G01 X356.348 Y207.330
G01 X359.471 Y213.420
G01 X362.297 Y219.669
G01 X364.675 Y225.677
G01 X363.022 Y226.993
G01 X360.538 Y220.690
G01 X357.752 Y214.530
G01 X354.675 Y208.527
G01 X351.312 Y202.696
G01 X347.676 Y197.050
G01 X347.409 Y196.659
G01 X352.389 Y185.077
G01 X356.490 Y172.848
G01 X359.663 Y160.030
G01 X361.862 Y146.686
G01 X362.341 Y142.416
G01 X360.906 Y142.014
G01 X359.091 Y155.496
G01 X356.285 Y168.479
G01 X352.532 Y180.897
G01 X347.882 Y192.692
G01 X345.604 Y197.589
G01 X349.226 Y203.127
G01 X352.579 Y208.848
G01 X355.654 Y214.742
G01 X358.441 Y220.793
G01 X360.934 Y226.988
G01 X361.398 Y228.249
G01 X359.738 Y229.482
G01 X357.365 Y223.339
G01 X354.701 Y217.333
G01 X351.750 Y211.480
G01 X348.524 Y205.792
G01 X345.029 Y200.283
G01 X343.807 Y198.489
G01 X348.861 Y187.062
G01 X353.043 Y174.985
G01 X356.305 Y162.316
G01 X358.596 Y149.118
G01 X359.415 Y141.782
G01 X357.947 Y141.444
G01 X356.264 Y154.888
G01 X353.585 Y167.843
G01 X349.954 Y180.245
G01 X345.422 Y192.033
G01 X342.000 Y199.371
G01 X345.548 Y204.722
G01 X348.839 Y210.255
G01 X351.861 Y215.958
G01 X354.603 Y221.816
G01 X357.062 Y227.817
G01 X358.108 Y230.657
G01 X356.466 Y231.803
G01 X354.196 Y225.819
G01 X351.641 Y219.970
G01 X348.807 Y214.268
G01 X345.705 Y208.726
G01 X342.343 Y203.357
G01 X340.202 Y200.223
G01 X345.330 Y188.940
G01 X349.590 Y177.003
G01 X352.933 Y164.471
G01 X355.312 Y151.407
G01 X356.439 Y141.289
G01 X354.932 Y141.076
G01 X353.367 Y154.476
G01 X350.803 Y167.399
G01 X347.284 Y179.778
G01 X342.856 Y191.552
G01 X338.418 Y201.047
G01 X341.898 Y206.214
G01 X345.128 Y211.560
G01 X348.099 Y217.074
G01 X350.803 Y222.741
G01 X353.230 Y228.550
G01 X354.834 Y232.900
G01 X353.186 Y233.957
G01 X351.019 Y228.131
G01 X348.574 Y222.434
G01 X345.859 Y216.880
G01 X342.880 Y211.480
G01 X339.649 Y206.247
G01 X336.643 Y201.843
G01 X341.831 Y190.695
G01 X346.157 Y178.891
G01 X349.571 Y166.490
G01 X352.024 Y153.554
G01 X353.422 Y140.908
G01 X351.899 Y140.773
G01 X350.447 Y154.131
G01 X347.994 Y167.022
G01 X344.582 Y179.379
G01 X340.257 Y191.141
G01 X335.071 Y202.249
G01 X334.880 Y202.613
G01 X338.288 Y207.603
G01 X341.457 Y212.768
G01 X344.374 Y218.098
G01 X347.032 Y223.579
G01 X349.423 Y229.200
G01 X351.542 Y234.947
G01 X351.553 Y234.980
G01 X349.909 Y235.977
G01 X347.846 Y230.306
G01 X345.514 Y224.758
G01 X342.918 Y219.347
G01 X340.067 Y214.084
G01 X336.968 Y208.982
G01 X333.630 Y204.053
G01 X333.130 Y203.357
G01 X338.372 Y192.332
G01 X342.755 Y180.651
G01 X346.230 Y168.371
G01 X348.748 Y155.555
G01 X350.267 Y142.267
G01 X350.380 Y140.652
G01 X348.848 Y140.565
G01 X347.500 Y153.886
G01 X345.148 Y166.748
G01 X341.832 Y179.086
G01 X337.598 Y190.837
G01 X332.498 Y201.941
G01 X331.373 Y204.090
G01 X334.709 Y208.905
G01 X337.813 Y213.893
G01 X340.676 Y219.042
G01 X343.289 Y224.341
G01 X345.644 Y229.776
G01 X347.736 Y235.336
G01 X348.278 Y236.929
G01 X346.638 Y237.856
G01 X344.673 Y232.340
G01 X342.446 Y226.942
G01 X339.962 Y221.675
G01 X337.230 Y216.551
G01 X334.257 Y211.582
G01 X331.052 Y206.779
G01 X329.620 Y204.789
G01 X334.914 Y193.873
G01 X339.354 Y182.299
G01 X342.887 Y170.125
G01 X345.466 Y157.413
G01 X347.048 Y144.228
G01 X347.303 Y140.511
G01 X345.764 Y140.472
G01 X344.510 Y153.760
G01 X342.245 Y166.598
G01 X339.010 Y178.920
G01 X334.855 Y190.662
G01 X329.826 Y201.765
G01 X327.883 Y205.465
G01 X331.149 Y210.109
G01 X334.192 Y214.922
G01 X337.000 Y219.893
G01 X339.570 Y225.011
G01 X341.889 Y230.263
G01 X343.955 Y235.638
G01 X345.010 Y238.741
G01 X343.378 Y239.613
G01 X341.509 Y234.251
G01 X339.385 Y229.001
G01 X337.012 Y223.877
G01 X334.396 Y218.890
G01 X331.546 Y214.051
G01 X328.470 Y209.372
G01 X326.132 Y206.123
G01 X331.476 Y195.301
G01 X335.968 Y183.818
G01 X339.553 Y171.734
G01 X342.185 Y159.111
G01 X343.821 Y146.014
G01 X344.196 Y140.485
G01 X342.649 Y140.495
G01 X341.476 Y153.756
G01 X339.288 Y166.574
G01 X336.125 Y178.884
G01 X332.034 Y190.620
G01 X327.063 Y201.723
G01 X324.416 Y206.747
G01 X327.613 Y211.223
G01 X330.595 Y215.864
G01 X333.351 Y220.660
G01 X335.877 Y225.599
G01 X338.162 Y230.671
G01 X340.200 Y235.863
G01 X341.755 Y240.434
G01 X340.135 Y241.265
G01 X338.365 Y236.053
G01 X336.345 Y230.949
G01 X334.082 Y225.964
G01 X331.585 Y221.110
G01 X328.859 Y216.398
G01 X325.912 Y211.839
G01 X322.754 Y207.442
G01 X322.688 Y207.356
G01 X328.080 Y196.610
G01 X332.617 Y185.202
G01 X336.248 Y173.192
G01 X338.925 Y160.641
G01 X340.605 Y147.616
G01 X341.077 Y140.558
G01 X339.497 Y140.626
G01 X338.399 Y153.862
G01 X336.279 Y166.663
G01 X333.180 Y178.961
G01 X329.146 Y190.693
G01 X324.225 Y201.796
G01 X320.975 Y207.946
G01 X324.101 Y212.258
G01 X327.019 Y216.731
G01 X329.723 Y221.355
G01 X332.201 Y226.120
G01 X334.447 Y231.014
G01 X336.457 Y236.026
G01 X338.221 Y241.145
G01 X338.495 Y242.019
G01 X336.920 Y242.836
G01 X335.242 Y237.775
G01 X333.322 Y232.815
G01 X331.168 Y227.969
G01 X328.783 Y223.248
G01 X326.176 Y218.663
G01 X323.354 Y214.224
G01 X320.326 Y209.941
G01 X319.250 Y208.523
G01 X324.688 Y197.837
G01 X329.268 Y186.489
G01 X332.940 Y174.537
G01 X335.654 Y162.045
G01 X337.370 Y149.077
G01 X337.920 Y140.739
G01 X336.321 Y140.877
G01 X335.284 Y154.096
G01 X333.220 Y166.887
G01 X330.168 Y179.181
G01 X326.176 Y190.913
G01 X321.289 Y202.022
G01 X317.557 Y209.060
G01 X320.618 Y213.209
G01 X323.479 Y217.515
G01 X326.132 Y221.969
G01 X328.567 Y226.561
G01 X330.782 Y231.279
G01 X332.766 Y236.113
G01 X334.514 Y241.053
G01 X335.276 Y243.481
G01 X333.641 Y244.169
G01 X332.057 Y239.258
G01 X330.236 Y234.443
G01 X328.188 Y229.736
G01 X325.914 Y225.148
G01 X323.426 Y220.688
G01 X320.728 Y216.368
G01 X317.827 Y212.196
G01 X315.853 Y209.587
G01 X321.329 Y198.945
G01 X325.944 Y187.638
G01 X329.646 Y175.728
G01 X332.389 Y163.277
G01 X334.128 Y150.351
G01 X334.729 Y141.030
G01 X333.115 Y141.209
G01 X332.130 Y154.423
G01 X330.111 Y167.213
G01 X327.096 Y179.511
G01 X323.133 Y191.252
G01 X318.267 Y202.372
G01 X314.159 Y210.091
G01 X317.151 Y214.083
G01 X319.951 Y218.228
G01 X322.548 Y222.516
G01 X324.940 Y226.938
G01 X327.115 Y231.484
G01 X329.069 Y236.143
G01 X330.796 Y240.905
G01 X332.028 Y244.842
G01 X330.490 Y245.624
G01 X328.999 Y240.859
G01 X327.279 Y236.185
G01 X325.335 Y231.612
G01 X323.173 Y227.152
G01 X320.803 Y222.815
G01 X318.226 Y218.609
G01 X315.455 Y214.546
G01 X312.493 Y210.635
G01 X312.462 Y210.596
G01 X317.974 Y199.979
G01 X322.619 Y188.698
G01 X326.346 Y176.813
G01 X329.108 Y164.387
G01 X330.861 Y151.489
G01 X331.495 Y141.424
G01 X329.882 Y141.655
G01 X328.937 Y154.873
G01 X326.949 Y167.672
G01 X323.957 Y179.983
G01 X320.008 Y191.740
G01 X315.147 Y202.878
G01 X310.771 Y211.071
G01 X313.697 Y214.906
G01 X316.440 Y218.889
G01 X318.989 Y223.012
G01 X321.337 Y227.266
G01 X323.478 Y231.640
G01 X325.407 Y236.125
G01 X327.115 Y240.711
G01 X328.601 Y245.386
G01 X328.803 Y246.088
G01 X327.195 Y246.682
G01 X325.791 Y242.068
G01 X324.164 Y237.538
G01 X322.322 Y233.104
G01 X320.269 Y228.776
G01 X318.010 Y224.563
G01 X315.553 Y220.475
G01 X312.903 Y216.523
G01 X310.069 Y212.713
G01 X309.106 Y211.504
G01 X314.654 Y200.886
G01 X319.327 Y189.602
G01 X323.075 Y177.714
G01 X325.848 Y165.286
G01 X327.605 Y152.386
G01 X328.249 Y141.912
G01 X326.625 Y142.188
G01 X325.706 Y155.426
G01 X323.735 Y168.251
G01 X320.749 Y180.590
G01 X316.795 Y192.376
G01 X311.918 Y203.544
G01 X307.413 Y211.949
G01 X310.269 Y215.636
G01 X312.945 Y219.467
G01 X315.435 Y223.433
G01 X317.731 Y227.525
G01 X319.829 Y231.734
G01 X321.720 Y236.049
G01 X323.401 Y240.462
G01 X324.865 Y244.961
G01 X325.428 Y246.919
G01 X323.326 Y246.502
G01 X321.980 Y242.062
G01 X320.420 Y237.701
G01 X318.651 Y233.429
G01 X316.677 Y229.255
G01 X314.504 Y225.190
G01 X312.138 Y221.244
G01 X309.585 Y217.425
G01 X306.851 Y213.741
G01 X305.753 Y212.361
G01 X311.341 Y201.714
G01 X316.043 Y190.400
G01 X319.808 Y178.481
G01 X322.590 Y166.023
G01 X324.344 Y153.094
G01 X324.980 Y142.518
G01 X323.332 Y142.856
G01 X322.427 Y156.129
G01 X320.459 Y168.990
G01 X317.465 Y181.366
G01 X313.490 Y193.190
G01 X308.582 Y204.395
G01 X304.080 Y212.765
G01 X306.827 Y216.334
G01 X309.401 Y220.037
G01 X311.791 Y223.868
G01 X313.994 Y227.816
G01 X316.002 Y231.872
G01 X317.811 Y236.027
G01 X319.416 Y240.271
G01 X320.812 Y244.594
G01 X321.249 Y246.117
G01 X319.219 Y245.746
G01 X317.921 Y241.487
G01 X316.416 Y237.299
G01 X314.709 Y233.194
G01 X312.803 Y229.181
G01 X310.707 Y225.269
G01 X308.421 Y221.468
G01 X305.954 Y217.786
G01 X303.311 Y214.233
G01 X302.435 Y213.132
G01 X308.061 Y202.427
G01 X312.786 Y191.053
G01 X316.561 Y179.075
G01 X319.337 Y166.559
G01 X321.075 Y153.575
G01 X321.681 Y143.203
G01 X320.010 Y143.608
G01 X319.108 Y156.936
G01 X317.127 Y169.852
G01 X314.108 Y182.285
G01 X310.093 Y194.164
G01 X305.132 Y205.422
G01 X300.778 Y213.494
G01 X303.425 Y216.946
G01 X305.901 Y220.526
G01 X308.197 Y224.224
G01 X310.312 Y228.032
G01 X312.236 Y231.940
G01 X313.969 Y235.940
G01 X315.503 Y240.020
G01 X316.836 Y244.173
G01 X317.192 Y245.421
G01 X315.212 Y245.109
G01 X313.962 Y241.023
G01 X312.514 Y237.003
G01 X310.869 Y233.059
G01 X309.032 Y229.200
G01 X307.009 Y225.436
G01 X304.802 Y221.775
G01 X302.418 Y218.226
G01 X299.864 Y214.799
G01 X299.110 Y213.852
G01 X304.777 Y203.053
G01 X309.526 Y191.585
G01 X313.307 Y179.512
G01 X316.072 Y166.902
G01 X317.782 Y153.826
G01 X318.340 Y144.022
G01 X316.664 Y144.475
G01 X315.742 Y157.887
G01 X313.725 Y170.888
G01 X310.653 Y183.402
G01 X306.569 Y195.360
G01 X301.523 Y206.693
G01 X297.471 Y214.176
G01 X300.028 Y217.510
G01 X302.417 Y220.964
G01 X304.632 Y224.529
G01 X306.668 Y228.197
G01 X308.522 Y231.958
G01 X310.187 Y235.804
G01 X311.661 Y239.724
G01 X312.941 Y243.710
G01 X313.262 Y244.833
G01 X311.311 Y244.584
G01 X310.114 Y240.664
G01 X308.724 Y236.803
G01 X307.144 Y233.012
G01 X305.380 Y229.299
G01 X303.433 Y225.673
G01 X301.308 Y222.144
G01 X299.010 Y218.720
G01 X296.543 Y215.409
G01 X295.821 Y214.500
G01 X301.528 Y203.571
G01 X306.297 Y191.970
G01 X310.077 Y179.765
G01 X312.821 Y167.024
G01 X314.486 Y153.822
G01 X314.976 Y144.957
G01 X313.286 Y145.450
G01 X312.327 Y158.974
G01 X310.255 Y172.085
G01 X307.110 Y184.706
G01 X302.933 Y196.766
G01 X297.777 Y208.193
G01 X294.195 Y214.786
G01 X296.663 Y218.008
G01 X298.969 Y221.342
G01 X301.105 Y224.780
G01 X303.065 Y228.313
G01 X304.846 Y231.933
G01 X306.447 Y235.631
G01 X307.861 Y239.397
G01 X309.087 Y243.222
G01 X309.408 Y244.346
G01 X307.532 Y244.135
G01 X306.387 Y240.373
G01 X305.055 Y236.665
G01 X303.539 Y233.019
G01 X301.845 Y229.445
G01 X299.971 Y225.951
G01 X297.925 Y222.547
G01 X295.709 Y219.242
G01 X293.329 Y216.043
G01 X292.560 Y215.075
G01 X298.308 Y203.969
G01 X303.093 Y192.190
G01 X306.864 Y179.806
G01 X309.575 Y166.889
G01 X311.182 Y153.515
G01 X311.582 Y145.974
G01 X309.867 Y146.530
G01 X308.851 Y160.206
G01 X306.701 Y173.465
G01 X303.452 Y186.229
G01 X299.152 Y198.423
G01 X293.849 Y209.976
G01 X290.923 Y215.340
G01 X293.313 Y218.449
G01 X295.543 Y221.664
G01 X297.606 Y224.977
G01 X299.499 Y228.378
G01 X301.218 Y231.860
G01 X302.759 Y235.414
G01 X304.120 Y239.029
G01 X305.300 Y242.698
G01 X305.659 Y243.957
G01 X303.834 Y243.789
G01 X302.743 Y240.179
G01 X301.471 Y236.616
G01 X300.023 Y233.110
G01 X298.398 Y229.669
G01 X296.600 Y226.302
G01 X294.632 Y223.018
G01 X292.499 Y219.825
G01 X290.204 Y216.732
G01 X289.298 Y215.594
G01 X295.096 Y204.253
G01 X299.899 Y192.236
G01 X303.658 Y179.614
G01 X306.325 Y166.462
G01 X307.858 Y152.856
G01 X308.151 Y147.127
G01 X306.423 Y147.757
G01 X305.326 Y161.630
G01 X303.062 Y175.081
G01 X299.677 Y188.028
G01 X295.211 Y200.395
G01 X289.716 Y212.108
G01 X287.692 Y215.810
G01 X290.008 Y218.812
G01 X292.167 Y221.914
G01 X294.162 Y225.107
G01 X295.990 Y228.384
G01 X297.651 Y231.734
G01 X299.137 Y235.150
G01 X300.449 Y238.623
G01 X301.584 Y242.143
G01 X302.010 Y243.647
G01 X300.215 Y243.529
G01 X299.185 Y240.063
G01 X297.980 Y236.637
G01 X296.601 Y233.262
G01 X295.051 Y229.944
G01 X293.331 Y226.695
G01 X291.446 Y223.521
G01 X289.397 Y220.431
G01 X287.188 Y217.434
G01 X286.077 Y216.035
G01 X291.926 Y204.396
G01 X296.744 Y192.078
G01 X300.479 Y179.155
G01 X303.085 Y165.705
G01 X304.521 Y151.807
G01 X304.688 Y148.391
G01 X302.941 Y149.089
G01 X301.733 Y163.219
G01 X299.327 Y176.917
G01 X295.766 Y190.101
G01 X291.093 Y202.690
G01 X285.360 Y214.610
G01 X284.464 Y216.242
G01 X286.714 Y219.139
G01 X288.808 Y222.130
G01 X290.743 Y225.206
G01 X292.514 Y228.360
G01 X294.120 Y231.583
G01 X295.558 Y234.866
G01 X296.825 Y238.200
G01 X297.921 Y241.577
G01 X298.442 Y243.422
G01 X296.697 Y243.337
G01 X295.724 Y240.010
G01 X294.580 Y236.717
G01 X293.268 Y233.468
G01 X291.788 Y230.271
G01 X290.142 Y227.135
G01 X288.334 Y224.068
G01 X286.365 Y221.080
G01 X284.240 Y218.178
G01 X282.851 Y216.433
G01 X288.769 Y204.407
G01 X293.608 Y191.697
G01 X297.320 Y178.382
G01 X299.856 Y164.541
G01 X301.177 Y150.261
G01 X301.199 Y149.800
G01 X299.437 Y150.539
G01 X298.076 Y165.016
G01 X295.475 Y179.048
G01 X291.676 Y192.550
G01 X286.725 Y205.439
G01 X281.240 Y216.611
G01 X283.433 Y219.403
G01 X285.473 Y222.285
G01 X287.355 Y225.247
G01 X289.079 Y228.282
G01 X290.639 Y231.381
G01 X292.036 Y234.535
G01 X293.267 Y237.736
G01 X294.330 Y240.975
G01 X294.975 Y243.263
G01 X293.257 Y243.215
G01 X292.343 Y240.019
G01 X291.264 Y236.851
G01 X290.021 Y233.721
G01 X288.613 Y230.637
G01 X287.043 Y227.607
G01 X285.312 Y224.641
G01 X283.423 Y221.746
G01 X281.380 Y218.931
G01 X279.653 Y216.763
G01 X285.644 Y204.253
G01 X290.504 Y191.055
G01 X294.178 Y177.251
G01 X296.624 Y162.925
G01 X297.656 Y151.336
G01 X295.882 Y152.149
G01 X294.327 Y167.065
G01 X291.483 Y181.520
G01 X287.389 Y195.424
G01 X282.096 Y208.690
G01 X278.045 Y216.917
G01 X280.183 Y219.613
G01 X282.172 Y222.393
G01 X284.005 Y225.249
G01 X285.682 Y228.173
G01 X287.199 Y231.156
G01 X288.555 Y234.189
G01 X289.749 Y237.265
G01 X290.779 Y240.375
G01 X291.563 Y243.184
G01 X289.898 Y243.168
G01 X289.045 Y240.098
G01 X288.029 Y237.050
G01 X286.854 Y234.033
G01 X285.517 Y231.056
G01 X284.019 Y228.128
G01 X282.365 Y225.257
G01 X280.556 Y222.452
G01 X278.591 Y219.720
G01 X276.478 Y217.071
G01 X276.455 Y217.044
G01 X282.546 Y203.911
G01 X287.435 Y190.082
G01 X291.072 Y175.645
G01 X293.409 Y160.691
G01 X294.079 Y153.015
G01 X292.274 Y153.919
G01 X290.474 Y169.404
G01 X287.319 Y184.406
G01 X282.853 Y198.830
G01 X277.125 Y212.585
G01 X274.865 Y217.163
G01 X276.962 Y219.764
G01 X278.907 Y222.445
G01 X280.700 Y225.199
G01 X282.339 Y228.016
G01 X283.820 Y230.889
G01 X285.144 Y233.808
G01 X286.308 Y236.766
G01 X287.312 Y239.753
G01 X288.159 Y242.762
G01 X288.263 Y243.181
G01 X286.658 Y243.213
G01 X285.867 Y240.260
G01 X284.917 Y237.324
G01 X283.810 Y234.413
G01 X282.545 Y231.536
G01 X281.122 Y228.702
G01 X279.543 Y225.919
G01 X277.810 Y223.196
G01 X275.925 Y220.541
G01 X273.889 Y217.962
G01 X273.295 Y217.256
G01 X279.504 Y203.340
G01 X284.426 Y188.719
G01 X288.012 Y173.488
G01 X290.211 Y157.743
G01 X290.457 Y154.857
G01 X288.637 Y155.834
G01 X286.514 Y172.080
G01 X282.952 Y187.813
G01 X277.998 Y202.933
G01 X271.706 Y217.342
G01 X271.699 Y217.356
G01 X273.759 Y219.865
G01 X275.671 Y222.452
G01 X277.432 Y225.107
G01 X279.039 Y227.823
G01 X280.494 Y230.591
G01 X281.792 Y233.402
G01 X282.933 Y236.249
G01 X283.918 Y239.121
G01 X284.747 Y242.012
G01 X285.060 Y243.276
G01 X283.489 Y243.353
G01 X282.763 Y240.511
G01 X281.882 Y237.681
G01 X280.845 Y234.869
G01 X279.653 Y232.086
G01 X278.306 Y229.340
G01 X276.805 Y226.639
G01 X275.149 Y223.991
G01 X273.343 Y221.406
G01 X271.387 Y218.891
G01 X270.139 Y217.417
G01 X276.514 Y202.471
G01 X281.493 Y186.808
G01 X285.024 Y170.530
G01 X286.798 Y156.869
G01 X284.950 Y157.941
G01 X282.406 Y175.197
G01 X278.317 Y191.903
G01 X272.731 Y207.948
G01 X268.557 Y217.488
G01 X270.589 Y219.913
G01 X272.473 Y222.412
G01 X274.207 Y224.977
G01 X275.789 Y227.600
G01 X277.220 Y230.272
G01 X278.495 Y232.984
G01 X279.617 Y235.728
G01 X280.584 Y238.495
G01 X281.397 Y241.277
G01 X281.928 Y243.464
G01 X280.394 Y243.589
G01 X279.736 Y240.854
G01 X278.925 Y238.123
G01 X277.961 Y235.406
G01 X276.844 Y232.711
G01 X275.572 Y230.046
G01 X274.149 Y227.421
G01 X272.572 Y224.844
G01 X270.844 Y222.324
G01 X268.966 Y219.869
G01 X266.989 Y217.539
G01 X273.594 Y201.222
G01 X278.661 Y184.168
G01 X282.137 Y166.492
G01 X283.094 Y159.049
G01 X281.223 Y160.164
G01 X278.118 Y178.827
G01 X273.322 Y196.886
G01 X266.889 Y214.220
G01 X265.423 Y217.562
G01 X267.438 Y219.905
G01 X269.305 Y222.320
G01 X271.022 Y224.800
G01 X272.589 Y227.336
G01 X274.003 Y229.918
G01 X275.264 Y232.538
G01 X276.374 Y235.188
G01 X277.329 Y237.858
G01 X278.133 Y240.541
G01 X278.786 Y243.227
G01 X278.891 Y243.732
G01 X277.394 Y243.898
G01 X276.805 Y241.260
G01 X276.067 Y238.622
G01 X275.177 Y235.992
G01 X274.135 Y233.377
G01 X272.941 Y230.787
G01 X271.593 Y228.231
G01 X270.094 Y225.717
G01 X268.444 Y223.255
G01 X266.644 Y220.852
G01 X264.696 Y218.518
G01 X263.859 Y217.588
G01 X270.779 Y199.416
G01 X275.971 Y180.483
G01 X279.308 Y161.464
G01 X277.403 Y162.756
G01 X273.526 Y183.390
G01 X267.759 Y203.345
G01 X262.305 Y217.595
G01 X264.310 Y219.861
G01 X266.168 Y222.198
G01 X267.875 Y224.598
G01 X269.433 Y227.053
G01 X270.840 Y229.553
G01 X272.094 Y232.089
G01 X273.195 Y234.653
G01 X274.144 Y237.236
G01 X274.942 Y239.829
G01 X275.591 Y242.423
G01 X275.928 Y244.081
G01 X274.490 Y244.275
G01 X273.971 Y241.729
G01 X273.307 Y239.176
G01 X272.490 Y236.624
G01 X271.524 Y234.083
G01 X270.406 Y231.561
G01 X269.135 Y229.067
G01 X267.712 Y226.610
G01 X266.138 Y224.199
G01 X264.412 Y221.842
G01 X262.538 Y219.550
G01 X260.759 Y217.582
G01 X268.147 Y196.781
G01 X273.541 Y175.179
G01 X275.469 Y164.131
G01 X273.512 Y165.565
G01 X268.529 Y189.149
G01 X261.356 Y211.945
G01 X259.202 Y217.571
G01 X261.207 Y219.763
G01 X263.066 Y222.026
G01 X264.776 Y224.353
G01 X266.334 Y226.733
G01 X267.740 Y229.158
G01 X268.995 Y231.618
G01 X270.098 Y234.105
G01 X271.048 Y236.609
G01 X271.846 Y239.122
G01 X272.497 Y241.635
G01 X273.000 Y244.140
G01 X273.058 Y244.492
G01 X271.657 Y244.721
G01 X271.211 Y242.260
G01 X270.618 Y239.787
G01 X269.877 Y237.309
G01 X268.985 Y234.837
G01 X267.942 Y232.377
G01 X266.745 Y229.940
G01 X265.398 Y227.535
G01 X263.897 Y225.171
G01 X262.245 Y222.856
G01 X260.442 Y220.601
G01 X258.492 Y218.415
G01 X257.654 Y217.544
G01 X265.801 Y192.731
G01 X271.543 Y167.091
G01 X269.548 Y168.676
G01 X262.812 Y197.090
G01 X256.106 Y217.499
G01 X258.123 Y219.621
G01 X259.994 Y221.816
G01 X261.714 Y224.074
G01 X263.283 Y226.386
G01 X264.699 Y228.743
G01 X265.962 Y231.136
G01 X267.072 Y233.554
G01 X268.029 Y235.990
G01 X268.836 Y238.433
G01 X269.493 Y240.876
G01 X270.002 Y243.308
G01 X270.269 Y244.985
G01 X268.894 Y245.279
G01 X268.526 Y242.896
G01 X268.013 Y240.494
G01 X267.351 Y238.082
G01 X266.539 Y235.669
G01 X265.576 Y233.263
G01 X264.459 Y230.875
G01 X263.188 Y228.512
G01 X261.764 Y226.185
G01 X260.187 Y223.903
G01 X258.457 Y221.676
G01 X256.577 Y219.513
G01 X254.568 Y217.442
G01 X264.053 Y185.877
G01 X267.514 Y170.397
G01 X265.464 Y172.209
G01 X255.606 Y209.535
G01 X253.030 Y217.370
G01 X255.070 Y219.429
G01 X256.961 Y221.562
G01 X258.701 Y223.760
G01 X260.288 Y226.014
G01 X261.721 Y228.312
G01 X263.000 Y230.647
G01 X264.124 Y233.008
G01 X265.095 Y235.386
G01 X265.912 Y237.772
G01 X266.579 Y240.156
G01 X267.096 Y242.529
G01 X267.466 Y244.883
G01 X267.551 Y245.586
G01 X266.240 Y245.908
G01 X265.952 Y243.596
G01 X265.519 Y241.259
G01 X264.937 Y238.906
G01 X264.205 Y236.546
G01 X263.319 Y234.187
G01 X262.279 Y231.840
G01 X261.085 Y229.514
G01 X259.736 Y227.219
G01 X258.230 Y224.964
G01 X256.571 Y222.759
G01 X254.758 Y220.614
G01 X252.795 Y218.539
G01 X251.498 Y217.287
G01 X263.368 Y174.157
G01 X261.231 Y176.267
G01 X249.967 Y217.192
G01 X252.042 Y219.189
G01 X253.967 Y221.263
G01 X255.739 Y223.404
G01 X257.356 Y225.603
G01 X258.817 Y227.849
G01 X260.124 Y230.133
G01 X261.273 Y232.445
G01 X262.266 Y234.774
G01 X263.104 Y237.112
G01 X263.788 Y239.448
G01 X264.322 Y241.774
G01 X264.709 Y244.080
G01 X264.942 Y246.255
G01 X263.657 Y246.630
G01 X263.452 Y244.381
G01 X263.101 Y242.102
G01 X262.604 Y239.800
G01 X261.954 Y237.485
G01 X261.149 Y235.166
G01 X260.190 Y232.853
G01 X259.072 Y230.556
G01 X257.798 Y228.284
G01 X256.365 Y226.048
G01 X254.776 Y223.858
G01 X253.030 Y221.724
G01 X251.130 Y219.655
G01 X249.078 Y217.663
G01 X248.440 Y217.088
G01 X259.043 Y178.566
G01 X256.803 Y181.081
G01 X246.922 Y216.950
G01 X249.044 Y218.891
G01 X251.014 Y220.913
G01 X252.829 Y223.005
G01 X254.488 Y225.158
G01 X255.987 Y227.361
G01 X257.327 Y229.604
G01 X258.509 Y231.877
G01 X259.532 Y234.170
G01 X260.397 Y236.472
G01 X261.105 Y238.773
G01 X261.659 Y241.065
G01 X262.062 Y243.337
G01 X262.317 Y245.580
G01 X262.406 Y247.017
G01 X261.173 Y247.440
G01 X261.057 Y245.248
G01 X260.793 Y243.018
G01 X260.380 Y240.759
G01 X259.816 Y238.482
G01 X259.094 Y236.195
G01 X258.215 Y233.908
G01 X257.177 Y231.632
G01 X255.977 Y229.376
G01 X254.617 Y227.151
G01 X253.097 Y224.968
G01 X251.416 Y222.836
G01 X249.578 Y220.767
G01 X247.584 Y218.771
G01 X245.436 Y216.858
G01 X245.401 Y216.829
G01 X254.460 Y183.928
G01 X251.994 Y187.235
G01 X243.887 Y216.675
G01 X246.057 Y218.599
G01 X248.068 Y220.608
G01 X249.919 Y222.691
G01 X251.607 Y224.836
G01 X253.130 Y227.034
G01 X254.487 Y229.273
G01 X255.679 Y231.542
G01 X256.705 Y233.831
G01 X257.567 Y236.128
G01 X258.267 Y238.424
G01 X258.806 Y240.708
G01 X259.188 Y242.969
G01 X259.416 Y245.199
G01 X259.492 Y246.975
G01 X257.870 Y246.070
G01 X257.724 Y245.993
G01 X257.524 Y243.833
G01 X257.173 Y241.640
G01 X256.668 Y239.425
G01 X256.005 Y237.196
G01 X255.182 Y234.964
G01 X254.198 Y232.739
G01 X253.051 Y230.533
G01 X251.741 Y228.355
G01 X250.268 Y226.217
G01 X248.632 Y224.130
G01 X246.837 Y222.103
G01 X244.883 Y220.149
G01 X244.027 Y219.362
G01 X244.027 Y221.766
G01 X245.908 Y223.695
G01 X247.631 Y225.693
G01 X249.194 Y227.749
G01 X250.595 Y229.851
G01 X251.835 Y231.990
G01 X252.912 Y234.154
G01 X253.828 Y236.333
G01 X254.583 Y238.516
G01 X255.181 Y240.693
G01 X255.622 Y242.853
G01 X255.893 Y244.807
G01 X254.513 Y243.829
G01 X253.933 Y243.449
G01 X253.517 Y241.327
G01 X252.945 Y239.188
G01 X252.214 Y237.041
G01 X251.322 Y234.899
G01 X250.269 Y232.770
G01 X249.053 Y230.667
G01 X247.675 Y228.599
G01 X246.136 Y226.578
G01 X244.436 Y224.614
G01 X244.029 Y224.179
G01 X244.037 Y227.492
G01 X245.558 Y229.500
G01 X246.912 Y231.554
G01 X248.101 Y233.644
G01 X249.123 Y235.759
G01 X249.980 Y237.886
G01 X250.673 Y240.015
G01 X250.891 Y240.815
G01 X249.814 Y239.396
G01 X248.645 Y238.017
G01 X247.383 Y236.683
G01 X246.782 Y236.096
G01 X245.783 Y233.889
G01 X244.603 Y231.705
G01 X244.059 Y230.806
G01 X244.597 Y221.644
G01 X244.260 Y212.358
G01 X244.073 Y210.358
G01 X249.174 Y191.825
G01 X246.037 Y197.562
G01 X243.967 Y206.325
G01 X244.261 Y210.143
G01 X244.223 Y212.645
G01 X244.285 Y216.514
G01 X244.243 Y221.022
G01 X244.318 Y228.666
G01 X244.232 Y230.442
G01 X244.334 Y235.609
G01 X244.226 Y237.887
G01 X244.320 Y241.497
G01 X244.094 Y245.035
G01 X243.989 Y245.895
G01 X244.225 Y247.938
G01 X244.293 Y249.945
G01 X244.197 Y251.907
G01 X243.942 Y253.810
G01 X243.922 Y253.922
G01 X243.990 Y255.235
G01 X243.962 Y256.518
G01 X243.839 Y257.763
G01 X243.806 Y257.991
G01 X243.793 Y259.017
G01 X243.709 Y260.016
G01 X243.559 Y260.983
G01 X243.345 Y261.913
G01 X243.245 Y262.265
G01 X243.321 Y262.960
G01 X243.358 Y263.647
G01 X243.357 Y264.323
G01 X243.319 Y264.987
G01 X243.245 Y265.637
G01 X243.136 Y266.271
G01 X242.995 Y266.886
G01 X242.822 Y267.482
G01 X242.763 Y267.659
G01 X242.664 Y268.222
G01 X242.538 Y268.774
G01 X242.530 Y268.805
G01 X243.623 Y269.421
G01 X244.680 Y270.145
G01 X245.493 Y270.799
G01 X247.337 Y271.889
G01 X249.103 Y273.161
G01 X249.390 Y273.394
G01 X252.997 Y275.494
G01 X255.996 Y277.618
G01 X261.394 Y280.914
G01 X266.875 Y284.126
G01 X272.457 Y287.261
G01 X278.149 Y290.322
G01 X283.913 Y293.284
G01 X289.797 Y296.164
G01 X297.303 Y299.647
G01 X303.418 Y302.329
G01 X309.634 Y304.912
G01 X315.974 Y307.400
G01 X322.440 Y309.792
G01 X329.031 Y312.079
G01 X335.748 Y314.257
G01 X342.590 Y316.325
G01 X349.555 Y318.278
G01 X354.883 Y319.662
G01 X362.113 Y321.398
G01 X369.494 Y323.001
G01 X377.045 Y324.481
G01 X382.816 Y325.481
G01 X390.659 Y326.688
G01 X398.704 Y327.731
G01 X409.042 Y328.816
G01 X417.577 Y329.454
G01 X426.308 Y329.898
G01 X435.341 Y330.125
G01 X442.601 Y330.176
G01 X443.082 Y330.133
G01 X442.529 Y332.868
G01 X442.269 Y330.149
G01 X443.170 Y329.378
G01 X443.279 Y327.329
G01 X439.951 Y330.152
G01 X440.618 Y337.419
G01 X438.591 Y340.376
G01 X437.633 Y330.142
G01 X443.204 Y325.419
G01 X443.000 Y323.644
G01 X435.341 Y330.125
G01 X436.439 Y341.609
G01 X436.503 Y342.606
G01 X434.404 Y344.406
G01 X433.402 Y332.930
G01 X433.051 Y330.095
G01 X442.688 Y321.942
G01 X442.274 Y320.293
G01 X432.668 Y328.549
G01 X430.793 Y330.039
G01 X431.987 Y341.361
G01 X432.284 Y345.912
G01 X430.154 Y347.176
G01 X429.257 Y335.799
G01 X428.538 Y329.971
G01 X438.187 Y321.999
G01 X441.802 Y318.731
G01 X441.281 Y317.233
G01 X431.821 Y325.536
G01 X426.308 Y329.898
G01 X427.570 Y341.049
G01 X428.043 Y348.281
G01 X425.921 Y349.239
G01 X425.114 Y337.977
G01 X424.110 Y329.801
G01 X433.710 Y322.076
G01 X440.690 Y315.775
G01 X440.037 Y314.337
G01 X430.769 Y322.683
G01 X421.909 Y329.712
G01 X423.209 Y340.685
G01 X423.815 Y350.063
G01 X421.709 Y350.792
G01 X420.974 Y339.656
G01 X419.739 Y329.597
G01 X429.248 Y322.106
G01 X438.459 Y313.823
G01 X439.365 Y312.948
G01 X438.625 Y311.601
G01 X429.534 Y319.972
G01 X420.135 Y327.559
G01 X417.577 Y329.454
G01 X418.904 Y340.248
G01 X419.609 Y351.313
G01 X419.613 Y351.410
G01 X417.533 Y351.966
G01 X416.853 Y340.962
G01 X415.552 Y330.227
G01 X415.412 Y329.317
G01 X424.849 Y322.060
G01 X434.000 Y314.019
G01 X437.875 Y310.284
G01 X437.062 Y308.987
G01 X428.144 Y317.373
G01 X418.918 Y324.984
G01 X413.279 Y329.159
G01 X414.641 Y339.776
G01 X415.388 Y350.669
G01 X415.449 Y352.451
G01 X413.383 Y352.876
G01 X412.761 Y342.011
G01 X411.522 Y331.413
G01 X411.148 Y328.989
G01 X420.500 Y321.960
G01 X429.580 Y314.154
G01 X436.234 Y307.741
G01 X435.373 Y306.499
G01 X426.628 Y314.889
G01 X417.567 Y322.515
G01 X409.042 Y328.816
G01 X410.436 Y339.260
G01 X411.221 Y349.979
G01 X411.336 Y353.243
G01 X409.276 Y353.560
G01 X408.709 Y342.839
G01 X407.528 Y332.382
G01 X406.945 Y328.615
G01 X416.211 Y321.810
G01 X425.216 Y314.234
G01 X433.907 Y305.900
G01 X434.502 Y305.288
G01 X433.575 Y304.078
G01 X425.007 Y312.465
G01 X416.119 Y320.100
G01 X406.964 Y326.972
G01 X404.874 Y328.412
G01 X406.278 Y338.672
G01 X407.082 Y349.209
G01 X407.238 Y353.821
G01 X405.218 Y354.026
G01 X404.699 Y343.452
G01 X403.572 Y333.140
G01 X402.805 Y328.198
G01 X411.970 Y321.608
G01 X420.885 Y314.257
G01 X429.498 Y306.155
G01 X432.662 Y302.902
G01 X431.689 Y301.748
G01 X423.293 Y310.124
G01 X414.572 Y317.760
G01 X405.582 Y324.643
G01 X400.739 Y327.974
G01 X402.168 Y338.058
G01 X403.004 Y348.421
G01 X403.202 Y354.212
G01 X401.197 Y354.361
G01 X400.721 Y343.935
G01 X399.644 Y333.768
G01 X398.704 Y327.731
G01 X407.769 Y321.354
G01 X416.596 Y314.225
G01 X425.134 Y306.353
G01 X430.707 Y300.625
G01 X429.750 Y299.475
G01 X421.524 Y307.837
G01 X412.973 Y315.467
G01 X404.144 Y322.357
G01 X396.666 Y327.495
G01 X398.105 Y337.400
G01 X398.960 Y347.583
G01 X399.192 Y354.446
G01 X397.211 Y354.523
G01 X396.779 Y344.252
G01 X395.750 Y334.234
G01 X394.659 Y327.241
G01 X403.620 Y321.072
G01 X412.353 Y314.161
G01 X420.808 Y306.515
G01 X428.700 Y298.403
G01 X427.649 Y297.302
G01 X419.605 Y305.638
G01 X411.231 Y313.257
G01 X402.577 Y320.147
G01 X393.696 Y326.300
G01 X392.661 Y326.962
G01 X394.109 Y336.686
G01 X394.981 Y346.690
G01 X395.244 Y354.567
G01 X393.266 Y354.564
G01 X392.875 Y344.448
G01 X391.893 Y334.582
G01 X390.659 Y326.688
G01 X399.510 Y320.722
G01 X408.144 Y314.024
G01 X416.511 Y306.600
G01 X424.558 Y298.462
G01 X426.591 Y296.231
G01 X425.527 Y295.171
G01 X417.657 Y303.479
G01 X409.452 Y311.082
G01 X400.968 Y317.967
G01 X392.250 Y324.125
G01 X388.689 Y326.397
G01 X390.142 Y335.943
G01 X391.026 Y345.767
G01 X391.315 Y354.556
G01 X389.377 Y354.515
G01 X389.023 Y344.553
G01 X388.083 Y334.837
G01 X386.715 Y326.114
G01 X395.454 Y320.349
G01 X403.987 Y313.859
G01 X412.264 Y306.653
G01 X420.234 Y298.741
G01 X424.430 Y294.136
G01 X423.327 Y293.113
G01 X415.625 Y301.386
G01 X407.590 Y308.965
G01 X399.269 Y315.838
G01 X390.713 Y321.996
G01 X384.755 Y325.790
G01 X386.215 Y335.157
G01 X387.114 Y344.800
G01 X387.428 Y354.429
G01 X385.508 Y354.339
G01 X385.196 Y344.537
G01 X384.303 Y334.977
G01 X382.856 Y325.693
G01 X382.816 Y325.481
G01 X391.447 Y319.914
G01 X399.884 Y313.631
G01 X408.075 Y306.642
G01 X415.970 Y298.952
G01 X422.220 Y292.099
G01 X421.082 Y291.094
G01 X413.553 Y299.329
G01 X405.687 Y306.882
G01 X397.533 Y313.741
G01 X389.141 Y319.895
G01 X380.884 Y325.149
G01 X382.349 Y334.338
G01 X383.261 Y343.802
G01 X383.598 Y353.510
G01 X383.600 Y354.217
G01 X381.696 Y354.079
G01 X381.415 Y344.433
G01 X380.559 Y335.025
G01 X379.151 Y325.889
G01 X378.949 Y324.822
G01 X387.462 Y319.447
G01 X395.788 Y313.368
G01 X403.880 Y306.588
G01 X411.689 Y299.119
G01 X419.163 Y290.974
G01 X419.915 Y290.095
G01 X418.767 Y289.111
G01 X411.413 Y297.305
G01 X403.723 Y304.829
G01 X395.742 Y311.671
G01 X387.519 Y317.820
G01 X379.103 Y323.269
G01 X377.045 Y324.481
G01 X378.513 Y333.493
G01 X379.438 Y342.778
G01 X379.795 Y352.304
G01 X379.798 Y353.924
G01 X377.912 Y353.740
G01 X377.672 Y344.257
G01 X376.864 Y335.010
G01 X375.512 Y326.026
G01 X375.149 Y324.118
G01 X383.548 Y318.931
G01 X391.769 Y313.049
G01 X399.767 Y306.478
G01 X407.492 Y299.226
G01 X414.894 Y291.304
G01 X417.587 Y288.154
G01 X416.404 Y287.189
G01 X409.219 Y295.335
G01 X401.695 Y302.825
G01 X393.879 Y309.642
G01 X385.817 Y315.777
G01 X377.561 Y321.225
G01 X373.250 Y323.760
G01 X374.719 Y332.592
G01 X375.653 Y341.696
G01 X376.028 Y351.041
G01 X376.032 Y353.540
G01 X374.163 Y353.310
G01 X373.954 Y343.987
G01 X373.182 Y334.894
G01 X371.872 Y326.063
G01 X371.359 Y323.380
G01 X379.641 Y318.381
G01 X387.755 Y312.696
G01 X395.654 Y306.332
G01 X403.293 Y299.294
G01 X410.620 Y291.595
G01 X415.190 Y286.251
G01 X413.973 Y285.305
G01 X406.958 Y293.400
G01 X399.603 Y300.849
G01 X391.954 Y307.639
G01 X384.059 Y313.760
G01 X375.963 Y319.202
G01 X369.494 Y323.001
G01 X370.961 Y331.652
G01 X371.901 Y340.575
G01 X372.292 Y349.736
G01 X372.293 Y353.079
G01 X370.458 Y352.832
G01 X370.282 Y343.671
G01 X369.552 Y334.736
G01 X368.290 Y326.058
G01 X367.630 Y322.614
G01 X375.791 Y317.797
G01 X383.793 Y312.305
G01 X391.591 Y306.142
G01 X399.137 Y299.315
G01 X406.384 Y291.837
G01 X412.749 Y284.389
G01 X411.495 Y283.482
G01 X404.648 Y291.522
G01 X397.459 Y298.927
G01 X389.975 Y305.684
G01 X382.242 Y311.784
G01 X374.307 Y317.216
G01 X366.215 Y321.979
G01 X365.769 Y322.219
G01 X367.243 Y330.695
G01 X368.197 Y339.440
G01 X368.611 Y348.422
G01 X368.615 Y352.543
G01 X366.788 Y352.267
G01 X366.644 Y343.269
G01 X365.954 Y334.493
G01 X364.738 Y325.969
G01 X363.940 Y321.812
G01 X371.975 Y317.174
G01 X379.861 Y311.870
G01 X387.552 Y305.905
G01 X395.000 Y299.286
G01 X402.162 Y292.024
G01 X408.990 Y284.130
G01 X410.240 Y282.570
G01 X408.978 Y281.685
G01 X402.298 Y289.666
G01 X395.279 Y297.025
G01 X387.963 Y303.748
G01 X380.394 Y309.823
G01 X372.620 Y315.245
G01 X364.689 Y320.008
G01 X362.113 Y321.398
G01 X363.584 Y329.696
G01 X364.545 Y338.260
G01 X364.975 Y347.061
G01 X364.978 Y351.962
G01 X363.163 Y351.655
G01 X363.048 Y342.820
G01 X362.394 Y334.202
G01 X361.223 Y325.832
G01 X360.287 Y320.977
G01 X368.197 Y316.513
G01 X375.966 Y311.395
G01 X383.548 Y305.626
G01 X390.899 Y299.212
G01 X397.975 Y292.164
G01 X404.728 Y284.493
G01 X407.688 Y280.793
G01 X406.418 Y279.933
G01 X399.903 Y287.851
G01 X393.048 Y295.159
G01 X385.894 Y301.842
G01 X378.488 Y307.892
G01 X370.874 Y313.296
G01 X363.096 Y318.053
G01 X358.465 Y320.548
G01 X359.938 Y328.668
G01 X360.910 Y337.054
G01 X361.359 Y345.674
G01 X361.362 Y351.322
G01 X359.567 Y350.974
G01 X359.483 Y342.304
G01 X358.867 Y333.845
G01 X357.740 Y325.630
G01 X356.672 Y320.108
G01 X364.460 Y315.820
G01 X372.115 Y310.885
G01 X379.594 Y305.309
G01 X386.850 Y299.097
G01 X393.841 Y292.260
G01 X400.521 Y284.808
G01 X405.119 Y279.064
G01 X403.791 Y278.207
G01 X397.447 Y286.058
G01 X390.762 Y293.313
G01 X383.778 Y299.957
G01 X376.540 Y305.975
G01 X369.091 Y311.363
G01 X361.476 Y316.114
G01 X354.883 Y319.662
G01 X356.346 Y327.601
G01 X357.320 Y335.803
G01 X357.779 Y344.237
G01 X357.776 Y350.612
G01 X355.993 Y350.236
G01 X355.942 Y341.733
G01 X355.368 Y333.438
G01 X354.288 Y325.380
G01 X353.095 Y319.208
G01 X360.755 Y315.088
G01 X368.290 Y310.334
G01 X375.658 Y304.948
G01 X382.814 Y298.936
G01 X389.713 Y292.308
G01 X396.314 Y285.071
G01 X402.484 Y277.361
G01 X401.148 Y276.527
G01 X394.966 Y284.311
G01 X388.442 Y291.510
G01 X381.620 Y298.106
G01 X374.543 Y304.091
G01 X367.252 Y309.457
G01 X359.793 Y314.195
G01 X352.210 Y318.305
G01 X351.310 Y318.748
G01 X352.772 Y326.510
G01 X353.752 Y334.530
G01 X354.226 Y342.781
G01 X354.223 Y349.833
G01 X352.471 Y349.443
G01 X352.449 Y341.106
G01 X351.909 Y332.971
G01 X350.873 Y325.070
G01 X349.555 Y318.278
G01 X357.083 Y314.325
G01 X364.495 Y309.746
G01 X371.748 Y304.547
G01 X378.798 Y298.731
G01 X385.603 Y292.308
G01 X392.119 Y285.287
G01 X398.303 Y277.683
G01 X399.783 Y275.705
G01 X398.440 Y274.880
G01 X392.425 Y282.591
G01 X386.070 Y289.728
G01 X379.415 Y296.277
G01 X372.504 Y302.227
G01 X365.377 Y307.567
G01 X358.080 Y312.293
G01 X350.654 Y316.401
G01 X347.802 Y317.803
G01 X349.254 Y325.382
G01 X350.233 Y333.219
G01 X350.716 Y341.282
G01 X350.705 Y349.025
G01 X348.973 Y348.595
G01 X348.981 Y340.427
G01 X348.480 Y332.455
G01 X347.489 Y324.712
G01 X346.052 Y317.320
G01 X353.449 Y313.529
G01 X360.737 Y309.124
G01 X367.875 Y304.109
G01 X374.819 Y298.487
G01 X381.528 Y292.267
G01 X387.958 Y285.457
G01 X394.069 Y278.073
G01 X397.067 Y274.065
G01 X395.691 Y273.263
G01 X389.840 Y280.899
G01 X383.649 Y287.974
G01 X377.158 Y294.471
G01 X370.410 Y300.380
G01 X363.445 Y305.692
G01 X356.307 Y310.401
G01 X349.037 Y314.502
G01 X344.308 Y316.820
G01 X345.760 Y324.224
G01 X346.749 Y331.880
G01 X347.252 Y339.761
G01 X347.250 Y347.839
G01 X347.239 Y348.164
G01 X345.510 Y347.719
G01 X345.551 Y339.719
G01 X345.090 Y331.912
G01 X344.147 Y324.326
G01 X342.743 Y316.990
G01 X342.590 Y316.325
G01 X349.856 Y312.693
G01 X357.022 Y308.459
G01 X364.045 Y303.624
G01 X370.884 Y298.192
G01 X377.497 Y292.171
G01 X383.841 Y285.571
G01 X389.877 Y278.402
G01 X394.311 Y272.475
G01 X392.927 Y271.699
G01 X387.234 Y279.257
G01 X381.202 Y286.264
G01 X374.870 Y292.707
G01 X368.279 Y298.571
G01 X361.471 Y303.851
G01 X354.487 Y308.537
G01 X347.369 Y312.628
G01 X340.851 Y315.811
G01 X342.300 Y323.035
G01 X343.293 Y330.510
G01 X343.812 Y338.208
G01 X343.836 Y346.101
G01 X343.798 Y347.249
G01 X342.082 Y346.776
G01 X342.146 Y338.943
G01 X341.716 Y331.298
G01 X340.812 Y323.869
G01 X339.456 Y316.684
G01 X339.137 Y315.303
G01 X346.273 Y311.832
G01 X353.315 Y307.768
G01 X360.224 Y303.113
G01 X366.957 Y297.871
G01 X373.473 Y292.048
G01 X379.731 Y285.655
G01 X385.692 Y278.702
G01 X391.316 Y271.205
G01 X391.514 Y270.920
G01 X390.099 Y270.153
G01 X384.569 Y277.630
G01 X378.700 Y284.567
G01 X372.532 Y290.952
G01 X366.103 Y296.772
G01 X359.458 Y302.017
G01 X352.634 Y306.681
G01 X345.673 Y310.760
G01 X338.615 Y314.252
G01 X337.430 Y314.778
G01 X338.870 Y321.820
G01 X339.865 Y329.111
G01 X340.394 Y336.623
G01 X340.440 Y344.326
G01 X340.373 Y346.291
G01 X338.691 Y345.806
G01 X338.786 Y338.143
G01 X338.394 Y330.663
G01 X337.538 Y323.393
G01 X336.234 Y316.361
G01 X335.748 Y314.257
G01 X342.750 Y310.940
G01 X349.666 Y307.040
G01 X356.455 Y302.560
G01 X363.077 Y297.503
G01 X369.494 Y291.876
G01 X375.661 Y285.685
G01 X381.542 Y278.945
G01 X387.096 Y271.667
G01 X388.678 Y269.401
G01 X387.231 Y268.646
G01 X381.863 Y276.037
G01 X376.157 Y282.903
G01 X370.151 Y289.227
G01 X363.888 Y294.998
G01 X357.404 Y300.207
G01 X350.740 Y304.846
G01 X343.936 Y308.910
G01 X337.033 Y312.398
G01 X334.045 Y313.721
G01 X335.479 Y320.584
G01 X336.478 Y327.692
G01 X337.022 Y335.018
G01 X337.090 Y342.534
G01 X336.995 Y345.293
G01 X335.326 Y344.782
G01 X335.446 Y337.289
G01 X335.090 Y329.972
G01 X334.276 Y322.862
G01 X333.022 Y315.983
G01 X332.372 Y313.179
G01 X339.236 Y310.013
G01 X346.023 Y306.276
G01 X352.691 Y301.969
G01 X359.200 Y297.096
G01 X365.510 Y291.661
G01 X371.584 Y285.673
G01 X377.380 Y279.143
G01 X382.861 Y272.085
G01 X385.779 Y267.905
G01 X384.324 Y267.178
G01 X379.115 Y274.482
G01 X373.571 Y281.272
G01 X367.728 Y287.532
G01 X361.625 Y293.251
G01 X355.302 Y298.419
G01 X348.798 Y303.029
G01 X342.151 Y307.076
G01 X335.401 Y310.558
G01 X330.700 Y312.631
G01 X332.125 Y319.313
G01 X333.124 Y326.236
G01 X333.678 Y333.374
G01 X333.768 Y340.700
G01 X333.643 Y344.243
G01 X331.986 Y343.705
G01 X332.135 Y336.383
G01 X331.813 Y329.233
G01 X331.043 Y322.284
G01 X329.840 Y315.560
G01 X329.031 Y312.079
G01 X335.760 Y309.063
G01 X342.418 Y305.487
G01 X348.965 Y301.351
G01 X355.362 Y296.659
G01 X361.569 Y291.413
G01 X367.548 Y285.625
G01 X373.261 Y279.303
G01 X378.668 Y272.461
G01 X382.865 Y266.450
G01 X381.377 Y265.736
G01 X376.327 Y272.950
G01 X370.942 Y279.661
G01 X365.260 Y285.856
G01 X359.317 Y291.519
G01 X353.154 Y296.644
G01 X346.808 Y301.222
G01 X340.317 Y305.248
G01 X333.720 Y308.719
G01 X327.368 Y311.512
G01 X328.791 Y318.015
G01 X329.798 Y324.757
G01 X330.370 Y331.712
G01 X330.488 Y338.852
G01 X330.337 Y343.154
G01 X328.688 Y342.600
G01 X328.861 Y335.450
G01 X328.577 Y328.467
G01 X327.850 Y321.677
G01 X326.700 Y315.108
G01 X325.729 Y310.950
G01 X332.322 Y308.080
G01 X338.850 Y304.661
G01 X345.274 Y300.692
G01 X351.555 Y296.177
G01 X357.657 Y291.120
G01 X363.538 Y285.528
G01 X369.165 Y279.411
G01 X374.497 Y272.783
G01 X379.499 Y265.656
G01 X379.912 Y265.022
G01 X378.418 Y264.337
G01 X373.522 Y271.458
G01 X368.293 Y278.089
G01 X362.767 Y284.214
G01 X356.981 Y289.821
G01 X350.975 Y294.900
G01 X344.784 Y299.442
G01 X338.446 Y303.445
G01 X332.000 Y306.901
G01 X325.485 Y309.814
G01 X324.070 Y310.373
G01 X325.488 Y316.696
G01 X326.500 Y323.255
G01 X327.086 Y330.023
G01 X327.230 Y336.976
G01 X327.053 Y342.023
G01 X325.417 Y341.443
G01 X325.614 Y334.463
G01 X325.360 Y327.645
G01 X324.672 Y321.017
G01 X323.569 Y314.601
G01 X322.440 Y309.792
G01 X328.894 Y307.067
G01 X335.289 Y303.803
G01 X341.589 Y300.001
G01 X347.754 Y295.661
G01 X353.747 Y290.790
G01 X359.531 Y285.394
G01 X365.067 Y279.481
G01 X370.322 Y273.065
G01 X375.255 Y266.159
G01 X376.894 Y263.639
G01 X375.394 Y262.955
G01 X370.654 Y269.981
G01 X365.585 Y276.528
G01 X360.220 Y282.582
G01 X354.595 Y288.128
G01 X348.749 Y293.159
G01 X342.716 Y297.665
G01 X336.536 Y301.642
G01 X330.244 Y305.084
G01 X323.879 Y307.993
G01 X320.815 Y309.197
G01 X322.221 Y315.338
G01 X323.234 Y321.709
G01 X323.831 Y328.288
G01 X323.995 Y335.048
G01 X323.788 Y340.849
G01 X322.167 Y340.243
G01 X322.389 Y333.438
G01 X322.170 Y326.788
G01 X321.526 Y320.322
G01 X320.474 Y314.063
G01 X319.188 Y308.608
G01 X325.505 Y306.025
G01 X331.769 Y302.914
G01 X337.946 Y299.275
G01 X343.994 Y295.109
G01 X349.880 Y290.421
G01 X355.565 Y285.216
G01 X361.013 Y279.505
G01 X366.188 Y273.298
G01 X371.055 Y266.609
G01 X373.864 Y262.288
G01 X372.331 Y261.622
G01 X367.748 Y268.549
G01 X362.836 Y275.010
G01 X357.630 Y280.987
G01 X352.166 Y286.471
G01 X346.479 Y291.450
G01 X340.606 Y295.917
G01 X334.582 Y299.864
G01 X328.445 Y303.289
G01 X322.231 Y306.192
G01 X317.594 Y308.007
G01 X318.988 Y313.963
G01 X319.997 Y320.147
G01 X320.601 Y326.534
G01 X320.786 Y333.099
G01 X320.546 Y339.631
G01 X318.932 Y339.006
G01 X319.185 Y332.380
G01 X319.005 Y325.904
G01 X318.409 Y319.604
G01 X317.413 Y313.505
G01 X316.037 Y307.630
G01 X315.974 Y307.400
G01 X322.149 Y304.955
G01 X328.279 Y301.993
G01 X334.325 Y298.513
G01 X340.252 Y294.517
G01 X346.024 Y290.008
G01 X351.604 Y284.994
G01 X356.958 Y279.481
G01 X362.048 Y273.482
G01 X366.841 Y267.009
G01 X370.769 Y260.959
G01 X369.228 Y260.311
G01 X364.800 Y267.137
G01 X360.045 Y273.508
G01 X354.998 Y279.409
G01 X349.692 Y284.827
G01 X344.163 Y289.752
G01 X338.447 Y294.175
G01 X332.580 Y298.091
G01 X326.596 Y301.496
G01 X320.534 Y304.389
G01 X314.428 Y306.769
G01 X314.387 Y306.784
G01 X315.774 Y312.558
G01 X316.788 Y318.556
G01 X317.409 Y324.755
G01 X317.619 Y331.130
G01 X317.403 Y337.655
G01 X317.353 Y338.376
G01 X315.749 Y337.692
G01 X316.024 Y331.244
G01 X315.879 Y324.940
G01 X315.325 Y318.806
G01 X314.380 Y312.868
G01 X313.063 Y307.145
G01 X312.797 Y306.171
G01 X318.834 Y303.862
G01 X324.829 Y301.046
G01 X330.748 Y297.724
G01 X336.555 Y293.894
G01 X342.215 Y289.562
G01 X347.692 Y284.734
G01 X352.952 Y279.417
G01 X357.958 Y273.622
G01 X362.678 Y267.361
G01 X367.077 Y260.649
G01 X367.661 Y259.681
G01 X366.089 Y259.040
G01 X361.814 Y265.762
G01 X357.214 Y272.041
G01 X352.324 Y277.861
G01 X347.176 Y283.212
G01 X341.806 Y288.079
G01 X336.248 Y292.457
G01 X330.537 Y296.339
G01 X324.707 Y299.721
G01 X318.797 Y302.601
G01 X312.837 Y304.981
G01 X311.216 Y305.539
G01 X312.591 Y311.127
G01 X313.600 Y316.935
G01 X314.228 Y322.939
G01 X314.457 Y329.118
G01 X314.272 Y335.443
G01 X314.157 Y337.070
G01 X312.587 Y336.416
G01 X312.889 Y330.143
G01 X312.779 Y324.010
G01 X312.269 Y318.039
G01 X311.378 Y312.257
G01 X310.120 Y306.686
G01 X309.634 Y304.912
G01 X315.527 Y302.736
G01 X321.385 Y300.063
G01 X327.173 Y296.895
G01 X332.856 Y293.231
G01 X338.402 Y289.075
G01 X343.772 Y284.433
G01 X348.933 Y279.310
G01 X353.851 Y273.718
G01 X358.493 Y267.669
G01 X362.826 Y261.177
G01 X364.489 Y258.419
G01 X362.910 Y257.812
G01 X358.787 Y264.427
G01 X354.343 Y270.610
G01 X349.609 Y276.349
G01 X344.620 Y281.626
G01 X339.407 Y286.434
G01 X334.007 Y290.764
G01 X328.452 Y294.609
G01 X322.778 Y297.965
G01 X317.018 Y300.830
G01 X311.207 Y303.205
G01 X308.082 Y304.277
G01 X309.442 Y309.680
G01 X310.451 Y315.298
G01 X311.087 Y321.109
G01 X311.337 Y327.091
G01 X311.185 Y333.219
G01 X311.005 Y335.733
G01 X309.452 Y335.054
G01 X309.779 Y328.962
G01 X309.704 Y323.001
G01 X309.240 Y317.200
G01 X308.402 Y311.578
G01 X307.207 Y306.161
G01 X306.509 Y303.628
G01 X312.263 Y301.582
G01 X317.986 Y299.052
G01 X323.647 Y296.035
G01 X329.209 Y292.534
G01 X334.639 Y288.550
G01 X339.904 Y284.088
G01 X344.969 Y279.157
G01 X349.801 Y273.764
G01 X354.365 Y267.922
G01 X358.633 Y261.645
G01 X361.303 Y257.212
G01 X359.667 Y256.606
G01 X355.697 Y263.110
G01 X351.408 Y269.195
G01 X346.832 Y274.846
G01 X342.002 Y280.050
G01 X336.949 Y284.796
G01 X331.707 Y289.075
G01 X326.311 Y292.881
G01 X320.792 Y296.209
G01 X315.186 Y299.056
G01 X309.526 Y301.424
G01 X304.962 Y302.981
G01 X306.313 Y308.197
G01 X307.322 Y313.626
G01 X307.973 Y319.245
G01 X308.245 Y325.031
G01 X308.130 Y330.962
G01 X307.888 Y334.345
G01 X306.344 Y333.647
G01 X306.697 Y327.736
G01 X306.657 Y321.952
G01 X306.238 Y316.320
G01 X305.454 Y310.862
G01 X304.322 Y305.599
G01 X303.418 Y302.329
G01 X309.028 Y300.409
G01 X314.611 Y298.017
G01 X320.139 Y295.148
G01 X325.575 Y291.806
G01 X330.885 Y287.991
G01 X336.039 Y283.709
G01 X341.003 Y278.966
G01 X345.740 Y273.772
G01 X350.224 Y268.137
G01 X354.418 Y262.074
G01 X358.053 Y256.028
G01 X356.411 Y255.447
G01 X352.590 Y261.839
G01 X348.454 Y267.824
G01 X344.032 Y273.386
G01 X339.356 Y278.513
G01 X334.461 Y283.195
G01 X329.375 Y287.419
G01 X324.134 Y291.183
G01 X318.769 Y294.479
G01 X313.313 Y297.306
G01 X307.802 Y299.664
G01 X302.266 Y301.553
G01 X301.878 Y301.668
G01 X303.220 Y306.701
G01 X304.231 Y311.942
G01 X304.894 Y317.369
G01 X305.192 Y322.960
G01 X305.111 Y328.695
G01 X304.808 Y332.935
G01 X303.257 Y332.200
G01 X303.634 Y326.472
G01 X303.628 Y320.866
G01 X303.253 Y315.404
G01 X302.522 Y310.109
G01 X301.452 Y305.003
G01 X300.341 Y300.999
G01 X305.808 Y299.205
G01 X311.254 Y296.948
G01 X316.648 Y294.227
G01 X321.957 Y291.041
G01 X327.151 Y287.394
G01 X332.192 Y283.289
G01 X337.053 Y278.733
G01 X341.699 Y273.734
G01 X346.098 Y268.304
G01 X350.220 Y262.453
G01 X354.034 Y256.198
G01 X354.766 Y254.884
G01 X353.090 Y254.319
G01 X349.418 Y260.596
G01 X345.433 Y266.476
G01 X341.166 Y271.947
G01 X336.647 Y276.993
G01 X331.907 Y281.606
G01 X326.978 Y285.773
G01 X321.893 Y289.491
G01 X316.682 Y292.753
G01 X311.380 Y295.558
G01 X306.017 Y297.901
G01 X300.627 Y299.788
G01 X298.810 Y300.321
G01 X300.139 Y305.166
G01 X301.149 Y310.214
G01 X301.822 Y315.445
G01 X302.144 Y320.837
G01 X302.099 Y326.369
G01 X301.733 Y331.469
G01 X300.199 Y330.708
G01 X300.601 Y325.166
G01 X300.630 Y319.739
G01 X300.300 Y314.450
G01 X299.624 Y309.321
G01 X298.618 Y304.373
G01 X297.303 Y299.647
G01 X302.624 Y297.972
G01 X307.928 Y295.847
G01 X313.187 Y293.268
G01 X318.365 Y290.236
G01 X323.436 Y286.753
G01 X328.363 Y282.822
G01 X333.115 Y278.450
G01 X337.663 Y273.644
G01 X341.975 Y268.415
G01 X346.019 Y262.776
G01 X349.764 Y256.739
G01 X351.413 Y253.774
G01 X349.731 Y253.237
G01 X346.207 Y259.395
G01 X342.373 Y265.169
G01 X338.259 Y270.544
G01 X333.894 Y275.508
G01 X329.311 Y280.048
G01 X324.538 Y284.156
G01 X319.608 Y287.825
G01 X314.552 Y291.050
G01 X309.402 Y293.827
G01 X304.188 Y296.156
G01 X298.945 Y298.038
G01 X295.776 Y298.959
G01 X297.093 Y303.614
G01 X298.100 Y308.469
G01 X298.783 Y313.502
G01 X299.125 Y318.695
G01 X299.115 Y324.023
G01 X298.739 Y329.466
G01 X298.687 Y329.957
G01 X297.164 Y329.175
G01 X297.589 Y323.818
G01 X297.651 Y318.571
G01 X297.363 Y313.455
G01 X296.740 Y308.493
G01 X295.795 Y303.702
G01 X294.543 Y299.106
G01 X294.278 Y298.268
G01 X299.452 Y296.714
G01 X304.619 Y294.720
G01 X309.743 Y292.284
G01 X314.795 Y289.403
G01 X319.744 Y286.082
G01 X324.558 Y282.323
G01 X329.206 Y278.132
G01 X333.657 Y273.517
G01 X337.880 Y268.488
G01 X341.848 Y263.056
G01 X345.529 Y257.235
G01 X348.045 Y252.697
G01 X346.332 Y252.181
G01 X342.955 Y258.218
G01 X339.272 Y263.884
G01 X335.311 Y269.162
G01 X331.101 Y274.040
G01 X326.673 Y278.507
G01 X322.058 Y282.553
G01 X317.284 Y286.172
G01 X312.382 Y289.357
G01 X307.385 Y292.107
G01 X302.322 Y294.418
G01 X297.225 Y296.293
G01 X292.782 Y297.571
G01 X294.082 Y302.036
G01 X295.086 Y306.695
G01 X295.777 Y311.529
G01 X296.139 Y316.517
G01 X296.163 Y321.642
G01 X295.832 Y326.877
G01 X295.672 Y328.397
G01 X294.158 Y327.600
G01 X294.603 Y322.431
G01 X294.699 Y317.366
G01 X294.455 Y312.426
G01 X293.885 Y307.631
G01 X293.004 Y303.002
G01 X291.825 Y298.556
G01 X291.287 Y296.874
G01 X296.317 Y295.436
G01 X301.341 Y293.568
G01 X306.329 Y291.269
G01 X311.250 Y288.537
G01 X316.075 Y285.375
G01 X320.773 Y281.785
G01 X325.312 Y277.773
G01 X329.663 Y273.347
G01 X333.797 Y268.515
G01 X337.683 Y263.288
G01 X341.293 Y257.680
G01 X344.600 Y251.707
G01 X344.615 Y251.675
G01 X342.894 Y251.169
G01 X339.661 Y257.083
G01 X336.125 Y262.637
G01 X332.316 Y267.815
G01 X328.260 Y272.605
G01 X323.986 Y276.995
G01 X319.524 Y280.977
G01 X314.906 Y284.542
G01 X310.158 Y287.685
G01 X305.312 Y290.402
G01 X300.398 Y292.693
G01 X295.447 Y294.558
G01 X290.488 Y295.998
G01 X289.797 Y296.164
G01 X291.080 Y300.436
G01 X292.077 Y304.897
G01 X292.775 Y309.529
G01 X293.158 Y314.312
G01 X293.214 Y319.227
G01 X292.930 Y324.253
G01 X292.660 Y326.784
G01 X291.166 Y325.959
G01 X291.632 Y320.982
G01 X291.760 Y316.102
G01 X291.559 Y311.340
G01 X291.042 Y306.716
G01 X290.223 Y302.250
G01 X289.115 Y297.959
G01 X288.310 Y295.450
G01 X293.195 Y294.126
G01 X298.077 Y292.383
G01 X302.931 Y290.219
G01 X307.723 Y287.635
G01 X312.423 Y284.628
G01 X317.004 Y281.205
G01 X321.435 Y277.369
G01 X325.686 Y273.128
G01 X329.728 Y268.490
G01 X333.533 Y263.467
G01 X337.072 Y258.070
G01 X340.317 Y252.314
G01 X341.146 Y250.689
G01 X339.393 Y250.209
G01 X336.305 Y255.996
G01 X332.918 Y261.434
G01 X329.259 Y266.509
G01 X325.356 Y271.207
G01 X321.238 Y275.517
G01 X316.932 Y279.430
G01 X312.468 Y282.938
G01 X307.875 Y286.036
G01 X303.182 Y288.719
G01 X298.418 Y290.986
G01 X293.615 Y292.837
G01 X288.801 Y294.274
G01 X286.846 Y294.740
G01 X288.111 Y298.820
G01 X289.103 Y303.082
G01 X289.807 Y307.510
G01 X290.209 Y312.087
G01 X290.297 Y316.791
G01 X290.059 Y321.606
G01 X289.682 Y325.120
G01 X288.203 Y324.274
G01 X288.692 Y319.493
G01 X288.855 Y314.802
G01 X288.701 Y310.222
G01 X288.240 Y305.773
G01 X287.488 Y301.474
G01 X286.457 Y297.340
G01 X285.389 Y294.022
G01 X290.127 Y292.805
G01 X294.865 Y291.183
G01 X299.577 Y289.149
G01 X304.235 Y286.705
G01 X308.807 Y283.851
G01 X313.266 Y280.590
G01 X317.581 Y276.926
G01 X321.726 Y272.867
G01 X325.670 Y268.421
G01 X329.385 Y263.598
G01 X332.846 Y258.411
G01 X336.026 Y252.872
G01 X337.613 Y249.747
G01 X335.827 Y249.289
G01 X332.880 Y254.945
G01 X329.641 Y260.264
G01 X326.133 Y265.231
G01 X322.383 Y269.834
G01 X318.418 Y274.060
G01 X314.268 Y277.901
G01 X309.959 Y281.349
G01 X305.519 Y284.397
G01 X300.980 Y287.042
G01 X296.369 Y289.282
G01 X291.712 Y291.118
G01 X287.043 Y292.547
G01 X283.913 Y293.284
G01 X285.162 Y297.166
G01 X286.149 Y301.229
G01 X286.860 Y305.453
G01 X287.284 Y309.822
G01 X287.407 Y314.317
G01 X287.218 Y318.918
G01 X286.735 Y323.413
G01 X285.272 Y322.544
G01 X285.779 Y317.957
G01 X285.970 Y313.454
G01 X285.856 Y309.055
G01 X285.447 Y304.779
G01 X284.755 Y300.645
G01 X283.793 Y296.669
G01 X282.577 Y292.868
G01 X282.462 Y292.552
G01 X287.053 Y291.443
G01 X291.651 Y289.939
G01 X296.226 Y288.035
G01 X300.750 Y285.731
G01 X305.196 Y283.026
G01 X309.534 Y279.926
G01 X313.738 Y276.433
G01 X317.778 Y272.553
G01 X321.625 Y268.296
G01 X325.255 Y263.670
G01 X328.639 Y258.688
G01 X331.750 Y253.363
G01 X334.038 Y248.844
G01 X332.220 Y248.410
G01 X329.416 Y253.933
G01 X326.321 Y259.130
G01 X322.962 Y263.988
G01 X319.363 Y268.492
G01 X315.552 Y272.633
G01 X311.555 Y276.399
G01 X307.401 Y279.784
G01 X303.115 Y282.780
G01 X298.729 Y285.385
G01 X294.268 Y287.595
G01 X289.760 Y289.411
G01 X285.235 Y290.833
G01 X281.016 Y291.808
G01 X282.245 Y295.495
G01 X283.225 Y299.356
G01 X283.944 Y303.373
G01 X284.388 Y307.532
G01 X284.544 Y311.814
G01 X284.403 Y316.201
G01 X283.955 Y320.674
G01 X283.814 Y321.666
G01 X282.356 Y320.751
G01 X282.882 Y316.363
G01 X283.105 Y312.052
G01 X283.033 Y307.840
G01 X282.678 Y303.743
G01 X282.050 Y299.778
G01 X281.163 Y295.963
G01 X280.029 Y292.313
G01 X279.570 Y291.063
G01 X284.014 Y290.058
G01 X288.469 Y288.667
G01 X292.904 Y286.887
G01 X297.296 Y284.719
G01 X301.613 Y282.160
G01 X305.829 Y279.216
G01 X309.916 Y275.889
G01 X313.848 Y272.185
G01 X317.596 Y268.113
G01 X321.135 Y263.682
G01 X324.437 Y258.902
G01 X327.478 Y253.787
G01 X330.231 Y248.352
G01 X330.399 Y247.991
G01 X328.572 Y247.580
G01 X325.909 Y252.967
G01 X322.957 Y258.041
G01 X319.745 Y262.786
G01 X316.298 Y267.190
G01 X312.639 Y271.242
G01 X308.795 Y274.931
G01 X304.793 Y278.249
G01 X300.662 Y281.192
G01 X296.427 Y283.753
G01 X292.115 Y285.933
G01 X287.757 Y287.725
G01 X283.375 Y289.136
G01 X279.000 Y290.166
G01 X278.149 Y290.322
G01 X279.354 Y293.809
G01 X280.322 Y297.464
G01 X281.043 Y301.272
G01 X281.502 Y305.215
G01 X281.689 Y309.278
G01 X281.593 Y313.445
G01 X281.204 Y317.695
G01 X280.899 Y319.832
G01 X279.454 Y318.897
G01 X279.999 Y314.713
G01 X280.254 Y310.601
G01 X280.226 Y306.579
G01 X279.927 Y302.664
G01 X279.365 Y298.873
G01 X278.556 Y295.224
G01 X277.508 Y291.729
G01 X276.711 Y289.562
G01 X281.010 Y288.656
G01 X285.322 Y287.375
G01 X289.620 Y285.717
G01 X293.875 Y283.679
G01 X298.063 Y281.263
G01 X302.157 Y278.471
G01 X306.128 Y275.306
G01 X309.950 Y271.774
G01 X313.596 Y267.883
G01 X317.043 Y263.642
G01 X320.260 Y259.061
G01 X323.228 Y254.153
G01 X325.918 Y248.932
G01 X326.721 Y247.192
G01 X324.837 Y246.809
G01 X322.311 Y252.056
G01 X319.503 Y257.001
G01 X316.437 Y261.629
G01 X313.137 Y265.928
G01 X309.629 Y269.885
G01 X305.938 Y273.492
G01 X302.090 Y276.740
G01 X298.111 Y279.624
G01 X294.029 Y282.137
G01 X289.868 Y284.278
G01 X285.657 Y286.046
G01 X281.420 Y287.441
G01 X277.186 Y288.464
G01 X275.298 Y288.803
G01 X276.481 Y292.089
G01 X277.440 Y295.537
G01 X278.164 Y299.132
G01 X278.643 Y302.861
G01 X278.861 Y306.705
G01 X278.814 Y310.649
G01 X278.488 Y314.677
G01 X278.021 Y317.948
G01 X276.579 Y316.971
G01 X277.139 Y312.994
G01 X277.423 Y309.082
G01 X277.437 Y305.252
G01 X277.190 Y301.523
G01 X276.694 Y297.909
G01 X275.957 Y294.427
G01 X274.994 Y291.090
G01 X273.865 Y288.032
G01 X278.018 Y287.222
G01 X282.186 Y286.047
G01 X286.343 Y284.506
G01 X290.462 Y282.596
G01 X294.519 Y280.318
G01 X298.486 Y277.674
G01 X302.337 Y274.668
G01 X306.048 Y271.305
G01 X309.590 Y267.592
G01 X312.938 Y263.538
G01 X316.070 Y259.153
G01 X318.959 Y254.450
G01 X321.581 Y249.442
G01 X322.952 Y246.447
G01 X321.037 Y246.094
G01 X318.644 Y251.197
G01 X315.976 Y256.010
G01 X313.053 Y260.517
G01 X309.901 Y264.707
G01 X306.542 Y268.567
G01 X303.002 Y272.087
G01 X299.305 Y275.261
G01 X295.478 Y278.082
G01 X291.546 Y280.543
G01 X287.534 Y282.643
G01 X283.471 Y284.380
G01 X279.379 Y285.755
G01 X275.286 Y286.768
G01 X272.457 Y287.261
G01 X273.615 Y290.342
G01 X274.562 Y293.579
G01 X275.289 Y296.959
G01 X275.784 Y300.466
G01 X276.036 Y304.088
G01 X276.034 Y307.806
G01 X275.771 Y311.607
G01 X275.239 Y315.472
G01 X275.149 Y315.981
G01 X273.727 Y314.977
G01 X274.302 Y311.212
G01 X274.614 Y307.503
G01 X274.668 Y303.871
G01 X274.476 Y300.332
G01 X274.045 Y296.898
G01 X273.385 Y293.587
G01 X272.508 Y290.411
G01 X271.425 Y287.385
G01 X271.053 Y286.486
G01 X275.060 Y285.765
G01 X279.084 Y284.692
G01 X283.100 Y283.262
G01 X287.082 Y281.475
G01 X291.005 Y279.330
G01 X294.845 Y276.829
G01 X298.575 Y273.977
G01 X302.168 Y270.777
G01 X305.601 Y267.238
G01 X308.851 Y263.366
G01 X311.889 Y259.173
G01 X314.696 Y254.670
G01 X317.245 Y249.871
G01 X319.118 Y245.754
G01 X317.171 Y245.436
G01 X314.912 Y250.392
G01 X312.380 Y255.069
G01 X309.601 Y259.453
G01 X306.593 Y263.530
G01 X303.382 Y267.289
G01 X299.992 Y270.720
G01 X296.446 Y273.816
G01 X292.769 Y276.570
G01 X288.988 Y278.975
G01 X285.125 Y281.031
G01 X281.207 Y282.734
G01 X277.260 Y284.085
G01 X273.308 Y285.085
G01 X269.649 Y285.703
G01 X270.779 Y288.577
G01 X271.712 Y291.601
G01 X272.441 Y294.761
G01 X272.950 Y298.046
G01 X273.231 Y301.440
G01 X273.277 Y304.930
G01 X273.075 Y308.499
G01 X272.621 Y312.132
G01 X272.302 Y313.942
G01 X270.885 Y312.895
G01 X271.475 Y309.346
G01 X271.815 Y305.850
G01 X271.912 Y302.422
G01 X271.774 Y299.077
G01 X271.409 Y295.832
G01 X270.829 Y292.696
G01 X270.041 Y289.688
G01 X269.057 Y286.816
G01 X268.272 Y284.925
G01 X272.134 Y284.290
G01 X276.016 Y283.312
G01 X279.891 Y281.989
G01 X283.736 Y280.320
G01 X287.528 Y278.301
G01 X291.239 Y275.939
G01 X294.845 Y273.234
G01 X298.322 Y270.193
G01 X301.644 Y266.821
G01 X304.791 Y263.127
G01 X307.735 Y259.120
G01 X310.455 Y254.813
G01 X312.928 Y250.216
G01 X315.133 Y245.346
G01 X315.220 Y245.134
G01 X313.238 Y244.840
G01 X311.110 Y249.647
G01 X308.714 Y254.185
G01 X306.072 Y258.441
G01 X303.207 Y262.402
G01 X300.143 Y266.056
G01 X296.899 Y269.395
G01 X293.502 Y272.409
G01 X289.974 Y275.091
G01 X286.341 Y277.438
G01 X282.625 Y279.445
G01 X278.854 Y281.111
G01 X275.051 Y282.433
G01 X271.239 Y283.414
G01 X267.442 Y284.058
G01 X266.875 Y284.126
G01 X267.971 Y286.790
G01 X268.887 Y289.596
G01 X269.610 Y292.534
G01 X270.130 Y295.589
G01 X270.441 Y298.750
G01 X270.529 Y302.005
G01 X270.388 Y305.337
G01 X270.011 Y308.731
G01 X269.466 Y311.814
G01 X268.061 Y310.719
G01 X268.661 Y307.393
G01 X269.027 Y304.112
G01 X269.163 Y300.893
G01 X269.079 Y297.749
G01 X268.779 Y294.695
G01 X268.277 Y291.741
G01 X267.577 Y288.903
G01 X266.692 Y286.191
G01 X265.635 Y283.618
G01 X265.503 Y283.333
G01 X269.221 Y282.778
G01 X272.962 Y281.892
G01 X276.697 Y280.668
G01 X280.407 Y279.109
G01 X284.063 Y277.213
G01 X287.646 Y274.982
G01 X291.128 Y272.419
G01 X294.486 Y269.530
G01 X297.696 Y266.320
G01 X300.736 Y262.797
G01 X303.582 Y258.971
G01 X306.211 Y254.853
G01 X308.603 Y250.454
G01 X310.736 Y245.790
G01 X311.230 Y244.574
G01 X309.216 Y244.321
G01 X307.215 Y248.973
G01 X304.952 Y253.368
G01 X302.447 Y257.492
G01 X299.723 Y261.333
G01 X296.801 Y264.878
G01 X293.702 Y268.119
G01 X290.452 Y271.046
G01 X287.072 Y273.653
G01 X283.586 Y275.935
G01 X280.017 Y277.888
G01 X276.391 Y279.510
G01 X272.729 Y280.800
G01 X269.057 Y281.760
G01 X265.398 Y282.390
G01 X264.132 Y282.534
G01 X265.191 Y284.983
G01 X266.084 Y287.568
G01 X266.801 Y290.278
G01 X267.331 Y293.101
G01 X267.666 Y296.025
G01 X267.797 Y299.039
G01 X267.715 Y302.128
G01 X267.413 Y305.280
G01 X266.889 Y308.479
G01 X266.654 Y309.589
G01 X265.258 Y308.448
G01 X265.865 Y305.350
G01 X266.254 Y302.291
G01 X266.428 Y299.286
G01 X266.397 Y296.349
G01 X266.163 Y293.490
G01 X265.738 Y290.724
G01 X265.128 Y288.062
G01 X264.345 Y285.515
G01 X263.396 Y283.095
G01 X262.762 Y281.727
G01 X266.341 Y281.245
G01 X269.941 Y280.442
G01 X273.538 Y279.313
G01 X277.111 Y277.857
G01 X280.635 Y276.075
G01 X284.087 Y273.968
G01 X287.442 Y271.540
G01 X290.680 Y268.795
G01 X293.774 Y265.739
G01 X296.704 Y262.380
G01 X299.447 Y258.727
G01 X301.981 Y254.791
G01 X304.287 Y250.584
G01 X306.341 Y246.120
G01 X307.152 Y244.098
G01 X305.082 Y243.887
G01 X303.202 Y248.380
G01 X301.067 Y252.627
G01 X298.696 Y256.615
G01 X296.108 Y260.329
G01 X293.325 Y263.759
G01 X290.369 Y266.896
G01 X287.262 Y269.731
G01 X284.026 Y272.257
G01 X280.685 Y274.468
G01 X277.260 Y276.361
G01 X273.776 Y277.933
G01 X270.255 Y279.184
G01 X266.721 Y280.113
G01 X263.198 Y280.724
G01 X261.394 Y280.914
G01 X262.416 Y283.147
G01 X263.286 Y285.507
G01 X263.995 Y287.986
G01 X264.536 Y290.573
G01 X264.897 Y293.257
G01 X265.070 Y296.027
G01 X265.048 Y298.870
G01 X264.827 Y301.775
G01 X264.397 Y304.727
G01 X263.864 Y307.269
G01 X262.474 Y306.053
G01 X263.086 Y303.190
G01 X263.494 Y300.361
G01 X263.705 Y297.577
G01 X263.721 Y294.852
G01 X263.553 Y292.197
G01 X263.205 Y289.625
G01 X262.686 Y287.147
G01 X262.003 Y284.772
G01 X261.167 Y282.510
G01 X260.186 Y280.370
G01 X260.050 Y280.104
G01 X263.492 Y279.688
G01 X266.956 Y278.959
G01 X270.418 Y277.914
G01 X273.856 Y276.553
G01 X277.247 Y274.876
G01 X280.569 Y272.884
G01 X283.798 Y270.580
G01 X286.912 Y267.969
G01 X289.889 Y265.058
G01 X292.706 Y261.853
G01 X295.341 Y258.364
G01 X297.776 Y254.601
G01 X299.988 Y250.576
G01 X301.957 Y246.302
G01 X302.985 Y243.704
G01 X300.856 Y243.539
G01 X299.094 Y247.870
G01 X297.080 Y251.966
G01 X294.835 Y255.813
G01 X292.377 Y259.397
G01 X289.728 Y262.709
G01 X286.908 Y265.737
G01 X283.938 Y268.474
G01 X280.841 Y270.912
G01 X277.639 Y273.047
G01 X274.354 Y274.873
G01 X271.008 Y276.389
G01 X267.624 Y277.592
G01 X264.224 Y278.484
G01 X260.831 Y279.066
G01 X258.683 Y279.277
G01 X259.658 Y281.287
G01 X260.498 Y283.416
G01 X261.194 Y285.657
G01 X261.736 Y287.999
G01 X262.116 Y290.434
G01 X262.328 Y292.950
G01 X262.363 Y295.537
G01 X262.216 Y298.183
G01 X261.881 Y300.877
G01 X261.353 Y303.606
G01 X261.067 Y304.784
G01 X259.682 Y303.493
G01 X260.293 Y300.875
G01 X260.718 Y298.285
G01 X260.961 Y295.733
G01 X261.027 Y293.231
G01 X260.921 Y290.791
G01 X260.651 Y288.422
G01 X260.222 Y286.136
G01 X259.643 Y283.941
G01 X258.921 Y281.847
G01 X258.065 Y279.862
G01 X257.340 Y278.450
G01 X260.653 Y278.090
G01 X263.986 Y277.426
G01 X267.317 Y276.457
G01 X270.625 Y275.179
G01 X273.888 Y273.595
G01 X277.081 Y271.706
G01 X280.185 Y269.514
G01 X283.176 Y267.026
G01 X286.033 Y264.246
G01 X288.735 Y261.182
G01 X291.260 Y257.844
G01 X293.589 Y254.241
G01 X295.702 Y250.385
G01 X297.579 Y246.289
G01 X298.701 Y243.401
G01 X296.495 Y243.303
G01 X294.841 Y247.469
G01 X292.941 Y251.409
G01 X290.813 Y255.110
G01 X288.479 Y258.559
G01 X285.956 Y261.744
G01 X283.264 Y264.657
G01 X280.426 Y267.289
G01 X277.461 Y269.632
G01 X274.391 Y271.682
G01 X271.239 Y273.432
G01 X268.024 Y274.882
G01 X264.772 Y276.029
G01 X261.502 Y276.874
G01 X258.236 Y277.417
G01 X255.996 Y277.618
G01 X256.921 Y279.401
G01 X257.727 Y281.296
G01 X258.405 Y283.294
G01 X258.948 Y285.387
G01 X259.346 Y287.567
G01 X259.595 Y289.825
G01 X259.686 Y292.149
G01 X259.614 Y294.532
G01 X259.373 Y296.962
G01 X258.960 Y299.428
G01 X258.369 Y301.919
G01 X258.301 Y302.166
G01 X256.914 Y300.778
G01 X257.519 Y298.415
G01 X257.956 Y296.072
G01 X258.228 Y293.761
G01 X258.340 Y291.493
G01 X258.296 Y289.274
G01 X258.102 Y287.118
G01 X257.764 Y285.034
G01 X257.289 Y283.026
G01 X256.684 Y281.108
G01 X255.955 Y279.285
G01 X255.112 Y277.566
G01 X254.674 Y276.786
G01 X257.863 Y276.467
G01 X261.070 Y275.853
G01 X264.274 Y274.942
G01 X267.452 Y273.732
G01 X270.586 Y272.224
G01 X273.649 Y270.421
G01 X276.625 Y268.325
G01 X279.489 Y265.942
G01 X282.220 Y263.277
G01 X284.798 Y260.338
G01 X287.205 Y257.134
G01 X289.418 Y253.676
G01 X291.420 Y249.974
G01 X293.191 Y246.043
G01 X294.260 Y243.228
G01 X291.999 Y243.185
G01 X290.441 Y247.183
G01 X288.644 Y250.964
G01 X286.625 Y254.515
G01 X284.402 Y257.824
G01 X281.994 Y260.879
G01 X279.421 Y263.670
G01 X276.702 Y266.190
G01 X273.860 Y268.430
G01 X270.913 Y270.386
G01 X267.885 Y272.052
G01 X264.793 Y273.425
G01 X261.663 Y274.505
G01 X258.514 Y275.290
G01 X255.368 Y275.782
G01 X253.349 Y275.945
G01 X254.212 Y277.498
G01 X254.972 Y279.150
G01 X255.622 Y280.898
G01 X256.154 Y282.733
G01 X256.562 Y284.648
G01 X256.839 Y286.636
G01 X256.979 Y288.688
G01 X256.976 Y290.794
G01 X256.825 Y292.947
G01 X256.523 Y295.135
G01 X256.065 Y297.351
G01 X255.527 Y299.325
G01 X254.153 Y297.829
G01 X254.742 Y295.732
G01 X255.183 Y293.649
G01 X255.477 Y291.591
G01 X255.629 Y289.566
G01 X255.642 Y287.583
G01 X255.521 Y285.652
G01 X255.272 Y283.779
G01 X254.900 Y281.974
G01 X254.411 Y280.243
G01 X253.811 Y278.594
G01 X253.107 Y277.032
G01 X252.307 Y275.565
G01 X252.020 Y275.099
G01 X255.101 Y274.804
G01 X258.197 Y274.221
G01 X261.284 Y273.347
G01 X264.346 Y272.183
G01 X267.356 Y270.729
G01 X270.298 Y268.988
G01 X273.148 Y266.963
G01 X275.885 Y264.660
G01 X278.490 Y262.084
G01 X280.944 Y259.244
G01 X283.225 Y256.149
G01 X285.313 Y252.809
G01 X287.195 Y249.236
G01 X288.846 Y245.442
G01 X289.683 Y243.178
G01 X287.317 Y243.214
G01 X285.841 Y247.042
G01 X284.129 Y250.663
G01 X282.200 Y254.061
G01 X280.070 Y257.224
G01 X277.760 Y260.142
G01 X275.287 Y262.804
G01 X272.671 Y265.202
G01 X269.932 Y267.329
G01 X267.091 Y269.178
G01 X264.168 Y270.746
G01 X261.185 Y272.028
G01 X258.161 Y273.024
G01 X255.118 Y273.732
G01 X252.077 Y274.154
G01 X250.709 Y274.250
G01 X251.500 Y275.565
G01 X252.206 Y276.971
G01 X252.820 Y278.462
G01 X253.335 Y280.031
G01 X253.745 Y281.674
G01 X254.044 Y283.383
G01 X254.227 Y285.151
G01 X254.289 Y286.971
G01 X254.225 Y288.835
G01 X254.032 Y290.736
G01 X253.704 Y292.662
G01 X253.241 Y294.609
G01 X252.753 Y296.226
G01 X251.364 Y294.550
G01 X251.928 Y292.736
G01 X252.362 Y290.933
G01 X252.671 Y289.145
G01 X252.857 Y287.383
G01 X252.923 Y285.654
G01 X252.873 Y283.965
G01 X252.712 Y282.325
G01 X252.443 Y280.736
G01 X252.072 Y279.210
G01 X251.604 Y277.750
G01 X251.044 Y276.362
G01 X250.400 Y275.052
G01 X249.677 Y273.825
G01 X249.390 Y273.394
G01 X252.385 Y273.094
G01 X255.387 Y272.512
G01 X258.375 Y271.646
G01 X261.329 Y270.494
G01 X264.229 Y269.059
G01 X267.052 Y267.344
G01 X269.779 Y265.353
G01 X272.392 Y263.092
G01 X274.867 Y260.568
G01 X277.186 Y257.789
G01 X279.331 Y254.764
G01 X281.283 Y251.504
G01 X283.023 Y248.022
G01 X284.536 Y244.330
G01 X284.904 Y243.297
G01 X282.416 Y243.437
G01 X280.989 Y247.101
G01 X279.331 Y250.562
G01 X277.459 Y253.806
G01 X275.391 Y256.821
G01 X273.144 Y259.595
G01 X270.738 Y262.119
G01 X268.192 Y264.383
G01 X265.524 Y266.381
G01 X262.757 Y268.107
G01 X259.909 Y269.556
G01 X257.000 Y270.724
G01 X254.054 Y271.609
G01 X251.088 Y272.212
G01 X248.125 Y272.530
G01 X248.084 Y272.534
G01 X248.791 Y273.608
G01 X249.430 Y274.762
G01 X249.995 Y275.989
G01 X250.481 Y277.286
G01 X250.883 Y278.647
G01 X251.195 Y280.067
G01 X251.412 Y281.541
G01 X251.531 Y283.063
G01 X251.546 Y284.626
G01 X251.455 Y286.224
G01 X251.254 Y287.849
G01 X250.940 Y289.496
G01 X250.511 Y291.156
G01 X249.982 Y292.775
G01 X248.586 Y290.852
G01 X249.104 Y289.338
G01 X249.516 Y287.829
G01 X249.824 Y286.330
G01 X250.031 Y284.849
G01 X250.137 Y283.392
G01 X250.147 Y281.964
G01 X250.064 Y280.572
G01 X249.891 Y279.221
G01 X249.632 Y277.917
G01 X249.292 Y276.665
G01 X248.875 Y275.469
G01 X248.385 Y274.335
G01 X247.828 Y273.265
G01 X247.209 Y272.265
G01 X246.787 Y271.669
G01 X249.731 Y271.322
G01 X252.671 Y270.692
G01 X255.587 Y269.779
G01 X258.457 Y268.583
G01 X261.263 Y267.110
G01 X263.981 Y265.361
G01 X266.593 Y263.343
G01 X269.079 Y261.061
G01 X271.418 Y258.524
G01 X273.593 Y255.741
G01 X275.585 Y252.722
G01 X277.375 Y249.479
G01 X278.947 Y246.024
G01 X279.856 Y243.638
G01 X277.228 Y243.905
G01 X275.796 Y247.421
G01 X274.137 Y250.735
G01 X272.264 Y253.832
G01 X270.199 Y256.700
G01 X267.956 Y259.327
G01 X265.556 Y261.704
G01 X263.017 Y263.821
G01 X260.360 Y265.671
G01 X257.604 Y267.250
G01 X254.770 Y268.548
G01 X251.878 Y269.567
G01 X248.950 Y270.300
G01 X246.006 Y270.750
G01 X245.493 Y270.799
G01 X246.090 Y271.635
G01 X246.637 Y272.532
G01 X247.129 Y273.491
G01 X247.563 Y274.507
G01 X247.933 Y275.577
G01 X248.236 Y276.696
G01 X248.466 Y277.861
G01 X248.622 Y279.067
G01 X248.698 Y280.310
G01 X248.693 Y281.584
G01 X248.603 Y282.885
G01 X248.426 Y284.207
G01 X248.159 Y285.546
G01 X247.800 Y286.893
G01 X247.348 Y288.245
G01 X247.165 Y288.727
G01 X245.736 Y286.349
G01 X246.176 Y285.165
G01 X246.536 Y283.982
G01 X246.817 Y282.804
G01 X247.019 Y281.637
G01 X247.145 Y280.486
G01 X247.197 Y279.353
G01 X247.177 Y278.245
G01 X247.088 Y277.165
G01 X246.932 Y276.118
G01 X246.712 Y275.108
G01 X246.432 Y274.137
G01 X246.095 Y273.212
G01 X245.704 Y272.332
G01 X245.264 Y271.500
G01 X244.779 Y270.723
G01 X244.252 Y270.000
G01 X244.192 Y269.925
G01 X247.163 Y269.443
G01 X250.109 Y268.674
G01 X253.012 Y267.616
G01 X255.848 Y266.275
G01 X258.598 Y264.653
G01 X261.240 Y262.757
G01 X263.755 Y260.593
G01 X266.123 Y258.169
G01 X268.324 Y255.496
G01 X270.340 Y252.585
G01 X272.152 Y249.446
G01 X273.744 Y246.094
G01 X274.483 Y244.262
G01 X271.625 Y244.718
G01 X270.074 Y248.140
G01 X268.289 Y251.349
G01 X266.291 Y254.330
G01 X264.095 Y257.070
G01 X261.721 Y259.559
G01 X259.188 Y261.784
G01 X256.518 Y263.737
G01 X253.729 Y265.410
G01 X250.845 Y266.796
G01 X247.885 Y267.891
G01 X244.872 Y268.692
G01 X242.924 Y269.048
G01 X243.376 Y269.652
G01 X243.795 Y270.303
G01 X244.178 Y270.997
G01 X244.521 Y271.732
G01 X244.822 Y272.507
G01 X245.078 Y273.318
G01 X245.285 Y274.163
G01 X245.441 Y275.039
G01 X245.543 Y275.945
G01 X245.589 Y276.873
G01 X245.578 Y277.825
G01 X245.506 Y278.793
G01 X245.372 Y279.776
G01 X245.174 Y280.770
G01 X244.912 Y281.770
G01 X244.584 Y282.773
G01 X244.282 Y283.558
G01 X244.032 Y282.979
G01 X243.118 Y280.695
G01 X242.731 Y279.880
G01 X242.661 Y279.121
G01 X242.929 Y278.361
G01 X243.151 Y277.600
G01 X243.326 Y276.841
G01 X243.456 Y276.087
G01 X243.541 Y275.340
G01 X243.582 Y274.603
G01 X243.581 Y273.880
G01 X243.538 Y273.169
G01 X243.457 Y272.477
G01 X243.337 Y271.803
G01 X243.180 Y271.151
G01 X242.990 Y270.522
G01 X242.766 Y269.918
G01 X242.512 Y269.339
G01 X242.229 Y268.790
G01 X242.156 Y268.660
G01 X245.037 Y267.995
G01 X247.871 Y267.045
G01 X250.638 Y265.818
G01 X253.317 Y264.316
G01 X255.889 Y262.545
G01 X258.332 Y260.514
G01 X260.629 Y258.230
G01 X262.760 Y255.703
G01 X264.707 Y252.945
G01 X266.452 Y249.968
G01 X267.980 Y246.785
G01 X268.574 Y245.333
G01 X265.312 Y246.135
G01 X262.096 Y250.374
G01 X258.556 Y254.237
G01 X254.721 Y257.704
G01 X250.622 Y260.754
G01 X246.291 Y263.370
G01 X243.111 Y264.949
G01 X243.195 Y264.275
G01 X243.241 Y263.585
G01 X243.247 Y262.880
G01 X243.247 Y262.870
G01 X249.318 Y258.792
G01 X255.002 Y254.113
G01 X260.254 Y248.861
G01 X261.681 Y247.247
G01 X257.389 Y248.918
G01 X247.570 Y257.581
G01 X243.344 Y260.820
G01 X244.763 Y258.921
G01 X245.621 Y257.564
G01 X248.318 Y254.655
G01 X251.055 Y252.394
G01 X257.389 Y248.918
G01 X260.216 Y247.821
G01 X255.817 Y249.108
G01 X253.251 Y250.071
G01 X250.510 Y251.270
G01 X248.031 Y253.227
G01 X245.244 Y256.407
G01 X244.259 Y258.357
G01 X243.119 Y260.178
G01 X243.102 Y260.203
G01 X243.258 Y260.947
G01 X243.370 Y261.683
G01 X243.440 Y262.412
G01 X243.467 Y263.131
G01 X243.453 Y263.837
G01 X243.400 Y264.529
G01 X243.308 Y265.203
G01 X243.180 Y265.858
G01 X243.017 Y266.492
G01 X242.820 Y267.103
G01 X242.593 Y267.690
G01 X242.336 Y268.251
G01 X242.205 Y268.505
G01 X242.311 Y269.040
G01 X242.390 Y269.584
G01 X242.442 Y270.136
G01 X242.466 Y270.697
G01 X242.467 Y270.958
G01 X242.639 Y271.577
G01 X242.775 Y272.216
G01 X242.876 Y272.876
G01 X242.938 Y273.555
G01 X242.961 Y274.250
G01 X242.942 Y274.957
G01 X242.882 Y275.677
G01 X242.778 Y276.405
G01 X242.629 Y277.139
G01 X242.435 Y277.878
G01 X242.195 Y278.618
G01 X241.909 Y279.354
G01 X241.576 Y280.087
G01 X241.343 Y280.543
G01 X241.387 Y281.863
G01 X241.324 Y283.214
G01 X241.150 Y284.589
G01 X240.865 Y285.981
G01 X240.468 Y287.369
G01 X240.219 Y289.393
G01 X239.792 Y291.434
G01 X239.449 Y292.661
G01 X239.057 Y294.332
G01 X237.898 Y294.700
G01 X237.567 Y294.781
G01 X236.137 Y294.296
G01 X235.763 Y294.152
G01 X234.453 Y293.889
G01 X234.237 Y293.838
G01 X232.979 Y293.659
G01 X232.824 Y293.632
G01 X231.597 Y293.732
G01 X231.296 Y293.748
G01 X231.279 Y293.022
G01 X231.282 Y290.498
G01 X231.280 Y285.722
G01 X231.281 Y285.322
G01 X231.280 Y281.921
G01 X231.281 Y280.046
G01 X231.281 Y274.696
G01 X230.988 Y274.630
G01 X230.701 Y274.549
G01 X230.421 Y274.455
G01 X230.149 Y274.348
G01 X229.885 Y274.228
G01 X229.629 Y274.096
G01 X229.383 Y273.953
G01 X229.146 Y273.798
G01 X228.920 Y273.635
G01 X228.704 Y273.460
G01 X228.499 Y273.276
G01 X228.306 Y273.085
G01 X228.125 Y272.885
G01 X227.955 Y272.679
G01 X227.798 Y272.466
G01 X227.653 Y272.248
G01 X227.521 Y272.024
G01 X227.402 Y271.798
G01 X227.295 Y271.567
G01 X227.202 Y271.332
G01 X227.121 Y271.096
G01 X227.054 Y270.859
G01 X226.999 Y270.621
G01 X226.957 Y270.383
G01 X226.927 Y270.146
G01 X226.910 Y269.910
G01 X226.905 Y269.676
G01 X226.913 Y269.445
G01 X226.931 Y269.216
G01 X226.962 Y268.992
G01 X227.003 Y268.772
G01 X227.056 Y268.558
G01 X227.118 Y268.347
G01 X227.191 Y268.144
G01 X227.273 Y267.947
G01 X227.364 Y267.756
G01 X227.464 Y267.572
G01 X227.572 Y267.397
G01 X227.687 Y267.229
G01 X227.810 Y267.070
G01 X227.939 Y266.919
G01 X228.075 Y266.777
G01 X228.215 Y266.644
G01 X228.361 Y266.520
G01 X228.511 Y266.406
G01 X228.665 Y266.301
G01 X228.822 Y266.205
G01 X228.981 Y266.120
G01 X229.143 Y266.044
G01 X229.306 Y265.978
G01 X229.471 Y265.921
G01 X229.635 Y265.875
G01 X229.800 Y265.837
G01 X229.964 Y265.809
G01 X230.126 Y265.790
G01 X230.287 Y265.780
G01 X230.446 Y265.779
G01 X230.603 Y265.786
G01 X230.756 Y265.803
G01 X230.905 Y265.827
G01 X231.051 Y265.857
G01 X231.192 Y265.896
G01 X231.280 Y265.925
G01 X231.281 Y257.448
G01 X231.280 Y253.423
G01 X231.281 Y248.147
G01 X231.280 Y245.347
G01 X231.281 Y237.397
G01 X231.280 Y229.147
G01 X231.279 Y224.797
G01 X231.282 Y221.072
G01 X231.280 Y215.922
G01 X231.283 Y209.797
G01 X231.283 Y203.947
G01 X231.283 Y199.922
G01 X231.282 Y195.522
G01 X231.280 Y189.922
G01 X231.281 Y184.947
G01 X231.284 Y180.947
G01 X231.284 Y174.397
G01 X231.277 Y169.147
G01 X231.282 Y164.997
G01 X231.276 Y160.247
G01 X231.282 Y155.247
G01 X231.277 Y151.197
G01 X231.286 Y147.797
G01 X231.282 Y144.672
G01 X231.280 Y141.922
G01 X231.275 Y137.472
G01 X231.285 Y133.997
G01 X229.864 Y134.556
G01 X229.859 Y137.481
G01 X229.860 Y141.931
G01 X229.856 Y144.657
G01 X229.859 Y147.782
G01 X229.856 Y151.207
G01 X229.864 Y155.257
G01 X229.856 Y160.233
G01 X229.862 Y165.008
G01 X229.864 Y169.159
G01 X229.860 Y174.385
G01 X229.862 Y180.936
G01 X229.858 Y184.961
G01 X229.863 Y189.937
G01 X229.863 Y195.513
G01 X229.860 Y199.939
G01 X229.859 Y203.940
G01 X229.859 Y209.817
G01 X229.861 Y215.920
G01 X229.859 Y221.072
G01 X229.862 Y224.799
G01 X229.861 Y229.152
G01 X229.862 Y237.410
G01 X229.859 Y245.348
G01 X229.860 Y248.155
G01 X229.859 Y253.425
G01 X229.861 Y257.453
G01 X229.509 Y258.582
G01 X229.264 Y259.716
G01 X229.125 Y260.846
G01 X229.091 Y261.966
G01 X229.161 Y263.069
G01 X229.332 Y264.146
G01 X229.603 Y265.192
G01 X229.862 Y265.930
G01 X229.696 Y265.954
G01 X229.529 Y265.990
G01 X229.361 Y266.034
G01 X229.193 Y266.088
G01 X229.025 Y266.154
G01 X228.859 Y266.228
G01 X228.694 Y266.314
G01 X228.532 Y266.410
G01 X228.373 Y266.517
G01 X228.218 Y266.635
G01 X228.066 Y266.761
G01 X227.920 Y266.899
G01 X227.779 Y267.045
G01 X227.645 Y267.202
G01 X227.517 Y267.368
G01 X227.397 Y267.543
G01 X227.284 Y267.727
G01 X227.181 Y267.919
G01 X227.086 Y268.120
G01 X227.001 Y268.328
G01 X226.926 Y268.543
G01 X226.862 Y268.764
G01 X226.808 Y268.992
G01 X226.767 Y269.226
G01 X226.737 Y269.463
G01 X226.720 Y269.707
G01 X226.715 Y269.952
G01 X226.724 Y270.202
G01 X226.745 Y270.452
G01 X226.780 Y270.705
G01 X226.829 Y270.958
G01 X226.892 Y271.212
G01 X226.969 Y271.466
G01 X227.060 Y271.716
G01 X227.165 Y271.966
G01 X227.284 Y272.212
G01 X227.417 Y272.455
G01 X227.564 Y272.693
G01 X227.725 Y272.925
G01 X227.900 Y273.152
G01 X228.088 Y273.371
G01 X228.289 Y273.583
G01 X228.503 Y273.786
G01 X228.730 Y273.981
G01 X228.969 Y274.164
G01 X229.219 Y274.337
G01 X229.481 Y274.500
G01 X229.753 Y274.649
G01 X229.860 Y274.703
G01 X229.712 Y276.967
G01 X229.784 Y279.256
G01 X229.859 Y280.043
G01 X229.861 Y281.907
G01 X229.859 Y285.325
G01 X229.860 Y285.727
G01 X229.859 Y290.517
G01 X229.861 Y293.023
G01 X229.871 Y293.625
G01 X228.615 Y293.803
G01 X228.548 Y293.810
G01 X228.535 Y293.054
G01 X228.535 Y290.510
G01 X228.533 Y285.732
G01 X228.534 Y285.327
G01 X228.534 Y281.915
G01 X228.533 Y280.040
G01 X228.347 Y278.674
G01 X228.288 Y277.320
G01 X228.353 Y275.986
G01 X228.536 Y274.701
G01 X228.277 Y274.490
G01 X228.031 Y274.269
G01 X227.799 Y274.036
G01 X227.581 Y273.796
G01 X227.379 Y273.546
G01 X227.191 Y273.290
G01 X227.019 Y273.027
G01 X226.862 Y272.758
G01 X226.721 Y272.486
G01 X226.596 Y272.208
G01 X226.487 Y271.928
G01 X226.393 Y271.646
G01 X226.315 Y271.363
G01 X226.253 Y271.079
G01 X226.206 Y270.796
G01 X226.174 Y270.514
G01 X226.157 Y270.236
G01 X226.155 Y269.958
G01 X226.167 Y269.685
G01 X226.193 Y269.416
G01 X226.233 Y269.152
G01 X226.286 Y268.894
G01 X226.352 Y268.644
G01 X226.429 Y268.399
G01 X226.519 Y268.162
G01 X226.619 Y267.933
G01 X226.730 Y267.713
G01 X226.851 Y267.502
G01 X226.981 Y267.301
G01 X227.120 Y267.109
G01 X227.266 Y266.928
G01 X227.420 Y266.758
G01 X227.581 Y266.598
G01 X227.747 Y266.450
G01 X227.919 Y266.313
G01 X228.095 Y266.188
G01 X228.275 Y266.073
G01 X228.458 Y265.971
G01 X228.539 Y265.930
G01 X228.216 Y265.312
G01 X227.948 Y264.657
G01 X227.738 Y263.969
G01 X227.588 Y263.252
G01 X227.500 Y262.510
G01 X227.477 Y261.748
G01 X227.520 Y260.971
G01 X227.631 Y260.183
G01 X227.810 Y259.387
G01 X228.059 Y258.591
G01 X228.377 Y257.798
G01 X228.536 Y257.459
G01 X228.490 Y254.410
G01 X228.537 Y253.440
G01 X228.534 Y248.147
G01 X228.535 Y245.348
G01 X228.536 Y237.404
G01 X228.534 Y229.151
G01 X228.534 Y224.791
G01 X228.535 Y221.084
G01 X228.535 Y215.925
G01 X228.533 Y209.817
G01 X228.532 Y203.961
G01 X228.532 Y199.932
G01 X228.531 Y195.528
G01 X228.532 Y189.924
G01 X228.534 Y184.946
G01 X228.537 Y180.944
G01 X228.531 Y174.391
G01 X228.530 Y169.139
G01 X228.535 Y165.012
G01 X228.533 Y160.235
G01 X228.537 Y155.258
G01 X228.540 Y151.207
G01 X228.529 Y147.781
G01 X228.529 Y144.655
G01 X228.529 Y141.930
G01 X228.534 Y136.278
G01 X227.144 Y139.142
G01 X227.147 Y141.919
G01 X227.152 Y144.670
G01 X227.151 Y147.797
G01 X227.153 Y151.199
G01 X227.152 Y155.252
G01 X227.143 Y160.231
G01 X227.144 Y165.010
G01 X227.145 Y169.138
G01 X227.143 Y174.393
G01 X227.150 Y180.950
G01 X227.151 Y184.955
G01 X227.152 Y189.937
G01 X227.146 Y195.521
G01 X227.147 Y199.929
G01 X227.150 Y203.962
G01 X227.150 Y209.801
G01 X227.147 Y215.919
G01 X227.148 Y221.087
G01 X227.146 Y224.778
G01 X227.148 Y229.151
G01 X227.151 Y237.411
G01 X227.149 Y245.358
G01 X227.145 Y248.135
G01 X227.076 Y251.962
G01 X227.148 Y253.432
G01 X227.063 Y255.627
G01 X227.149 Y257.454
G01 X226.819 Y258.164
G01 X226.547 Y258.878
G01 X226.334 Y259.593
G01 X226.178 Y260.304
G01 X226.079 Y261.007
G01 X226.036 Y261.698
G01 X226.047 Y262.375
G01 X226.111 Y263.034
G01 X226.226 Y263.668
G01 X226.389 Y264.279
G01 X226.599 Y264.859
G01 X226.852 Y265.407
G01 X227.147 Y265.923
G01 X227.151 Y265.928
G01 X226.957 Y266.102
G01 X226.770 Y266.289
G01 X226.591 Y266.488
G01 X226.421 Y266.700
G01 X226.259 Y266.923
G01 X226.108 Y267.157
G01 X225.968 Y267.402
G01 X225.839 Y267.657
G01 X225.722 Y267.923
G01 X225.618 Y268.197
G01 X225.527 Y268.478
G01 X225.451 Y268.769
G01 X225.388 Y269.067
G01 X225.341 Y269.370
G01 X225.309 Y269.679
G01 X225.293 Y269.993
G01 X225.293 Y270.311
G01 X225.310 Y270.632
G01 X225.345 Y270.957
G01 X225.397 Y271.281
G01 X225.466 Y271.606
G01 X225.552 Y271.931
G01 X225.656 Y272.255
G01 X225.778 Y272.575
G01 X225.918 Y272.894
G01 X226.076 Y273.207
G01 X226.251 Y273.514
G01 X226.443 Y273.817
G01 X226.653 Y274.111
G01 X226.881 Y274.396
G01 X227.124 Y274.673
G01 X227.151 Y274.701
G01 X226.964 Y275.676
G01 X226.864 Y276.683
G01 X226.854 Y277.714
G01 X226.934 Y278.763
G01 X227.107 Y279.825
G01 X227.151 Y280.028
G01 X227.150 Y281.906
G01 X227.120 Y284.661
G01 X227.151 Y285.312
G01 X227.147 Y285.724
G01 X227.134 Y290.243
G01 X227.147 Y290.511
G01 X227.149 Y293.053
G01 X227.163 Y293.817
G01 X225.714 Y294.579
G01 X225.567 Y294.649
G01 X225.534 Y293.076
G01 X225.537 Y290.498
G01 X225.474 Y287.072
G01 X225.538 Y285.717
G01 X225.535 Y285.318
G01 X225.479 Y283.160
G01 X225.539 Y281.907
G01 X225.517 Y280.366
G01 X225.529 Y280.046
G01 X225.346 Y279.108
G01 X225.239 Y278.180
G01 X225.208 Y277.269
G01 X225.251 Y276.380
G01 X225.365 Y275.515
G01 X225.544 Y274.698
G01 X225.310 Y274.351
G01 X225.096 Y273.995
G01 X224.904 Y273.631
G01 X224.731 Y273.262
G01 X224.578 Y272.889
G01 X224.446 Y272.510
G01 X224.334 Y272.130
G01 X224.243 Y271.747
G01 X224.172 Y271.365
G01 X224.120 Y270.983
G01 X224.090 Y270.603
G01 X224.079 Y270.226
G01 X224.087 Y269.851
G01 X224.113 Y269.482
G01 X224.159 Y269.118
G01 X224.221 Y268.761
G01 X224.302 Y268.410
G01 X224.400 Y268.069
G01 X224.513 Y267.736
G01 X224.643 Y267.412
G01 X224.786 Y267.101
G01 X224.945 Y266.798
G01 X225.117 Y266.508
G01 X225.302 Y266.231
G01 X225.498 Y265.966
G01 X225.532 Y265.924
G01 X225.262 Y265.423
G01 X225.028 Y264.890
G01 X224.832 Y264.327
G01 X224.678 Y263.737
G01 X224.566 Y263.121
G01 X224.499 Y262.483
G01 X224.480 Y261.827
G01 X224.509 Y261.154
G01 X224.588 Y260.468
G01 X224.718 Y259.774
G01 X224.901 Y259.072
G01 X225.137 Y258.368
G01 X225.428 Y257.666
G01 X225.531 Y257.444
G01 X225.431 Y255.752
G01 X225.484 Y254.027
G01 X225.538 Y253.440
G01 X225.425 Y250.551
G01 X225.535 Y248.146
G01 X225.534 Y245.351
G01 X225.459 Y238.976
G01 X225.535 Y237.394
G01 X225.535 Y229.156
G01 X225.534 Y224.788
G01 X225.536 Y221.083
G01 X225.535 Y215.923
G01 X225.533 Y209.814
G01 X225.536 Y203.963
G01 X225.537 Y199.922
G01 X225.537 Y195.532
G01 X225.540 Y189.940
G01 X225.538 Y184.952
G01 X225.539 Y180.943
G01 X225.537 Y174.405
G01 X225.539 Y169.145
G01 X225.533 Y164.988
G01 X225.535 Y160.231
G01 X225.538 Y155.249
G01 X225.541 Y151.193
G01 X225.540 Y147.789
G01 X225.538 Y143.885
G01 X224.036 Y150.126
G01 X224.033 Y151.203
G01 X224.036 Y155.261
G01 X224.035 Y160.247
G01 X224.036 Y165.009
G01 X224.040 Y169.144
G01 X224.038 Y174.384
G01 X224.041 Y180.956
G01 X224.038 Y184.946
G01 X224.034 Y189.942
G01 X224.031 Y195.518
G01 X224.034 Y199.941
G01 X224.036 Y203.940
G01 X224.036 Y209.807
G01 X224.034 Y215.910
G01 X224.035 Y221.065
G01 X224.035 Y224.787
G01 X224.036 Y229.154
G01 X224.035 Y237.405
G01 X223.908 Y242.650
G01 X224.038 Y245.360
G01 X224.040 Y248.156
G01 X223.910 Y250.626
G01 X224.002 Y253.055
G01 X224.038 Y253.438
G01 X223.929 Y254.967
G01 X223.951 Y256.469
G01 X224.038 Y257.455
G01 X223.751 Y258.176
G01 X223.516 Y258.899
G01 X223.333 Y259.617
G01 X223.201 Y260.329
G01 X223.119 Y261.032
G01 X223.084 Y261.722
G01 X223.098 Y262.397
G01 X223.156 Y263.053
G01 X223.259 Y263.688
G01 X223.401 Y264.298
G01 X223.584 Y264.882
G01 X223.805 Y265.438
G01 X224.042 Y265.928
G01 X223.841 Y266.269
G01 X223.656 Y266.622
G01 X223.487 Y266.990
G01 X223.337 Y267.367
G01 X223.204 Y267.756
G01 X223.090 Y268.154
G01 X222.995 Y268.562
G01 X222.922 Y268.978
G01 X222.868 Y269.401
G01 X222.836 Y269.830
G01 X222.826 Y270.264
G01 X222.838 Y270.702
G01 X222.872 Y271.142
G01 X222.929 Y271.584
G01 X223.009 Y272.026
G01 X223.112 Y272.468
G01 X223.238 Y272.907
G01 X223.388 Y273.343
G01 X223.560 Y273.775
G01 X223.757 Y274.202
G01 X223.977 Y274.620
G01 X224.028 Y274.712
G01 X223.861 Y275.496
G01 X223.752 Y276.312
G01 X223.709 Y277.153
G01 X223.728 Y278.017
G01 X223.817 Y278.897
G01 X223.973 Y279.789
G01 X224.030 Y280.043
G01 X224.013 Y281.401
G01 X224.036 Y281.912
G01 X223.968 Y283.736
G01 X224.038 Y285.316
G01 X224.035 Y285.724
G01 X223.945 Y288.565
G01 X224.034 Y290.513
G01 X224.038 Y293.555
G01 X223.393 Y291.541
G01 X222.925 Y289.528
G01 X222.636 Y287.527
G01 X222.519 Y285.553
G01 X222.518 Y284.986
G01 X222.456 Y283.334
G01 X222.516 Y281.921
G01 X222.490 Y280.639
G01 X222.516 Y280.038
G01 X222.351 Y279.144
G01 X222.251 Y278.263
G01 X222.215 Y277.398
G01 X222.240 Y276.553
G01 X222.326 Y275.733
G01 X222.469 Y274.941
G01 X222.524 Y274.703
G01 X222.305 Y274.218
G01 X222.113 Y273.727
G01 X221.946 Y273.231
G01 X221.805 Y272.729
G01 X221.692 Y272.226
G01 X221.603 Y271.721
G01 X221.541 Y271.216
G01 X221.505 Y270.713
G01 X221.494 Y270.212
G01 X221.507 Y269.716
G01 X221.547 Y269.224
G01 X221.610 Y268.740
G01 X221.697 Y268.261
G01 X221.807 Y267.793
G01 X221.939 Y267.333
G01 X222.093 Y266.885
G01 X222.268 Y266.449
G01 X222.463 Y266.025
G01 X222.514 Y265.924
G01 X222.275 Y265.352
G01 X222.072 Y264.751
G01 X221.906 Y264.123
G01 X221.781 Y263.469
G01 X221.697 Y262.793
G01 X221.659 Y262.097
G01 X221.666 Y261.383
G01 X221.720 Y260.654
G01 X221.822 Y259.915
G01 X221.976 Y259.166
G01 X222.180 Y258.412
G01 X222.435 Y257.656
G01 X222.516 Y257.447
G01 X222.408 Y256.091
G01 X222.413 Y254.700
G01 X222.516 Y253.428
G01 X222.377 Y251.290
G01 X222.432 Y249.106
G01 X222.516 Y248.141
G01 X222.523 Y245.359
G01 X222.360 Y240.915
G01 X222.522 Y237.411
G01 X222.471 Y230.145
G01 X222.518 Y229.160
G01 X222.519 Y224.788
G01 X222.517 Y221.070
G01 X222.517 Y215.916
G01 X222.521 Y209.814
G01 X222.519 Y203.954
G01 X222.522 Y199.944
G01 X222.521 Y195.510
G01 X222.519 Y189.922
G01 X222.517 Y184.943
G01 X222.518 Y180.946
G01 X222.519 Y174.390
G01 X222.517 Y169.143
G01 X222.523 Y165.002
G01 X222.517 Y158.731
G01 X221.038 Y170.367
G01 X221.034 Y174.391
G01 X221.034 Y180.933
G01 X221.031 Y184.937
G01 X221.035 Y189.927
G01 X221.035 Y195.529
G01 X221.034 Y199.925
G01 X221.038 Y203.947
G01 X221.038 Y209.803
G01 X221.038 Y215.932
G01 X221.035 Y221.064
G01 X221.034 Y224.782
G01 X221.036 Y229.161
G01 X220.947 Y235.531
G01 X221.036 Y237.398
G01 X220.853 Y241.398
G01 X221.034 Y245.333
G01 X221.036 Y245.351
G01 X221.035 Y248.122
G01 X221.036 Y248.146
G01 X220.893 Y250.173
G01 X220.922 Y252.162
G01 X221.030 Y253.421
G01 X220.927 Y254.784
G01 X220.930 Y256.118
G01 X221.038 Y257.416
G01 X221.043 Y257.459
G01 X220.786 Y258.255
G01 X220.583 Y259.048
G01 X220.430 Y259.837
G01 X220.328 Y260.615
G01 X220.276 Y261.382
G01 X220.271 Y262.135
G01 X220.312 Y262.870
G01 X220.398 Y263.585
G01 X220.526 Y264.277
G01 X220.695 Y264.944
G01 X220.903 Y265.584
G01 X221.031 Y265.924
G01 X220.873 Y266.428
G01 X220.738 Y266.942
G01 X220.627 Y267.463
G01 X220.543 Y267.991
G01 X220.486 Y268.524
G01 X220.454 Y269.061
G01 X220.447 Y269.602
G01 X220.469 Y270.144
G01 X220.517 Y270.686
G01 X220.591 Y271.227
G01 X220.694 Y271.765
G01 X220.822 Y272.300
G01 X220.978 Y272.829
G01 X221.048 Y273.036
G01 X220.591 Y272.616
G01 X220.151 Y272.161
G01 X219.730 Y271.673
G01 X219.331 Y271.151
G01 X218.956 Y270.597
G01 X218.606 Y270.012
G01 X218.285 Y269.399
G01 X217.993 Y268.756
G01 X217.733 Y268.087
G01 X217.509 Y267.392
G01 X217.319 Y266.674
G01 X217.168 Y265.935
G01 X217.055 Y265.176
G01 X216.983 Y264.399
G01 X216.954 Y263.608
G01 X216.968 Y262.803
G01 X217.026 Y261.988
G01 X217.131 Y261.165
G01 X217.283 Y260.337
G01 X217.481 Y259.505
G01 X217.728 Y258.674
G01 X218.024 Y257.846
G01 X218.368 Y257.022
G01 X218.761 Y256.207
G01 X219.204 Y255.401
G01 X219.545 Y254.842
G01 X219.341 Y253.125
G01 X219.280 Y251.357
G01 X219.364 Y249.548
G01 X219.531 Y248.136
G01 X219.525 Y245.584
G01 X219.535 Y245.347
G01 X219.341 Y241.781
G01 X219.471 Y238.148
G01 X219.538 Y237.400
G01 X219.422 Y231.733
G01 X219.543 Y229.166
G01 X219.540 Y224.799
G01 X219.538 Y221.080
G01 X219.536 Y215.916
G01 X219.540 Y209.807
G01 X219.540 Y203.951
G01 X219.541 Y199.939
G01 X219.538 Y195.529
G01 X219.534 Y188.800
G01 X218.990 Y200.189
G01 X218.720 Y209.415
G01 X218.784 Y216.709
G01 X217.352 Y216.819
G01 X214.637 Y216.990
G01 X212.785 Y217.187
G01 X209.876 Y217.191
G01 X206.923 Y217.358
G01 X205.105 Y217.543
G01 X201.776 Y217.419
G01 X198.373 Y217.502
G01 X197.332 Y217.569
G01 X193.315 Y217.207
G01 X189.184 Y217.120
G01 X187.882 Y217.151
G01 X182.750 Y216.500
G01 X178.304 Y216.251
G01 X171.274 Y214.876
G01 X165.280 Y214.171
G01 X157.002 Y212.354
G01 X143.502 Y208.521
G01 X131.384 Y204.083
G01 X120.755 Y199.367
G01 X113.531 Y195.645
G01 X106.843 Y191.916
G01 X96.704 Y185.448
G01 X86.964 Y178.291
G01 X80.925 Y173.337
G01 X74.719 Y167.774
G01 X71.444 Y164.599
G01 X69.512 Y171.801
G01 X72.620 Y165.769
G01 X71.935 Y163.299
G01 X72.930 Y161.272
G01 X74.719 Y167.774
G01 X70.469 Y175.877
G01 X69.220 Y178.459
G01 X69.774 Y183.368
G01 X73.750 Y175.300
G01 X76.805 Y169.707
G01 X73.988 Y159.466
G01 X75.100 Y157.837
G01 X78.810 Y171.351
G01 X78.879 Y171.570
G01 X74.622 Y179.354
G01 X70.762 Y187.323
G01 X70.700 Y187.458
G01 X71.800 Y191.036
G01 X75.550 Y183.161
G01 X79.691 Y175.469
G01 X80.925 Y173.337
G01 X77.079 Y159.936
G01 X76.233 Y156.339
G01 X77.418 Y154.974
G01 X80.880 Y168.555
G01 X82.946 Y175.053
G01 X78.723 Y182.558
G01 X74.879 Y190.251
G01 X73.060 Y194.256
G01 X74.401 Y197.192
G01 X77.958 Y189.502
G01 X81.891 Y181.990
G01 X84.950 Y176.704
G01 X80.935 Y163.550
G01 X78.638 Y153.714
G01 X79.862 Y152.555
G01 X83.101 Y166.180
G01 X86.964 Y178.291
G01 X82.786 Y185.534
G01 X78.973 Y192.967
G01 X75.820 Y199.893
G01 X77.279 Y202.427
G01 X80.671 Y194.923
G01 X84.427 Y187.592
G01 X88.540 Y180.452
G01 X88.929 Y179.817
G01 X84.733 Y166.878
G01 X81.485 Y153.329
G01 X81.122 Y151.457
G01 X82.401 Y150.476
G01 X85.416 Y164.113
G01 X89.389 Y177.152
G01 X90.894 Y181.296
G01 X86.785 Y188.299
G01 X83.023 Y195.495
G01 X79.620 Y202.867
G01 X78.796 Y204.807
G01 X80.334 Y207.042
G01 X83.565 Y199.716
G01 X87.151 Y192.558
G01 X91.084 Y185.587
G01 X92.829 Y182.729
G01 X88.485 Y170.010
G01 X85.076 Y156.673
G01 X83.695 Y149.541
G01 X85.019 Y148.663
G01 X87.822 Y162.298
G01 X91.591 Y175.353
G01 X94.772 Y184.103
G01 X90.727 Y190.876
G01 X87.018 Y197.841
G01 X83.653 Y204.984
G01 X81.882 Y209.151
G01 X83.463 Y211.146
G01 X86.560 Y204.000
G01 X90.002 Y197.019
G01 X93.781 Y190.220
G01 X96.704 Y185.448
G01 X92.227 Y172.942
G01 X88.673 Y159.810
G01 X86.363 Y147.861
G01 X87.704 Y147.118
G01 X90.317 Y160.743
G01 X93.901 Y173.801
G01 X98.405 Y186.234
G01 X98.612 Y186.736
G01 X94.632 Y193.285
G01 X90.978 Y200.027
G01 X87.655 Y206.947
G01 X85.057 Y213.059
G01 X86.671 Y214.878
G01 X89.632 Y207.905
G01 X92.930 Y201.092
G01 X96.554 Y194.457
G01 X100.495 Y188.015
G01 X100.516 Y187.983
G01 X95.909 Y175.673
G01 X92.216 Y162.731
G01 X89.488 Y149.217
G01 X89.057 Y146.418
G01 X90.449 Y145.764
G01 X92.881 Y159.370
G01 X96.288 Y172.425
G01 X100.623 Y184.868
G01 X102.406 Y189.202
G01 X98.500 Y195.537
G01 X94.905 Y202.064
G01 X91.630 Y208.769
G01 X88.685 Y215.634
G01 X88.295 Y216.618
G01 X89.900 Y218.288
G01 X92.736 Y211.486
G01 X95.898 Y204.840
G01 X99.377 Y198.367
G01 X103.166 Y192.081
G01 X104.273 Y190.368
G01 X99.566 Y178.260
G01 X95.762 Y165.514
G01 X92.911 Y152.193
G01 X91.837 Y145.169
G01 X93.244 Y144.606
G01 X95.500 Y158.180
G01 X98.736 Y171.217
G01 X102.903 Y183.657
G01 X106.132 Y191.496
G01 X102.298 Y197.626
G01 X98.766 Y203.948
G01 X95.543 Y210.445
G01 X92.638 Y217.102
G01 X91.540 Y219.878
G01 X93.175 Y221.423
G01 X95.889 Y214.789
G01 X98.920 Y208.307
G01 X102.260 Y201.992
G01 X105.901 Y195.860
G01 X108.007 Y192.599
G01 X103.196 Y180.673
G01 X99.279 Y168.106
G01 X96.307 Y154.957
G01 X94.646 Y144.099
G01 X96.079 Y143.609
G01 X98.182 Y157.159
G01 X101.269 Y170.183
G01 X105.293 Y182.621
G01 X109.853 Y193.654
G01 X106.091 Y199.582
G01 X102.618 Y205.699
G01 X99.444 Y211.991
G01 X96.577 Y218.443
G01 X94.814 Y222.896
G01 X96.451 Y224.314
G01 X99.047 Y217.844
G01 X101.951 Y211.522
G01 X105.156 Y205.362
G01 X108.654 Y199.379
G01 X111.685 Y194.684
G01 X106.786 Y182.935
G01 X102.774 Y170.541
G01 X99.697 Y157.561
G01 X97.603 Y144.060
G01 X97.504 Y143.178
G01 X98.947 Y142.777
G01 X100.901 Y156.291
G01 X103.844 Y169.293
G01 X107.728 Y181.719
G01 X112.502 Y193.511
G01 X113.509 Y195.681
G01 X109.817 Y201.414
G01 X106.406 Y207.334
G01 X103.284 Y213.427
G01 X100.458 Y219.679
G01 X98.084 Y225.676
G01 X99.738 Y226.992
G01 X102.221 Y220.686
G01 X105.007 Y214.524
G01 X108.086 Y208.519
G01 X111.449 Y202.685
G01 X115.086 Y197.036
G01 X115.345 Y196.657
G01 X110.364 Y185.075
G01 X106.261 Y172.844
G01 X103.087 Y160.024
G01 X100.888 Y146.680
G01 X100.408 Y142.409
G01 X101.862 Y142.024
G01 X103.673 Y155.502
G01 X106.478 Y168.483
G01 X110.228 Y180.899
G01 X114.875 Y192.690
G01 X117.151 Y197.587
G01 X113.529 Y203.127
G01 X110.175 Y208.851
G01 X107.101 Y214.747
G01 X104.312 Y220.802
G01 X101.821 Y227.000
G01 X101.361 Y228.248
G01 X103.022 Y229.481
G01 X105.399 Y223.337
G01 X108.067 Y217.331
G01 X111.023 Y211.478
G01 X114.254 Y205.790
G01 X117.752 Y200.282
G01 X118.969 Y198.499
G01 X113.913 Y187.072
G01 X109.728 Y174.995
G01 X106.466 Y162.327
G01 X104.173 Y149.128
G01 X103.353 Y141.791
G01 X104.821 Y141.452
G01 X106.502 Y154.894
G01 X109.179 Y167.846
G01 X112.805 Y180.245
G01 X117.336 Y192.031
G01 X120.755 Y199.367
G01 X117.206 Y204.721
G01 X113.916 Y210.257
G01 X110.894 Y215.962
G01 X108.151 Y221.824
G01 X105.692 Y227.828
G01 X104.651 Y230.656
G01 X106.293 Y231.802
G01 X108.564 Y225.816
G01 X111.120 Y219.964
G01 X113.954 Y214.259
G01 X117.057 Y208.715
G01 X120.420 Y203.344
G01 X122.552 Y200.219
G01 X117.429 Y188.938
G01 X113.171 Y177.003
G01 X109.831 Y164.474
G01 X107.453 Y151.413
G01 X106.329 Y141.298
G01 X107.837 Y141.084
G01 X109.397 Y154.478
G01 X111.954 Y167.395
G01 X115.466 Y179.769
G01 X119.886 Y191.539
G01 X124.331 Y201.053
G01 X120.851 Y206.223
G01 X117.620 Y211.573
G01 X114.650 Y217.089
G01 X111.947 Y222.759
G01 X109.521 Y228.571
G01 X107.925 Y232.899
G01 X109.574 Y233.956
G01 X111.742 Y228.128
G01 X114.187 Y222.429
G01 X116.903 Y216.871
G01 X119.881 Y211.469
G01 X123.113 Y206.234
G01 X126.106 Y201.849
G01 X120.923 Y190.705
G01 X116.603 Y178.907
G01 X113.192 Y166.512
G01 X110.743 Y153.584
G01 X109.346 Y140.916
G01 X110.852 Y140.762
G01 X112.300 Y154.118
G01 X114.752 Y167.008
G01 X118.163 Y179.364
G01 X122.483 Y191.125
G01 X127.667 Y202.232
G01 X127.868 Y202.618
G01 X124.459 Y207.611
G01 X121.293 Y212.779
G01 X118.377 Y218.112
G01 X115.719 Y223.596
G01 X113.327 Y229.220
G01 X111.209 Y234.971
G01 X111.207 Y234.979
G01 X112.850 Y235.976
G01 X114.917 Y230.304
G01 X117.254 Y224.755
G01 X119.853 Y219.344
G01 X122.709 Y214.081
G01 X125.812 Y208.980
G01 X129.153 Y204.051
G01 X129.646 Y203.365
G01 X124.404 Y192.340
G01 X120.019 Y180.658
G01 X116.543 Y168.378
G01 X114.022 Y155.562
G01 X112.501 Y142.274
G01 X112.388 Y140.659
G01 X113.908 Y140.582
G01 X115.257 Y153.904
G01 X117.613 Y166.765
G01 X120.932 Y179.103
G01 X125.168 Y190.853
G01 X130.269 Y201.957
G01 X131.384 Y204.083
G01 X128.047 Y208.902
G01 X124.942 Y213.892
G01 X122.079 Y219.044
G01 X119.466 Y224.345
G01 X117.111 Y229.784
G01 X115.019 Y235.347
G01 X114.482 Y236.928
G01 X116.122 Y237.856
G01 X118.087 Y232.337
G01 X120.315 Y226.937
G01 X122.798 Y221.667
G01 X125.531 Y216.541
G01 X128.505 Y211.569
G01 X131.711 Y206.763
G01 X133.136 Y204.782
G01 X127.837 Y193.863
G01 X123.394 Y182.285
G01 X119.858 Y170.107
G01 X117.276 Y157.390
G01 X115.690 Y144.200
G01 X115.435 Y140.509
G01 X116.992 Y140.488
G01 X118.249 Y153.776
G01 X120.516 Y166.614
G01 X123.752 Y178.936
G01 X127.911 Y190.678
G01 X132.942 Y201.780
G01 X134.874 Y205.457
G01 X131.607 Y210.104
G01 X128.565 Y214.920
G01 X125.755 Y219.894
G01 X123.187 Y225.014
G01 X120.867 Y230.270
G01 X118.803 Y235.648
G01 X117.747 Y238.752
G01 X119.382 Y239.613
G01 X121.251 Y234.248
G01 X123.376 Y228.996
G01 X125.750 Y223.869
G01 X128.365 Y218.880
G01 X131.216 Y214.039
G01 X134.293 Y209.357
G01 X136.619 Y206.125
G01 X131.272 Y195.302
G01 X126.779 Y183.819
G01 X123.192 Y171.734
G01 X120.558 Y159.110
G01 X118.920 Y146.012
G01 X118.543 Y140.482
G01 X120.106 Y140.511
G01 X121.281 Y153.771
G01 X123.473 Y166.589
G01 X126.638 Y178.898
G01 X130.732 Y190.634
G01 X135.704 Y201.736
G01 X138.341 Y206.739
G01 X135.144 Y211.217
G01 X132.161 Y215.861
G01 X129.405 Y220.659
G01 X126.880 Y225.602
G01 X124.595 Y230.676
G01 X122.557 Y235.871
G01 X121.001 Y240.444
G01 X122.622 Y241.275
G01 X124.392 Y236.060
G01 X126.411 Y230.954
G01 X128.673 Y225.966
G01 X131.172 Y221.109
G01 X133.899 Y216.395
G01 X136.846 Y211.833
G01 X140.005 Y207.434
G01 X140.064 Y207.356
G01 X134.675 Y196.614
G01 X130.144 Y185.212
G01 X126.516 Y173.207
G01 X123.841 Y160.663
G01 X122.165 Y147.644
G01 X121.692 Y140.562
G01 X123.260 Y140.640
G01 X124.358 Y153.873
G01 X126.477 Y166.671
G01 X129.576 Y178.967
G01 X133.608 Y190.696
G01 X138.528 Y201.797
G01 X141.776 Y207.945
G01 X138.647 Y212.258
G01 X135.725 Y216.733
G01 X133.019 Y221.359
G01 X130.538 Y226.125
G01 X128.288 Y231.022
G01 X126.276 Y236.037
G01 X124.509 Y241.159
G01 X124.240 Y242.013
G01 X125.841 Y242.836
G01 X127.519 Y237.771
G01 X129.438 Y232.809
G01 X131.594 Y227.961
G01 X133.980 Y223.238
G01 X136.587 Y218.650
G01 X139.410 Y214.209
G01 X142.439 Y209.924
G01 X143.502 Y208.521
G01 X138.069 Y197.841
G01 X133.493 Y186.498
G01 X129.825 Y174.551
G01 X127.112 Y162.065
G01 X125.398 Y149.104
G01 X124.849 Y140.742
G01 X126.433 Y140.860
G01 X127.471 Y154.081
G01 X129.536 Y166.874
G01 X132.589 Y179.169
G01 X136.583 Y190.903
G01 X141.471 Y202.012
G01 X145.216 Y209.072
G01 X142.153 Y213.221
G01 X139.288 Y217.528
G01 X136.634 Y221.983
G01 X134.195 Y226.575
G01 X131.978 Y231.295
G01 X129.992 Y236.130
G01 X128.240 Y241.072
G01 X127.485 Y243.480
G01 X129.117 Y244.178
G01 X130.701 Y239.265
G01 X132.521 Y234.447
G01 X134.570 Y229.738
G01 X136.843 Y225.147
G01 X139.332 Y220.684
G01 X142.030 Y216.361
G01 X144.930 Y212.187
G01 X146.900 Y209.584
G01 X141.429 Y198.947
G01 X136.817 Y187.645
G01 X133.119 Y175.741
G01 X130.379 Y163.295
G01 X128.642 Y150.376
G01 X128.041 Y141.032
G01 X129.641 Y141.221
G01 X130.630 Y154.435
G01 X132.651 Y167.225
G01 X135.668 Y179.524
G01 X139.636 Y191.264
G01 X144.505 Y202.384
G01 X148.614 Y210.102
G01 X145.620 Y214.094
G01 X142.817 Y218.239
G01 X140.216 Y222.528
G01 X137.824 Y226.951
G01 X135.647 Y231.498
G01 X133.690 Y236.159
G01 X131.961 Y240.922
G01 X130.732 Y244.841
G01 X132.267 Y245.633
G01 X133.759 Y240.865
G01 X135.478 Y236.189
G01 X137.423 Y231.613
G01 X139.584 Y227.151
G01 X141.954 Y222.810
G01 X144.531 Y218.603
G01 X147.304 Y214.537
G01 X150.266 Y210.623
G01 X150.291 Y210.591
G01 X144.776 Y199.975
G01 X140.130 Y188.693
G01 X136.401 Y176.807
G01 X133.638 Y164.381
G01 X131.882 Y151.481
G01 X131.247 Y141.415
G01 X132.876 Y141.665
G01 X133.821 Y154.880
G01 X135.809 Y167.677
G01 X138.798 Y179.985
G01 X142.749 Y191.739
G01 X147.608 Y202.875
G01 X151.983 Y211.066
G01 X149.055 Y214.903
G01 X146.312 Y218.890
G01 X143.764 Y223.016
G01 X141.417 Y227.272
G01 X139.276 Y231.650
G01 X137.348 Y236.138
G01 X135.639 Y240.726
G01 X134.155 Y245.404
G01 X133.956 Y246.097
G01 X135.566 Y246.681
G01 X136.973 Y242.065
G01 X138.602 Y237.534
G01 X140.447 Y233.099
G01 X142.504 Y228.770
G01 X144.766 Y224.556
G01 X147.227 Y220.469
G01 X149.879 Y216.516
G01 X152.716 Y212.707
G01 X153.668 Y211.513
G01 X148.114 Y200.893
G01 X143.435 Y189.607
G01 X139.682 Y177.715
G01 X136.903 Y165.284
G01 X135.141 Y152.380
G01 X134.494 Y141.902
G01 X136.132 Y142.196
G01 X137.050 Y155.430
G01 X139.019 Y168.249
G01 X142.000 Y180.583
G01 X145.951 Y192.364
G01 X150.822 Y203.527
G01 X155.336 Y211.950
G01 X152.480 Y215.640
G01 X149.804 Y219.474
G01 X147.314 Y223.443
G01 X145.018 Y227.538
G01 X142.922 Y231.750
G01 X141.031 Y236.069
G01 X139.351 Y240.485
G01 X137.887 Y244.987
G01 X137.331 Y246.927
G01 X139.435 Y246.500
G01 X140.781 Y242.058
G01 X142.341 Y237.694
G01 X144.111 Y233.419
G01 X146.086 Y229.243
G01 X148.260 Y225.176
G01 X150.627 Y221.227
G01 X153.180 Y217.406
G01 X155.913 Y213.721
G01 X157.002 Y212.354
G01 X151.413 Y201.709
G01 X146.713 Y190.397
G01 X142.947 Y178.481
G01 X140.167 Y166.025
G01 X138.413 Y153.099
G01 X137.776 Y142.497
G01 X139.425 Y142.835
G01 X140.327 Y156.106
G01 X142.293 Y168.965
G01 X145.285 Y181.340
G01 X149.257 Y193.163
G01 X154.163 Y204.367
G01 X158.675 Y212.757
G01 X155.927 Y216.329
G01 X153.353 Y220.035
G01 X150.963 Y223.868
G01 X148.761 Y227.819
G01 X146.752 Y231.878
G01 X144.944 Y236.036
G01 X143.339 Y240.282
G01 X141.944 Y244.608
G01 X141.512 Y246.114
G01 X143.540 Y245.752
G01 X144.841 Y241.491
G01 X146.348 Y237.302
G01 X148.058 Y233.195
G01 X149.965 Y229.181
G01 X152.066 Y225.269
G01 X154.353 Y221.467
G01 X156.824 Y217.786
G01 X159.470 Y214.233
G01 X160.334 Y213.146
G01 X154.708 Y202.444
G01 X149.982 Y191.075
G01 X146.204 Y179.100
G01 X143.425 Y166.588
G01 X141.687 Y153.607
G01 X141.078 Y143.211
G01 X142.748 Y143.615
G01 X143.651 Y156.940
G01 X145.632 Y169.854
G01 X148.651 Y182.284
G01 X152.666 Y194.160
G01 X157.626 Y205.415
G01 X161.992 Y213.506
G01 X159.343 Y216.959
G01 X156.865 Y220.540
G01 X154.566 Y224.239
G01 X152.450 Y228.047
G01 X150.523 Y231.957
G01 X148.788 Y235.957
G01 X147.252 Y240.040
G01 X145.918 Y244.194
G01 X145.569 Y245.417
G01 X147.546 Y245.113
G01 X148.796 Y241.024
G01 X150.245 Y237.002
G01 X151.889 Y233.055
G01 X153.727 Y229.194
G01 X155.751 Y225.427
G01 X157.958 Y221.763
G01 X160.341 Y218.212
G01 X162.897 Y214.782
G01 X163.641 Y213.848
G01 X157.978 Y203.055
G01 X153.231 Y191.593
G01 X149.452 Y179.527
G01 X146.687 Y166.923
G01 X144.978 Y153.855
G01 X144.420 Y144.028
G01 X146.095 Y144.480
G01 X147.016 Y157.886
G01 X149.030 Y170.881
G01 X152.099 Y183.390
G01 X156.178 Y195.342
G01 X161.219 Y206.670
G01 X165.280 Y214.171
G01 X162.723 Y217.508
G01 X160.334 Y220.965
G01 X158.119 Y224.534
G01 X156.083 Y228.204
G01 X154.230 Y231.968
G01 X152.565 Y235.817
G01 X151.091 Y239.740
G01 X149.814 Y243.729
G01 X149.499 Y244.828
G01 X151.447 Y244.586
G01 X152.644 Y240.663
G01 X154.035 Y236.800
G01 X155.614 Y233.006
G01 X157.380 Y229.290
G01 X159.327 Y225.662
G01 X161.453 Y222.130
G01 X163.751 Y218.704
G01 X166.218 Y215.391
G01 X166.930 Y214.494
G01 X161.227 Y203.571
G01 X156.461 Y191.977
G01 X152.683 Y179.778
G01 X149.939 Y167.044
G01 X148.273 Y153.849
G01 X147.783 Y144.933
G01 X149.474 Y145.454
G01 X150.430 Y158.972
G01 X152.500 Y172.076
G01 X155.642 Y184.692
G01 X159.812 Y196.746
G01 X164.965 Y208.168
G01 X168.557 Y214.779
G01 X166.087 Y218.004
G01 X163.781 Y221.341
G01 X161.647 Y224.782
G01 X159.687 Y228.318
G01 X157.905 Y231.941
G01 X156.305 Y235.642
G01 X154.892 Y239.410
G01 X153.667 Y243.238
G01 X153.351 Y244.348
G01 X155.227 Y244.136
G01 X156.373 Y240.371
G01 X157.704 Y236.660
G01 X159.219 Y233.011
G01 X160.915 Y229.435
G01 X162.788 Y225.939
G01 X164.836 Y222.533
G01 X167.052 Y219.224
G01 X169.433 Y216.023
G01 X170.192 Y215.067
G01 X164.447 Y203.968
G01 X159.665 Y192.196
G01 X155.896 Y179.819
G01 X153.187 Y166.910
G01 X151.579 Y153.543
G01 X151.178 Y145.978
G01 X152.882 Y146.541
G01 X153.896 Y160.210
G01 X156.046 Y173.462
G01 X159.292 Y186.219
G01 X163.589 Y198.407
G01 X168.889 Y209.953
G01 X171.824 Y215.337
G01 X169.434 Y218.449
G01 X167.204 Y221.667
G01 X165.143 Y224.983
G01 X163.250 Y228.388
G01 X161.531 Y231.873
G01 X159.990 Y235.429
G01 X158.631 Y239.048
G01 X157.453 Y242.720
G01 X157.101 Y243.957
G01 X158.925 Y243.788
G01 X160.016 Y240.175
G01 X161.286 Y236.610
G01 X162.737 Y233.101
G01 X164.362 Y229.657
G01 X166.161 Y226.288
G01 X168.129 Y223.001
G01 X170.263 Y219.806
G01 X172.558 Y216.710
G01 X173.450 Y215.589
G01 X167.658 Y204.259
G01 X162.858 Y192.254
G01 X159.103 Y179.644
G01 X156.438 Y166.503
G01 X154.906 Y152.911
G01 X154.610 Y147.129
G01 X156.338 Y147.758
G01 X157.434 Y161.625
G01 X159.694 Y175.068
G01 X163.076 Y188.008
G01 X167.536 Y200.369
G01 X173.026 Y212.076
G01 X175.075 Y215.821
G01 X172.757 Y218.824
G01 X170.596 Y221.926
G01 X168.600 Y225.120
G01 X166.769 Y228.397
G01 X165.108 Y231.749
G01 X163.620 Y235.166
G01 X162.307 Y238.640
G01 X161.170 Y242.162
G01 X160.747 Y243.652
G01 X162.545 Y243.526
G01 X163.578 Y240.059
G01 X164.786 Y236.632
G01 X166.167 Y233.255
G01 X167.720 Y229.937
G01 X169.442 Y226.687
G01 X171.329 Y223.513
G01 X173.381 Y220.423
G01 X175.591 Y217.427
G01 X176.690 Y216.045
G01 X170.840 Y204.412
G01 X166.019 Y192.099
G01 X162.281 Y179.181
G01 X159.672 Y165.736
G01 X158.232 Y151.844
G01 X158.062 Y148.400
G01 X159.821 Y149.089
G01 X161.026 Y163.211
G01 X163.429 Y176.902
G01 X166.987 Y190.078
G01 X171.655 Y202.661
G01 X177.382 Y214.573
G01 X178.304 Y216.251
G01 X176.052 Y219.148
G01 X173.956 Y222.140
G01 X172.019 Y225.217
G01 X170.247 Y228.372
G01 X168.639 Y231.595
G01 X167.200 Y234.879
G01 X165.930 Y238.215
G01 X164.834 Y241.593
G01 X164.316 Y243.425
G01 X166.062 Y243.333
G01 X167.036 Y240.003
G01 X168.180 Y236.707
G01 X169.493 Y233.455
G01 X170.973 Y230.256
G01 X172.619 Y227.117
G01 X174.428 Y224.048
G01 X176.397 Y221.057
G01 X178.524 Y218.153
G01 X179.899 Y216.424
G01 X173.988 Y204.410
G01 X169.151 Y191.714
G01 X165.444 Y178.412
G01 X162.909 Y164.586
G01 X161.588 Y150.319
G01 X161.564 Y149.799
G01 X163.326 Y150.538
G01 X164.679 Y164.998
G01 X167.269 Y179.013
G01 X171.058 Y192.499
G01 X175.995 Y205.373
G01 X181.505 Y216.605
G01 X179.312 Y219.401
G01 X177.274 Y222.286
G01 X175.391 Y225.251
G01 X173.668 Y228.289
G01 X172.108 Y231.391
G01 X170.713 Y234.548
G01 X169.483 Y237.752
G01 X168.421 Y240.994
G01 X167.781 Y243.264
G01 X169.501 Y243.215
G01 X170.417 Y240.017
G01 X171.498 Y236.849
G01 X172.744 Y233.717
G01 X174.155 Y230.632
G01 X175.727 Y227.602
G01 X177.459 Y224.636
G01 X179.350 Y221.741
G01 X181.396 Y218.926
G01 X183.115 Y216.769
G01 X177.123 Y204.266
G01 X172.261 Y191.074
G01 X168.582 Y177.276
G01 X166.132 Y162.956
G01 X165.096 Y151.342
G01 X166.882 Y152.147
G01 X168.428 Y167.043
G01 X171.262 Y181.480
G01 X175.343 Y195.366
G01 X180.622 Y208.615
G01 X184.702 Y216.909
G01 X182.562 Y219.607
G01 X180.576 Y222.390
G01 X178.743 Y225.249
G01 X177.067 Y228.176
G01 X175.550 Y231.163
G01 X174.195 Y234.199
G01 X173.002 Y237.278
G01 X171.973 Y240.391
G01 X171.194 Y243.183
G01 X172.861 Y243.167
G01 X173.714 Y240.093
G01 X174.728 Y237.042
G01 X175.904 Y234.023
G01 X177.240 Y231.044
G01 X178.738 Y228.113
G01 X180.393 Y225.239
G01 X182.204 Y222.431
G01 X184.168 Y219.697
G01 X186.284 Y217.045
G01 X186.293 Y217.034
G01 X180.207 Y203.917
G01 X175.320 Y190.105
G01 X171.685 Y175.686
G01 X169.348 Y160.748
G01 X168.673 Y153.018
G01 X170.478 Y153.922
G01 X172.274 Y169.390
G01 X175.423 Y184.376
G01 X179.882 Y198.784
G01 X185.598 Y212.524
G01 X187.882 Y217.151
G01 X185.786 Y219.755
G01 X183.841 Y222.440
G01 X182.048 Y225.196
G01 X180.411 Y228.017
G01 X178.930 Y230.893
G01 X177.607 Y233.815
G01 X176.442 Y236.776
G01 X175.439 Y239.766
G01 X174.595 Y242.777
G01 X174.495 Y243.178
G01 X176.101 Y243.209
G01 X176.894 Y240.255
G01 X177.846 Y237.317
G01 X178.954 Y234.406
G01 X180.223 Y231.528
G01 X181.648 Y228.694
G01 X183.228 Y225.910
G01 X184.963 Y223.187
G01 X186.851 Y220.531
G01 X188.888 Y217.953
G01 X189.470 Y217.263
G01 X183.262 Y203.361
G01 X178.338 Y188.755
G01 X174.752 Y173.538
G01 X172.548 Y157.807
G01 X172.297 Y154.859
G01 X174.115 Y155.835
G01 X176.231 Y172.055
G01 X179.781 Y187.763
G01 X184.721 Y202.859
G01 X190.995 Y217.245
G01 X191.046 Y217.345
G01 X188.986 Y219.858
G01 X187.074 Y222.448
G01 X185.314 Y225.106
G01 X183.706 Y227.826
G01 X182.254 Y230.597
G01 X180.957 Y233.411
G01 X179.816 Y236.260
G01 X178.833 Y239.136
G01 X178.006 Y242.029
G01 X177.699 Y243.271
G01 X179.268 Y243.352
G01 X179.995 Y240.509
G01 X180.879 Y237.677
G01 X181.917 Y234.865
G01 X183.111 Y232.081
G01 X184.459 Y229.334
G01 X185.964 Y226.633
G01 X187.620 Y223.985
G01 X189.429 Y221.399
G01 X191.386 Y218.885
G01 X192.625 Y217.421
G01 X186.252 Y202.492
G01 X181.274 Y186.846
G01 X177.740 Y170.585
G01 X175.957 Y156.870
G01 X177.805 Y157.940
G01 X180.341 Y175.172
G01 X184.421 Y191.853
G01 X189.994 Y207.875
G01 X194.204 Y217.494
G01 X192.172 Y219.919
G01 X190.286 Y222.419
G01 X188.552 Y224.985
G01 X186.968 Y227.608
G01 X185.536 Y230.281
G01 X184.261 Y232.994
G01 X183.138 Y235.739
G01 X182.171 Y238.508
G01 X181.357 Y241.291
G01 X180.829 Y243.463
G01 X182.360 Y243.591
G01 X183.021 Y240.854
G01 X183.833 Y238.122
G01 X184.798 Y235.404
G01 X185.917 Y232.708
G01 X187.190 Y230.043
G01 X188.615 Y227.417
G01 X190.194 Y224.840
G01 X191.923 Y222.319
G01 X193.802 Y219.864
G01 X195.773 Y217.544
G01 X189.173 Y201.256
G01 X184.108 Y184.234
G01 X180.632 Y166.588
G01 X179.661 Y159.048
G01 X181.534 Y160.161
G01 X184.624 Y178.783
G01 X189.400 Y196.802
G01 X195.810 Y214.098
G01 X197.332 Y217.569
G01 X195.319 Y219.912
G01 X193.452 Y222.329
G01 X191.733 Y224.809
G01 X190.167 Y227.346
G01 X188.752 Y229.929
G01 X187.489 Y232.550
G01 X186.380 Y235.201
G01 X185.423 Y237.872
G01 X184.619 Y240.556
G01 X183.966 Y243.244
G01 X183.864 Y243.733
G01 X185.361 Y243.898
G01 X185.952 Y241.259
G01 X186.692 Y238.619
G01 X187.583 Y235.987
G01 X188.626 Y233.372
G01 X189.822 Y230.781
G01 X191.171 Y228.224
G01 X192.672 Y225.710
G01 X194.322 Y223.247
G01 X196.125 Y220.844
G01 X198.074 Y218.510
G01 X198.898 Y217.593
G01 X191.983 Y199.460
G01 X186.795 Y180.566
G01 X183.439 Y161.466
G01 X185.365 Y162.774
G01 X189.219 Y183.345
G01 X194.959 Y203.239
G01 X200.452 Y217.599
G01 X198.447 Y219.865
G01 X196.590 Y222.203
G01 X194.881 Y224.604
G01 X193.322 Y227.060
G01 X191.916 Y229.561
G01 X190.661 Y232.098
G01 X189.560 Y234.663
G01 X188.610 Y237.247
G01 X187.810 Y239.841
G01 X187.161 Y242.436
G01 X186.828 Y244.079
G01 X188.266 Y244.272
G01 X188.785 Y241.725
G01 X189.453 Y239.170
G01 X190.269 Y236.618
G01 X191.238 Y234.076
G01 X192.358 Y231.553
G01 X193.630 Y229.059
G01 X195.055 Y226.601
G01 X196.631 Y224.189
G01 X198.357 Y221.833
G01 X200.232 Y219.540
G01 X202.005 Y217.581
G01 X194.627 Y196.832
G01 X189.238 Y175.283
G01 X187.290 Y164.126
G01 X189.238 Y165.563
G01 X194.204 Y189.088
G01 X201.355 Y211.825
G01 X203.555 Y217.571
G01 X201.550 Y219.764
G01 X199.692 Y222.028
G01 X197.982 Y224.356
G01 X196.423 Y226.737
G01 X195.016 Y229.162
G01 X193.761 Y231.624
G01 X192.659 Y234.111
G01 X191.708 Y236.617
G01 X190.908 Y239.131
G01 X190.257 Y241.645
G01 X189.754 Y244.151
G01 X189.697 Y244.489
G01 X191.119 Y244.733
G01 X191.564 Y242.270
G01 X192.156 Y239.795
G01 X192.896 Y237.316
G01 X193.786 Y234.842
G01 X194.829 Y232.381
G01 X196.024 Y229.942
G01 X197.372 Y227.535
G01 X198.872 Y225.168
G01 X200.524 Y222.852
G01 X202.325 Y220.595
G01 X204.276 Y218.406
G01 X205.105 Y217.543
G01 X196.983 Y192.831
G01 X191.247 Y167.256
G01 X191.216 Y167.084
G01 X193.213 Y168.696
G01 X199.904 Y196.970
G01 X206.648 Y217.499
G01 X204.631 Y219.622
G01 X202.761 Y221.818
G01 X201.041 Y224.077
G01 X199.471 Y226.390
G01 X198.055 Y228.748
G01 X196.793 Y231.142
G01 X195.682 Y233.561
G01 X194.724 Y235.998
G01 X193.918 Y238.442
G01 X193.261 Y240.886
G01 X192.751 Y243.320
G01 X192.486 Y244.982
G01 X193.861 Y245.275
G01 X194.230 Y242.891
G01 X194.745 Y240.488
G01 X195.406 Y238.075
G01 X196.220 Y235.661
G01 X197.185 Y233.254
G01 X198.303 Y230.864
G01 X199.575 Y228.501
G01 X201.000 Y226.173
G01 X202.579 Y223.891
G01 X204.310 Y221.663
G01 X206.190 Y219.499
G01 X208.188 Y217.440
G01 X198.740 Y186.051
G01 X195.240 Y170.392
G01 X197.291 Y172.203
G01 X207.069 Y209.287
G01 X209.725 Y217.367
G01 X207.685 Y219.427
G01 X205.793 Y221.561
G01 X204.054 Y223.759
G01 X202.466 Y226.014
G01 X201.034 Y228.313
G01 X199.755 Y230.649
G01 X198.630 Y233.011
G01 X197.660 Y235.390
G01 X196.841 Y237.776
G01 X196.175 Y240.161
G01 X195.656 Y242.536
G01 X195.285 Y244.891
G01 X195.203 Y245.585
G01 X196.513 Y245.905
G01 X196.802 Y243.592
G01 X197.237 Y241.254
G01 X197.820 Y238.900
G01 X198.554 Y236.538
G01 X199.440 Y234.179
G01 X200.480 Y231.831
G01 X201.675 Y229.505
G01 X203.026 Y227.209
G01 X204.531 Y224.953
G01 X206.192 Y222.748
G01 X208.006 Y220.602
G01 X209.970 Y218.526
G01 X211.259 Y217.282
G01 X199.387 Y174.149
G01 X201.517 Y176.262
G01 X212.785 Y217.187
G01 X210.711 Y219.187
G01 X208.786 Y221.264
G01 X207.016 Y223.408
G01 X205.400 Y225.609
G01 X203.939 Y227.858
G01 X202.636 Y230.144
G01 X201.488 Y232.457
G01 X200.497 Y234.789
G01 X199.660 Y237.128
G01 X198.977 Y239.466
G01 X198.445 Y241.794
G01 X198.060 Y244.101
G01 X197.829 Y246.268
G01 X199.096 Y246.628
G01 X199.300 Y244.378
G01 X199.651 Y242.097
G01 X200.151 Y239.794
G01 X200.802 Y237.478
G01 X201.607 Y235.158
G01 X202.567 Y232.845
G01 X203.685 Y230.547
G01 X204.961 Y228.274
G01 X206.394 Y226.037
G01 X207.983 Y223.846
G01 X209.730 Y221.711
G01 X211.631 Y219.642
G01 X213.683 Y217.649
G01 X214.312 Y217.081
G01 X203.707 Y178.559
G01 X205.964 Y181.094
G01 X215.837 Y216.966
G01 X213.716 Y218.907
G01 X211.748 Y220.930
G01 X209.935 Y223.023
G01 X208.278 Y225.176
G01 X206.779 Y227.379
G01 X205.440 Y229.623
G01 X204.259 Y231.896
G01 X203.238 Y234.189
G01 X202.374 Y236.491
G01 X201.667 Y238.793
G01 X201.113 Y241.084
G01 X200.709 Y243.357
G01 X200.456 Y245.600
G01 X200.368 Y247.028
G01 X201.600 Y247.449
G01 X201.716 Y245.256
G01 X201.978 Y243.025
G01 X202.389 Y240.765
G01 X202.954 Y238.486
G01 X203.673 Y236.197
G01 X204.552 Y233.908
G01 X205.590 Y231.630
G01 X206.788 Y229.372
G01 X208.147 Y227.145
G01 X209.667 Y224.960
G01 X211.346 Y222.826
G01 X213.185 Y220.755
G01 X215.179 Y218.756
G01 X217.326 Y216.841
G01 X217.352 Y216.819
G01 X208.300 Y183.942
G01 X210.763 Y187.223
G01 X218.872 Y216.687
G01 X216.704 Y218.612
G01 X214.694 Y220.622
G01 X212.845 Y222.705
G01 X211.158 Y224.851
G01 X209.637 Y227.049
G01 X208.280 Y229.288
G01 X207.090 Y231.557
G01 X206.064 Y233.846
G01 X205.203 Y236.143
G01 X204.504 Y238.439
G01 X203.966 Y240.723
G01 X203.584 Y242.984
G01 X203.356 Y245.214
G01 X203.281 Y246.985
G01 X204.885 Y246.063
G01 X205.026 Y245.987
G01 X205.230 Y243.828
G01 X205.583 Y241.636
G01 X206.090 Y239.421
G01 X206.755 Y237.194
G01 X207.579 Y234.963
G01 X208.564 Y232.740
G01 X209.712 Y230.536
G01 X211.023 Y228.360
G01 X212.495 Y226.224
G01 X214.131 Y224.138
G01 X215.927 Y222.114
G01 X217.880 Y220.161
G01 X218.736 Y219.375
G01 X218.737 Y221.779
G01 X216.858 Y223.708
G01 X215.136 Y225.705
G01 X213.574 Y227.760
G01 X212.173 Y229.862
G01 X210.934 Y231.999
G01 X209.857 Y234.163
G01 X208.941 Y236.341
G01 X208.185 Y238.523
G01 X207.588 Y240.699
G01 X207.146 Y242.859
G01 X206.875 Y244.817
G01 X208.243 Y243.824
G01 X208.815 Y243.439
G01 X209.233 Y241.319
G01 X209.809 Y239.183
G01 X210.542 Y237.039
G01 X211.435 Y234.899
G01 X212.490 Y232.774
G01 X213.706 Y230.674
G01 X215.084 Y228.609
G01 X216.624 Y226.591
G01 X218.322 Y224.631
G01 X218.733 Y224.193
G01 X218.718 Y227.483
G01 X217.197 Y229.489
G01 X215.841 Y231.542
G01 X214.651 Y233.630
G01 X213.629 Y235.743
G01 X212.769 Y237.868
G01 X212.076 Y239.996
G01 X211.856 Y240.799
G01 X212.937 Y239.384
G01 X214.110 Y238.008
G01 X215.375 Y236.679
G01 X215.977 Y236.093
G01 X216.974 Y233.885
G01 X218.151 Y231.699
G01 X218.696 Y230.799
G01 X218.156 Y221.669
G01 X218.487 Y212.415
G01 X218.680 Y210.345
G01 X213.578 Y191.813
G01 X216.713 Y197.549
G01 X218.795 Y206.335
G01 X218.812 Y208.169
G01 X218.745 Y211.867
G01 X218.897 Y215.653
G01 X218.802 Y217.142
G01 X218.840 Y221.027
G01 X218.769 Y228.798
G01 X218.848 Y230.432
G01 X218.750 Y235.684
G01 X218.853 Y237.884
G01 X218.764 Y241.548
G01 X219.000 Y245.139
G01 X219.091 Y245.890
G01 X218.747 Y247.770
G01 X218.555 Y249.626
G01 X218.513 Y251.448
G01 X218.617 Y253.225
G01 X218.862 Y254.948
G01 X219.101 Y256.063
G01 X219.151 Y257.287
G01 X219.290 Y258.474
G01 X219.514 Y259.620
G01 X219.570 Y259.846
G01 X219.560 Y260.712
G01 X219.608 Y261.555
G01 X219.707 Y262.375
G01 X219.858 Y263.168
G01 X220.058 Y263.930
G01 X220.303 Y264.659
G01 X220.564 Y265.291
G01 X220.547 Y265.861
G01 X220.560 Y266.426
G01 X220.602 Y266.982
G01 X220.672 Y267.529
G01 X220.769 Y268.064
G01 X220.834 Y268.359
G01 X220.733 Y268.418
G01 X219.704 Y268.971
G01 X218.707 Y269.623
G01 X217.747 Y270.375
G01 X217.269 Y270.800
G01 X215.421 Y271.890
G01 X213.651 Y273.168
G01 X213.370 Y273.394
G01 X209.763 Y275.494
G01 X206.763 Y277.618
G01 X201.364 Y280.915
G01 X195.882 Y284.130
G01 X190.298 Y287.261
G01 X184.606 Y290.320
G01 X178.843 Y293.284
G01 X172.962 Y296.169
G01 X165.454 Y299.648
G01 X159.338 Y302.329
G01 X153.122 Y304.910
G01 X146.781 Y307.397
G01 X140.315 Y309.786
G01 X133.727 Y312.080
G01 X127.009 Y314.257
G01 X120.172 Y316.333
G01 X113.202 Y318.275
G01 X107.873 Y319.657
G01 X100.648 Y321.405
G01 X93.267 Y323.006
G01 X85.709 Y324.471
G01 X79.944 Y325.486
G01 X72.101 Y326.690
G01 X64.055 Y327.732
G01 X53.716 Y328.816
G01 X45.180 Y329.452
G01 X36.427 Y329.902
G01 X27.417 Y330.120
G01 X20.158 Y330.171
G01 X19.675 Y330.127
G01 X20.228 Y332.863
G01 X20.488 Y330.143
G01 X19.589 Y329.373
G01 X19.478 Y327.322
G01 X22.808 Y330.147
G01 X22.141 Y337.415
G01 X24.167 Y340.373
G01 X25.132 Y330.157
G01 X19.560 Y325.434
G01 X19.757 Y323.637
G01 X27.417 Y330.120
G01 X26.319 Y341.606
G01 X26.255 Y342.604
G01 X28.353 Y344.405
G01 X29.356 Y332.927
G01 X29.707 Y330.091
G01 X20.071 Y321.935
G01 X20.466 Y320.312
G01 X30.103 Y328.562
G01 X31.965 Y330.036
G01 X30.771 Y341.359
G01 X30.474 Y345.911
G01 X32.603 Y347.176
G01 X33.486 Y335.802
G01 X34.197 Y329.975
G01 X24.536 Y322.001
G01 X20.937 Y318.749
G01 X21.478 Y317.225
G01 X30.922 Y325.535
G01 X36.427 Y329.902
G01 X35.180 Y341.052
G01 X34.715 Y348.282
G01 X36.829 Y349.221
G01 X37.648 Y337.953
G01 X38.654 Y329.817
G01 X29.062 Y322.088
G01 X22.069 Y315.767
G01 X22.727 Y314.349
G01 X32.001 Y322.695
G01 X40.850 Y329.708
G01 X39.548 Y340.685
G01 X38.944 Y350.064
G01 X41.041 Y350.775
G01 X41.781 Y339.635
G01 X43.019 Y329.595
G01 X33.504 Y322.102
G01 X24.286 Y313.817
G01 X23.399 Y312.960
G01 X24.137 Y311.613
G01 X33.236 Y319.986
G01 X42.641 Y327.572
G01 X45.180 Y329.452
G01 X43.855 Y340.248
G01 X43.149 Y351.315
G01 X43.146 Y351.412
G01 X45.225 Y351.969
G01 X45.906 Y340.962
G01 X47.207 Y330.226
G01 X47.346 Y329.316
G01 X37.904 Y322.058
G01 X28.747 Y314.014
G01 X24.889 Y310.296
G01 X25.701 Y308.998
G01 X34.624 Y317.385
G01 X43.857 Y324.998
G01 X49.480 Y329.157
G01 X48.118 Y339.777
G01 X47.370 Y350.672
G01 X47.310 Y352.454
G01 X49.376 Y352.880
G01 X49.998 Y342.012
G01 X51.237 Y331.413
G01 X51.612 Y328.988
G01 X42.259 Y321.957
G01 X33.179 Y314.147
G01 X26.526 Y307.731
G01 X27.386 Y306.490
G01 X36.131 Y314.882
G01 X45.192 Y322.511
G01 X53.716 Y328.816
G01 X52.322 Y339.260
G01 X51.536 Y349.982
G01 X51.423 Y353.248
G01 X53.473 Y353.547
G01 X54.046 Y342.822
G01 X55.233 Y332.362
G01 X55.814 Y328.615
G01 X46.548 Y321.806
G01 X37.543 Y314.228
G01 X28.853 Y305.890
G01 X28.257 Y305.278
G01 X29.163 Y304.092
G01 X37.744 Y312.481
G01 X46.644 Y320.115
G01 X55.810 Y326.986
G01 X57.885 Y328.412
G01 X56.477 Y338.676
G01 X55.668 Y349.217
G01 X55.513 Y353.808
G01 X57.541 Y354.032
G01 X58.060 Y343.457
G01 X59.188 Y333.142
G01 X59.954 Y328.200
G01 X50.785 Y321.606
G01 X41.865 Y314.253
G01 X33.249 Y306.148
G01 X30.101 Y302.912
G01 X31.074 Y301.758
G01 X39.474 Y310.136
G01 X48.197 Y317.772
G01 X57.194 Y324.656
G01 X62.019 Y327.975
G01 X60.591 Y338.061
G01 X59.755 Y348.426
G01 X59.557 Y354.219
G01 X61.553 Y354.350
G01 X62.033 Y343.922
G01 X63.115 Y333.751
G01 X64.055 Y327.732
G01 X54.990 Y321.352
G01 X46.161 Y314.220
G01 X37.625 Y306.345
G01 X32.053 Y300.614
G01 X33.010 Y299.464
G01 X41.228 Y307.829
G01 X49.774 Y315.466
G01 X58.595 Y322.362
G01 X66.070 Y327.505
G01 X64.639 Y337.409
G01 X63.793 Y347.591
G01 X63.567 Y354.453
G01 X65.540 Y354.515
G01 X65.976 Y344.239
G01 X67.010 Y334.219
G01 X68.100 Y327.243
G01 X59.139 Y321.071
G01 X50.405 Y314.156
G01 X41.950 Y306.507
G01 X34.060 Y298.392
G01 X35.113 Y297.311
G01 X43.161 Y305.649
G01 X51.538 Y313.269
G01 X60.197 Y320.160
G01 X69.082 Y326.314
G01 X70.099 Y326.963
G01 X68.647 Y336.692
G01 X67.773 Y346.700
G01 X67.507 Y354.558
G01 X69.494 Y354.573
G01 X69.884 Y344.454
G01 X70.867 Y334.587
G01 X72.101 Y326.690
G01 X63.240 Y320.724
G01 X54.598 Y314.024
G01 X46.221 Y306.599
G01 X38.165 Y298.457
G01 X36.146 Y296.243
G01 X37.235 Y295.179
G01 X45.110 Y303.489
G01 X53.316 Y311.094
G01 X61.805 Y317.979
G01 X70.526 Y324.139
G01 X74.071 Y326.400
G01 X72.615 Y335.950
G01 X71.727 Y345.776
G01 X71.435 Y354.549
G01 X73.375 Y354.508
G01 X73.728 Y344.544
G01 X74.670 Y334.826
G01 X76.038 Y326.101
G01 X67.292 Y320.334
G01 X58.751 Y313.844
G01 X50.466 Y306.635
G01 X42.490 Y298.719
G01 X38.305 Y294.128
G01 X39.432 Y293.101
G01 X47.132 Y301.378
G01 X55.168 Y308.960
G01 X63.490 Y315.837
G01 X72.047 Y321.998
G01 X78.005 Y325.793
G01 X76.542 Y335.163
G01 X75.639 Y344.810
G01 X75.322 Y354.423
G01 X77.244 Y354.333
G01 X77.559 Y344.528
G01 X78.454 Y334.965
G01 X79.908 Y325.678
G01 X79.944 Y325.486
G01 X71.312 Y319.914
G01 X62.875 Y313.630
G01 X54.685 Y306.635
G01 X46.790 Y298.943
G01 X40.540 Y292.088
G01 X41.678 Y291.082
G01 X49.207 Y299.320
G01 X57.072 Y306.877
G01 X65.226 Y313.739
G01 X73.618 Y319.897
G01 X81.876 Y325.152
G01 X80.411 Y334.344
G01 X79.499 Y343.810
G01 X79.161 Y353.519
G01 X79.161 Y354.227
G01 X81.055 Y354.075
G01 X81.338 Y344.426
G01 X82.195 Y335.017
G01 X83.603 Y325.880
G01 X83.805 Y324.812
G01 X75.286 Y319.435
G01 X66.952 Y313.352
G01 X58.853 Y306.570
G01 X51.038 Y299.099
G01 X43.557 Y290.948
G01 X42.821 Y290.087
G01 X43.995 Y289.118
G01 X51.353 Y297.314
G01 X59.050 Y304.839
G01 X67.036 Y311.681
G01 X75.264 Y317.830
G01 X83.685 Y323.280
G01 X85.709 Y324.471
G01 X84.240 Y333.484
G01 X83.315 Y342.772
G01 X82.958 Y352.300
G01 X82.954 Y353.921
G01 X84.840 Y353.737
G01 X85.084 Y344.251
G01 X85.894 Y334.999
G01 X87.251 Y326.013
G01 X87.611 Y324.123
G01 X79.212 Y318.933
G01 X70.989 Y313.048
G01 X62.992 Y306.474
G01 X55.268 Y299.219
G01 X47.865 Y291.293
G01 X45.173 Y288.142
G01 X46.358 Y287.195
G01 X53.546 Y295.344
G01 X61.072 Y302.834
G01 X68.891 Y309.653
G01 X76.954 Y315.790
G01 X85.215 Y321.240
G01 X89.510 Y323.765
G01 X88.038 Y332.600
G01 X87.102 Y341.708
G01 X86.725 Y351.058
G01 X86.721 Y353.537
G01 X88.596 Y353.322
G01 X88.807 Y343.998
G01 X89.579 Y334.902
G01 X90.889 Y326.070
G01 X91.401 Y323.385
G01 X83.119 Y318.383
G01 X75.004 Y312.695
G01 X67.105 Y306.327
G01 X59.466 Y299.287
G01 X52.139 Y291.585
G01 X47.571 Y286.238
G01 X48.790 Y285.311
G01 X55.807 Y293.409
G01 X63.163 Y300.859
G01 X70.816 Y307.650
G01 X78.714 Y313.772
G01 X86.812 Y319.216
G01 X93.267 Y323.006
G01 X91.797 Y331.661
G01 X90.855 Y340.587
G01 X90.462 Y349.751
G01 X90.459 Y353.077
G01 X92.295 Y352.832
G01 X92.474 Y343.667
G01 X93.207 Y334.728
G01 X94.473 Y326.048
G01 X95.130 Y322.620
G01 X86.966 Y317.800
G01 X78.962 Y312.306
G01 X71.163 Y306.139
G01 X63.615 Y299.310
G01 X56.365 Y291.827
G01 X50.013 Y284.395
G01 X51.264 Y283.470
G01 X58.114 Y291.512
G01 X65.305 Y298.921
G01 X72.790 Y305.679
G01 X80.525 Y311.780
G01 X88.463 Y317.215
G01 X96.557 Y321.981
G01 X96.985 Y322.212
G01 X95.514 Y330.688
G01 X94.562 Y339.434
G01 X94.150 Y348.417
G01 X94.147 Y352.556
G01 X95.964 Y352.267
G01 X96.111 Y343.265
G01 X96.805 Y334.486
G01 X98.025 Y325.960
G01 X98.821 Y321.820
G01 X90.783 Y317.178
G01 X82.894 Y311.871
G01 X75.203 Y305.903
G01 X67.752 Y299.282
G01 X60.589 Y292.017
G01 X53.759 Y284.119
G01 X52.522 Y282.575
G01 X53.783 Y281.672
G01 X60.461 Y289.656
G01 X67.481 Y297.018
G01 X74.797 Y303.744
G01 X82.365 Y309.823
G01 X90.139 Y315.248
G01 X98.072 Y320.014
G01 X100.648 Y321.405
G01 X99.177 Y329.705
G01 X98.216 Y338.272
G01 X97.786 Y347.075
G01 X97.784 Y351.975
G01 X99.612 Y351.643
G01 X99.721 Y342.811
G01 X100.369 Y334.195
G01 X101.536 Y325.826
G01 X102.468 Y320.971
G01 X94.550 Y316.506
G01 X86.775 Y311.386
G01 X79.185 Y305.614
G01 X71.827 Y299.197
G01 X64.745 Y292.144
G01 X57.986 Y284.469
G01 X55.048 Y280.800
G01 X56.344 Y279.919
G01 X62.858 Y287.840
G01 X69.716 Y295.151
G01 X76.870 Y301.837
G01 X84.279 Y307.888
G01 X91.894 Y313.296
G01 X99.673 Y318.055
G01 X104.291 Y320.542
G01 X102.824 Y328.662
G01 X101.857 Y337.046
G01 X101.413 Y345.664
G01 X101.413 Y351.310
G01 X103.208 Y350.963
G01 X103.286 Y342.296
G01 X103.898 Y333.838
G01 X105.019 Y325.625
G01 X106.083 Y320.103
G01 X98.292 Y315.811
G01 X90.634 Y310.874
G01 X83.153 Y305.296
G01 X75.893 Y299.080
G01 X68.900 Y292.238
G01 X62.216 Y284.781
G01 X57.643 Y279.068
G01 X58.971 Y278.210
G01 X65.317 Y286.064
G01 X72.007 Y293.321
G01 X78.995 Y299.965
G01 X86.237 Y305.986
G01 X93.690 Y311.374
G01 X101.308 Y316.125
G01 X107.873 Y319.657
G01 X106.408 Y327.599
G01 X105.435 Y335.802
G01 X104.975 Y344.238
G01 X104.977 Y350.615
G01 X106.761 Y350.239
G01 X106.812 Y341.736
G01 X107.387 Y333.438
G01 X108.466 Y325.378
G01 X109.661 Y319.204
G01 X101.998 Y315.082
G01 X94.459 Y310.325
G01 X87.089 Y304.935
G01 X79.930 Y298.919
G01 X73.028 Y292.286
G01 X66.425 Y285.046
G01 X60.278 Y277.365
G01 X61.614 Y276.531
G01 X67.798 Y284.317
G01 X74.326 Y291.517
G01 X81.151 Y298.115
G01 X88.233 Y304.101
G01 X95.526 Y309.467
G01 X102.989 Y314.207
G01 X110.577 Y318.316
G01 X111.446 Y318.744
G01 X109.983 Y326.507
G01 X109.004 Y334.530
G01 X108.528 Y342.784
G01 X108.531 Y349.837
G01 X110.284 Y349.447
G01 X110.305 Y341.108
G01 X110.846 Y332.972
G01 X111.882 Y325.068
G01 X113.202 Y318.275
G01 X105.668 Y314.320
G01 X98.252 Y309.738
G01 X90.994 Y304.536
G01 X83.939 Y298.717
G01 X77.131 Y292.289
G01 X70.611 Y285.264
G01 X64.422 Y277.654
G01 X62.953 Y275.692
G01 X64.322 Y274.882
G01 X70.340 Y282.596
G01 X76.699 Y289.736
G01 X83.357 Y296.286
G01 X90.272 Y302.236
G01 X97.401 Y307.578
G01 X104.702 Y312.305
G01 X112.132 Y316.413
G01 X114.954 Y317.800
G01 X113.502 Y325.381
G01 X112.523 Y333.219
G01 X112.038 Y341.285
G01 X112.050 Y349.030
G01 X113.781 Y348.601
G01 X113.775 Y340.430
G01 X114.276 Y332.457
G01 X115.268 Y324.712
G01 X116.704 Y317.318
G01 X109.305 Y313.524
G01 X102.014 Y309.116
G01 X94.873 Y304.097
G01 X87.925 Y298.472
G01 X81.215 Y292.248
G01 X74.783 Y285.434
G01 X68.670 Y278.046
G01 X65.695 Y274.068
G01 X67.071 Y273.267
G01 X72.925 Y280.904
G01 X79.119 Y287.981
G01 X85.613 Y294.479
G01 X92.365 Y300.390
G01 X99.333 Y305.703
G01 X106.475 Y310.412
G01 X113.748 Y314.514
G01 X118.447 Y316.818
G01 X116.995 Y324.222
G01 X116.007 Y331.881
G01 X115.504 Y339.765
G01 X115.506 Y347.845
G01 X115.516 Y348.171
G01 X117.236 Y347.714
G01 X117.201 Y339.710
G01 X117.667 Y331.899
G01 X118.615 Y324.310
G01 X120.025 Y316.971
G01 X120.172 Y316.333
G01 X112.903 Y312.700
G01 X105.736 Y308.463
G01 X98.711 Y303.625
G01 X91.870 Y298.191
G01 X85.257 Y292.167
G01 X78.911 Y285.563
G01 X72.874 Y278.392
G01 X68.451 Y272.478
G01 X69.834 Y271.702
G01 X75.531 Y279.261
G01 X81.566 Y286.270
G01 X87.901 Y292.714
G01 X94.495 Y298.582
G01 X101.305 Y303.861
G01 X108.293 Y308.549
G01 X115.415 Y312.639
G01 X121.906 Y315.810
G01 X120.457 Y323.036
G01 X119.463 Y330.512
G01 X118.944 Y338.213
G01 X118.920 Y346.108
G01 X118.958 Y347.256
G01 X120.673 Y346.784
G01 X120.610 Y338.950
G01 X121.038 Y331.301
G01 X121.942 Y323.870
G01 X123.302 Y316.684
G01 X123.620 Y315.302
G01 X116.482 Y311.828
G01 X109.435 Y307.761
G01 X102.526 Y303.103
G01 X95.790 Y297.857
G01 X89.272 Y292.031
G01 X83.011 Y285.635
G01 X77.048 Y278.677
G01 X71.423 Y271.175
G01 X71.247 Y270.921
G01 X72.663 Y270.156
G01 X78.196 Y277.633
G01 X84.067 Y284.573
G01 X90.239 Y290.960
G01 X96.668 Y296.781
G01 X103.317 Y302.028
G01 X110.146 Y306.693
G01 X117.110 Y310.772
G01 X124.170 Y314.264
G01 X125.327 Y314.777
G01 X123.885 Y321.823
G01 X122.888 Y329.116
G01 X122.356 Y336.631
G01 X122.309 Y344.338
G01 X122.375 Y346.288
G01 X124.078 Y345.789
G01 X123.982 Y338.127
G01 X124.370 Y330.648
G01 X125.226 Y323.378
G01 X126.528 Y316.347
G01 X127.009 Y314.257
G01 X120.005 Y310.938
G01 X113.086 Y307.035
G01 X106.293 Y302.551
G01 X99.668 Y297.491
G01 X93.252 Y291.859
G01 X87.082 Y285.665
G01 X81.200 Y278.921
G01 X75.644 Y271.639
G01 X74.083 Y269.402
G01 X75.531 Y268.647
G01 X80.901 Y276.041
G01 X86.610 Y282.909
G01 X92.618 Y289.234
G01 X98.885 Y295.007
G01 X105.372 Y300.217
G01 X112.038 Y304.857
G01 X118.845 Y308.922
G01 X125.752 Y312.411
G01 X128.713 Y313.721
G01 X127.276 Y320.587
G01 X126.275 Y327.698
G01 X125.730 Y335.027
G01 X125.660 Y342.547
G01 X125.754 Y345.292
G01 X127.444 Y344.767
G01 X127.321 Y337.274
G01 X127.675 Y329.959
G01 X128.488 Y322.849
G01 X129.740 Y315.970
G01 X130.386 Y313.179
G01 X123.518 Y310.011
G01 X116.730 Y306.272
G01 X110.060 Y301.962
G01 X103.548 Y297.084
G01 X97.236 Y291.647
G01 X91.161 Y285.654
G01 X85.363 Y279.120
G01 X79.881 Y272.058
G01 X76.983 Y267.906
G01 X78.438 Y267.178
G01 X83.649 Y274.486
G01 X89.196 Y281.276
G01 X95.042 Y287.539
G01 X101.147 Y293.260
G01 X107.473 Y298.429
G01 X113.980 Y303.040
G01 X120.630 Y307.088
G01 X127.382 Y310.570
G01 X132.058 Y312.632
G01 X130.631 Y319.317
G01 X129.630 Y326.243
G01 X129.074 Y333.385
G01 X128.983 Y340.714
G01 X129.107 Y344.243
G01 X130.763 Y343.705
G01 X130.618 Y336.381
G01 X130.941 Y329.228
G01 X131.714 Y322.275
G01 X132.918 Y315.549
G01 X133.727 Y312.080
G01 X126.995 Y309.062
G01 X120.334 Y305.483
G01 X113.786 Y301.344
G01 X107.387 Y296.647
G01 X101.178 Y291.399
G01 X95.197 Y285.607
G01 X89.483 Y279.281
G01 X84.074 Y272.435
G01 X79.897 Y266.450
G01 X81.358 Y265.736
G01 X86.415 Y272.954
G01 X91.805 Y279.667
G01 X97.493 Y285.863
G01 X103.441 Y291.530
G01 X109.610 Y296.656
G01 X115.962 Y301.236
G01 X122.458 Y305.261
G01 X129.060 Y308.732
G01 X135.389 Y311.513
G01 X133.971 Y318.017
G01 X132.969 Y324.757
G01 X132.401 Y331.710
G01 X132.286 Y338.849
G01 X132.440 Y343.150
G01 X134.082 Y342.587
G01 X133.906 Y335.438
G01 X134.190 Y328.455
G01 X134.915 Y321.666
G01 X136.062 Y315.097
G01 X137.029 Y310.952
G01 X130.432 Y308.080
G01 X123.901 Y304.659
G01 X117.474 Y300.688
G01 X111.189 Y296.168
G01 X105.084 Y291.107
G01 X99.200 Y285.511
G01 X93.571 Y279.392
G01 X88.237 Y272.757
G01 X83.233 Y265.627
G01 X82.850 Y265.036
G01 X84.344 Y264.337
G01 X89.244 Y271.460
G01 X94.476 Y278.094
G01 X100.005 Y284.220
G01 X105.793 Y289.828
G01 X111.804 Y294.909
G01 X117.999 Y299.451
G01 X124.340 Y303.453
G01 X130.788 Y306.910
G01 X137.309 Y309.823
G01 X138.684 Y310.366
G01 X137.272 Y316.688
G01 X136.264 Y323.244
G01 X135.683 Y330.011
G01 X135.543 Y336.960
G01 X135.726 Y342.020
G01 X137.353 Y341.430
G01 X137.154 Y334.453
G01 X137.405 Y327.637
G01 X138.089 Y321.010
G01 X139.189 Y314.595
G01 X140.315 Y309.786
G01 X133.857 Y307.058
G01 X127.458 Y303.791
G01 X121.156 Y299.986
G01 X114.989 Y295.642
G01 X108.994 Y290.767
G01 X103.208 Y285.365
G01 X97.668 Y279.448
G01 X92.413 Y273.027
G01 X87.478 Y266.116
G01 X85.867 Y263.639
G01 X87.368 Y262.955
G01 X92.108 Y269.983
G01 X97.180 Y276.532
G01 X102.548 Y282.587
G01 X108.175 Y288.136
G01 X114.025 Y293.168
G01 X120.060 Y297.675
G01 X126.243 Y301.652
G01 X132.536 Y305.096
G01 X138.904 Y308.006
G01 X141.944 Y309.201
G01 X140.538 Y315.341
G01 X139.530 Y321.713
G01 X138.935 Y328.291
G01 X138.774 Y335.051
G01 X138.983 Y340.837
G01 X140.605 Y340.231
G01 X140.379 Y333.428
G01 X140.595 Y326.780
G01 X141.236 Y320.315
G01 X142.285 Y314.058
G01 X143.567 Y308.603
G01 X137.245 Y306.017
G01 X130.978 Y302.903
G01 X124.800 Y299.260
G01 X118.749 Y295.090
G01 X112.862 Y290.398
G01 X107.175 Y285.189
G01 X101.725 Y279.474
G01 X96.548 Y273.262
G01 X91.680 Y266.567
G01 X88.898 Y262.287
G01 X90.430 Y261.621
G01 X95.016 Y268.550
G01 X99.930 Y275.012
G01 X105.138 Y280.993
G01 X110.603 Y286.478
G01 X116.293 Y291.459
G01 X122.170 Y295.927
G01 X128.196 Y299.875
G01 X134.334 Y303.302
G01 X140.550 Y306.204
G01 X145.165 Y308.011
G01 X143.769 Y313.970
G01 X142.759 Y320.156
G01 X142.153 Y326.546
G01 X141.968 Y333.114
G01 X142.206 Y339.636
G01 X143.812 Y339.003
G01 X143.562 Y332.374
G01 X143.745 Y325.895
G01 X144.344 Y319.592
G01 X145.341 Y313.491
G01 X146.721 Y307.615
G01 X146.781 Y307.397
G01 X140.599 Y304.950
G01 X134.464 Y301.986
G01 X128.411 Y298.502
G01 X122.478 Y294.502
G01 X116.701 Y289.990
G01 X111.115 Y284.970
G01 X105.757 Y279.453
G01 X100.661 Y273.448
G01 X95.864 Y266.969
G01 X91.966 Y260.971
G01 X93.533 Y260.310
G01 X97.963 Y267.137
G01 X102.720 Y273.510
G01 X107.769 Y279.413
G01 X113.078 Y284.833
G01 X118.608 Y289.760
G01 X124.327 Y294.185
G01 X130.197 Y298.102
G01 X136.182 Y301.508
G01 X142.247 Y304.402
G01 X148.356 Y306.784
G01 X148.372 Y306.788
G01 X146.987 Y312.563
G01 X145.976 Y318.561
G01 X145.358 Y324.760
G01 X145.151 Y331.135
G01 X145.370 Y337.659
G01 X145.418 Y338.366
G01 X147.004 Y337.700
G01 X146.728 Y331.249
G01 X146.875 Y324.943
G01 X147.429 Y318.808
G01 X148.374 Y312.866
G01 X149.692 Y307.143
G01 X149.958 Y306.168
G01 X143.918 Y303.856
G01 X137.921 Y301.037
G01 X132.000 Y297.710
G01 X126.190 Y293.877
G01 X120.528 Y289.542
G01 X115.048 Y284.709
G01 X109.788 Y279.388
G01 X104.780 Y273.589
G01 X100.059 Y267.322
G01 X95.660 Y260.606
G01 X95.101 Y259.680
G01 X96.672 Y259.051
G01 X100.951 Y265.775
G01 X105.554 Y272.055
G01 X110.447 Y277.877
G01 X115.598 Y283.228
G01 X120.971 Y288.097
G01 X126.534 Y292.476
G01 X132.248 Y296.358
G01 X138.079 Y299.740
G01 X143.995 Y302.620
G01 X149.957 Y304.998
G01 X151.543 Y305.546
G01 X150.168 Y311.136
G01 X149.156 Y316.946
G01 X148.528 Y322.953
G01 X148.298 Y329.135
G01 X148.483 Y335.462
G01 X148.596 Y337.077
G01 X150.159 Y336.416
G01 X149.860 Y330.140
G01 X149.973 Y324.005
G01 X150.483 Y318.031
G01 X151.377 Y312.248
G01 X152.637 Y306.674
G01 X153.122 Y304.910
G01 X147.225 Y302.731
G01 X141.363 Y300.056
G01 X135.572 Y296.885
G01 X129.885 Y293.217
G01 X124.338 Y289.058
G01 X118.965 Y284.409
G01 X113.800 Y279.282
G01 X108.881 Y273.686
G01 X104.237 Y267.632
G01 X99.903 Y261.133
G01 X98.273 Y258.430
G01 X99.852 Y257.810
G01 X103.977 Y264.426
G01 X108.423 Y270.613
G01 X113.161 Y276.351
G01 X118.153 Y281.631
G01 X123.368 Y286.441
G01 X128.772 Y290.772
G01 X134.329 Y294.618
G01 X140.007 Y297.975
G01 X145.769 Y300.840
G01 X151.583 Y303.215
G01 X154.673 Y304.275
G01 X153.310 Y309.681
G01 X152.302 Y315.301
G01 X151.663 Y321.116
G01 X151.411 Y327.100
G01 X151.562 Y333.231
G01 X151.740 Y335.734
G01 X153.295 Y335.055
G01 X152.970 Y328.960
G01 X153.047 Y322.998
G01 X153.514 Y317.193
G01 X154.355 Y311.570
G01 X155.550 Y306.150
G01 X156.247 Y303.627
G01 X150.490 Y301.578
G01 X144.764 Y299.044
G01 X139.102 Y296.025
G01 X133.536 Y292.519
G01 X128.105 Y288.531
G01 X122.838 Y284.066
G01 X117.772 Y279.130
G01 X112.939 Y273.733
G01 X108.373 Y267.887
G01 X104.106 Y261.603
G01 X101.458 Y257.209
G01 X103.094 Y256.615
G01 X107.067 Y263.121
G01 X111.360 Y269.209
G01 X115.940 Y274.861
G01 X120.775 Y280.066
G01 X125.832 Y284.812
G01 X131.077 Y289.092
G01 X136.478 Y292.897
G01 X142.000 Y296.225
G01 X147.610 Y299.072
G01 X153.274 Y301.439
G01 X157.793 Y302.979
G01 X156.442 Y308.200
G01 X155.433 Y313.630
G01 X154.783 Y319.250
G01 X154.509 Y325.038
G01 X154.625 Y330.970
G01 X154.867 Y334.356
G01 X156.411 Y333.657
G01 X156.058 Y327.744
G01 X156.099 Y321.959
G01 X156.518 Y316.325
G01 X157.302 Y310.865
G01 X158.435 Y305.600
G01 X159.338 Y302.329
G01 X153.726 Y300.406
G01 X148.139 Y298.010
G01 X142.610 Y295.139
G01 X137.172 Y291.793
G01 X131.858 Y287.974
G01 X126.704 Y283.688
G01 X121.740 Y278.941
G01 X117.000 Y273.743
G01 X112.516 Y268.103
G01 X108.321 Y262.034
G01 X104.708 Y256.024
G01 X106.351 Y255.442
G01 X110.173 Y261.837
G01 X114.312 Y267.825
G01 X118.737 Y273.389
G01 X123.415 Y278.518
G01 X128.314 Y283.200
G01 X133.401 Y287.426
G01 X138.646 Y291.191
G01 X144.013 Y294.488
G01 X149.471 Y297.316
G01 X154.986 Y299.674
G01 X160.525 Y301.564
G01 X160.879 Y301.669
G01 X159.540 Y306.702
G01 X158.533 Y311.942
G01 X157.873 Y317.368
G01 X157.578 Y322.958
G01 X157.661 Y328.690
G01 X157.965 Y332.930
G01 X159.492 Y332.205
G01 X159.117 Y326.475
G01 X159.125 Y320.865
G01 X159.502 Y315.401
G01 X160.235 Y310.104
G01 X161.307 Y304.996
G01 X162.415 Y301.000
G01 X156.947 Y299.203
G01 X151.498 Y296.943
G01 X146.102 Y294.219
G01 X140.790 Y291.029
G01 X135.595 Y287.378
G01 X130.550 Y283.269
G01 X125.690 Y278.708
G01 X121.043 Y273.705
G01 X116.643 Y268.270
G01 X112.519 Y262.416
G01 X108.707 Y256.156
G01 X107.997 Y254.880
G01 X109.670 Y254.326
G01 X113.346 Y260.606
G01 X117.334 Y266.488
G01 X121.605 Y271.960
G01 X126.127 Y277.008
G01 X130.872 Y281.621
G01 X135.804 Y285.789
G01 X140.894 Y289.507
G01 X146.107 Y292.769
G01 X151.413 Y295.572
G01 X156.780 Y297.916
G01 X162.173 Y299.802
G01 X163.947 Y300.323
G01 X162.620 Y305.168
G01 X161.612 Y310.216
G01 X160.941 Y315.446
G01 X160.622 Y320.839
G01 X160.668 Y326.370
G01 X161.036 Y331.458
G01 X162.550 Y330.714
G01 X162.151 Y325.169
G01 X162.124 Y319.740
G01 X162.454 Y314.448
G01 X163.132 Y309.317
G01 X164.141 Y304.368
G01 X165.454 Y299.648
G01 X160.129 Y297.972
G01 X154.820 Y295.844
G01 X149.558 Y293.262
G01 X144.374 Y290.227
G01 X139.300 Y286.740
G01 X134.369 Y282.804
G01 X129.612 Y278.428
G01 X125.060 Y273.618
G01 X120.747 Y268.383
G01 X116.701 Y262.738
G01 X112.952 Y256.695
G01 X111.325 Y253.765
G01 X113.006 Y253.228
G01 X116.534 Y259.390
G01 X120.373 Y265.168
G01 X124.490 Y270.546
G01 X128.860 Y275.512
G01 X133.447 Y280.055
G01 X138.225 Y284.165
G01 X143.160 Y287.837
G01 X148.221 Y291.061
G01 X153.376 Y293.839
G01 X158.594 Y296.168
G01 X163.841 Y298.049
G01 X166.982 Y298.962
G01 X165.668 Y303.618
G01 X164.661 Y308.472
G01 X163.982 Y313.505
G01 X163.641 Y318.697
G01 X163.654 Y324.025
G01 X164.031 Y329.469
G01 X164.083 Y329.947
G01 X165.586 Y329.183
G01 X165.163 Y323.823
G01 X165.103 Y318.573
G01 X165.392 Y313.455
G01 X166.017 Y308.490
G01 X166.964 Y303.698
G01 X168.216 Y299.099
G01 X168.481 Y298.272
G01 X163.302 Y296.714
G01 X158.132 Y294.717
G01 X153.006 Y292.277
G01 X147.951 Y289.393
G01 X143.000 Y286.068
G01 X138.184 Y282.305
G01 X133.534 Y278.111
G01 X129.081 Y273.491
G01 X124.855 Y268.457
G01 X120.887 Y263.020
G01 X117.206 Y257.193
G01 X114.715 Y252.702
G01 X116.428 Y252.186
G01 X119.809 Y258.226
G01 X123.495 Y263.894
G01 X127.459 Y269.173
G01 X131.672 Y274.053
G01 X136.103 Y278.522
G01 X140.723 Y282.568
G01 X145.500 Y286.188
G01 X150.405 Y289.373
G01 X155.406 Y292.123
G01 X160.471 Y294.433
G01 X165.572 Y296.308
G01 X169.976 Y297.575
G01 X168.678 Y302.040
G01 X167.677 Y306.700
G01 X166.988 Y311.534
G01 X166.627 Y316.522
G01 X166.606 Y321.644
G01 X166.938 Y326.880
G01 X167.098 Y328.388
G01 X168.607 Y327.587
G01 X168.161 Y322.418
G01 X168.066 Y317.353
G01 X168.310 Y312.412
G01 X168.879 Y307.618
G01 X169.761 Y302.988
G01 X170.940 Y298.543
G01 X171.471 Y296.877
G01 X166.439 Y295.438
G01 X161.411 Y293.566
G01 X156.421 Y291.264
G01 X151.495 Y288.529
G01 X146.668 Y285.362
G01 X141.970 Y281.769
G01 X137.429 Y277.752
G01 X133.076 Y273.322
G01 X128.941 Y268.484
G01 X125.053 Y263.253
G01 X121.442 Y257.640
G01 X118.144 Y251.680
G01 X119.865 Y251.173
G01 X123.102 Y257.089
G01 X126.641 Y262.645
G01 X130.454 Y267.825
G01 X134.513 Y272.618
G01 X138.790 Y277.008
G01 X143.254 Y280.991
G01 X147.877 Y284.556
G01 X152.627 Y287.700
G01 X157.477 Y290.418
G01 X162.394 Y292.708
G01 X167.349 Y294.572
G01 X172.310 Y296.011
G01 X172.962 Y296.169
G01 X171.678 Y300.443
G01 X170.679 Y304.906
G01 X169.981 Y309.540
G01 X169.596 Y314.326
G01 X169.541 Y319.244
G01 X169.825 Y324.272
G01 X170.093 Y326.793
G01 X171.582 Y325.964
G01 X171.117 Y320.984
G01 X170.990 Y316.102
G01 X171.192 Y311.337
G01 X171.712 Y306.712
G01 X172.533 Y302.243
G01 X173.642 Y297.951
G01 X174.447 Y295.448
G01 X169.558 Y294.121
G01 X164.672 Y292.375
G01 X159.817 Y290.208
G01 X155.023 Y287.619
G01 X150.320 Y284.609
G01 X145.738 Y281.181
G01 X141.305 Y277.340
G01 X137.054 Y273.094
G01 X133.011 Y268.452
G01 X129.204 Y263.423
G01 X125.666 Y258.020
G01 X122.420 Y252.259
G01 X121.615 Y250.681
G01 X123.367 Y250.213
G01 X126.459 Y256.002
G01 X129.850 Y261.442
G01 X133.512 Y266.519
G01 X137.418 Y271.219
G01 X141.541 Y275.529
G01 X145.850 Y279.443
G01 X150.317 Y282.952
G01 X154.915 Y286.049
G01 X159.611 Y288.732
G01 X164.377 Y290.999
G01 X169.185 Y292.849
G01 X174.002 Y294.285
G01 X175.909 Y294.740
G01 X174.643 Y298.821
G01 X173.651 Y303.085
G01 X172.946 Y307.517
G01 X172.543 Y312.095
G01 X172.454 Y316.803
G01 X172.691 Y321.619
G01 X173.066 Y325.127
G01 X174.546 Y324.281
G01 X174.060 Y319.495
G01 X173.901 Y314.800
G01 X174.060 Y310.216
G01 X174.526 Y305.763
G01 X175.284 Y301.459
G01 X176.321 Y297.323
G01 X177.389 Y294.011
G01 X172.649 Y292.794
G01 X167.905 Y291.168
G01 X163.189 Y289.133
G01 X158.528 Y286.686
G01 X153.952 Y283.829
G01 X149.490 Y280.565
G01 X145.171 Y276.898
G01 X141.024 Y272.835
G01 X137.077 Y268.385
G01 X133.358 Y263.556
G01 X129.894 Y258.363
G01 X126.714 Y252.819
G01 X125.150 Y249.739
G01 X126.909 Y249.286
G01 X129.860 Y254.946
G01 X133.105 Y260.269
G01 X136.619 Y265.240
G01 X140.375 Y269.844
G01 X144.344 Y274.072
G01 X148.501 Y277.915
G01 X152.815 Y281.363
G01 X157.260 Y284.412
G01 X161.805 Y287.058
G01 X166.422 Y289.297
G01 X171.083 Y291.130
G01 X175.757 Y292.559
G01 X178.843 Y293.284
G01 X177.594 Y297.169
G01 X176.606 Y301.234
G01 X175.893 Y305.460
G01 X175.469 Y309.832
G01 X175.345 Y314.329
G01 X175.533 Y318.933
G01 X176.014 Y323.421
G01 X177.478 Y322.553
G01 X176.971 Y317.964
G01 X176.781 Y313.459
G01 X176.896 Y309.058
G01 X177.305 Y304.780
G01 X177.998 Y300.644
G01 X178.959 Y296.667
G01 X180.178 Y292.864
G01 X180.293 Y292.548
G01 X175.697 Y291.436
G01 X171.096 Y289.928
G01 X166.519 Y288.020
G01 X161.990 Y285.712
G01 X157.542 Y283.003
G01 X153.201 Y279.897
G01 X148.995 Y276.399
G01 X144.954 Y272.514
G01 X141.103 Y268.252
G01 X137.473 Y263.620
G01 X134.089 Y258.632
G01 X130.976 Y253.299
G01 X128.723 Y248.846
G01 X130.516 Y248.406
G01 X133.325 Y253.933
G01 X136.425 Y259.135
G01 X139.788 Y263.995
G01 X143.393 Y268.502
G01 X147.209 Y272.644
G01 X151.212 Y276.412
G01 X155.372 Y279.797
G01 X159.661 Y282.796
G01 X164.054 Y285.400
G01 X168.521 Y287.611
G01 X173.033 Y289.424
G01 X177.564 Y290.845
G01 X181.742 Y291.810
G01 X180.514 Y295.498
G01 X179.535 Y299.359
G01 X178.817 Y303.377
G01 X178.375 Y307.536
G01 X178.219 Y311.820
G01 X178.361 Y316.207
G01 X178.810 Y320.679
G01 X178.949 Y321.653
G01 X180.413 Y320.744
G01 X179.886 Y316.356
G01 X179.663 Y312.046
G01 X179.733 Y307.834
G01 X180.087 Y303.737
G01 X180.714 Y299.773
G01 X181.600 Y295.958
G01 X182.733 Y292.308
G01 X183.188 Y291.065
G01 X178.739 Y290.058
G01 X174.281 Y288.663
G01 X169.843 Y286.880
G01 X165.450 Y284.707
G01 X161.131 Y282.145
G01 X156.911 Y279.196
G01 X152.822 Y275.864
G01 X148.889 Y272.156
G01 X145.139 Y268.079
G01 X141.601 Y263.642
G01 X138.298 Y258.858
G01 X135.257 Y253.737
G01 X132.502 Y248.296
G01 X132.362 Y247.992
G01 X134.187 Y247.580
G01 X136.855 Y252.970
G01 X139.810 Y258.046
G01 X143.025 Y262.793
G01 X146.478 Y267.200
G01 X150.141 Y271.252
G01 X153.988 Y274.941
G01 X157.993 Y278.261
G01 X162.127 Y281.203
G01 X166.367 Y283.765
G01 X170.682 Y285.943
G01 X175.045 Y287.736
G01 X179.430 Y289.145
G01 X183.809 Y290.173
G01 X184.606 Y290.320
G01 X183.401 Y293.809
G01 X182.430 Y297.466
G01 X181.709 Y301.275
G01 X181.249 Y305.221
G01 X181.060 Y309.287
G01 X181.156 Y313.455
G01 X181.545 Y317.708
G01 X181.846 Y319.838
G01 X183.310 Y318.887
G01 X182.764 Y314.703
G01 X182.510 Y310.591
G01 X182.536 Y306.570
G01 X182.836 Y302.655
G01 X183.396 Y298.865
G01 X184.204 Y295.215
G01 X185.252 Y291.721
G01 X186.045 Y289.560
G01 X181.742 Y288.651
G01 X177.427 Y287.368
G01 X173.126 Y285.705
G01 X168.867 Y283.663
G01 X164.675 Y281.243
G01 X160.581 Y278.446
G01 X156.608 Y275.276
G01 X152.784 Y271.740
G01 X149.136 Y267.842
G01 X145.689 Y263.596
G01 X142.469 Y259.008
G01 X139.502 Y254.094
G01 X136.810 Y248.867
G01 X136.040 Y247.191
G01 X137.923 Y246.808
G01 X140.453 Y252.057
G01 X143.264 Y257.005
G01 X146.333 Y261.635
G01 X149.635 Y265.935
G01 X153.146 Y269.894
G01 X156.841 Y273.502
G01 X160.692 Y276.752
G01 X164.673 Y279.635
G01 X168.760 Y282.149
G01 X172.923 Y284.291
G01 X177.138 Y286.058
G01 X181.377 Y287.452
G01 X185.614 Y288.475
G01 X187.459 Y288.808
G01 X186.279 Y292.094
G01 X185.321 Y295.542
G01 X184.598 Y299.138
G01 X184.122 Y302.866
G01 X183.903 Y306.712
G01 X183.953 Y310.656
G01 X184.280 Y314.684
G01 X184.744 Y317.939
G01 X186.170 Y316.981
G01 X185.611 Y313.001
G01 X185.329 Y309.087
G01 X185.316 Y305.255
G01 X185.564 Y301.523
G01 X186.062 Y297.909
G01 X186.798 Y294.423
G01 X187.764 Y291.085
G01 X188.892 Y288.032
G01 X184.735 Y287.219
G01 X180.564 Y286.040
G01 X176.404 Y284.495
G01 X172.281 Y282.582
G01 X168.221 Y280.299
G01 X164.252 Y277.650
G01 X160.399 Y274.639
G01 X156.688 Y271.272
G01 X153.144 Y267.553
G01 X149.793 Y263.493
G01 X146.663 Y259.103
G01 X143.774 Y254.393
G01 X141.151 Y249.378
G01 X139.808 Y246.445
G01 X141.724 Y246.091
G01 X144.119 Y251.197
G01 X146.791 Y256.012
G01 X149.716 Y260.522
G01 X152.873 Y264.714
G01 X156.235 Y268.575
G01 X159.779 Y272.097
G01 X163.478 Y275.272
G01 X167.310 Y278.092
G01 X171.245 Y280.553
G01 X175.260 Y282.653
G01 X179.328 Y284.390
G01 X183.422 Y285.764
G01 X187.519 Y286.776
G01 X190.298 Y287.261
G01 X189.141 Y290.344
G01 X188.192 Y293.583
G01 X187.464 Y296.965
G01 X186.969 Y300.475
G01 X186.716 Y304.099
G01 X186.718 Y307.820
G01 X186.981 Y311.623
G01 X187.513 Y315.490
G01 X187.601 Y315.990
G01 X189.041 Y314.971
G01 X188.465 Y311.205
G01 X188.153 Y307.498
G01 X188.096 Y303.866
G01 X188.288 Y300.326
G01 X188.719 Y296.893
G01 X189.377 Y293.582
G01 X190.254 Y290.407
G01 X191.334 Y287.380
G01 X191.704 Y286.486
G01 X187.694 Y285.763
G01 X183.666 Y284.686
G01 X179.647 Y283.253
G01 X175.661 Y281.462
G01 X171.733 Y279.312
G01 X167.892 Y276.808
G01 X164.160 Y273.950
G01 X160.564 Y270.745
G01 X157.129 Y267.200
G01 X153.879 Y263.322
G01 X150.838 Y259.123
G01 X148.031 Y254.614
G01 X145.481 Y249.808
G01 X143.641 Y245.760
G01 X145.588 Y245.440
G01 X147.851 Y250.400
G01 X150.385 Y255.079
G01 X153.170 Y259.464
G01 X156.180 Y263.543
G01 X159.397 Y267.303
G01 X162.791 Y270.736
G01 X166.341 Y273.832
G01 X170.022 Y276.585
G01 X173.808 Y278.990
G01 X177.673 Y281.046
G01 X181.595 Y282.748
G01 X185.546 Y284.097
G01 X189.501 Y285.095
G01 X193.108 Y285.704
G01 X191.978 Y288.580
G01 X191.043 Y291.606
G01 X190.315 Y294.769
G01 X189.805 Y298.055
G01 X189.522 Y301.452
G01 X189.477 Y304.945
G01 X189.678 Y308.515
G01 X190.132 Y312.151
G01 X190.450 Y313.954
G01 X191.880 Y312.886
G01 X191.290 Y309.338
G01 X190.950 Y305.842
G01 X190.852 Y302.414
G01 X190.989 Y299.070
G01 X191.353 Y295.825
G01 X191.933 Y292.690
G01 X192.720 Y289.680
G01 X193.703 Y286.809
G01 X194.483 Y284.923
G01 X190.618 Y284.285
G01 X186.733 Y283.304
G01 X182.855 Y281.976
G01 X179.006 Y280.301
G01 X175.213 Y278.279
G01 X171.499 Y275.912
G01 X167.891 Y273.202
G01 X164.411 Y270.156
G01 X161.087 Y266.777
G01 X157.941 Y263.077
G01 X154.995 Y259.065
G01 X152.276 Y254.750
G01 X149.803 Y250.147
G01 X147.599 Y245.270
G01 X147.541 Y245.129
G01 X149.521 Y244.843
G01 X151.653 Y249.652
G01 X154.052 Y254.193
G01 X156.697 Y258.452
G01 X159.566 Y262.414
G01 X162.635 Y266.070
G01 X165.882 Y269.409
G01 X169.284 Y272.423
G01 X172.816 Y275.106
G01 X176.453 Y277.452
G01 X180.172 Y279.459
G01 X183.947 Y281.123
G01 X187.755 Y282.445
G01 X191.570 Y283.425
G01 X195.369 Y284.067
G01 X195.882 Y284.130
G01 X194.786 Y286.794
G01 X193.870 Y289.603
G01 X193.144 Y292.542
G01 X192.623 Y295.600
G01 X192.312 Y298.765
G01 X192.224 Y302.022
G01 X192.365 Y305.356
G01 X192.742 Y308.753
G01 X193.283 Y311.826
G01 X194.689 Y310.731
G01 X194.090 Y307.402
G01 X193.725 Y304.120
G01 X193.589 Y300.898
G01 X193.675 Y297.752
G01 X193.975 Y294.695
G01 X194.478 Y291.740
G01 X195.179 Y288.901
G01 X196.065 Y286.188
G01 X197.125 Y283.612
G01 X197.255 Y283.332
G01 X193.531 Y282.774
G01 X189.786 Y281.883
G01 X186.048 Y280.657
G01 X182.334 Y279.094
G01 X178.675 Y277.193
G01 X175.090 Y274.957
G01 X171.606 Y272.389
G01 X168.245 Y269.493
G01 X165.034 Y266.277
G01 X161.993 Y262.748
G01 X159.146 Y258.916
G01 X156.516 Y254.791
G01 X154.124 Y250.386
G01 X151.992 Y245.715
G01 X151.529 Y244.576
G01 X153.542 Y244.322
G01 X155.548 Y248.977
G01 X157.815 Y253.375
G01 X160.322 Y257.502
G01 X163.052 Y261.344
G01 X165.978 Y264.890
G01 X169.081 Y268.132
G01 X172.336 Y271.060
G01 X175.720 Y273.668
G01 X179.211 Y275.950
G01 X182.783 Y277.901
G01 X186.413 Y279.522
G01 X190.079 Y280.811
G01 X193.755 Y281.768
G01 X197.418 Y282.397
G01 X198.626 Y282.534
G01 X197.566 Y284.986
G01 X196.672 Y287.572
G01 X195.954 Y290.284
G01 X195.423 Y293.109
G01 X195.088 Y296.035
G01 X194.957 Y299.051
G01 X195.038 Y302.143
G01 X195.339 Y305.296
G01 X195.864 Y308.498
G01 X196.096 Y309.603
G01 X197.506 Y308.440
G01 X196.899 Y305.342
G01 X196.510 Y302.284
G01 X196.336 Y299.278
G01 X196.368 Y296.340
G01 X196.601 Y293.482
G01 X197.026 Y290.716
G01 X197.636 Y288.054
G01 X198.418 Y285.507
G01 X199.367 Y283.087
G01 X199.995 Y281.728
G01 X196.413 Y281.243
G01 X192.809 Y280.435
G01 X189.208 Y279.302
G01 X185.632 Y277.844
G01 X182.105 Y276.056
G01 X178.651 Y273.945
G01 X175.293 Y271.512
G01 X172.054 Y268.760
G01 X168.957 Y265.698
G01 X166.026 Y262.334
G01 X163.281 Y258.674
G01 X160.747 Y254.732
G01 X158.442 Y250.518
G01 X156.389 Y246.046
G01 X155.607 Y244.099
G01 X157.678 Y243.886
G01 X159.560 Y248.383
G01 X161.699 Y252.632
G01 X164.075 Y256.623
G01 X166.667 Y260.339
G01 X169.453 Y263.770
G01 X172.413 Y266.909
G01 X175.525 Y269.743
G01 X178.764 Y272.269
G01 X182.110 Y274.481
G01 X185.538 Y276.373
G01 X189.026 Y277.945
G01 X192.550 Y279.195
G01 X196.088 Y280.123
G01 X199.615 Y280.731
G01 X201.364 Y280.915
G01 X200.344 Y283.149
G01 X199.474 Y285.510
G01 X198.764 Y287.990
G01 X198.226 Y290.578
G01 X197.865 Y293.263
G01 X197.692 Y296.034
G01 X197.715 Y298.877
G01 X197.938 Y301.782
G01 X198.368 Y304.736
G01 X198.897 Y307.260
G01 X200.288 Y306.044
G01 X199.677 Y303.181
G01 X199.269 Y300.352
G01 X199.059 Y297.568
G01 X199.042 Y294.844
G01 X199.209 Y292.189
G01 X199.558 Y289.616
G01 X200.077 Y287.137
G01 X200.760 Y284.762
G01 X201.596 Y282.500
G01 X202.576 Y280.361
G01 X202.708 Y280.103
G01 X199.261 Y279.683
G01 X195.793 Y278.950
G01 X192.328 Y277.902
G01 X188.886 Y276.536
G01 X185.492 Y274.854
G01 X182.167 Y272.856
G01 X178.935 Y270.548
G01 X175.819 Y267.930
G01 X172.841 Y265.012
G01 X170.022 Y261.801
G01 X167.385 Y258.305
G01 X164.951 Y254.535
G01 X162.739 Y250.503
G01 X160.771 Y246.221
G01 X159.775 Y243.703
G01 X161.901 Y243.543
G01 X163.668 Y247.878
G01 X165.687 Y251.976
G01 X167.937 Y255.825
G01 X170.399 Y259.411
G01 X173.054 Y262.724
G01 X175.879 Y265.753
G01 X178.853 Y268.490
G01 X181.954 Y270.928
G01 X185.161 Y273.062
G01 X188.453 Y274.887
G01 X191.803 Y276.401
G01 X195.192 Y277.603
G01 X198.596 Y278.493
G01 X201.993 Y279.072
G01 X204.075 Y279.276
G01 X203.099 Y281.288
G01 X202.257 Y283.419
G01 X201.562 Y285.662
G01 X201.019 Y288.007
G01 X200.637 Y290.443
G01 X200.425 Y292.962
G01 X200.389 Y295.551
G01 X200.536 Y298.200
G01 X200.870 Y300.897
G01 X201.398 Y303.628
G01 X201.680 Y304.796
G01 X203.067 Y303.506
G01 X202.457 Y300.886
G01 X202.033 Y298.293
G01 X201.791 Y295.739
G01 X201.727 Y293.236
G01 X201.833 Y290.792
G01 X202.105 Y288.422
G01 X202.535 Y286.135
G01 X203.115 Y283.938
G01 X203.839 Y281.842
G01 X204.697 Y279.856
G01 X205.418 Y278.450
G01 X202.101 Y278.087
G01 X198.763 Y277.419
G01 X195.428 Y276.445
G01 X192.115 Y275.163
G01 X188.851 Y273.575
G01 X185.654 Y271.680
G01 X182.548 Y269.483
G01 X179.554 Y266.988
G01 X176.695 Y264.202
G01 X173.992 Y261.132
G01 X171.465 Y257.786
G01 X169.135 Y254.175
G01 X167.023 Y250.312
G01 X165.146 Y246.208
G01 X164.055 Y243.404
G01 X166.262 Y243.305
G01 X167.921 Y247.474
G01 X169.826 Y251.417
G01 X171.957 Y255.120
G01 X174.297 Y258.570
G01 X176.825 Y261.757
G01 X179.521 Y264.671
G01 X182.365 Y267.305
G01 X185.334 Y269.647
G01 X188.409 Y271.697
G01 X191.566 Y273.447
G01 X194.784 Y274.894
G01 X198.042 Y276.040
G01 X201.316 Y276.882
G01 X204.586 Y277.423
G01 X206.763 Y277.618
G01 X205.839 Y279.402
G01 X205.034 Y281.298
G01 X204.356 Y283.297
G01 X203.815 Y285.392
G01 X203.417 Y287.572
G01 X203.170 Y289.830
G01 X203.079 Y292.155
G01 X203.151 Y294.539
G01 X203.393 Y296.969
G01 X203.807 Y299.436
G01 X204.398 Y301.927
G01 X204.462 Y302.159
G01 X205.846 Y300.769
G01 X205.243 Y298.406
G01 X204.807 Y296.063
G01 X204.536 Y293.751
G01 X204.425 Y291.482
G01 X204.469 Y289.264
G01 X204.663 Y287.107
G01 X205.002 Y285.022
G01 X205.477 Y283.015
G01 X206.083 Y281.096
G01 X206.810 Y279.273
G01 X207.655 Y277.553
G01 X208.086 Y276.786
G01 X204.892 Y276.464
G01 X201.680 Y275.847
G01 X198.471 Y274.931
G01 X195.288 Y273.716
G01 X192.154 Y272.204
G01 X189.086 Y270.395
G01 X186.108 Y268.293
G01 X183.243 Y265.904
G01 X180.509 Y263.233
G01 X177.929 Y260.287
G01 X175.522 Y257.077
G01 X173.308 Y253.611
G01 X171.307 Y249.902
G01 X169.536 Y245.963
G01 X168.497 Y243.228
G01 X170.759 Y243.185
G01 X172.321 Y247.185
G01 X174.122 Y250.969
G01 X176.146 Y254.523
G01 X178.374 Y257.834
G01 X180.786 Y260.890
G01 X183.364 Y263.683
G01 X186.087 Y266.202
G01 X188.934 Y268.443
G01 X191.885 Y270.399
G01 X194.918 Y272.065
G01 X198.014 Y273.438
G01 X201.149 Y274.515
G01 X204.302 Y275.298
G01 X207.452 Y275.788
G01 X209.410 Y275.946
G01 X208.547 Y277.500
G01 X207.785 Y279.155
G01 X207.134 Y280.905
G01 X206.601 Y282.743
G01 X206.192 Y284.660
G01 X205.915 Y286.650
G01 X205.775 Y288.705
G01 X205.778 Y290.814
G01 X205.928 Y292.969
G01 X206.230 Y295.161
G01 X206.688 Y297.380
G01 X207.221 Y299.338
G01 X208.612 Y297.825
G01 X208.023 Y295.726
G01 X207.583 Y293.643
G01 X207.288 Y291.584
G01 X207.138 Y289.559
G01 X207.125 Y287.576
G01 X207.245 Y285.644
G01 X207.495 Y283.772
G01 X207.867 Y281.965
G01 X208.357 Y280.234
G01 X208.957 Y278.584
G01 X209.660 Y277.022
G01 X210.459 Y275.555
G01 X210.740 Y275.099
G01 X207.654 Y274.801
G01 X204.554 Y274.214
G01 X201.462 Y273.337
G01 X198.398 Y272.168
G01 X195.384 Y270.709
G01 X192.440 Y268.962
G01 X189.587 Y266.931
G01 X186.846 Y264.621
G01 X184.240 Y262.039
G01 X181.786 Y259.193
G01 X179.504 Y256.091
G01 X177.413 Y252.744
G01 X175.534 Y249.163
G01 X173.882 Y245.362
G01 X173.074 Y243.176
G01 X175.438 Y243.216
G01 X176.920 Y247.048
G01 X178.637 Y250.671
G01 X180.572 Y254.072
G01 X182.707 Y257.238
G01 X185.024 Y260.156
G01 X187.502 Y262.820
G01 X190.124 Y265.217
G01 X192.868 Y267.344
G01 X195.714 Y269.193
G01 X198.643 Y270.760
G01 X201.632 Y272.041
G01 X204.661 Y273.034
G01 X207.708 Y273.740
G01 X210.754 Y274.157
G01 X212.050 Y274.248
G01 X211.257 Y275.566
G01 X210.550 Y276.974
G01 X209.937 Y278.466
G01 X209.421 Y280.038
G01 X209.010 Y281.683
G01 X208.709 Y283.394
G01 X208.526 Y285.165
G01 X208.464 Y286.987
G01 X208.528 Y288.854
G01 X208.721 Y290.757
G01 X209.048 Y292.688
G01 X209.513 Y294.637
G01 X209.995 Y296.240
G01 X211.382 Y294.563
G01 X210.821 Y292.748
G01 X210.388 Y290.940
G01 X210.079 Y289.150
G01 X209.896 Y287.386
G01 X209.831 Y285.654
G01 X209.882 Y283.963
G01 X210.046 Y282.320
G01 X210.317 Y280.731
G01 X210.690 Y279.202
G01 X211.160 Y277.740
G01 X211.721 Y276.351
G01 X212.367 Y275.040
G01 X213.093 Y273.811
G01 X213.370 Y273.394
G01 X210.370 Y273.091
G01 X207.365 Y272.505
G01 X204.372 Y271.635
G01 X201.413 Y270.478
G01 X198.511 Y269.037
G01 X195.684 Y267.317
G01 X192.953 Y265.320
G01 X190.339 Y263.053
G01 X187.862 Y260.522
G01 X185.541 Y257.736
G01 X183.394 Y254.703
G01 X181.442 Y251.436
G01 X179.703 Y247.946
G01 X178.190 Y244.246
G01 X177.853 Y243.298
G01 X180.340 Y243.436
G01 X181.773 Y247.104
G01 X183.435 Y250.567
G01 X185.312 Y253.814
G01 X187.386 Y256.832
G01 X189.637 Y259.606
G01 X192.048 Y262.132
G01 X194.600 Y264.397
G01 X197.273 Y266.394
G01 X200.046 Y268.120
G01 X202.899 Y269.567
G01 X205.812 Y270.734
G01 X208.764 Y271.617
G01 X211.733 Y272.217
G01 X214.675 Y272.532
G01 X213.971 Y273.609
G01 X213.332 Y274.765
G01 X212.768 Y275.993
G01 X212.281 Y277.292
G01 X211.882 Y278.654
G01 X211.570 Y280.076
G01 X211.353 Y281.551
G01 X211.236 Y283.075
G01 X211.221 Y284.638
G01 X211.312 Y286.237
G01 X211.514 Y287.864
G01 X211.829 Y289.512
G01 X212.260 Y291.173
G01 X212.781 Y292.769
G01 X214.177 Y290.846
G01 X213.660 Y289.332
G01 X213.249 Y287.821
G01 X212.942 Y286.321
G01 X212.736 Y284.839
G01 X212.630 Y283.381
G01 X212.620 Y281.953
G01 X212.704 Y280.560
G01 X212.877 Y279.209
G01 X213.137 Y277.904
G01 X213.478 Y276.652
G01 X213.896 Y275.455
G01 X214.386 Y274.320
G01 X214.944 Y273.250
G01 X215.562 Y272.250
G01 X215.974 Y271.668
G01 X213.025 Y271.317
G01 X210.079 Y270.683
G01 X207.160 Y269.764
G01 X204.286 Y268.564
G01 X201.477 Y267.085
G01 X198.756 Y265.332
G01 X196.141 Y263.306
G01 X193.653 Y261.019
G01 X191.312 Y258.474
G01 X189.135 Y255.683
G01 X187.143 Y252.657
G01 X185.352 Y249.406
G01 X183.780 Y245.944
G01 X182.900 Y243.634
G01 X185.528 Y243.904
G01 X186.964 Y247.424
G01 X188.627 Y250.741
G01 X190.505 Y253.840
G01 X192.577 Y256.710
G01 X194.824 Y259.339
G01 X197.230 Y261.716
G01 X199.774 Y263.834
G01 X202.435 Y265.685
G01 X205.197 Y267.262
G01 X208.036 Y268.560
G01 X210.933 Y269.577
G01 X213.865 Y270.309
G01 X216.815 Y270.756
G01 X217.269 Y270.800
G01 X216.671 Y271.637
G01 X216.123 Y272.538
G01 X215.629 Y273.500
G01 X215.195 Y274.519
G01 X214.824 Y275.590
G01 X214.521 Y276.712
G01 X214.290 Y277.880
G01 X214.134 Y279.090
G01 X214.058 Y280.335
G01 X214.062 Y281.613
G01 X214.153 Y282.917
G01 X214.331 Y284.243
G01 X214.599 Y285.583
G01 X214.959 Y286.934
G01 X215.411 Y288.290
G01 X215.583 Y288.739
G01 X217.011 Y286.361
G01 X216.571 Y285.175
G01 X216.211 Y283.989
G01 X215.930 Y282.810
G01 X215.728 Y281.640
G01 X215.603 Y280.486
G01 X215.550 Y279.352
G01 X215.572 Y278.243
G01 X215.661 Y277.161
G01 X215.817 Y276.112
G01 X216.038 Y275.100
G01 X216.319 Y274.127
G01 X216.656 Y273.199
G01 X217.048 Y272.317
G01 X217.488 Y271.486
G01 X217.974 Y270.707
G01 X218.502 Y269.981
G01 X218.545 Y269.928
G01 X215.572 Y269.442
G01 X212.623 Y268.666
G01 X209.719 Y267.604
G01 X206.881 Y266.257
G01 X204.130 Y264.630
G01 X201.487 Y262.728
G01 X198.971 Y260.558
G01 X196.603 Y258.130
G01 X194.403 Y255.450
G01 X192.388 Y252.532
G01 X190.576 Y249.387
G01 X188.986 Y246.029
G01 X188.273 Y244.259
G01 X191.150 Y244.729
G01 X192.704 Y248.153
G01 X194.492 Y251.362
G01 X196.495 Y254.344
G01 X198.694 Y257.085
G01 X201.071 Y259.573
G01 X203.607 Y261.798
G01 X206.281 Y263.750
G01 X209.072 Y265.423
G01 X211.959 Y266.808
G01 X214.923 Y267.901
G01 X217.938 Y268.699
G01 X219.838 Y269.046
G01 X219.386 Y269.654
G01 X218.968 Y270.308
G01 X218.584 Y271.003
G01 X218.243 Y271.741
G01 X217.942 Y272.519
G01 X217.688 Y273.332
G01 X217.482 Y274.178
G01 X217.327 Y275.056
G01 X217.226 Y275.962
G01 X217.180 Y276.894
G01 X217.194 Y277.846
G01 X217.267 Y278.817
G01 X217.403 Y279.801
G01 X217.602 Y280.797
G01 X217.865 Y281.798
G01 X218.195 Y282.803
G01 X218.483 Y283.549
G01 X219.399 Y281.192
G01 X220.019 Y279.887
G01 X219.725 Y279.097
G01 X219.480 Y278.306
G01 X219.284 Y277.517
G01 X219.136 Y276.731
G01 X219.035 Y275.953
G01 X218.981 Y275.185
G01 X218.971 Y274.430
G01 X219.005 Y273.690
G01 X219.079 Y272.967
G01 X219.196 Y272.264
G01 X219.351 Y271.584
G01 X219.542 Y270.928
G01 X219.768 Y270.296
G01 X220.026 Y269.693
G01 X220.315 Y269.120
G01 X220.631 Y268.577
G01 X220.733 Y268.418
G01 X217.731 Y267.680
G01 X214.783 Y266.649
G01 X211.911 Y265.325
G01 X209.135 Y263.717
G01 X206.478 Y261.830
G01 X203.959 Y259.673
G01 X201.598 Y257.253
G01 X199.416 Y254.583
G01 X197.430 Y251.675
G01 X195.660 Y248.541
G01 X194.179 Y245.333
G01 X197.441 Y246.131
G01 X200.334 Y250.177
G01 X203.531 Y253.879
G01 X207.010 Y257.217
G01 X210.737 Y260.174
G01 X214.685 Y262.733
G01 X218.825 Y264.881
G01 X220.357 Y265.551
G01 X220.250 Y264.923
G01 X220.178 Y264.274
G01 X220.144 Y263.612
G01 X220.142 Y263.404
G01 X214.413 Y259.697
G01 X209.035 Y255.423
G01 X204.050 Y250.608
G01 X201.072 Y247.243
G01 X205.382 Y248.929
G01 X215.042 Y257.469
G01 X219.410 Y260.817
G01 X218.004 Y258.929
G01 X217.150 Y257.577
G01 X214.433 Y254.650
G01 X211.716 Y252.403
G01 X208.634 Y250.449
G01 X206.048 Y249.129
G01 X208.740 Y250.236
G01 X211.857 Y252.041
G01 X214.480 Y254.205
G01 X216.930 Y256.928
G01 X218.421 Y259.149
G01 X219.646 Y260.688
G01 X219.776 Y261.582
G01 X219.964 Y262.443
G01 X220.208 Y263.269
G01 X220.413 Y263.834
G01 X220.387 Y264.454
G01 X220.394 Y265.065
G01 X220.435 Y265.664
G01 X220.507 Y266.252
G01 X220.610 Y266.824
G01 X220.742 Y267.381
G01 X220.807 Y267.611
G01 X220.702 Y268.128
G01 X220.623 Y268.654
G01 X220.570 Y269.188
G01 X220.547 Y269.594
G01 X220.593 Y270.128
G01 X220.650 Y270.559
G01 X220.545 Y271.133
G01 X220.471 Y271.721
G01 X220.430 Y272.323
G01 X220.423 Y272.935
G01 X220.449 Y273.558
G01 X220.511 Y274.188
G01 X220.608 Y274.823
G01 X220.742 Y275.462
G01 X220.911 Y276.102
G01 X221.120 Y276.743
G01 X221.243 Y277.071
G01 X221.202 Y277.986
G01 X221.228 Y278.925
G01 X221.322 Y279.882
G01 X221.487 Y280.854
G01 X221.724 Y281.837
G01 X222.034 Y282.823
G01 X222.065 Y282.911
G01 X222.188 Y284.356
G01 X222.430 Y285.818
G01 X222.620 Y286.642
G01 X222.853 Y288.589
G01 X223.260 Y290.553
G01 X223.336 Y290.851
G01 X223.876 Y293.031
G01 X224.434 Y294.731
G01 X225.876 Y294.328
G01 X226.727 Y294.046
G01 X228.013 Y293.990
G01 X229.282 Y293.871
G01 X230.531 Y293.689
G01 X230.688 Y293.662
G01 X231.386 Y293.897
G01 X231.473 Y310.572
G01 X231.277 Y310.322
G01 X231.260 Y310.272
G01 X231.256 Y310.222
G01 X231.265 Y310.172
G01 X231.298 Y310.097
G01 X231.344 Y310.047
G01 X231.406 Y310.022
G01 X231.485 Y309.972
G01 X231.567 Y309.947
G01 X231.658 Y309.946
G01 X231.753 Y309.971
G01 X231.849 Y309.995
G01 X231.945 Y310.068
G01 X232.029 Y310.142
G01 X232.101 Y310.267
G01 X232.153 Y310.390
G01 X232.189 Y310.515
G01 X232.200 Y310.664
G01 X232.186 Y310.815
G01 X232.147 Y310.966
G01 X232.077 Y311.118
G01 X231.973 Y311.243
G01 X231.838 Y311.370
G01 X231.672 Y311.471
G01 X231.488 Y311.547
G01 X231.290 Y311.597
G01 X231.084 Y311.596
G01 X230.869 Y311.594
G01 X230.656 Y311.515
G01 X230.452 Y311.436
G01 X230.259 Y311.282
G01 X230.094 Y311.102
G01 X229.961 Y310.897
G01 X229.856 Y310.643
G01 X229.794 Y310.392
G01 X229.771 Y310.115
G01 X229.791 Y309.840
G01 X229.859 Y309.568
G01 X229.979 Y309.297
G01 X230.149 Y309.052
G01 X230.369 Y308.834
G01 X230.630 Y308.639
G01 X230.920 Y308.494
G01 X231.239 Y308.422
G01 X231.573 Y308.373
G01 X231.915 Y308.369
G01 X232.258 Y308.463
G01 X232.593 Y308.604
G01 X232.900 Y308.794
G01 X233.180 Y309.034
G01 X233.418 Y309.347
G01 X233.608 Y309.688
G01 X233.744 Y310.056
G01 X233.817 Y310.453
G01 X233.815 Y310.853
G01 X233.739 Y311.258
G01 X233.593 Y311.666
G01 X233.382 Y312.052
G01 X233.113 Y312.389
G01 X232.785 Y312.700
G01 X232.407 Y312.936
G01 X231.984 Y313.118
G01 X231.527 Y313.222
G01 X231.050 Y313.221
G01 X230.569 Y313.164
G01 X230.101 Y313.028
G01 X229.651 Y312.837
G01 X229.236 Y312.543
G01 X228.873 Y312.198
G01 X228.573 Y311.779
G01 X228.348 Y311.287
G01 X228.207 Y310.776
G01 X228.142 Y310.244
G01 X228.169 Y309.695
G01 X228.281 Y309.152
G01 X228.485 Y308.642
G01 X228.783 Y308.160
G01 X229.168 Y307.733
G01 X229.624 Y307.356
G01 X230.141 Y307.076
G01 X230.703 Y306.866
G01 X231.296 Y306.748
G01 X231.905 Y306.744
G01 X232.514 Y306.832
G01 X233.108 Y307.034
G01 X233.660 Y307.332
G01 X234.166 Y307.725
G01 X234.603 Y308.219
G01 X234.966 Y308.764
G01 X235.237 Y309.368
G01 X235.405 Y310.005
G01 X235.458 Y310.677
G01 X235.390 Y311.362
G01 X235.203 Y312.031
G01 X234.908 Y312.659
G01 X234.515 Y313.239
G01 X234.031 Y313.772
G01 X233.462 Y314.201
G01 X232.820 Y314.550
G01 X232.121 Y314.767
G01 X231.383 Y314.873
G01 X230.635 Y314.841
G01 X229.891 Y314.697
G01 X229.174 Y314.443
G01 X228.510 Y314.055
G01 X227.909 Y313.561
G01 X227.404 Y312.942
G01 X226.998 Y312.275
G01 X226.706 Y311.515
G01 X226.531 Y310.741
G01 X226.491 Y309.930
G01 X226.597 Y309.112
G01 X226.845 Y308.311
G01 X227.217 Y307.572
G01 X227.712 Y306.894
G01 X228.316 Y306.296
G01 X229.014 Y305.796
G01 X229.794 Y305.438
G01 X230.639 Y305.189
G01 X231.512 Y305.097
G01 X232.399 Y305.159
G01 X233.269 Y305.350
G01 X234.105 Y305.700
G01 X234.871 Y306.162
G01 X235.554 Y306.797
G01 X236.124 Y307.512
G01 X236.576 Y308.312
G01 X236.894 Y309.202
G01 X237.067 Y310.138
G01 X237.081 Y311.094
G01 X236.923 Y312.023
G01 X236.608 Y312.943
G01 X236.142 Y313.799
G01 X235.547 Y314.587
G01 X234.823 Y315.248
G01 X233.998 Y315.801
G01 X233.076 Y316.193
G01 X232.094 Y316.417
G01 X231.081 Y316.496
G01 X230.059 Y316.403
G01 X229.062 Y316.164
G01 X228.114 Y315.732
G01 X227.246 Y315.161
G01 X226.491 Y314.409
G01 X225.856 Y313.582
G01 X225.363 Y312.609
G01 X225.028 Y311.601
G01 X224.865 Y310.539
G01 X224.888 Y309.455
G01 X225.101 Y308.375
G01 X225.494 Y307.349
G01 X226.052 Y306.369
G01 X226.756 Y305.505
G01 X227.599 Y304.772
G01 X228.564 Y304.184
G01 X229.625 Y303.752
G01 X230.747 Y303.541
G01 X231.901 Y303.469
G01 X233.054 Y303.608
G01 X234.175 Y303.939
G01 X235.233 Y304.443
G01 X236.188 Y305.135
G01 X237.021 Y305.977
G01 X237.710 Y306.957
G01 X238.240 Y308.059
G01 X238.583 Y309.217
G01 X238.730 Y310.410
G01 X238.662 Y311.639
G01 X238.385 Y312.849
G01 X237.911 Y313.983
G01 X237.261 Y315.054
G01 X236.440 Y316.005
G01 X235.470 Y316.801
G01 X234.366 Y317.433
G01 X233.164 Y317.866
G01 X231.901 Y318.095
G01 X230.610 Y318.116
G01 X229.325 Y317.928
G01 X228.082 Y317.534
G01 X226.921 Y316.939
G01 X225.879 Y316.126
G01 X224.971 Y315.154
G01 X224.235 Y314.034
G01 X223.677 Y312.826
G01 X223.329 Y311.518
G01 X223.213 Y310.172
G01 X223.334 Y308.794
G01 X223.675 Y307.486
G01 X224.231 Y306.219
G01 X224.987 Y305.061
G01 X225.922 Y304.024
G01 X227.029 Y303.171
G01 X228.273 Y302.527
G01 X229.619 Y302.075
G01 X231.024 Y301.870
G01 X232.453 Y301.881
G01 X233.863 Y302.107
G01 X235.223 Y302.583
G01 X236.484 Y303.302
G01 X237.614 Y304.236
G01 X238.582 Y305.327
G01 X239.366 Y306.571
G01 X239.940 Y307.931
G01 X240.282 Y309.392
G01 X240.364 Y310.882
G01 X240.192 Y312.373
G01 X239.773 Y313.803
G01 X239.127 Y315.186
G01 X238.267 Y316.433
G01 X237.206 Y317.529
G01 X235.960 Y318.439
G01 X234.575 Y319.123
G01 X233.087 Y319.570
G01 X231.544 Y319.772
G01 X229.981 Y319.727
G01 X228.438 Y319.410
G01 X226.969 Y318.826
G01 X225.605 Y318.007
G01 X224.389 Y316.965
G01 X223.356 Y315.739
G01 X222.531 Y314.369
G01 X221.966 Y312.850
G01 X221.651 Y311.245
G01 X221.602 Y309.615
G01 X221.815 Y307.995
G01 X222.300 Y306.415
G01 X223.052 Y304.948
G01 X224.041 Y303.630
G01 X225.242 Y302.465
G01 X226.619 Y301.500
G01 X228.140 Y300.808
G01 X229.752 Y300.361
G01 X229.772 Y300.356
G01 X231.330 Y300.212
G01 X231.460 Y300.197
G01 X233.015 Y300.293
G01 X233.161 Y300.298
G01 X234.765 Y300.677
G01 X234.828 Y300.690
G01 X236.411 Y301.341
G01 X237.868 Y302.282
G01 X239.151 Y303.445
G01 X240.233 Y304.810
G01 X241.079 Y306.325
G01 X241.668 Y307.981
G01 X241.972 Y309.736
G01 X241.968 Y311.489
G01 X241.677 Y313.255
G01 X241.104 Y314.942
G01 X240.259 Y316.510
G01 X239.154 Y317.942
G01 X237.818 Y319.142
G01 X236.290 Y320.116
G01 X234.621 Y320.849
G01 X232.849 Y321.302
G01 X231.021 Y321.421
G01 X229.190 Y321.250
G01 X227.406 Y320.769
G01 X225.713 Y320.007
G01 X224.163 Y318.979
G01 X222.804 Y317.700
G01 X221.680 Y316.188
G01 X220.821 Y314.517
G01 X220.245 Y312.705
G01 X219.965 Y310.823
G01 X220.002 Y308.913
G01 X220.365 Y307.041
G01 X221.036 Y305.257
G01 X222.005 Y303.579
G01 X223.230 Y302.087
G01 X224.690 Y300.803
G01 X226.358 Y299.791
G01 X227.986 Y299.159
G01 X228.178 Y299.076
G01 X229.700 Y298.745
G01 X230.100 Y298.644
G01 X231.573 Y298.597
G01 X232.067 Y298.565
G01 X233.552 Y298.743
G01 X234.032 Y298.784
G01 X235.593 Y299.249
G01 X235.938 Y299.339
G01 X237.659 Y300.191
G01 X237.724 Y300.221
G01 X239.354 Y301.397
G01 X240.777 Y302.810
G01 X241.950 Y304.452
G01 X242.828 Y306.250
G01 X243.397 Y308.220
G01 X243.628 Y310.239
G01 X243.526 Y312.270
G01 X243.095 Y314.273
G01 X242.331 Y316.183
G01 X241.251 Y317.950
G01 X239.878 Y319.496
G01 X238.275 Y320.822
G01 X236.473 Y321.881
G01 X234.512 Y322.608
G01 X232.444 Y322.987
G01 X230.335 Y323.036
G01 X228.239 Y322.729
G01 X226.219 Y322.071
G01 X224.325 Y321.096
G01 X222.620 Y319.825
G01 X221.155 Y318.249
G01 X219.951 Y316.469
G01 X219.059 Y314.488
G01 X218.495 Y312.407
G01 X218.300 Y310.231
G01 X218.478 Y308.056
G01 X219.002 Y305.938
G01 X219.869 Y303.934
G01 X221.055 Y302.082
G01 X222.555 Y300.438
G01 X224.312 Y299.082
G01 X226.038 Y298.164
G01 X226.272 Y298.027
G01 X227.809 Y297.526
G01 X228.382 Y297.313
G01 X229.811 Y297.089
G01 X230.588 Y296.935
G01 X231.978 Y296.972
G01 X232.834 Y296.962
G01 X234.259 Y297.226
G01 X235.052 Y297.341
G01 X236.596 Y297.918
G01 X237.186 Y298.111
G01 X238.946 Y299.089
G01 X239.169 Y299.201
G01 X240.952 Y300.602
G01 X242.482 Y302.296
G01 X243.702 Y304.232
G01 X244.590 Y306.359
G01 X245.121 Y308.609
G01 X245.278 Y310.903
G01 X245.048 Y313.205
G01 X244.424 Y315.445
G01 X243.434 Y317.565
G01 X242.114 Y319.507
G01 X240.486 Y321.193
G01 X238.596 Y322.595
G01 X236.488 Y323.663
G01 X234.222 Y324.351
G01 X231.866 Y324.671
G01 X229.486 Y324.614
G01 X227.142 Y324.133
G01 X224.901 Y323.286
G01 X222.829 Y322.063
G01 X220.985 Y320.510
G01 X219.411 Y318.654
G01 X218.155 Y316.600
G01 X217.264 Y314.333
G01 X216.779 Y311.943
G01 X216.696 Y309.478
G01 X216.995 Y307.058
G01 X217.707 Y304.681
G01 X218.797 Y302.474
G01 X220.261 Y300.477
G01 X222.038 Y298.748
G01 X223.990 Y297.375
G01 X224.086 Y297.302
G01 X225.720 Y296.553
G01 X226.335 Y296.236
G01 X227.774 Y295.851
G01 X228.746 Y295.541
G01 X230.079 Y295.427
G01 X231.244 Y295.272
G01 X232.556 Y295.378
G01 X233.760 Y295.419
G01 X235.140 Y295.775
G01 X236.228 Y296.000
G01 X237.775 Y296.657
G01 X238.577 Y296.953
G01 X240.430 Y298.114
G01 X240.738 Y298.288
G01 X242.641 Y299.969
G01 X244.239 Y301.962
G01 X245.498 Y304.207
G01 X246.382 Y306.626
G01 X246.852 Y309.152
G01 X246.887 Y311.751
G01 X246.474 Y314.300
G01 X245.655 Y316.782
G01 X244.442 Y319.090
G01 X242.858 Y321.163
G01 X240.939 Y322.941
G01 X238.739 Y324.392
G01 X236.327 Y325.459
G01 X233.764 Y326.124
G01 X231.129 Y326.346
G01 X228.478 Y326.123
G01 X225.896 Y325.455
G01 X223.459 Y324.358
G01 X221.214 Y322.898
G01 X219.240 Y321.079
G01 X217.596 Y318.935
G01 X216.334 Y316.558
G01 X215.482 Y313.982
G01 X215.060 Y311.297
G01 X215.094 Y308.568
G01 X216.031 Y304.651
G01 X217.656 Y301.431
G01 X218.793 Y299.898
G01 X220.600 Y298.049
G01 X222.478 Y296.633
G01 X224.213 Y295.655
G01 X225.731 Y295.116
G01 X226.882 Y294.631
G01 X228.210 Y294.433
G01 X229.508 Y294.166
G01 X229.881 Y294.076
G01 X231.131 Y294.106
G01 X232.073 Y294.088
G01 X233.339 Y294.269
G01 X234.624 Y294.386
G01 X235.079 Y294.412
G01 X236.483 Y294.948
G01 X237.948 Y295.407
G01 X238.099 Y295.450
G01 X239.825 Y296.474
G01 X240.802 Y296.981
G01 X243.171 Y299.046
G01 X243.334 Y299.174
G01 X245.048 Y301.340
G01 X246.706 Y304.575
G01 X247.638 Y308.304
G01 X247.665 Y312.345
G01 X246.585 Y316.507
G01 X246.579 Y316.525
G01 X245.018 Y319.507
G01 X242.913 Y322.000
G01 X242.658 Y322.279
G01 X240.987 Y323.669
G01 X239.706 Y324.510
G01 X239.802 Y328.183
G01 X240.406 Y332.693
G01 X241.476 Y336.984
G01 X242.897 Y340.813
G01 X245.321 Y345.548
G01 X248.450 Y350.006
G01 X252.405 Y354.233
G01 X256.092 Y357.221
G01 X259.782 Y359.572
G01 X265.074 Y362.039
G01 X269.873 Y363.520
G01 X275.792 Y364.466
G01 X280.531 Y364.547
G01 X284.667 Y364.178
G01 X285.214 Y364.101
G01 X284.670 Y362.455
G01 X287.643 Y361.055
G01 X288.996 Y363.597
G01 X288.219 Y365.922
G01 X285.407 Y366.055
G01 X285.103 Y364.106
G01 X280.987 Y364.537
G01 X275.078 Y364.347
G01 X274.245 Y364.291
G01 X268.901 Y363.263
G01 X263.547 Y361.332
G01 X259.782 Y359.572
G01 X256.092 Y357.221
G01 X251.791 Y353.637
G01 X248.450 Y350.006
G01 X244.918 Y344.757
G01 X242.897 Y340.813
G01 X240.406 Y332.693
G01 X239.755 Y326.346
G01 X239.706 Y324.510
G01 X237.306 Y325.668
G01 X234.944 Y326.389
G01 X232.447 Y326.763
G01 X229.596 Y326.676
G01 X229.282 Y326.659
G01 X226.548 Y326.067
G01 X224.639 Y325.345
G01 X223.058 Y324.527
G01 X223.011 Y326.339
G01 X222.358 Y332.712
G01 X219.872 Y340.806
G01 X217.844 Y344.773
G01 X214.317 Y350.022
G01 X210.974 Y353.651
G01 X206.677 Y357.209
G01 X202.985 Y359.558
G01 X199.219 Y361.316
G01 X193.864 Y363.272
G01 X188.519 Y364.297
G01 X182.627 Y364.535
G01 X181.776 Y364.540
G01 X177.659 Y364.106
G01 X177.353 Y366.055
G01 X174.543 Y365.921
G01 X173.766 Y363.596
G01 X175.119 Y361.054
G01 X178.093 Y362.457
G01 X177.548 Y364.101
G01 X178.105 Y364.184
G01 X182.232 Y364.550
G01 X186.982 Y364.448
G01 X192.882 Y363.524
G01 X197.683 Y362.046
G01 X202.985 Y359.558
G01 X206.677 Y357.209
G01 X210.356 Y354.221
G01 X214.317 Y350.022
G01 X217.446 Y345.540
G01 X219.872 Y340.806
G01 X221.288 Y336.977
G01 X222.358 Y332.712
G01 X222.963 Y328.176
G01 X223.058 Y324.527
G01 X221.254 Y323.287
G01 X219.757 Y321.939
G01 X217.679 Y319.371
G01 X217.607 Y319.275
G01 X216.060 Y316.208
G01 X215.156 Y312.722
G01 X214.995 Y310.387
G01 X215.566 Y306.599
G01 X216.844 Y303.041
G01 X218.401 Y300.386
G01 X221.028 Y297.726
G01 X222.971 Y296.534
G01 X224.213 Y295.655
G01 X225.731 Y295.116
G01 X226.882 Y294.631
G01 X228.210 Y294.433
G01 X229.508 Y294.166
G01 X229.881 Y294.076
G01 X231.135 Y293.729
G01 X231.396 Y293.647

