;  Created by Sandify
;  https://sandify.org
;  Version: 0.2.6
;
;  Machine type: Rectangular
;    Min X (mm): 0
;    Max X (mm): 500
;    Min Y (mm): 0
;    Max Y (mm): 500
;  Content type: shape
;  Layer:
;    Shape: FileImport
;    Name: StarryNight.thr
;    From file:: StarryNight.thr
;    Aspect Ratio: true
;    Comments: 
;    Visible: true
;    Initial width: 10
;    Initial height: 10
;    X offset: 0
;    Y offset: 0
;    Rotate (degrees): 0
;    Reverse path: false
;    Fine tuning:
;      Connect to next layer: line
;      Draw portion of path (%): 100
;      Backtrack at end (%): 0
;      Rotate starting point (%): 0
;  Reverse export path: false
;
; File name: 'StarryNight (C SW)'
; File type: gcode
;

G01 X247.069 Y253.507
G01 X232.645 Y253.710
G01 X226.404 Y254.156
G01 X220.746 Y253.860
G01 X216.264 Y254.604
G01 X218.927 Y254.160
G01 X218.926 Y255.545
G01 X218.993 Y256.932
G01 X219.129 Y258.316
G01 X219.333 Y259.696
G01 X219.558 Y260.852
G01 X218.401 Y262.690
G01 X217.625 Y264.125
G01 X215.421 Y263.192
G01 X213.242 Y262.070
G01 X211.949 Y261.302
G01 X210.783 Y259.709
G01 X209.692 Y258.022
G01 X208.839 Y256.537
G01 X208.754 Y254.657
G01 X208.761 Y252.776
G01 X208.840 Y251.180
G01 X210.129 Y249.431
G01 X211.495 Y247.804
G01 X211.809 Y247.458
G01 X215.370 Y246.565
G01 X220.292 Y246.715
G01 X223.276 Y247.459
G01 X223.673 Y248.769
G01 X224.139 Y250.024
G01 X224.671 Y251.223
G01 X225.264 Y252.360
G01 X225.912 Y253.434
G01 X226.404 Y254.156
G01 X228.500 Y255.005
G01 X229.073 Y255.200
G01 X228.926 Y256.117
G01 X228.827 Y257.053
G01 X228.776 Y258.004
G01 X228.775 Y258.969
G01 X228.825 Y259.945
G01 X228.927 Y260.929
G01 X229.079 Y261.897
G01 X226.879 Y264.159
G01 X225.656 Y265.617
G01 X221.332 Y269.639
G01 X218.196 Y269.688
G01 X216.879 Y269.629
G01 X213.052 Y269.579
G01 X211.797 Y269.492
G01 X209.078 Y268.523
G01 X206.374 Y267.324
G01 X204.800 Y266.512
G01 X203.743 Y264.543
G01 X202.779 Y262.500
G01 X202.581 Y262.045
G01 X201.661 Y259.930
G01 X200.842 Y257.745
G01 X200.635 Y257.132
G01 X200.147 Y254.859
G01 X199.772 Y252.548
G01 X199.510 Y250.203
G01 X199.458 Y249.546
G01 X200.790 Y247.358
G01 X202.220 Y245.291
G01 X203.179 Y244.037
G01 X206.120 Y242.544
G01 X209.095 Y241.315
G01 X211.669 Y240.468
G01 X215.169 Y239.945
G01 X218.629 Y239.731
G01 X218.966 Y239.727
G01 X222.579 Y239.969
G01 X226.094 Y240.529
G01 X227.737 Y240.908
G01 X233.581 Y243.741
G01 X233.848 Y243.888
G01 X233.912 Y244.889
G01 X234.041 Y245.859
G01 X234.233 Y246.796
G01 X234.483 Y247.694
G01 X234.790 Y248.552
G01 X235.149 Y249.364
G01 X235.556 Y250.129
G01 X235.934 Y250.734
G01 X235.783 Y251.278
G01 X235.658 Y251.830
G01 X235.561 Y252.389
G01 X235.491 Y252.954
G01 X235.448 Y253.523
G01 X235.434 Y254.094
G01 X235.448 Y254.667
G01 X235.490 Y255.240
G01 X235.560 Y255.812
G01 X235.659 Y256.381
G01 X235.786 Y256.946
G01 X235.941 Y257.506
G01 X236.123 Y258.058
G01 X236.333 Y258.601
G01 X236.571 Y259.137
G01 X236.681 Y259.364
G01 X236.207 Y260.355
G01 X235.806 Y261.405
G01 X235.484 Y262.511
G01 X235.245 Y263.665
G01 X235.093 Y264.863
G01 X235.039 Y265.764
G01 X232.746 Y269.612
G01 X232.651 Y269.791
G01 X227.152 Y274.240
G01 X224.408 Y274.891
G01 X221.785 Y275.292
G01 X216.567 Y277.528
G01 X213.306 Y277.509
G01 X210.011 Y277.228
G01 X206.777 Y276.593
G01 X203.521 Y275.695
G01 X202.283 Y275.285
G01 X199.861 Y273.661
G01 X197.511 Y271.867
G01 X195.936 Y269.644
G01 X194.463 Y267.312
G01 X193.496 Y265.617
G01 X192.441 Y263.065
G01 X191.510 Y260.439
G01 X190.706 Y257.744
G01 X190.215 Y255.794
G01 X190.294 Y253.002
G01 X190.511 Y250.224
G01 X190.797 Y247.906
G01 X192.382 Y245.338
G01 X194.080 Y242.910
G01 X194.238 Y242.699
G01 X196.640 Y240.583
G01 X198.705 Y238.974
G01 X201.249 Y237.248
G01 X203.842 Y235.735
G01 X205.988 Y234.656
G01 X208.054 Y233.231
G01 X210.160 Y231.962
G01 X211.218 Y231.388
G01 X214.811 Y231.349
G01 X218.316 Y231.605
G01 X220.000 Y231.836
G01 X222.499 Y231.775
G01 X224.936 Y231.904
G01 X227.297 Y232.216
G01 X229.571 Y232.705
G01 X230.725 Y233.030
G01 X233.028 Y234.025
G01 X235.190 Y235.193
G01 X236.681 Y236.154
G01 X241.448 Y243.303
G01 X242.223 Y245.648
G01 X243.211 Y247.888
G01 X243.532 Y248.507
G01 X243.328 Y248.734
G01 X243.138 Y248.969
G01 X242.962 Y249.211
G01 X242.800 Y249.459
G01 X242.652 Y249.713
G01 X242.519 Y249.972
G01 X242.401 Y250.234
G01 X242.297 Y250.499
G01 X242.208 Y250.767
G01 X242.133 Y251.035
G01 X242.073 Y251.305
G01 X242.028 Y251.574
G01 X241.996 Y251.843
G01 X241.979 Y252.110
G01 X241.976 Y252.375
G01 X241.986 Y252.636
G01 X242.009 Y252.894
G01 X242.046 Y253.147
G01 X242.095 Y253.395
G01 X242.156 Y253.638
G01 X242.228 Y253.874
G01 X242.312 Y254.104
G01 X242.407 Y254.326
G01 X242.512 Y254.540
G01 X242.626 Y254.747
G01 X242.750 Y254.944
G01 X242.882 Y255.132
G01 X243.022 Y255.311
G01 X243.169 Y255.480
G01 X243.323 Y255.639
G01 X243.483 Y255.788
G01 X243.649 Y255.926
G01 X243.819 Y256.053
G01 X243.994 Y256.171
G01 X244.172 Y256.277
G01 X244.353 Y256.372
G01 X244.536 Y256.455
G01 X244.721 Y256.528
G01 X244.725 Y256.529
G01 X244.316 Y257.442
G01 X243.993 Y258.399
G01 X243.758 Y259.396
G01 X243.614 Y260.425
G01 X243.565 Y261.481
G01 X243.611 Y262.557
G01 X243.756 Y263.644
G01 X243.823 Y263.990
G01 X241.888 Y269.488
G01 X239.752 Y272.796
G01 X237.281 Y275.923
G01 X236.377 Y276.932
G01 X234.090 Y278.603
G01 X231.616 Y280.102
G01 X230.271 Y280.802
G01 X227.697 Y281.774
G01 X224.991 Y282.557
G01 X222.165 Y283.137
G01 X220.896 Y283.325
G01 X217.987 Y283.530
G01 X214.998 Y283.518
G01 X211.944 Y283.281
G01 X208.840 Y282.814
G01 X208.391 Y282.728
G01 X204.210 Y282.697
G01 X202.428 Y282.583
G01 X199.272 Y281.397
G01 X196.130 Y279.970
G01 X195.415 Y279.608
G01 X193.061 Y277.548
G01 X190.787 Y275.319
G01 X189.917 Y274.394
G01 X187.384 Y272.055
G01 X184.947 Y269.517
G01 X182.761 Y266.959
G01 X182.499 Y263.736
G01 X182.399 Y260.519
G01 X182.457 Y257.320
G01 X182.480 Y256.836
G01 X183.096 Y253.661
G01 X183.866 Y250.555
G01 X184.708 Y247.760
G01 X185.808 Y244.812
G01 X187.045 Y241.959
G01 X187.988 Y240.022
G01 X189.955 Y237.486
G01 X192.025 Y235.109
G01 X192.586 Y234.510
G01 X194.574 Y232.260
G01 X196.650 Y230.159
G01 X196.923 Y229.899
G01 X200.080 Y228.498
G01 X202.288 Y227.670
G01 X204.443 Y226.041
G01 X206.649 Y224.561
G01 X207.643 Y223.950
G01 X210.637 Y223.292
G01 X213.598 Y222.854
G01 X214.632 Y222.751
G01 X217.548 Y222.627
G01 X220.394 Y222.711
G01 X223.158 Y222.997
G01 X225.208 Y223.347
G01 X227.720 Y223.853
G01 X230.128 Y224.529
G01 X231.471 Y224.995
G01 X233.814 Y226.171
G01 X236.001 Y227.505
G01 X237.271 Y228.401
G01 X239.133 Y229.797
G01 X240.832 Y231.311
G01 X242.363 Y232.930
G01 X242.930 Y233.608
G01 X244.141 Y234.894
G01 X245.217 Y236.247
G01 X246.151 Y237.658
G01 X246.803 Y238.834
G01 X247.499 Y239.650
G01 X248.113 Y240.497
G01 X248.646 Y241.369
G01 X249.095 Y242.260
G01 X249.462 Y243.163
G01 X249.745 Y244.074
G01 X249.945 Y244.986
G01 X250.063 Y245.893
G01 X250.080 Y246.122
G01 X250.396 Y246.369
G01 X250.696 Y246.629
G01 X250.978 Y246.901
G01 X251.243 Y247.184
G01 X251.489 Y247.477
G01 X251.717 Y247.779
G01 X251.926 Y248.088
G01 X252.115 Y248.404
G01 X252.286 Y248.725
G01 X252.438 Y249.050
G01 X252.570 Y249.379
G01 X252.684 Y249.710
G01 X252.778 Y250.042
G01 X252.853 Y250.373
G01 X252.910 Y250.704
G01 X252.949 Y251.033
G01 X252.969 Y251.358
G01 X252.972 Y251.680
G01 X252.958 Y251.997
G01 X252.928 Y252.308
G01 X252.881 Y252.612
G01 X252.819 Y252.908
G01 X252.742 Y253.197
G01 X252.650 Y253.476
G01 X252.619 Y253.561
G01 X252.819 Y253.846
G01 X253.004 Y254.150
G01 X253.173 Y254.474
G01 X253.324 Y254.815
G01 X253.456 Y255.173
G01 X253.566 Y255.548
G01 X253.656 Y255.937
G01 X253.722 Y256.339
G01 X253.764 Y256.754
G01 X253.781 Y257.180
G01 X253.771 Y257.614
G01 X253.735 Y258.057
G01 X253.672 Y258.505
G01 X253.579 Y258.957
G01 X253.458 Y259.413
G01 X253.308 Y259.870
G01 X253.214 Y260.117
G01 X253.579 Y261.237
G01 X253.846 Y262.406
G01 X254.013 Y263.620
G01 X254.076 Y264.868
G01 X254.031 Y266.144
G01 X253.877 Y267.442
G01 X253.806 Y267.853
G01 X253.512 Y269.185
G01 X253.103 Y270.519
G01 X252.577 Y271.849
G01 X251.935 Y273.166
G01 X251.571 Y273.814
G01 X250.752 Y275.076
G01 X249.818 Y276.304
G01 X248.773 Y277.490
G01 X248.741 Y277.524
G01 X247.581 Y278.614
G01 X246.319 Y279.646
G01 X244.957 Y280.611
G01 X243.677 Y281.401
G01 X242.022 Y282.893
G01 X240.213 Y284.285
G01 X238.256 Y285.567
G01 X238.018 Y285.709
G01 X235.986 Y286.608
G01 X233.845 Y287.382
G01 X231.912 Y287.944
G01 X229.653 Y288.334
G01 X227.320 Y288.584
G01 X224.922 Y288.685
G01 X224.911 Y288.685
G01 X222.099 Y289.142
G01 X219.192 Y289.404
G01 X218.811 Y289.423
G01 X215.713 Y289.570
G01 X212.535 Y289.494
G01 X209.293 Y289.190
G01 X206.001 Y288.651
G01 X205.410 Y288.530
G01 X201.352 Y288.261
G01 X198.853 Y287.942
G01 X195.682 Y286.524
G01 X192.537 Y284.876
G01 X191.405 Y284.220
G01 X188.423 Y282.206
G01 X185.606 Y280.052
G01 X182.246 Y277.803
G01 X178.965 Y275.286
G01 X177.555 Y274.099
G01 X176.222 Y270.762
G01 X175.050 Y267.343
G01 X174.278 Y264.723
G01 X172.710 Y261.252
G01 X171.607 Y258.471
G01 X172.020 Y254.753
G01 X172.614 Y251.087
G01 X173.386 Y247.483
G01 X173.392 Y247.458
G01 X175.948 Y244.136
G01 X178.647 Y241.050
G01 X179.055 Y240.616
G01 X180.027 Y237.356
G01 X181.154 Y234.160
G01 X181.719 Y232.724
G01 X184.271 Y230.084
G01 X186.054 Y228.411
G01 X188.293 Y225.886
G01 X190.630 Y223.520
G01 X191.119 Y223.056
G01 X193.515 Y220.856
G01 X195.721 Y219.029
G01 X199.622 Y218.151
G01 X203.481 Y217.570
G01 X203.756 Y217.539
G01 X206.627 Y216.424
G01 X209.128 Y215.611
G01 X212.804 Y215.746
G01 X216.372 Y216.147
G01 X219.098 Y216.643
G01 X221.848 Y216.641
G01 X224.528 Y216.817
G01 X226.697 Y217.093
G01 X229.297 Y217.727
G01 X231.785 Y218.523
G01 X233.102 Y219.028
G01 X235.308 Y219.809
G01 X237.402 Y220.720
G01 X239.378 Y221.752
G01 X241.228 Y222.895
G01 X242.483 Y223.784
G01 X244.051 Y224.589
G01 X245.528 Y225.474
G01 X246.911 Y226.432
G01 X248.197 Y227.456
G01 X248.443 Y227.668
G01 X249.626 Y228.577
G01 X250.723 Y229.538
G01 X251.733 Y230.544
G01 X252.653 Y231.590
G01 X253.482 Y232.668
G01 X254.219 Y233.774
G01 X254.398 Y234.068
G01 X255.048 Y235.129
G01 X255.612 Y236.207
G01 X256.091 Y237.293
G01 X256.485 Y238.384
G01 X256.793 Y239.472
G01 X257.019 Y240.553
G01 X257.165 Y241.621
G01 X257.230 Y242.671
G01 X257.226 Y243.442
G01 X257.781 Y243.888
G01 X258.316 Y244.364
G01 X258.829 Y244.869
G01 X259.320 Y245.403
G01 X259.787 Y245.964
G01 X260.228 Y246.552
G01 X260.641 Y247.164
G01 X261.026 Y247.801
G01 X261.381 Y248.461
G01 X261.705 Y249.141
G01 X261.995 Y249.841
G01 X262.253 Y250.560
G01 X262.444 Y251.181
G01 X262.764 Y251.915
G01 X263.050 Y252.675
G01 X263.298 Y253.460
G01 X263.507 Y254.266
G01 X263.675 Y255.094
G01 X263.801 Y255.939
G01 X263.884 Y256.800
G01 X263.922 Y257.675
G01 X263.923 Y258.024
G01 X264.142 Y258.995
G01 X264.305 Y259.995
G01 X264.409 Y261.026
G01 X264.452 Y262.082
G01 X264.433 Y263.160
G01 X264.349 Y264.256
G01 X264.230 Y265.172
G01 X264.027 Y266.295
G01 X263.755 Y267.425
G01 X263.412 Y268.559
G01 X262.997 Y269.691
G01 X262.510 Y270.819
G01 X262.143 Y271.567
G01 X261.912 Y273.179
G01 X261.558 Y274.809
G01 X261.078 Y276.449
G01 X260.471 Y278.091
G01 X260.207 Y278.714
G01 X259.263 Y279.999
G01 X258.225 Y281.252
G01 X257.092 Y282.464
G01 X255.866 Y283.631
G01 X254.997 Y284.380
G01 X253.629 Y285.492
G01 X252.170 Y286.541
G01 X250.677 Y287.490
G01 X249.058 Y288.555
G01 X247.343 Y289.540
G01 X245.760 Y290.334
G01 X243.877 Y291.141
G01 X241.912 Y291.849
G01 X239.870 Y292.453
G01 X238.164 Y292.862
G01 X235.984 Y293.310
G01 X233.738 Y293.639
G01 X231.435 Y293.841
G01 X230.427 Y293.887
G01 X227.871 Y294.285
G01 X225.653 Y294.500
G01 X227.372 Y296.191
G01 X229.207 Y297.810
G01 X230.428 Y298.796
G01 X231.826 Y302.257
G01 X232.658 Y304.016
G01 X234.153 Y308.962
G01 X234.295 Y309.365
G01 X234.294 Y313.231
G01 X235.187 Y310.276
G01 X238.753 Y305.958
G01 X239.955 Y304.310
G01 X239.658 Y301.336
G01 X237.587 Y299.618
G01 X236.228 Y298.365
G01 X238.539 Y298.332
G01 X240.821 Y298.180
G01 X243.068 Y297.915
G01 X243.973 Y297.774
G01 X246.184 Y296.158
G01 X247.994 Y294.647
G01 X249.980 Y294.123
G01 X251.918 Y293.504
G01 X253.802 Y292.793
G01 X254.700 Y292.416
G01 X256.291 Y290.747
G01 X257.527 Y289.285
G01 X259.166 Y288.430
G01 X260.747 Y287.501
G01 X262.267 Y286.502
G01 X262.743 Y286.165
G01 X264.082 Y284.905
G01 X265.335 Y283.591
G01 X266.460 Y282.283
G01 X267.176 Y280.397
G01 X267.754 Y278.511
G01 X268.197 Y276.636
G01 X268.256 Y276.341
G01 X269.041 Y274.973
G01 X269.745 Y273.582
G01 X270.365 Y272.175
G01 X270.903 Y270.756
G01 X271.223 Y269.781
G01 X271.827 Y268.478
G01 X272.365 Y267.154
G01 X272.831 Y265.814
G01 X273.228 Y264.461
G01 X273.554 Y263.099
G01 X273.617 Y262.791
G01 X273.479 Y261.310
G01 X273.260 Y259.868
G01 X272.964 Y258.464
G01 X272.596 Y257.106
G01 X272.558 Y256.983
G01 X272.369 Y255.699
G01 X272.115 Y254.443
G01 X271.800 Y253.217
G01 X271.426 Y252.024
G01 X270.995 Y250.867
G01 X270.510 Y249.748
G01 X270.041 Y248.798
G01 X269.750 Y247.685
G01 X269.406 Y246.589
G01 X269.008 Y245.512
G01 X268.559 Y244.458
G01 X268.059 Y243.429
G01 X267.510 Y242.427
G01 X267.495 Y242.404
G01 X266.745 Y241.525
G01 X265.959 Y240.693
G01 X265.571 Y240.313
G01 X268.163 Y239.975
G01 X270.827 Y239.863
G01 X271.379 Y239.868
G01 X273.423 Y240.377
G01 X275.474 Y241.056
G01 X276.596 Y241.501
G01 X277.392 Y242.880
G01 X278.122 Y244.308
G01 X278.784 Y245.782
G01 X278.983 Y246.267
G01 X279.458 Y247.814
G01 X279.857 Y249.390
G01 X280.180 Y250.992
G01 X280.423 Y252.615
G01 X280.587 Y254.257
G01 X280.620 Y254.753
G01 X280.798 Y256.421
G01 X280.891 Y258.111
G01 X280.899 Y259.817
G01 X280.821 Y261.534
G01 X280.754 Y262.343
G01 X280.809 Y264.151
G01 X280.764 Y265.987
G01 X280.622 Y267.843
G01 X280.375 Y269.714
G01 X280.316 Y270.084
G01 X279.791 Y271.880
G01 X279.168 Y273.663
G01 X278.514 Y275.285
G01 X277.802 Y277.103
G01 X276.986 Y278.906
G01 X276.066 Y280.683
G01 X276.000 Y280.803
G01 X274.918 Y282.494
G01 X273.739 Y284.143
G01 X272.465 Y285.745
G01 X272.119 Y286.154
G01 X270.790 Y287.781
G01 X269.361 Y289.357
G01 X268.700 Y290.031
G01 X270.890 Y289.569
G01 X273.087 Y288.978
G01 X275.281 Y288.256
G01 X276.887 Y287.643
G01 X279.026 Y286.658
G01 X281.139 Y285.543
G01 X282.394 Y284.810
G01 X283.319 Y282.584
G01 X284.111 Y280.341
G01 X284.772 Y278.094
G01 X284.920 Y277.519
G01 X285.883 Y275.536
G01 X286.744 Y273.518
G01 X287.500 Y271.468
G01 X287.902 Y270.231
G01 X289.166 Y268.381
G01 X290.346 Y266.447
G01 X290.731 Y265.766
G01 X290.867 Y263.514
G01 X290.889 Y261.280
G01 X290.798 Y259.067
G01 X290.596 Y256.882
G01 X290.591 Y256.834
G01 X290.269 Y254.684
G01 X289.843 Y252.572
G01 X289.690 Y251.926
G01 X289.268 Y249.862
G01 X288.747 Y247.835
G01 X288.364 Y246.564
G01 X288.045 Y244.530
G01 X287.625 Y242.511
G01 X287.600 Y242.400
G01 X286.586 Y240.562
G01 X285.513 Y238.831
G01 X288.754 Y239.897
G01 X291.976 Y241.247
G01 X292.213 Y241.359
G01 X294.007 Y242.997
G01 X297.195 Y244.841
G01 X299.960 Y246.717
G01 X300.791 Y249.276
G01 X301.466 Y251.778
G01 X301.204 Y254.444
G01 X300.812 Y257.081
G01 X300.292 Y259.680
G01 X300.122 Y260.406
G01 X299.397 Y262.942
G01 X298.551 Y265.425
G01 X297.588 Y267.846
G01 X296.896 Y269.398
G01 X295.893 Y271.762
G01 X294.777 Y274.067
G01 X294.266 Y275.034
G01 X293.204 Y277.350
G01 X292.027 Y279.613
G01 X291.764 Y280.082
G01 X290.716 Y282.449
G01 X289.685 Y284.509
G01 X287.845 Y286.346
G01 X286.422 Y287.649
G01 X288.901 Y286.346
G01 X291.346 Y284.880
G01 X293.422 Y283.481
G01 X295.490 Y281.548
G01 X297.478 Y279.485
G01 X299.379 Y277.293
G01 X300.135 Y276.352
G01 X301.519 Y273.843
G01 X302.786 Y271.252
G01 X303.208 Y270.310
G01 X304.773 Y267.733
G01 X306.111 Y265.256
G01 X307.555 Y262.483
G01 X308.867 Y259.598
G01 X308.903 Y259.512
G01 X310.651 Y256.543
G01 X311.293 Y255.346
G01 X315.614 Y254.304
G01 X322.787 Y252.449
G01 X330.194 Y253.293
G01 X330.565 Y257.135
G01 X322.787 Y257.974
G01 X320.084 Y261.255
G01 X318.194 Y263.691
G01 X316.046 Y266.688
G01 X313.990 Y269.687
G01 X314.242 Y273.283
G01 X314.250 Y273.519
G01 X313.091 Y276.389
G01 X313.445 Y280.227
G01 X313.575 Y283.849
G01 X315.596 Y288.930
G01 X316.240 Y290.832
G01 X318.408 Y296.612
G01 X320.800 Y299.971
G01 X332.133 Y302.620
G01 X346.197 Y304.428
G01 X347.772 Y304.548
G01 X358.680 Y303.353
G01 X361.726 Y302.853
G01 X366.836 Y298.223
G01 X369.199 Y295.889
G01 X371.346 Y289.908
G01 X371.359 Y289.870
G01 X367.514 Y283.611
G01 X365.588 Y282.651
G01 X367.750 Y282.646
G01 X370.885 Y286.262
G01 X370.633 Y289.858
G01 X367.027 Y291.065
G01 X362.695 Y288.910
G01 X359.807 Y285.538
G01 X358.112 Y279.521
G01 X360.280 Y276.387
G01 X366.800 Y276.399
G01 X373.521 Y276.637
G01 X376.897 Y280.721
G01 X377.871 Y286.505
G01 X377.137 Y290.588
G01 X375.210 Y293.711
G01 X370.638 Y295.160
G01 X362.937 Y297.812
G01 X355.961 Y295.406
G01 X352.108 Y292.519
G01 X349.565 Y285.947
G01 X348.964 Y284.572
G01 X349.221 Y279.247
G01 X349.226 Y279.040
G01 X351.532 Y274.230
G01 X351.851 Y273.509
G01 X357.399 Y270.625
G01 X365.821 Y268.938
G01 X375.931 Y270.855
G01 X384.132 Y273.749
G01 X387.021 Y280.731
G01 X387.242 Y287.990
G01 X387.243 Y288.185
G01 X386.153 Y295.255
G01 X385.812 Y297.083
G01 X382.203 Y302.379
G01 X374.969 Y305.264
G01 X366.558 Y305.031
G01 X362.221 Y305.751
G01 X346.800 Y299.975
G01 X345.836 Y297.569
G01 X341.740 Y290.589
G01 X341.694 Y285.310
G01 X341.510 Y281.928
G01 X341.743 Y277.000
G01 X341.754 Y273.512
G01 X345.018 Y269.227
G01 X346.557 Y267.012
G01 X354.904 Y262.786
G01 X355.947 Y262.195
G01 X370.406 Y260.757
G01 X380.504 Y262.678
G01 X389.425 Y266.529
G01 X392.302 Y271.346
G01 X395.249 Y279.143
G01 X396.402 Y282.648
G01 X396.232 Y290.296
G01 X396.167 Y291.550
G01 X394.825 Y299.036
G01 X394.475 Y300.696
G01 X390.212 Y307.208
G01 X389.896 Y307.663
G01 X384.370 Y313.429
G01 X384.115 Y313.679
G01 X369.676 Y313.449
G01 X355.062 Y313.040
G01 X354.031 Y312.961
G01 X350.894 Y312.721
G01 X342.721 Y308.632
G01 X334.292 Y302.620
G01 X333.560 Y297.804
G01 X331.636 Y294.433
G01 X330.845 Y289.088
G01 X329.739 Y283.923
G01 X329.723 Y283.858
G01 X330.192 Y279.523
G01 X330.805 Y275.266
G01 X330.920 Y274.233
G01 X334.738 Y270.661
G01 X338.399 Y266.764
G01 X341.024 Y263.639
G01 X344.798 Y259.214
G01 X347.288 Y255.945
G01 X350.415 Y255.938
G01 X361.017 Y254.262
G01 X367.518 Y254.016
G01 X371.844 Y253.535
G01 X376.417 Y254.260
G01 X361.071 Y248.572
G01 X360.783 Y248.480
G01 X349.206 Y245.835
G01 X343.436 Y250.164
G01 X338.593 Y254.826
G01 X336.463 Y256.666
G01 X332.718 Y260.754
G01 X329.469 Y263.880
G01 X327.663 Y267.699
G01 X325.686 Y271.368
G01 X325.137 Y272.308
G01 X324.543 Y276.239
G01 X323.750 Y280.158
G01 X323.446 Y281.441
G01 X323.156 Y285.649
G01 X322.635 Y289.897
G01 X322.490 Y290.829
G01 X325.008 Y296.961
G01 X325.139 Y297.322
G01 X327.683 Y304.105
G01 X328.504 Y306.712
G01 X332.124 Y310.078
G01 X338.622 Y316.091
G01 X351.144 Y318.023
G01 X358.605 Y317.772
G01 X365.338 Y317.768
G01 X350.796 Y316.648
G01 X345.128 Y315.852
G01 X335.982 Y314.417
G01 X324.171 Y309.349
G01 X315.757 Y303.108
G01 X310.264 Y295.812
G01 X306.702 Y289.321
G01 X306.593 Y289.141
G01 X304.950 Y285.635
G01 X302.329 Y281.177
G01 X301.175 Y284.007
G01 X300.290 Y285.941
G01 X298.701 Y288.559
G01 X298.306 Y289.167
G01 X297.120 Y289.673
G01 X294.498 Y291.147
G01 X292.037 Y291.430
G01 X288.639 Y292.211
G01 X288.308 Y292.274
G01 X284.730 Y292.566
G01 X281.228 Y292.603
G01 X279.407 Y292.523
G01 X280.115 Y293.233
G01 X284.372 Y294.118
G01 X286.622 Y294.446
G01 X291.284 Y294.990
G01 X296.089 Y295.170
G01 X296.737 Y295.165
G01 X302.998 Y297.810
G01 X305.191 Y301.381
G01 X308.040 Y304.055
G01 X309.833 Y308.314
G01 X309.424 Y313.598
G01 X309.107 Y316.096
G01 X305.746 Y318.826
G01 X302.269 Y321.377
G01 X298.682 Y323.745
G01 X297.675 Y324.367
G01 X293.338 Y325.521
G01 X289.012 Y326.423
G01 X285.030 Y327.036
G01 X281.320 Y328.687
G01 X277.540 Y330.151
G01 X274.561 Y331.159
G01 X271.403 Y334.699
G01 X267.962 Y338.112
G01 X266.778 Y339.195
G01 X270.912 Y337.961
G01 X271.639 Y337.721
G01 X273.099 Y336.024
G01 X273.105 Y332.132
G01 X270.668 Y329.214
G01 X266.651 Y329.221
G01 X266.537 Y329.219
G01 X262.698 Y329.596
G01 X260.941 Y329.704
G01 X259.237 Y335.307
G01 X261.185 Y341.380
G01 X264.838 Y344.055
G01 X269.506 Y344.067
G01 X270.425 Y344.043
G01 X274.928 Y343.072
G01 X279.392 Y341.879
G01 X279.431 Y341.867
G01 X281.382 Y337.250
G01 X281.125 Y330.184
G01 X275.051 Y323.144
G01 X270.912 Y320.702
G01 X267.359 Y321.036
G01 X263.832 Y321.184
G01 X262.402 Y321.192
G01 X259.098 Y322.065
G01 X255.745 Y322.776
G01 X255.103 Y322.893
G01 X253.159 Y328.736
G01 X251.207 Y333.350
G01 X251.212 Y340.158
G01 X254.128 Y346.489
G01 X259.334 Y351.225
G01 X259.480 Y351.348
G01 X264.517 Y352.038
G01 X269.651 Y352.468
G01 X271.887 Y352.571
G01 X276.023 Y351.833
G01 X280.796 Y350.245
G01 X283.072 Y349.396
G01 X285.999 Y344.776
G01 X288.629 Y339.047
G01 X288.673 Y338.940
G01 X290.675 Y332.901
G01 X291.098 Y331.399
G01 X288.671 Y325.819
G01 X285.025 Y317.060
G01 X279.430 Y313.171
G01 X275.254 Y312.171
G01 X271.258 Y310.910
G01 X267.755 Y309.535
G01 X264.757 Y309.772
G01 X261.786 Y309.851
G01 X258.851 Y309.774
G01 X255.959 Y309.548
G01 X253.885 Y309.292
G01 X251.392 Y313.038
G01 X249.997 Y314.887
G01 X246.976 Y318.994
G01 X245.131 Y321.204
G01 X243.911 Y328.966
G01 X243.180 Y340.394
G01 X245.616 Y350.846
G01 X250.491 Y353.624
G01 X251.694 Y354.251
G01 X256.959 Y357.336
G01 X261.424 Y359.615
G01 X267.005 Y360.892
G01 X269.210 Y361.307
G01 X274.683 Y360.909
G01 X279.424 Y360.340
G01 X284.584 Y358.504
G01 X285.511 Y358.144
G01 X289.890 Y354.993
G01 X292.321 Y348.671
G01 X294.859 Y342.469
G01 X294.994 Y342.100
G01 X297.129 Y336.089
G01 X297.667 Y334.324
G01 X295.965 Y327.752
G01 X295.876 Y320.240
G01 X295.730 Y318.042
G01 X289.884 Y310.740
G01 X283.806 Y306.614
G01 X278.932 Y304.774
G01 X275.051 Y302.965
G01 X271.767 Y302.639
G01 X268.584 Y302.115
G01 X265.514 Y301.401
G01 X263.374 Y300.774
G01 X260.944 Y301.203
G01 X258.511 Y301.509
G01 X256.082 Y301.691
G01 X253.662 Y301.752
G01 X253.159 Y301.749
G01 X250.927 Y303.849
G01 X248.503 Y305.841
G01 X246.100 Y307.572
G01 X243.183 Y313.180
G01 X239.612 Y318.574
G01 X238.558 Y319.989
G01 X235.397 Y329.946
G01 X235.887 Y340.643
G01 X236.375 Y350.846
G01 X240.806 Y357.185
G01 X240.990 Y357.429
G01 X246.055 Y362.079
G01 X246.586 Y362.531
G01 X252.088 Y365.805
G01 X254.612 Y367.156
G01 X260.365 Y368.251
G01 X264.594 Y368.858
G01 X270.395 Y368.661
G01 X271.155 Y368.614
G01 X276.889 Y367.735
G01 X278.696 Y367.397
G01 X284.485 Y366.428
G01 X285.758 Y366.173
G01 X290.807 Y363.058
G01 X293.053 Y361.554
G01 X297.696 Y357.923
G01 X298.886 Y356.927
G01 X302.076 Y351.029
G01 X302.287 Y350.603
G01 X302.780 Y343.569
G01 X305.305 Y338.074
G01 X305.452 Y337.724
G01 X306.914 Y331.648
G01 X306.182 Y325.076
G01 X303.024 Y314.877
G01 X299.863 Y308.800
G01 X293.055 Y303.701
G01 X284.788 Y298.353
G01 X280.136 Y296.987
G01 X277.243 Y295.918
G01 X274.013 Y295.608
G01 X270.888 Y295.089
G01 X267.882 Y294.368
G01 X266.533 Y293.969
G01 X264.309 Y294.365
G01 X262.093 Y294.641
G01 X261.427 Y294.702
G01 X259.428 Y295.492
G01 X257.386 Y296.185
G01 X255.306 Y296.779
G01 X253.193 Y297.271
G01 X252.669 Y297.376
G01 X250.600 Y298.750
G01 X248.409 Y300.024
G01 X246.101 Y301.190
G01 X243.683 Y302.239
G01 X241.725 Y302.969
G01 X238.950 Y304.892
G01 X235.974 Y306.656
G01 X234.666 Y307.346
G01 X231.751 Y313.894
G01 X228.100 Y320.706
G01 X228.587 Y325.341
G01 X228.104 Y333.591
G01 X228.098 Y341.127
G01 X230.776 Y349.154
G01 X232.789 Y352.457
G01 X228.551 Y348.558
G01 X225.708 Y345.637
G01 X222.020 Y341.642
G01 X219.850 Y339.030
G01 X216.351 Y335.812
G01 X214.478 Y333.929
G01 X211.204 Y330.865
G01 X208.152 Y327.680
G01 X207.403 Y326.841
G01 X203.718 Y325.028
G01 X200.116 Y323.029
G01 X196.606 Y320.848
G01 X193.970 Y319.046
G01 X199.354 Y317.564
G01 X202.523 Y316.099
G01 X200.813 Y313.178
G01 X198.369 Y312.211
G01 X193.074 Y312.450
G01 X192.503 Y312.453
G01 X190.065 Y315.136
G01 X189.821 Y318.552
G01 X191.288 Y322.215
G01 X193.973 Y324.653
G01 X198.373 Y324.149
G01 X203.248 Y321.481
G01 X207.642 Y318.071
G01 X208.376 Y314.404
G01 X206.395 Y311.072
G01 X205.942 Y310.244
G01 X203.264 Y308.087
G01 X201.547 Y306.584
G01 X197.679 Y305.679
G01 X193.794 Y304.518
G01 X192.747 Y304.161
G01 X189.822 Y304.889
G01 X183.959 Y308.067
G01 X181.527 Y314.893
G01 X183.307 Y319.389
G01 X184.692 Y322.452
G01 X187.290 Y326.480
G01 X189.829 Y330.014
G01 X194.380 Y331.651
G01 X196.913 Y332.446
G01 X201.680 Y333.346
G01 X206.412 Y333.974
G01 X208.377 Y334.156
G01 X210.814 Y329.779
G01 X216.437 Y324.642
G01 X215.485 Y317.947
G01 X215.450 Y317.579
G01 X214.474 Y312.216
G01 X212.350 Y309.391
G01 X210.423 Y306.502
G01 X209.594 Y305.141
G01 X206.788 Y303.635
G01 X204.040 Y301.978
G01 X202.522 Y300.978
G01 X199.170 Y299.774
G01 X195.831 Y298.355
G01 X192.520 Y296.716
G01 X192.276 Y296.586
G01 X183.172 Y298.852
G01 X182.261 Y299.031
G01 X177.866 Y301.471
G01 X176.813 Y307.490
G01 X176.646 Y308.781
G01 X176.402 Y314.156
G01 X176.797 Y320.078
G01 X177.131 Y322.939
G01 X179.002 Y328.062
G01 X179.808 Y330.022
G01 X184.119 Y332.632
G01 X188.522 Y335.006
G01 X191.293 Y336.357
G01 X196.223 Y337.673
G01 X200.317 Y338.554
G01 X205.366 Y339.064
G01 X210.350 Y339.288
G01 X210.574 Y339.292
G01 X216.437 Y334.882
G01 X221.071 Y326.118
G01 X223.269 Y316.351
G01 X221.566 Y312.006
G01 X221.065 Y310.505
G01 X218.921 Y307.957
G01 X216.964 Y305.338
G01 X215.214 Y302.692
G01 X212.601 Y301.401
G01 X210.038 Y299.971
G01 X208.128 Y298.791
G01 X204.980 Y297.852
G01 X201.832 Y296.709
G01 X198.698 Y295.363
G01 X195.589 Y293.810
G01 X194.455 Y293.188
G01 X190.307 Y292.096
G01 X187.628 Y291.228
G01 X177.619 Y293.666
G01 X171.764 Y297.324
G01 X170.777 Y302.696
G01 X170.548 Y308.340
G01 X170.546 Y308.784
G01 X169.773 Y315.333
G01 X169.567 Y318.543
G01 X170.520 Y324.429
G01 X171.021 Y326.846
G01 X173.640 Y331.629
G01 X176.548 Y336.329
G01 X177.380 Y337.579
G01 X181.773 Y340.002
G01 X186.933 Y341.874
G01 X192.116 Y343.450
G01 X192.996 Y343.688
G01 X198.348 Y344.620
G01 X203.660 Y345.249
G01 X205.446 Y345.394
G01 X211.735 Y342.947
G01 X215.460 Y341.236
G01 X221.309 Y337.338
G01 X227.666 Y329.519
G01 X227.899 Y318.071
G01 X227.023 Y310.590
G01 X226.927 Y309.042
G01 X225.372 Y305.255
G01 X224.137 Y301.456
G01 X224.003 Y300.975
G01 X222.328 Y298.644
G01 X220.824 Y296.266
G01 X220.586 Y295.858
G01 X218.271 Y294.894
G01 X215.987 Y293.805
G01 X213.742 Y292.589
G01 X212.278 Y291.715
G01 X209.013 Y291.387
G01 X205.701 Y290.827
G01 X202.355 Y290.030
G01 X199.832 Y289.273
G01 X196.211 Y288.225
G01 X192.583 Y286.905
G01 X188.967 Y285.309
G01 X188.597 Y285.130
G01 X183.327 Y284.036
G01 X181.030 Y283.425
G01 X176.153 Y284.394
G01 X170.292 Y283.425
G01 X168.839 Y287.320
G01 X166.745 Y293.009
G01 X166.158 Y294.879
G01 X165.484 Y300.410
G01 X165.415 Y301.226
G01 X165.177 Y306.098
G01 X165.169 Y311.233
G01 X165.850 Y316.941
G01 X166.147 Y318.793
G01 X167.370 Y320.009
G01 X170.618 Y323.941
G01 X173.467 Y327.090
G01 X178.785 Y328.827
G01 X184.092 Y330.224
G01 X184.214 Y330.252
G01 X187.387 Y331.962
G01 X191.505 Y334.509
G01 X195.729 Y336.841
G01 X197.638 Y337.809
G01 X202.625 Y338.618
G01 X203.981 Y338.790
G01 X208.225 Y340.785
G01 X209.841 Y341.478
G01 X213.749 Y344.438
G01 X217.859 Y347.221
G01 X220.822 Y349.042
G01 X224.730 Y353.858
G01 X225.220 Y354.418
G01 X229.855 Y357.438
G01 X234.735 Y360.240
G01 X235.227 Y360.504
G01 X240.278 Y364.438
G01 X245.688 Y368.126
G01 X245.964 Y368.302
G01 X250.609 Y371.978
G01 X251.097 Y372.714
G01 X257.227 Y375.812
G01 X258.413 Y376.358
G01 X264.657 Y377.274
G01 X271.018 Y377.868
G01 X274.775 Y378.062
G01 X280.658 Y375.843
G01 X282.334 Y375.148
G01 X288.192 Y374.167
G01 X293.967 Y371.761
G01 X295.914 Y370.874
G01 X300.710 Y366.430
G01 X303.387 Y363.727
G01 X307.088 Y357.978
G01 X309.116 Y354.465
G01 X311.692 Y347.934
G01 X313.314 Y343.007
G01 X313.100 Y337.098
G01 X313.096 Y332.462
G01 X311.399 Y323.921
G01 X311.165 Y317.096
G01 X311.146 Y316.848
G01 X313.085 Y314.641
G01 X317.490 Y319.776
G01 X320.410 Y328.543
G01 X320.903 Y333.180
G01 X323.105 Y341.244
G01 X323.589 Y346.851
G01 X322.981 Y355.980
G01 X322.859 Y357.091
G01 X319.748 Y363.815
G01 X318.579 Y366.091
G01 X315.292 Y371.244
G01 X310.162 Y375.864
G01 X308.797 Y377.016
G01 X303.343 Y381.445
G01 X302.402 Y382.161
G01 X296.227 Y385.269
G01 X295.523 Y385.601
G01 X289.359 Y389.023
G01 X287.416 Y390.019
G01 X280.435 Y390.872
G01 X275.620 Y391.254
G01 X268.865 Y392.740
G01 X266.270 Y393.219
G01 X259.215 Y391.986
G01 X256.935 Y391.505
G01 X250.114 Y390.108
G01 X245.873 Y389.052
G01 X239.275 Y387.930
G01 X235.307 Y387.090
G01 X229.050 Y384.296
G01 X226.703 Y383.142
G01 X220.872 Y379.555
G01 X217.848 Y377.511
G01 X212.597 Y373.155
G01 X211.958 Y372.589
G01 X206.651 Y369.305
G01 X206.049 Y368.908
G01 X200.874 Y365.692
G01 X196.337 Y362.559
G01 X192.005 Y358.119
G01 X191.311 Y357.360
G01 X186.142 Y354.731
G01 X181.098 Y351.845
G01 X180.488 Y351.473
G01 X174.937 Y349.180
G01 X171.397 Y347.540
G01 X164.779 Y346.071
G01 X158.127 Y344.173
G01 X156.401 Y343.610
G01 X149.778 Y342.124
G01 X142.392 Y341.153
G01 X135.017 Y340.161
G01 X134.286 Y334.752
G01 X138.223 Y332.048
G01 X143.866 Y334.030
G01 X148.046 Y334.021
G01 X154.938 Y334.014
G01 X160.829 Y334.522
G01 X165.753 Y336.793
G01 X171.535 Y338.879
G01 X172.892 Y339.315
G01 X177.889 Y341.959
G01 X179.754 Y342.864
G01 X185.262 Y344.524
G01 X188.361 Y345.316
G01 X192.870 Y348.203
G01 X197.520 Y350.869
G01 X197.706 Y350.969
G01 X201.502 Y355.615
G01 X202.376 Y356.612
G01 X206.844 Y360.394
G01 X209.252 Y362.269
G01 X214.354 Y364.949
G01 X214.906 Y365.219
G01 X217.616 Y368.649
G01 X222.939 Y371.731
G01 X226.947 Y373.810
G01 X232.718 Y375.986
G01 X235.059 Y376.773
G01 X240.221 Y378.970
G01 X240.965 Y379.459
G01 X247.154 Y381.913
G01 X248.574 Y382.423
G01 X254.937 Y382.841
G01 X257.180 Y382.913
G01 X263.774 Y384.268
G01 X267.512 Y384.876
G01 X274.142 Y384.726
G01 X275.865 Y384.632
G01 X282.673 Y384.566
G01 X286.811 Y384.355
G01 X293.176 Y382.227
G01 X294.115 Y381.882
G01 X300.071 Y378.742
G01 X300.775 Y378.345
G01 X306.097 Y374.050
G01 X307.001 Y373.274
G01 X311.097 Y368.223
G01 X314.750 Y361.901
G01 X316.040 Y359.430
G01 X319.082 Y353.745
G01 X320.560 Y346.274
G01 X320.188 Y337.453
G01 X318.231 Y336.237
G01 X317.456 Y343.959
G01 X317.369 Y344.581
G01 X315.137 Y350.965
G01 X311.673 Y356.418
G01 X309.363 Y359.711
G01 X306.068 Y365.010
G01 X301.238 Y369.293
G01 X299.468 Y370.756
G01 X294.397 Y375.101
G01 X292.937 Y376.268
G01 X286.775 Y378.110
G01 X284.483 Y378.712
G01 X278.265 Y380.279
G01 X275.494 Y380.874
G01 X268.970 Y380.720
G01 X263.126 Y380.293
G01 X256.766 Y379.384
G01 X254.235 Y378.927
G01 X248.051 Y376.459
G01 X244.397 Y374.803
G01 X238.546 Y373.149
G01 X232.852 Y371.216
G01 X231.470 Y370.697
G01 X226.221 Y367.163
G01 X222.993 Y364.757
G01 X218.307 Y360.673
G01 X216.129 Y358.596
G01 X211.626 Y355.185
G01 X210.977 Y354.661
G01 X207.282 Y351.459
G01 X202.864 Y348.658
G01 X198.624 Y345.660
G01 X198.183 Y345.329
G01 X194.497 Y341.644
G01 X190.351 Y338.785
G01 X187.617 Y336.727
G01 X182.763 Y334.774
G01 X179.506 Y333.293
G01 X174.889 Y330.721
G01 X170.364 Y327.885
G01 X166.484 Y325.185
G01 X163.045 Y324.189
G01 X154.710 Y323.760
G01 X154.193 Y323.713
G01 X149.025 Y325.183
G01 X144.850 Y326.663
G01 X138.727 Y323.269
G01 X138.217 Y322.966
G01 X133.422 Y318.408
G01 X128.815 Y313.545
G01 X127.781 Y312.381
G01 X122.339 Y307.627
G01 X118.813 Y304.239
G01 X114.236 Y298.647
G01 X111.269 Y294.663
G01 X107.167 Y288.512
G01 X106.174 Y286.909
G01 X103.375 Y280.202
G01 X102.520 Y277.944
G01 X98.624 Y272.653
G01 X99.669 Y274.048
G01 X103.335 Y270.411
G01 X101.900 Y265.930
G01 X94.955 Y264.703
G01 X92.522 Y270.007
G01 X93.753 Y274.889
G01 X97.015 Y277.749
G01 X102.520 Y277.944
G01 X107.815 Y275.305
G01 X108.426 Y269.391
G01 X108.624 Y263.071
G01 X105.168 Y260.021
G01 X96.191 Y258.181
G01 X88.245 Y262.868
G01 X85.384 Y268.990
G01 X87.001 Y276.809
G01 X87.221 Y277.743
G01 X91.702 Y283.043
G01 X98.029 Y285.690
G01 X107.410 Y283.649
G01 X111.692 Y278.964
G01 X114.337 Y273.469
G01 X114.872 Y266.795
G01 X115.160 Y264.304
G01 X111.889 Y259.211
G01 X107.028 Y252.538
G01 X106.579 Y251.873
G01 X102.308 Y249.217
G01 X93.142 Y250.855
G01 X82.131 Y255.531
G01 X80.480 Y263.692
G01 X79.744 Y272.014
G01 X79.682 Y273.057
G01 X80.640 Y281.281
G01 X80.897 Y283.036
G01 X86.193 Y287.724
G01 X93.342 Y291.595
G01 X101.479 Y292.418
G01 X108.727 Y290.779
G01 X112.505 Y286.918
G01 X116.160 Y280.804
G01 X118.457 Y273.798
G01 X119.419 Y271.232
G01 X118.254 Y264.987
G01 X117.788 Y261.853
G01 X114.574 Y255.545
G01 X113.719 Y253.703
G01 X106.996 Y246.985
G01 X101.090 Y242.093
G01 X93.332 Y241.889
G01 X84.578 Y244.328
G01 X80.085 Y248.809
G01 X75.606 Y255.542
G01 X74.382 Y263.477
G01 X72.742 Y271.221
G01 X73.752 Y277.536
G01 X76.821 Y285.485
G01 X81.887 Y293.012
G01 X82.337 Y293.639
G01 X88.846 Y298.332
G01 X99.043 Y300.560
G01 X108.223 Y298.730
G01 X114.746 Y293.639
G01 X119.629 Y287.322
G01 X120.786 Y280.461
G01 X122.076 Y274.689
G01 X122.304 Y268.397
G01 X122.685 Y263.688
G01 X120.821 Y257.622
G01 X120.050 Y254.723
G01 X115.771 Y248.316
G01 X114.955 Y246.985
G01 X107.481 Y239.725
G01 X107.405 Y239.645
G01 X101.295 Y234.756
G01 X94.756 Y232.721
G01 X87.010 Y233.536
G01 X78.863 Y237.406
G01 X74.574 Y244.126
G01 X69.692 Y250.646
G01 X67.565 Y259.425
G01 X67.437 Y260.024
G01 X67.851 Y268.572
G01 X68.860 Y273.256
G01 X69.493 Y277.947
G01 X64.592 Y277.135
G01 X63.373 Y272.248
G01 X61.732 Y265.119
G01 X62.208 Y256.000
G01 X62.346 Y254.314
G01 X64.992 Y246.160
G01 X68.061 Y241.274
G01 X73.155 Y234.962
G01 X77.426 Y227.828
G01 X80.692 Y224.565
G01 X89.670 Y223.150
G01 X96.396 Y221.309
G01 X96.997 Y217.635
G01 X93.131 Y210.716
G01 X89.065 Y213.157
G01 X83.560 Y214.596
G01 X77.843 Y218.051
G01 X71.515 Y222.335
G01 X64.593 Y230.072
G01 X60.096 Y236.176
G01 X57.756 Y245.297
G01 X57.653 Y245.750
G01 X56.224 Y254.933
G01 X56.426 Y264.300
G01 X56.435 Y264.494
G01 X57.458 Y271.626
G01 X59.076 Y275.922
G01 X53.985 Y276.724
G01 X51.943 Y270.618
G01 X49.911 Y263.288
G01 X47.474 Y256.974
G01 X47.264 Y248.205
G01 X48.904 Y245.550
G01 X51.148 Y236.591
G01 X50.739 Y228.233
G01 X46.655 Y228.847
G01 X42.970 Y235.987
G01 X42.765 Y242.499
G01 X41.154 Y251.462
G01 X41.135 Y261.575
G01 X41.146 Y262.052
G01 X44.824 Y269.797
G01 X47.472 Y275.909
G01 X41.550 Y280.809
G01 X37.692 Y272.649
G01 X34.818 Y263.271
G01 X32.995 Y252.880
G01 X34.178 Y242.423
G01 X34.833 Y238.023
G01 X36.873 Y230.285
G01 X41.953 Y223.151
G01 X46.244 Y222.533
G01 X50.122 Y222.324
G01 X58.660 Y226.566
G01 X56.053 Y235.702
G01 X55.543 Y237.722
G01 X54.102 Y243.052
G01 X52.293 Y250.463
G01 X52.802 Y259.176
G01 X55.411 Y267.248
G01 X55.540 Y272.564
G01 X57.874 Y279.334
G01 X58.793 Y283.499
G01 X58.293 Y293.163
G01 X58.230 Y297.737
G01 X55.574 Y299.430
G01 X58.285 Y302.148
G01 X60.555 Y301.841
G01 X61.219 Y299.889
G01 X59.516 Y296.980
G01 X58.308 Y296.069
G01 X54.996 Y296.149
G01 X52.481 Y297.954
G01 X51.775 Y301.272
G01 X52.029 Y304.614
G01 X54.546 Y307.031
G01 X59.467 Y308.158
G01 X62.296 Y306.873
G01 X64.706 Y304.560
G01 X65.372 Y299.490
G01 X65.995 Y297.852
G01 X64.909 Y293.739
G01 X62.090 Y290.921
G01 X58.513 Y290.625
G01 X51.871 Y290.514
G01 X48.680 Y293.221
G01 X46.230 Y295.951
G01 X45.557 Y300.195
G01 X45.613 Y305.070
G01 X49.376 Y310.519
G01 X55.564 Y312.635
G01 X61.613 Y312.622
G01 X66.343 Y310.915
G01 X70.146 Y308.423
G01 X71.604 Y303.691
G01 X71.474 Y296.473
G01 X70.676 Y291.079
G01 X65.300 Y287.932
G01 X57.157 Y284.656
G01 X49.392 Y284.389
G01 X43.735 Y286.231
G01 X42.161 Y295.293
G01 X41.886 Y303.560
G01 X41.640 Y313.018
G01 X52.024 Y317.099
G01 X57.661 Y318.272
G01 X66.878 Y317.748
G01 X73.837 Y314.332
G01 X76.737 Y309.343
G01 X77.510 Y300.026
G01 X77.648 Y294.244
G01 X74.066 Y286.220
G01 X73.961 Y285.969
G01 X68.455 Y282.014
G01 X61.995 Y279.922
G01 X53.453 Y279.661
G01 X41.550 Y280.809
G01 X39.051 Y285.408
G01 X35.407 Y290.379
G01 X34.233 Y295.427
G01 X33.486 Y305.202
G01 X34.528 Y313.239
G01 X38.126 Y318.523
G01 X41.730 Y322.986
G01 X46.823 Y322.964
G01 X52.762 Y322.672
G01 X60.593 Y324.266
G01 X64.589 Y324.005
G01 X74.810 Y323.204
G01 X78.649 Y321.494
G01 X82.502 Y315.126
G01 X83.838 Y311.793
G01 X85.553 Y306.221
G01 X86.213 Y304.762
G01 X93.929 Y308.605
G01 X97.652 Y307.283
G01 X107.863 Y307.816
G01 X112.916 Y305.288
G01 X116.501 Y304.506
G01 X121.158 Y303.574
G01 X121.130 Y306.348
G01 X119.293 Y311.933
G01 X112.798 Y312.725
G01 X107.999 Y312.333
G01 X101.773 Y312.058
G01 X88.870 Y309.675
G01 X86.353 Y310.208
G01 X86.345 Y314.054
G01 X97.513 Y314.593
G01 X102.956 Y314.721
G01 X114.508 Y314.989
G01 X116.910 Y316.440
G01 X108.665 Y317.245
G01 X100.558 Y317.372
G01 X90.876 Y318.822
G01 X79.552 Y319.983
G01 X70.950 Y322.156
G01 X63.783 Y325.858
G01 X55.144 Y329.846
G01 X47.449 Y334.367
G01 X40.672 Y338.075
G01 X33.961 Y340.949
G01 X26.448 Y345.220
G01 X24.175 Y349.661
G01 X21.890 Y354.220
G01 X24.160 Y355.838
G01 X30.603 Y353.273
G01 X38.380 Y347.245
G01 X44.424 Y344.286
G01 X55.413 Y340.680
G01 X59.189 Y336.389
G01 X66.034 Y332.766
G01 X71.126 Y330.620
G01 X80.792 Y327.935
G01 X87.893 Y324.584
G01 X97.963 Y322.572
G01 X106.272 Y323.646
G01 X116.609 Y322.435
G01 X126.271 Y323.778
G01 X126.004 Y326.466
G01 X119.822 Y328.743
G01 X110.972 Y328.880
G01 X102.517 Y328.886
G01 X96.881 Y329.679
G01 X88.155 Y333.307
G01 X78.505 Y335.447
G01 X73.672 Y338.655
G01 X65.222 Y343.619
G01 X55.820 Y346.309
G01 X49.916 Y348.857
G01 X41.730 Y352.487
G01 X38.384 Y355.156
G01 X32.870 Y358.108
G01 X31.538 Y359.989
G01 X30.768 Y364.901
G01 X34.665 Y363.673
G01 X40.592 Y359.240
G01 X44.761 Y357.233
G01 X52.568 Y353.994
G01 X56.492 Y352.112
G01 X65.625 Y349.559
G01 X70.748 Y346.733
G01 X77.355 Y344.832
G01 X83.543 Y339.321
G01 X89.202 Y336.493
G01 X94.307 Y335.022
G01 X104.549 Y332.865
G01 X110.463 Y333.542
G01 X120.166 Y333.010
G01 X124.745 Y335.298
G01 X128.112 Y336.767
G01 X127.170 Y339.588
G01 X123.130 Y340.679
G01 X114.237 Y339.338
G01 X103.596 Y340.815
G01 X95.523 Y344.033
G01 X87.714 Y346.591
G01 X80.580 Y348.737
G01 X75.741 Y353.057
G01 X69.000 Y355.882
G01 X59.579 Y360.054
G01 X55.536 Y361.947
G01 X48.129 Y365.300
G01 X41.942 Y369.345
G01 X34.925 Y372.833
G01 X33.591 Y374.992
G01 X42.083 Y376.736
G01 X46.106 Y373.771
G01 X48.803 Y371.754
G01 X58.098 Y367.856
G01 X64.024 Y363.546
G01 X69.806 Y358.699
G01 X80.044 Y354.530
G01 X86.223 Y352.514
G01 X91.764 Y350.350
G01 X105.622 Y344.985
G01 X110.886 Y343.759
G01 X123.126 Y343.510
G01 X125.674 Y345.519
G01 X120.574 Y347.132
G01 X100.922 Y350.954
G01 X97.282 Y351.465
G01 X82.384 Y357.507
G01 X72.849 Y363.993
G01 X65.287 Y368.966
G01 X57.074 Y375.012
G01 X50.152 Y382.992
G01 X43.885 Y387.112
G01 X45.612 Y393.373
G01 X48.634 Y396.606
G01 X49.287 Y390.557
G01 X57.078 Y384.065
G01 X62.918 Y378.029
G01 X69.394 Y373.055
G01 X76.746 Y368.084
G01 X84.752 Y361.617
G01 X97.065 Y357.716
G01 X100.752 Y354.918
G01 X110.467 Y354.910
G01 X117.604 Y354.707
G01 X126.033 Y354.911
G01 X134.256 Y355.562
G01 X143.247 Y357.132
G01 X150.251 Y357.930
G01 X156.517 Y360.312
G01 X162.169 Y364.233
G01 X162.791 Y364.639
G01 X164.946 Y367.446
G01 X167.327 Y364.538
G01 X166.813 Y362.837
G01 X164.275 Y360.202
G01 X159.648 Y362.473
G01 X158.055 Y364.368
G01 X158.237 Y368.268
G01 X159.672 Y371.425
G01 X163.497 Y373.892
G01 X168.267 Y373.882
G01 X171.158 Y370.485
G01 X172.007 Y367.845
G01 X173.290 Y363.596
G01 X172.347 Y358.079
G01 X169.715 Y355.615
G01 X164.361 Y354.677
G01 X159.258 Y354.759
G01 X155.769 Y356.721
G01 X153.385 Y359.118
G01 X151.686 Y362.319
G01 X150.747 Y365.906
G01 X151.010 Y371.081
G01 X152.963 Y374.555
G01 X155.845 Y377.363
G01 X161.291 Y379.747
G01 X166.143 Y379.923
G01 X170.736 Y378.901
G01 X173.792 Y376.945
G01 X176.338 Y373.804
G01 X177.966 Y369.887
G01 X178.382 Y366.316
G01 X178.118 Y360.040
G01 X177.271 Y357.656
G01 X175.925 Y355.098
G01 X174.638 Y353.661
G01 X170.556 Y351.276
G01 X166.814 Y350.090
G01 X161.555 Y349.153
G01 X156.183 Y348.820
G01 X151.248 Y350.440
G01 X148.368 Y352.124
G01 X145.907 Y355.353
G01 X143.440 Y360.115
G01 X142.415 Y364.876
G01 X142.752 Y372.607
G01 X145.564 Y378.639
G01 X148.793 Y381.947
G01 X152.281 Y384.851
G01 X155.172 Y386.707
G01 X161.708 Y388.420
G01 X165.201 Y388.175
G01 X169.547 Y387.988
G01 X176.172 Y386.545
G01 X178.382 Y383.586
G01 X181.528 Y381.446
G01 X184.158 Y376.950
G01 X185.337 Y371.989
G01 X185.679 Y367.304
G01 X186.039 Y363.225
G01 X185.771 Y359.769
G01 X185.688 Y358.623
G01 X188.709 Y360.785
G01 X191.441 Y362.255
G01 X194.599 Y364.837
G01 X196.818 Y367.305
G01 X195.433 Y372.076
G01 X194.639 Y377.231
G01 X193.035 Y381.656
G01 X190.566 Y385.007
G01 X187.018 Y388.476
G01 X181.522 Y390.870
G01 X177.454 Y393.865
G01 X172.654 Y395.740
G01 X165.395 Y396.875
G01 X157.241 Y394.853
G01 X149.569 Y391.471
G01 X147.044 Y390.255
G01 X143.160 Y387.137
G01 X137.724 Y380.719
G01 X135.532 Y377.934
G01 X133.753 Y372.891
G01 X134.716 Y364.026
G01 X135.971 Y357.207
G01 X138.720 Y352.593
G01 X143.953 Y347.014
G01 X145.369 Y346.046
G01 X139.050 Y345.449
G01 X134.065 Y347.014
G01 X132.506 Y353.555
G01 X131.234 Y362.499
G01 X129.673 Y372.456
G01 X130.230 Y380.718
G01 X133.646 Y387.398
G01 X139.338 Y392.367
G01 X145.594 Y396.788
G01 X150.309 Y400.192
G01 X157.549 Y402.333
G01 X166.093 Y403.465
G01 X176.279 Y401.547
G01 X178.472 Y401.038
G01 X183.878 Y399.764
G01 X188.585 Y396.915
G01 X194.264 Y390.534
G01 X196.108 Y383.418
G01 X199.245 Y376.727
G01 X200.456 Y369.194
G01 X203.796 Y371.897
G01 X207.496 Y375.026
G01 X211.173 Y377.256
G01 X209.635 Y385.112
G01 X208.075 Y390.802
G01 X203.655 Y397.923
G01 X198.966 Y403.454
G01 X192.125 Y408.719
G01 X184.443 Y411.713
G01 X175.237 Y411.793
G01 X172.637 Y411.723
G01 X163.324 Y410.962
G01 X157.982 Y410.288
G01 X150.292 Y407.584
G01 X142.134 Y403.673
G01 X141.473 Y403.334
G01 X134.090 Y398.177
G01 X132.218 Y396.781
G01 X127.528 Y392.661
G01 X122.423 Y384.964
G01 X121.986 Y384.262
G01 X120.711 Y375.877
G01 X122.117 Y368.627
G01 X123.963 Y362.655
G01 X125.401 Y358.375
G01 X124.251 Y356.675
G01 X117.604 Y354.707
G01 X115.294 Y360.236
G01 X113.302 Y365.213
G01 X112.171 Y371.887
G01 X112.024 Y378.151
G01 X113.586 Y384.969
G01 X115.998 Y389.812
G01 X119.986 Y395.792
G01 X127.074 Y401.913
G01 X127.238 Y402.048
G01 X134.671 Y407.748
G01 X135.214 Y408.142
G01 X144.605 Y410.713
G01 X153.520 Y413.706
G01 X153.996 Y413.852
G01 X163.362 Y415.542
G01 X166.386 Y415.976
G01 X175.865 Y416.512
G01 X177.476 Y416.550
G01 X186.994 Y415.893
G01 X188.850 Y415.700
G01 X198.541 Y412.281
G01 X205.367 Y408.442
G01 X208.493 Y403.191
G01 X213.755 Y396.220
G01 X215.183 Y389.673
G01 X215.747 Y382.998
G01 X216.158 Y381.862
G01 X216.456 Y380.288
G01 X221.156 Y383.117
G01 X225.288 Y386.257
G01 X224.431 Y392.526
G01 X224.290 Y400.325
G01 X222.005 Y408.595
G01 X212.767 Y414.983
G01 X211.628 Y415.704
G01 X202.335 Y418.860
G01 X201.519 Y419.107
G01 X193.835 Y421.237
G01 X184.281 Y422.149
G01 X179.886 Y422.384
G01 X170.158 Y422.226
G01 X161.959 Y421.671
G01 X152.927 Y418.843
G01 X152.851 Y418.817
G01 X143.475 Y416.406
G01 X134.246 Y413.052
G01 X134.075 Y412.983
G01 X123.021 Y411.534
G01 X122.407 Y411.433
G01 X115.654 Y404.156
G01 X113.448 Y401.614
G01 X107.901 Y395.365
G01 X105.050 Y386.548
G01 X102.492 Y379.997
G01 X102.055 Y372.601
G01 X101.916 Y366.340
G01 X104.344 Y361.370
G01 X105.473 Y357.108
G01 X100.486 Y358.103
G01 X96.513 Y359.805
G01 X94.234 Y362.081
G01 X94.370 Y369.486
G01 X94.662 Y377.858
G01 X95.087 Y383.552
G01 X97.650 Y389.959
G01 X100.484 Y397.209
G01 X106.745 Y404.459
G01 X113.443 Y411.567
G01 X121.565 Y415.978
G01 X129.101 Y416.834
G01 X138.835 Y419.997
G01 X144.323 Y421.531
G01 X154.350 Y423.334
G01 X157.565 Y423.793
G01 X167.281 Y425.283
G01 X169.077 Y425.500
G01 X178.876 Y425.920
G01 X179.750 Y425.930
G01 X189.393 Y425.737
G01 X190.854 Y425.661
G01 X197.401 Y425.374
G01 X206.865 Y423.500
G01 X210.337 Y422.665
G01 X219.453 Y418.816
G01 X225.432 Y413.853
G01 X229.554 Y406.583
G01 X231.830 Y401.474
G01 X230.977 Y394.517
G01 X230.117 Y389.379
G01 X230.482 Y388.542
G01 X234.454 Y389.899
G01 X240.746 Y391.988
G01 X240.649 Y397.913
G01 X240.658 Y404.896
G01 X235.950 Y412.719
G01 X231.966 Y418.240
G01 X222.546 Y426.879
G01 X222.161 Y427.204
G01 X213.066 Y428.881
G01 X203.748 Y430.074
G01 X203.090 Y430.139
G01 X195.413 Y430.132
G01 X185.194 Y432.043
G01 X183.305 Y432.328
G01 X174.200 Y431.627
G01 X164.334 Y430.432
G01 X162.395 Y430.135
G01 X151.445 Y430.173
G01 X150.586 Y430.149
G01 X140.959 Y426.959
G01 X137.057 Y425.509
G01 X130.945 Y423.930
G01 X122.394 Y420.531
G01 X111.645 Y417.485
G01 X109.606 Y416.833
G01 X104.624 Y412.574
G01 X98.928 Y408.149
G01 X93.104 Y402.316
G01 X89.398 Y393.950
G01 X86.972 Y388.401
G01 X84.006 Y381.708
G01 X82.984 Y374.170
G01 X83.853 Y368.183
G01 X83.953 Y362.267
G01 X79.289 Y369.197
G01 X72.470 Y373.180
G01 X69.339 Y376.874
G01 X72.736 Y385.973
G01 X74.307 Y392.805
G01 X77.168 Y398.062
G01 X83.277 Y404.322
G01 X88.833 Y411.418
G01 X94.666 Y415.136
G01 X99.650 Y418.959
G01 X110.034 Y423.373
G01 X121.257 Y426.156
G01 X122.834 Y426.492
G01 X132.650 Y430.135
G01 X143.041 Y430.151
G01 X149.729 Y433.468
G01 X158.119 Y434.757
G01 X166.380 Y435.743
G01 X176.040 Y435.326
G01 X185.796 Y436.357
G01 X187.007 Y436.450
G01 X194.403 Y434.188
G01 X204.213 Y432.870
G01 X204.945 Y432.749
G01 X213.794 Y434.582
G01 X217.171 Y435.163
G01 X224.574 Y431.768
G01 X230.408 Y428.490
G01 X234.958 Y425.932
G01 X237.955 Y421.108
G01 X241.221 Y413.550
G01 X245.200 Y405.170
G01 X245.208 Y399.769
G01 X244.212 Y393.377
G01 X247.765 Y393.380
G01 X251.044 Y396.077
G01 X251.045 Y400.328
G01 X252.038 Y409.853
G01 X250.329 Y416.699
G01 X246.490 Y422.531
G01 X237.704 Y431.677
G01 X235.204 Y434.043
G01 X228.341 Y437.707
G01 X220.343 Y439.749
G01 X210.820 Y440.365
G01 X208.704 Y440.435
G01 X199.144 Y440.018
G01 X195.681 Y439.747
G01 X185.235 Y441.156
G01 X183.353 Y441.345
G01 X172.961 Y441.163
G01 X171.914 Y441.113
G01 X164.829 Y440.660
G01 X153.939 Y440.014
G01 X153.646 Y439.990
G01 X144.958 Y437.468
G01 X135.370 Y435.192
G01 X126.918 Y434.507
G01 X120.292 Y433.581
G01 X110.473 Y430.850
G01 X98.937 Y427.456
G01 X98.816 Y427.417
G01 X92.182 Y423.536
G01 X81.664 Y418.082
G01 X81.215 Y417.833
G01 X70.743 Y411.840
G01 X67.514 Y409.839
G01 X66.611 Y402.316
G01 X59.937 Y392.976
G01 X58.841 Y391.345
G01 X52.897 Y392.942
G01 X54.511 Y398.429
G01 X57.919 Y405.738
G01 X66.103 Y414.403
G01 X69.345 Y417.610
G01 X77.950 Y425.788
G01 X78.257 Y426.065
G01 X90.766 Y429.810
G01 X91.279 Y429.946
G01 X99.497 Y434.946
G01 X110.598 Y439.218
G01 X114.802 Y440.661
G01 X124.626 Y442.273
G01 X135.058 Y446.293
G01 X137.199 Y447.045
G01 X148.162 Y446.149
G01 X158.332 Y449.450
G01 X160.272 Y450.017
G01 X171.459 Y448.430
G01 X181.807 Y449.825
G01 X186.307 Y450.264
G01 X196.733 Y450.279
G01 X197.958 Y450.245
G01 X208.346 Y449.011
G01 X209.164 Y448.889
G01 X219.042 Y448.798
G01 X222.404 Y448.654
G01 X232.432 Y444.125
G01 X236.123 Y442.264
G01 X245.448 Y436.876
G01 X247.774 Y435.406
G01 X254.158 Y428.564
G01 X257.135 Y421.706
G01 X258.735 Y415.538
G01 X258.506 Y406.179
G01 X257.804 Y396.228
G01 X261.585 Y396.497
G01 X266.193 Y396.584
G01 X269.759 Y396.493
G01 X270.834 Y403.461
G01 X272.667 Y408.026
G01 X269.469 Y417.837
G01 X266.492 Y431.526
G01 X262.845 Y436.553
G01 X254.010 Y441.603
G01 X251.422 Y442.957
G01 X248.444 Y445.227
G01 X244.939 Y448.420
G01 X235.240 Y450.372
G01 X234.578 Y450.486
G01 X230.207 Y453.949
G01 X220.055 Y455.401
G01 X218.715 Y455.552
G01 X207.950 Y458.555
G01 X205.147 Y459.228
G01 X194.919 Y457.648
G01 X191.116 Y456.927
G01 X182.372 Y458.778
G01 X175.003 Y457.608
G01 X163.562 Y457.521
G01 X160.289 Y457.381
G01 X149.283 Y455.161
G01 X149.011 Y455.098
G01 X137.251 Y453.663
G01 X136.117 Y453.490
G01 X125.777 Y451.862
G01 X113.693 Y449.337
G01 X107.371 Y447.736
G01 X99.559 Y443.837
G01 X91.277 Y440.158
G01 X96.809 Y445.434
G01 X106.215 Y452.849
G01 X107.373 Y453.712
G01 X118.940 Y457.814
G01 X124.173 Y459.450
G01 X133.838 Y462.447
G01 X145.778 Y464.519
G01 X157.645 Y465.930
G01 X169.403 Y466.694
G01 X173.287 Y466.805
G01 X179.181 Y466.447
G01 X190.218 Y466.423
G01 X200.882 Y468.262
G01 X206.422 Y469.007
G01 X217.707 Y465.956
G01 X227.399 Y462.760
G01 X237.806 Y460.884
G01 X241.006 Y460.192
G01 X251.105 Y457.730
G01 X260.948 Y454.780
G01 X263.455 Y453.938
G01 X268.616 Y451.362
G01 X272.662 Y442.531
G01 X275.971 Y435.172
G01 X277.180 Y429.474
G01 X278.783 Y422.531
G01 X278.492 Y415.435
G01 X278.628 Y408.655
G01 X277.621 Y403.858
G01 X276.627 Y399.341
G01 X276.062 Y396.625
G01 X278.769 Y396.357
G01 X280.551 Y395.308
G01 X281.125 Y395.325
G01 X283.359 Y399.978
G01 X285.436 Y405.747
G01 X287.181 Y412.268
G01 X286.880 Y418.060
G01 X284.038 Y436.560
G01 X281.256 Y442.261
G01 X277.319 Y449.966
G01 X271.346 Y456.082
G01 X262.449 Y460.762
G01 X252.332 Y464.103
G01 X249.284 Y464.995
G01 X240.863 Y468.743
G01 X230.042 Y471.606
G01 X227.280 Y472.239
G01 X215.949 Y475.442
G01 X213.710 Y475.995
G01 X202.483 Y475.841
G01 X196.390 Y475.521
G01 X184.707 Y475.796
G01 X180.478 Y475.745
G01 X168.450 Y475.608
G01 X161.991 Y475.272
G01 X151.004 Y472.240
G01 X160.993 Y478.942
G01 X167.612 Y482.990
G01 X173.686 Y484.401
G01 X185.910 Y484.673
G01 X188.683 Y484.647
G01 X194.524 Y484.865
G01 X204.588 Y485.346
G01 X214.658 Y485.807
G01 X222.148 Y484.165
G01 X233.563 Y483.963
G01 X238.519 Y483.697
G01 X249.770 Y479.327
G01 X250.469 Y479.031
G01 X261.360 Y475.940
G01 X261.932 Y475.761
G01 X271.532 Y472.243
G01 X279.002 Y465.692
G01 X283.702 Y462.191
G01 X289.540 Y454.468
G01 X293.985 Y444.170
G01 X295.399 Y436.456
G01 X295.858 Y423.130
G01 X294.454 Y413.538
G01 X291.892 Y399.977
G01 X288.373 Y396.459
G01 X288.373 Y395.288
G01 X292.823 Y392.704
G01 X295.858 Y392.014
G01 X299.371 Y396.225
G01 X302.181 Y402.783
G01 X303.590 Y409.083
G01 X303.817 Y420.555
G01 X307.107 Y436.221
G01 X304.760 Y450.951
G01 X302.411 Y456.809
G01 X296.327 Y464.764
G01 X290.721 Y469.209
G01 X284.391 Y473.869
G01 X274.064 Y479.884
G01 X271.285 Y481.374
G01 X260.283 Y485.956
G01 X253.036 Y488.606
G01 X241.559 Y490.718
G01 X229.821 Y491.608
G01 X221.676 Y491.882
G01 X214.009 Y492.910
G01 X225.732 Y494.966
G01 X233.034 Y495.951
G01 X244.951 Y495.935
G01 X250.406 Y495.733
G01 X262.287 Y495.279
G01 X262.605 Y495.257
G01 X273.169 Y494.070
G01 X284.628 Y490.518
G01 X286.564 Y489.855
G01 X292.676 Y484.447
G01 X301.597 Y476.255
G01 X306.534 Y468.977
G01 X309.347 Y461.691
G01 X313.336 Y450.194
G01 X314.511 Y438.683
G01 X314.742 Y432.117
G01 X311.865 Y420.877
G01 X310.381 Y407.148
G01 X309.626 Y401.314
G01 X306.335 Y394.481
G01 X305.039 Y391.744
G01 X303.811 Y388.627
G01 X302.549 Y386.553
G01 X304.544 Y384.749
G01 X308.412 Y385.526
G01 X310.120 Y388.564
G01 X320.863 Y394.571
G01 X329.786 Y399.502
G01 X339.413 Y411.702
G01 X339.881 Y414.754
G01 X341.746 Y421.316
G01 X337.537 Y423.906
G01 X334.240 Y417.815
G01 X332.594 Y412.401
G01 X337.073 Y407.481
G01 X339.408 Y408.192
G01 X344.803 Y411.466
G01 X346.695 Y419.680
G01 X345.513 Y430.009
G01 X339.161 Y431.409
G01 X335.181 Y427.885
G01 X327.893 Y416.855
G01 X326.959 Y411.928
G01 X329.312 Y406.304
G01 X334.711 Y403.475
G01 X341.757 Y404.646
G01 X350.911 Y407.007
G01 X352.556 Y412.885
G01 X353.740 Y421.560
G01 X352.321 Y434.938
G01 X344.348 Y436.338
G01 X332.811 Y435.688
G01 X332.367 Y435.648
G01 X331.418 Y435.180
G01 X326.014 Y426.247
G01 X320.863 Y416.396
G01 X321.317 Y408.406
G01 X323.674 Y403.727
G01 X330.007 Y399.721
G01 X337.532 Y399.031
G01 X347.958 Y399.322
G01 X351.391 Y399.272
G01 X356.549 Y406.771
G01 X358.429 Y412.881
G01 X360.549 Y431.422
G01 X360.088 Y439.396
G01 X351.390 Y442.673
G01 X341.057 Y444.565
G01 X331.885 Y441.977
G01 X322.496 Y435.874
G01 X318.985 Y426.261
G01 X318.269 Y425.312
G01 X316.625 Y418.033
G01 X314.986 Y404.183
G01 X318.273 Y395.728
G01 X324.884 Y391.562
G01 X326.020 Y390.800
G01 X332.837 Y389.168
G01 X342.920 Y389.816
G01 X346.456 Y389.884
G01 X350.693 Y390.820
G01 X359.136 Y395.259
G01 X362.671 Y398.325
G01 X366.401 Y408.646
G01 X368.526 Y415.695
G01 X369.244 Y424.615
G01 X369.238 Y438.209
G01 X366.649 Y445.486
G01 X359.373 Y450.666
G01 X347.016 Y450.909
G01 X345.743 Y450.892
G01 X333.522 Y450.001
G01 X333.076 Y449.954
G01 X327.910 Y448.082
G01 X318.516 Y444.320
G01 X316.392 Y452.529
G01 X315.697 Y457.471
G01 X322.030 Y458.879
G01 X329.539 Y458.865
G01 X341.744 Y459.574
G01 X353.269 Y460.279
G01 X358.888 Y459.572
G01 X365.471 Y458.406
G01 X372.763 Y451.356
G01 X374.165 Y445.740
G01 X375.571 Y435.393
G01 X376.284 Y422.962
G01 X374.647 Y410.764
G01 X372.057 Y401.845
G01 X367.597 Y393.626
G01 X363.356 Y389.161
G01 X357.960 Y384.954
G01 X348.802 Y382.584
G01 X342.931 Y381.891
G01 X334.124 Y382.885
G01 X331.651 Y383.066
G01 X323.448 Y383.069
G01 X319.219 Y384.245
G01 X314.756 Y385.880
G01 X310.749 Y381.656
G01 X311.943 Y381.197
G01 X317.570 Y378.379
G01 X321.088 Y375.800
G01 X325.551 Y373.434
G01 X326.109 Y368.060
G01 X328.758 Y364.732
G01 X329.705 Y357.624
G01 X329.937 Y350.963
G01 X330.896 Y346.468
G01 X336.590 Y343.625
G01 X340.148 Y344.583
G01 X345.365 Y347.423
G01 X349.163 Y347.428
G01 X351.296 Y346.001
G01 X350.589 Y342.670
G01 X346.312 Y341.259
G01 X341.334 Y343.862
G01 X339.902 Y349.307
G01 X342.038 Y353.113
G01 X345.613 Y354.773
G01 X352.485 Y355.240
G01 X358.801 Y351.214
G01 X359.844 Y350.504
G01 X358.187 Y345.764
G01 X355.577 Y338.649
G01 X347.981 Y333.425
G01 X340.220 Y335.026
G01 X336.816 Y335.555
G01 X335.870 Y339.120
G01 X330.780 Y342.542
G01 X330.179 Y342.922
G01 X333.027 Y349.796
G01 X334.455 Y354.300
G01 X341.091 Y357.607
G01 X347.264 Y361.887
G01 X355.163 Y359.490
G01 X356.503 Y359.033
G01 X361.023 Y354.286
G01 X363.636 Y350.978
G01 X364.101 Y345.281
G01 X362.680 Y339.103
G01 X360.375 Y333.719
G01 X353.925 Y328.465
G01 X347.237 Y328.699
G01 X339.815 Y329.653
G01 X334.180 Y332.492
G01 X329.792 Y334.434
G01 X328.124 Y336.103
G01 X326.925 Y328.940
G01 X323.830 Y322.260
G01 X320.237 Y317.721
G01 X319.038 Y313.896
G01 X324.527 Y315.802
G01 X329.560 Y317.005
G01 X331.458 Y317.238
G01 X330.513 Y318.916
G01 X330.024 Y322.973
G01 X330.753 Y326.317
G01 X331.218 Y326.543
G01 X335.264 Y322.769
G01 X336.960 Y321.069
G01 X337.430 Y320.102
G01 X339.593 Y319.159
G01 X339.821 Y322.251
G01 X339.590 Y323.933
G01 X345.077 Y321.529
G01 X353.216 Y321.069
G01 X353.689 Y321.071
G01 X362.526 Y322.499
G01 X364.202 Y323.691
G01 X366.817 Y328.703
G01 X370.178 Y334.432
G01 X373.514 Y342.547
G01 X371.906 Y350.916
G01 X371.852 Y351.158
G01 X369.221 Y358.079
G01 X367.296 Y363.091
G01 X363.007 Y366.905
G01 X357.018 Y369.055
G01 X349.863 Y369.048
G01 X343.883 Y368.571
G01 X334.341 Y364.762
G01 X332.192 Y362.855
G01 X331.224 Y365.953
G01 X330.517 Y369.541
G01 X330.028 Y371.454
G01 X336.479 Y374.786
G01 X347.481 Y377.658
G01 X353.923 Y377.655
G01 X360.852 Y376.462
G01 X367.777 Y373.355
G01 X371.371 Y370.501
G01 X372.559 Y363.087
G01 X376.384 Y357.591
G01 X378.455 Y349.851
G01 X378.317 Y341.293
G01 X376.490 Y334.688
G01 X381.588 Y339.582
G01 X383.911 Y336.659
G01 X386.935 Y335.197
G01 X393.301 Y331.115
G01 X398.755 Y328.192
G01 X403.549 Y325.807
G01 X408.576 Y325.191
G01 X415.151 Y323.764
G01 X407.836 Y316.589
G01 X405.856 Y315.336
G01 X403.252 Y314.718
G01 X401.572 Y317.744
G01 X399.686 Y321.922
G01 X394.889 Y326.307
G01 X391.542 Y328.928
G01 X385.791 Y330.488
G01 X380.961 Y331.745
G01 X375.719 Y332.086
G01 X374.713 Y328.660
G01 X384.747 Y325.716
G01 X387.942 Y324.610
G01 X392.151 Y318.440
G01 X396.907 Y312.751
G01 X398.709 Y306.249
G01 X401.451 Y305.495
G01 X408.552 Y312.146
G01 X414.305 Y318.511
G01 X422.644 Y321.691
G01 X426.136 Y331.212
G01 X428.475 Y343.048
G01 X429.158 Y347.570
G01 X433.209 Y361.548
G01 X433.995 Y364.800
G01 X438.983 Y380.925
G01 X440.055 Y385.089
G01 X444.555 Y382.899
G01 X442.577 Y379.103
G01 X437.551 Y377.577
G01 X432.811 Y380.314
G01 X430.213 Y384.123
G01 X431.754 Y388.396
G01 X435.264 Y391.134
G01 X442.420 Y393.271
G01 X450.652 Y390.977
G01 X451.719 Y387.155
G01 X452.484 Y377.428
G01 X450.642 Y374.519
G01 X444.407 Y369.641
G01 X434.644 Y369.655
G01 X429.774 Y369.798
G01 X421.834 Y375.269
G01 X421.237 Y384.574
G01 X421.983 Y393.720
G01 X426.570 Y396.309
G01 X437.233 Y400.127
G01 X443.514 Y400.786
G01 X439.389 Y408.655
G01 X438.148 Y409.906
G01 X430.182 Y406.438
G01 X425.202 Y402.611
G01 X421.744 Y399.925
G01 X417.245 Y393.880
G01 X415.513 Y387.760
G01 X414.365 Y381.142
G01 X415.315 Y374.312
G01 X416.857 Y371.173
G01 X422.121 Y365.987
G01 X425.207 Y363.196
G01 X430.950 Y362.242
G01 X439.692 Y361.486
G01 X445.534 Y362.709
G01 X453.508 Y367.043
G01 X457.636 Y371.351
G01 X460.303 Y376.624
G01 X464.240 Y375.675
G01 X466.361 Y370.397
G01 X467.038 Y365.692
G01 X464.923 Y360.988
G01 X453.138 Y351.483
G01 X446.526 Y348.853
G01 X440.665 Y347.483
G01 X429.888 Y346.861
G01 X422.336 Y349.170
G01 X416.323 Y352.543
G01 X410.477 Y356.393
G01 X406.471 Y362.096
G01 X404.021 Y372.108
G01 X403.546 Y373.805
G01 X404.776 Y385.649
G01 X406.923 Y390.885
G01 X410.317 Y397.040
G01 X414.167 Y402.122
G01 X422.644 Y407.971
G01 X430.497 Y413.196
G01 X431.726 Y415.209
G01 X431.286 Y415.672
G01 X421.413 Y410.893
G01 X409.861 Y405.656
G01 X403.994 Y397.348
G01 X398.923 Y389.054
G01 X394.462 Y378.721
G01 X393.611 Y366.101
G01 X393.530 Y365.339
G01 X394.452 Y357.798
G01 X398.617 Y350.863
G01 X408.774 Y347.326
G01 X417.247 Y343.322
G01 X427.111 Y341.171
G01 X434.054 Y341.312
G01 X440.982 Y343.315
G01 X454.060 Y346.695
G01 X463.777 Y349.951
G01 X467.014 Y353.481
G01 X470.551 Y356.088
G01 X466.082 Y345.310
G01 X461.150 Y339.615
G01 X450.830 Y334.990
G01 X437.893 Y332.688
G01 X427.728 Y331.624
G01 X419.708 Y331.769
G01 X411.702 Y332.086
G01 X402.303 Y336.072
G01 X394.904 Y340.389
G01 X389.051 Y346.088
G01 X384.871 Y353.329
G01 X384.593 Y353.781
G01 X384.418 Y364.375
G01 X384.296 Y366.562
G01 X384.752 Y378.772
G01 X384.744 Y380.720
G01 X388.759 Y385.802
G01 X393.832 Y395.199
G01 X399.697 Y403.509
G01 X405.694 Y408.284
G01 X419.090 Y418.129
G01 X422.677 Y420.054
G01 X424.124 Y424.615
G01 X422.782 Y427.028
G01 X418.040 Y428.780
G01 X415.129 Y426.937
G01 X407.163 Y420.345
G01 X403.884 Y417.255
G01 X397.668 Y412.506
G01 X393.695 Y408.901
G01 X391.014 Y406.274
G01 X385.639 Y400.894
G01 X382.720 Y396.810
G01 X380.282 Y392.331
G01 X376.957 Y384.891
G01 X375.394 Y378.946
G01 X374.410 Y373.290
G01 X374.132 Y371.244
G01 X371.683 Y376.125
G01 X369.058 Y377.792
G01 X365.148 Y378.848
G01 X369.924 Y384.993
G01 X373.149 Y387.933
G01 X375.293 Y391.540
G01 X378.038 Y397.066
G01 X382.365 Y402.255
G01 X385.493 Y409.695
G01 X390.284 Y413.998
G01 X396.276 Y420.881
G01 X399.312 Y423.465
G01 X403.124 Y426.358
G01 X405.339 Y429.377
G01 X406.583 Y431.115
G01 X407.812 Y433.135
G01 X407.934 Y436.337
G01 X407.756 Y439.973
G01 X404.902 Y438.862
G01 X399.373 Y435.221
G01 X395.986 Y431.470
G01 X390.429 Y423.961
G01 X385.247 Y417.800
G01 X382.479 Y413.986
G01 X377.803 Y407.692
G01 X377.916 Y407.826
G01 X379.211 Y412.939
G01 X381.677 Y419.838
G01 X381.850 Y426.785
G01 X382.163 Y434.622
G01 X381.376 Y453.325
G01 X381.370 Y453.406
G01 X374.414 Y461.317
G01 X362.888 Y465.167
G01 X362.178 Y465.382
G01 X349.967 Y466.699
G01 X337.118 Y466.146
G01 X335.926 Y466.055
G01 X326.995 Y467.226
G01 X317.020 Y471.298
G01 X307.738 Y480.029
G01 X301.414 Y485.425
G01 X312.830 Y482.834
G01 X322.916 Y480.047
G01 X334.518 Y477.534
G01 X346.056 Y474.423
G01 X347.466 Y474.001
G01 X358.430 Y469.326
G01 X369.177 Y464.103
G01 X374.414 Y461.317
G01 X383.731 Y453.754
G01 X387.478 Y450.486
G01 X398.380 Y445.139
G01 X407.756 Y439.973
G01 X415.606 Y430.701
G01 X416.055 Y430.141
G01 X427.272 Y426.788
G01 X435.558 Y417.739
G01 X443.389 Y408.292
G01 X444.870 Y406.394
G01 X450.207 Y395.161
G01 X450.849 Y393.706
G01 X458.827 Y384.369
G01 X463.984 Y377.797
G01 X468.493 Y366.327
G01 X472.401 Y354.715
G01 X472.804 Y353.401
G01 X474.716 Y345.680
G01 X469.527 Y337.679
G01 X459.795 Y330.778
G01 X450.297 Y324.511
G01 X435.620 Y319.976
G01 X421.579 Y315.891
G01 X412.069 Y308.978
G01 X404.288 Y299.470
G01 X401.050 Y291.502
G01 X400.956 Y283.555
G01 X400.917 Y282.603
G01 X400.072 Y275.493
G01 X397.896 Y267.671
G01 X397.474 Y266.326
G01 X393.516 Y260.721
G01 X385.439 Y254.700
G01 X378.170 Y251.006
G01 X369.971 Y248.000
G01 X358.756 Y242.993
G01 X356.399 Y242.087
G01 X348.468 Y242.002
G01 X342.785 Y243.383
G01 X338.394 Y245.792
G01 X331.671 Y246.394
G01 X325.979 Y246.737
G01 X317.793 Y247.860
G01 X310.997 Y247.081
G01 X304.719 Y245.707
G01 X300.030 Y243.675
G01 X299.711 Y243.553
G01 X297.647 Y241.346
G01 X295.495 Y239.316
G01 X293.272 Y237.467
G01 X292.567 Y236.930
G01 X289.149 Y235.792
G01 X285.734 Y234.946
G01 X282.344 Y234.390
G01 X281.861 Y234.334
G01 X276.469 Y235.369
G01 X274.167 Y235.974
G01 X271.587 Y235.879
G01 X269.067 Y235.991
G01 X266.620 Y236.306
G01 X266.457 Y236.334
G01 X265.152 Y235.833
G01 X263.846 Y235.417
G01 X262.543 Y235.085
G01 X261.249 Y234.837
G01 X260.841 Y234.776
G01 X260.120 Y233.797
G01 X259.338 Y232.846
G01 X258.490 Y231.924
G01 X257.584 Y231.036
G01 X256.615 Y230.187
G01 X256.613 Y230.184
G01 X255.648 Y229.204
G01 X254.609 Y228.264
G01 X253.498 Y227.368
G01 X252.317 Y226.522
G01 X251.068 Y225.730
G01 X249.779 Y225.011
G01 X248.433 Y223.704
G01 X246.965 Y222.463
G01 X245.378 Y221.298
G01 X243.677 Y220.217
G01 X241.866 Y219.227
G01 X239.951 Y218.339
G01 X237.936 Y217.558
G01 X236.973 Y217.236
G01 X234.421 Y215.412
G01 X231.667 Y213.757
G01 X228.723 Y212.286
G01 X225.600 Y211.014
G01 X224.375 Y210.587
G01 X221.236 Y209.965
G01 X217.984 Y209.552
G01 X214.631 Y209.357
G01 X211.193 Y209.389
G01 X207.682 Y209.656
G01 X206.687 Y209.774
G01 X203.118 Y210.363
G01 X199.513 Y211.201
G01 X197.274 Y211.845
G01 X190.569 Y210.766
G01 X183.649 Y210.255
G01 X176.554 Y210.327
G01 X169.326 Y210.999
G01 X166.405 Y211.439
G01 X156.715 Y211.891
G01 X146.894 Y213.200
G01 X146.668 Y213.241
G01 X133.754 Y214.399
G01 X126.918 Y215.481
G01 X114.807 Y210.919
G01 X105.872 Y207.917
G01 X97.083 Y203.668
G01 X90.891 Y203.218
G01 X86.545 Y204.288
G01 X81.432 Y205.964
G01 X76.024 Y209.063
G01 X71.410 Y211.985
G01 X68.839 Y215.441
G01 X67.867 Y218.445
G01 X66.012 Y222.313
G01 X63.498 Y224.651
G01 X62.732 Y227.057
G01 X59.605 Y228.500
G01 X54.417 Y229.844
G01 X49.336 Y230.003
G01 X46.064 Y230.001
G01 X43.654 Y229.946
G01 X42.601 Y227.230
G01 X43.375 Y225.214
G01 X46.560 Y225.002
G01 X50.637 Y225.101
G01 X54.399 Y224.444
G01 X56.088 Y223.330
G01 X59.200 Y218.929
G01 X60.390 Y216.691
G01 X61.154 Y211.735
G01 X62.279 Y208.890
G01 X65.466 Y206.553
G01 X70.472 Y205.048
G01 X72.865 Y204.560
G01 X73.755 Y203.986
G01 X69.175 Y203.830
G01 X64.165 Y203.376
G01 X61.825 Y203.212
G01 X57.149 Y204.665
G01 X54.070 Y208.620
G01 X53.356 Y211.689
G01 X51.017 Y216.307
G01 X49.554 Y218.317
G01 X45.568 Y219.806
G01 X42.493 Y219.859
G01 X41.541 Y219.640
G01 X36.571 Y219.361
G01 X33.709 Y221.148
G01 X31.595 Y223.710
G01 X29.732 Y231.236
G01 X28.984 Y240.884
G01 X27.873 Y248.659
G01 X27.728 Y255.500
G01 X28.353 Y266.245
G01 X28.483 Y267.754
G01 X32.629 Y276.559
G01 X35.323 Y281.208
G01 X29.203 Y290.745
G01 X27.511 Y302.228
G01 X27.511 Y302.232
G01 X28.238 Y313.475
G01 X28.238 Y313.478
G01 X33.301 Y323.535
G01 X35.565 Y327.655
G01 X45.359 Y329.358
G01 X34.818 Y332.718
G01 X29.274 Y334.091
G01 X24.175 Y336.232
G01 X20.822 Y341.620
G01 X15.685 Y330.776
G01 X14.507 Y328.076
G01 X12.122 Y316.310
G01 X12.028 Y315.778
G01 X10.669 Y310.403
G01 X8.657 Y300.245
G01 X6.286 Y288.543
G01 X4.489 Y276.721
G01 X3.884 Y271.507
G01 X2.806 Y259.565
G01 X2.404 Y251.301
G01 X2.512 Y239.282
G01 X2.642 Y236.046
G01 X5.225 Y224.247
G01 X5.593 Y222.768
G01 X7.577 Y211.924
G01 X10.292 Y207.008
G01 X13.486 Y214.152
G01 X14.225 Y224.246
G01 X14.336 Y235.802
G01 X14.480 Y239.251
G01 X13.726 Y248.369
G01 X13.252 Y259.839
G01 X13.231 Y266.072
G01 X14.464 Y274.213
G01 X16.282 Y285.529
G01 X17.669 Y292.409
G01 X17.664 Y301.273
G01 X18.667 Y312.893
G01 X18.788 Y313.962
G01 X22.000 Y325.100
G01 X24.177 Y331.672
G01 X28.638 Y326.957
G01 X24.175 Y320.261
G01 X24.172 Y309.612
G01 X23.141 Y298.316
G01 X22.802 Y291.724
G01 X22.536 Y280.714
G01 X21.693 Y269.648
G01 X21.484 Y264.453
G01 X21.238 Y253.371
G01 X21.277 Y249.665
G01 X20.294 Y241.837
G01 X21.460 Y234.894
G01 X21.859 Y223.742
G01 X22.079 Y220.489
G01 X25.991 Y212.360
G01 X30.983 Y212.058
G01 X40.806 Y211.735
G01 X45.801 Y209.257
G01 X47.660 Y204.261
G01 X52.051 Y201.144
G01 X59.541 Y200.046
G01 X72.191 Y194.231
G01 X75.019 Y193.089
G01 X85.556 Y194.584
G01 X88.807 Y194.584
G01 X90.401 Y189.800
G01 X92.318 Y182.176
G01 X91.903 Y176.666
G01 X90.832 Y172.205
G01 X88.503 Y166.694
G01 X84.054 Y159.908
G01 X82.756 Y157.362
G01 X82.352 Y153.982
G01 X86.367 Y154.600
G01 X87.645 Y151.205
G01 X86.158 Y147.619
G01 X81.484 Y146.549
G01 X76.199 Y148.036
G01 X74.065 Y152.068
G01 X73.854 Y157.794
G01 X76.187 Y161.610
G01 X80.218 Y162.461
G01 X84.913 Y162.907
G01 X90.030 Y162.607
G01 X92.130 Y161.008
G01 X94.242 Y159.405
G01 X95.325 Y155.532
G01 X95.667 Y151.428
G01 X95.328 Y147.155
G01 X92.224 Y141.856
G01 X89.439 Y137.823
G01 X84.900 Y136.969
G01 X79.792 Y137.484
G01 X75.415 Y138.671
G01 X71.375 Y140.268
G01 X68.008 Y143.029
G01 X66.414 Y145.704
G01 X66.079 Y149.491
G01 X65.493 Y152.509
G01 X66.170 Y158.727
G01 X68.606 Y162.176
G01 X71.542 Y166.124
G01 X73.738 Y167.043
G01 X76.918 Y168.566
G01 X80.376 Y169.311
G01 X83.812 Y170.329
G01 X86.846 Y170.660
G01 X89.660 Y169.443
G01 X93.220 Y168.133
G01 X95.311 Y166.210
G01 X99.198 Y163.615
G01 X103.476 Y159.918
G01 X103.138 Y155.289
G01 X104.234 Y149.994
G01 X103.638 Y145.707
G01 X101.293 Y139.805
G01 X99.523 Y137.281
G01 X95.647 Y133.637
G01 X91.253 Y130.690
G01 X86.786 Y129.261
G01 X81.318 Y128.593
G01 X75.322 Y129.093
G01 X70.933 Y130.608
G01 X67.145 Y131.884
G01 X63.861 Y134.073
G01 X61.057 Y136.598
G01 X58.453 Y140.313
G01 X57.517 Y145.024
G01 X56.346 Y150.841
G01 X57.279 Y155.996
G01 X57.951 Y160.558
G01 X60.330 Y164.539
G01 X62.269 Y168.773
G01 X67.096 Y171.986
G01 X71.244 Y174.098
G01 X78.731 Y176.178
G01 X85.217 Y177.525
G01 X91.930 Y177.007
G01 X96.863 Y176.162
G01 X101.189 Y172.784
G01 X106.687 Y166.566
G01 X108.096 Y165.072
G01 X111.793 Y157.787
G01 X112.025 Y157.359
G01 X111.353 Y150.053
G01 X109.860 Y142.207
G01 X107.031 Y136.791
G01 X99.036 Y128.816
G01 X89.548 Y125.024
G01 X77.506 Y121.768
G01 X68.288 Y123.123
G01 X57.596 Y125.430
G01 X52.043 Y129.896
G01 X48.251 Y139.773
G01 X47.321 Y146.934
G01 X48.121 Y158.429
G01 X52.200 Y168.320
G01 X59.104 Y174.808
G01 X63.576 Y178.057
G01 X72.630 Y183.871
G01 X79.003 Y185.244
G01 X85.627 Y187.539
G01 X90.654 Y188.788
G01 X95.789 Y189.151
G01 X91.593 Y192.000
G01 X85.556 Y194.584
G01 X75.019 Y193.089
G01 X63.429 Y188.895
G01 X52.340 Y181.980
G01 X48.797 Y178.602
G01 X42.308 Y168.449
G01 X38.349 Y154.530
G01 X38.113 Y153.569
G01 X38.797 Y142.199
G01 X40.135 Y135.433
G01 X43.651 Y127.185
G01 X44.061 Y122.979
G01 X38.106 Y121.764
G01 X35.930 Y128.000
G01 X34.053 Y136.938
G01 X32.551 Y148.420
G01 X32.422 Y154.932
G01 X33.789 Y161.008
G01 X37.035 Y171.023
G01 X41.902 Y176.980
G01 X47.866 Y185.783
G01 X55.573 Y192.268
G01 X58.936 Y194.399
G01 X47.390 Y195.891
G01 X42.499 Y200.505
G01 X37.892 Y205.122
G01 X29.749 Y207.433
G01 X20.774 Y208.385
G01 X17.094 Y210.561
G01 X12.212 Y199.553
G01 X7.857 Y200.914
G01 X10.724 Y191.970
G01 X20.218 Y200.771
G01 X30.408 Y200.506
G01 X35.709 Y196.167
G01 X43.317 Y192.901
G01 X44.678 Y189.653
G01 X31.770 Y192.502
G01 X26.209 Y193.850
G01 X18.730 Y189.373
G01 X11.793 Y181.239
G01 X20.632 Y180.144
G01 X24.167 Y184.210
G01 X29.871 Y186.245
G01 X34.220 Y185.580
G01 X40.061 Y183.268
G01 X33.808 Y178.928
G01 X24.158 Y175.928
G01 X19.140 Y172.414
G01 X17.638 Y168.999
G01 X20.909 Y167.393
G01 X31.628 Y170.511
G01 X33.135 Y170.772
G01 X28.107 Y160.876
G01 X24.161 Y155.691
G01 X24.178 Y149.060
G01 X27.159 Y144.713
G01 X34.032 Y134.762
G01 X39.631 Y127.375
G01 X44.915 Y116.566
G01 X45.635 Y115.191
G01 X48.781 Y120.393
G01 X57.814 Y121.228
G01 X65.884 Y118.631
G01 X72.310 Y116.155
G01 X82.579 Y116.578
G01 X93.795 Y119.720
G01 X105.014 Y125.606
G01 X96.538 Y116.716
G01 X88.459 Y114.391
G01 X73.948 Y110.969
G01 X60.949 Y111.514
G01 X53.161 Y112.596
G01 X47.961 Y109.334
G01 X54.888 Y99.428
G01 X54.948 Y99.346
G01 X57.410 Y97.034
G01 X64.663 Y94.966
G01 X62.054 Y105.230
G01 X75.607 Y103.300
G01 X85.915 Y106.029
G01 X94.478 Y110.177
G01 X99.485 Y113.287
G01 X105.874 Y117.927
G01 X110.465 Y124.161
G01 X114.431 Y131.490
G01 X114.438 Y140.995
G01 X115.431 Y146.332
G01 X116.292 Y150.617
G01 X116.794 Y155.084
G01 X116.362 Y158.564
G01 X114.492 Y161.984
G01 X111.795 Y165.514
G01 X109.224 Y167.408
G01 X106.722 Y171.649
G01 X103.604 Y175.817
G01 X101.410 Y178.854
G01 X97.081 Y182.085
G01 X98.643 Y186.258
G01 X97.420 Y190.428
G01 X97.158 Y198.238
G01 X96.902 Y206.375
G01 X96.901 Y206.426
G01 X98.016 Y211.996
G01 X99.782 Y220.180
G01 X100.655 Y223.535
G01 X103.994 Y229.651
G01 X108.020 Y236.174
G01 X111.697 Y243.345
G01 X112.300 Y244.421
G01 X113.036 Y251.064
G01 X113.369 Y253.358
G01 X115.524 Y259.822
G01 X116.681 Y262.882
G01 X117.044 Y268.182
G01 X117.194 Y273.466
G01 X116.849 Y277.846
G01 X116.398 Y282.849
G01 X115.788 Y287.558
G01 X114.578 Y291.661
G01 X113.328 Y296.803
G01 X112.270 Y298.940
G01 X111.662 Y302.579
G01 X110.773 Y304.077
G01 X112.444 Y299.377
G01 X113.948 Y294.363
G01 X115.407 Y288.079
G01 X116.975 Y284.350
G01 X116.864 Y278.060
G01 X117.358 Y273.215
G01 X116.957 Y267.151
G01 X116.959 Y260.995
G01 X115.681 Y255.292
G01 X119.230 Y260.851
G01 X124.089 Y264.554
G01 X126.051 Y270.397
G01 X126.367 Y271.254
G01 X126.646 Y276.103
G01 X126.130 Y282.408
G01 X126.068 Y283.655
G01 X125.370 Y288.209
G01 X124.070 Y293.054
G01 X123.969 Y296.828
G01 X125.370 Y302.593
G01 X124.551 Y310.064
G01 X124.522 Y310.435
G01 X123.663 Y316.985
G01 X121.226 Y322.417
G01 X118.674 Y326.968
G01 X116.087 Y329.389
G01 X120.238 Y322.694
G01 X122.508 Y314.290
G01 X124.802 Y309.430
G01 X125.297 Y302.130
G01 X125.520 Y300.035
G01 X126.248 Y293.077
G01 X126.786 Y289.490
G01 X126.519 Y283.212
G01 X126.502 Y280.947
G01 X126.300 Y274.822
G01 X126.355 Y270.110
G01 X126.225 Y266.118
G01 X128.439 Y271.809
G01 X130.072 Y275.521
G01 X130.931 Y281.225
G01 X132.479 Y286.877
G01 X132.493 Y286.923
G01 X133.040 Y292.930
G01 X133.195 Y294.197
G01 X132.807 Y300.779
G01 X132.766 Y302.601
G01 X131.788 Y308.440
G01 X130.934 Y312.423
G01 X127.348 Y318.132
G01 X130.496 Y312.720
G01 X131.057 Y306.879
G01 X133.551 Y299.124
G01 X133.636 Y298.891
G01 X134.340 Y294.055
G01 X133.263 Y288.238
G01 X132.784 Y284.925
G01 X132.386 Y279.055
G01 X132.359 Y278.375
G01 X131.055 Y272.752
G01 X130.924 Y272.106
G01 X134.767 Y274.243
G01 X135.976 Y279.715
G01 X137.060 Y283.785
G01 X138.183 Y289.310
G01 X138.631 Y291.194
G01 X138.198 Y296.901
G01 X137.882 Y303.368
G01 X137.907 Y308.873
G01 X136.772 Y315.142
G01 X134.356 Y322.687
G01 X131.791 Y332.286
G01 X130.926 Y338.846
G01 X130.782 Y346.983
G01 X131.005 Y356.577
G01 X131.072 Y357.668
G01 X133.989 Y365.545
G01 X135.453 Y369.050
G01 X138.107 Y377.986
G01 X138.768 Y379.938
G01 X140.488 Y388.281
G01 X143.370 Y397.781
G01 X142.947 Y405.697
G01 X143.526 Y411.889
G01 X143.413 Y397.781
G01 X141.363 Y390.014
G01 X139.434 Y382.204
G01 X137.182 Y375.752
G01 X135.077 Y367.988
G01 X132.723 Y359.456
G01 X130.929 Y350.976
G01 X130.574 Y348.910
G01 X130.329 Y339.899
G01 X130.568 Y332.712
G01 X133.791 Y326.577
G01 X136.400 Y317.430
G01 X136.708 Y316.502
G01 X137.582 Y312.566
G01 X141.715 Y308.622
G01 X142.937 Y301.630
G01 X143.551 Y298.879
G01 X142.448 Y293.365
G01 X142.333 Y292.689
G01 X141.571 Y287.776
G01 X140.278 Y282.488
G01 X139.310 Y277.512
G01 X136.783 Y272.449
G01 X136.034 Y270.809
G01 X133.985 Y265.482
G01 X133.794 Y264.939
G01 X126.999 Y260.091
G01 X123.728 Y254.973
G01 X122.153 Y249.669
G01 X118.256 Y244.901
G01 X114.973 Y238.688
G01 X110.923 Y232.385
G01 X108.290 Y225.893
G01 X106.025 Y219.870
G01 X103.443 Y212.375
G01 X102.368 Y206.322
G01 X102.364 Y198.328
G01 X102.364 Y198.309
G01 X103.027 Y190.301
G01 X103.508 Y186.392
G01 X105.190 Y180.306
G01 X109.447 Y175.891
G01 X113.712 Y170.415
G01 X117.676 Y166.456
G01 X121.780 Y162.039
G01 X123.596 Y157.022
G01 X123.574 Y146.843
G01 X123.591 Y146.336
G01 X119.359 Y131.173
G01 X118.712 Y128.315
G01 X114.317 Y122.228
G01 X106.778 Y111.773
G01 X100.197 Y106.894
G01 X88.510 Y99.846
G01 X78.286 Y96.674
G01 X65.355 Y88.876
G01 X69.751 Y85.239
G01 X78.278 Y86.924
G01 X89.967 Y91.808
G01 X97.034 Y96.904
G01 X105.313 Y103.246
G01 X115.059 Y110.054
G01 X117.976 Y117.352
G01 X123.591 Y133.195
G01 X130.890 Y143.896
G01 X129.680 Y153.173
G01 X129.428 Y156.074
G01 X126.433 Y163.194
G01 X126.268 Y163.619
G01 X121.381 Y168.966
G01 X117.285 Y175.176
G01 X115.292 Y178.456
G01 X112.347 Y185.306
G01 X111.404 Y187.720
G01 X109.583 Y194.985
G01 X109.206 Y196.722
G01 X106.879 Y203.660
G01 X106.613 Y204.530
G01 X107.198 Y212.311
G01 X107.505 Y215.014
G01 X111.029 Y221.738
G01 X115.135 Y228.145
G01 X119.075 Y235.362
G01 X121.028 Y238.550
G01 X124.185 Y245.011
G01 X126.168 Y248.606
G01 X129.928 Y254.511
G01 X130.585 Y255.462
G01 X134.497 Y260.933
G01 X135.011 Y261.599
G01 X138.256 Y266.757
G01 X141.383 Y271.158
G01 X138.433 Y266.209
G01 X135.720 Y261.012
G01 X133.526 Y256.208
G01 X129.275 Y250.526
G01 X127.641 Y248.115
G01 X122.990 Y241.784
G01 X121.024 Y238.805
G01 X117.623 Y231.926
G01 X116.861 Y230.214
G01 X114.931 Y223.111
G01 X114.643 Y221.883
G01 X112.118 Y214.189
G01 X111.452 Y211.836
G01 X111.944 Y205.949
G01 X114.677 Y199.473
G01 X116.351 Y195.896
G01 X116.122 Y202.036
G01 X115.972 Y209.272
G01 X116.124 Y214.786
G01 X118.091 Y221.148
G01 X122.993 Y228.778
G01 X125.450 Y232.177
G01 X127.304 Y238.515
G01 X127.395 Y238.796
G01 X131.611 Y245.037
G01 X132.800 Y246.641
G01 X135.878 Y252.292
G01 X137.198 Y254.483
G01 X138.424 Y259.812
G01 X139.175 Y262.579
G01 X140.932 Y267.704
G01 X142.929 Y272.679
G01 X145.053 Y277.284
G01 X145.561 Y282.483
G01 X146.336 Y287.691
G01 X146.537 Y288.807
G01 X146.539 Y294.452
G01 X146.857 Y300.179
G01 X147.188 Y303.514
G01 X147.136 Y309.834
G01 X147.192 Y311.663
G01 X144.402 Y316.591
G01 X140.564 Y320.739
G01 X138.107 Y325.957
G01 X134.729 Y332.574
G01 X134.214 Y341.524
G01 X134.195 Y346.701
G01 X134.192 Y351.608
G01 X135.243 Y357.305
G01 X136.312 Y361.548
G01 X134.679 Y352.858
G01 X134.478 Y351.519
G01 X134.966 Y344.286
G01 X135.830 Y340.230
G01 X136.984 Y335.810
G01 X139.205 Y331.360
G01 X140.465 Y328.952
G01 X143.541 Y324.620
G01 X145.006 Y322.108
G01 X147.490 Y318.065
G01 X150.587 Y312.090
G01 X153.870 Y306.880
G01 X153.727 Y307.632
G01 X153.028 Y302.036
G01 X152.650 Y296.502
G01 X152.645 Y296.377
G01 X151.317 Y291.430
G01 X150.245 Y286.457
G01 X149.868 Y284.341
G01 X149.327 Y279.310
G01 X149.084 Y275.396
G01 X147.586 Y270.655
G01 X147.399 Y269.999
G01 X145.684 Y265.207
G01 X144.770 Y262.284
G01 X143.260 Y257.297
G01 X143.064 Y256.575
G01 X143.352 Y256.109
G01 X144.988 Y259.392
G01 X148.501 Y263.764
G01 X149.722 Y265.639
G01 X150.879 Y267.827
G01 X152.155 Y272.006
G01 X153.030 Y276.677
G01 X153.189 Y277.406
G01 X153.600 Y280.809
G01 X154.588 Y281.415
G01 X154.683 Y286.413
G01 X154.762 Y287.882
G01 X155.015 Y292.057
G01 X156.163 Y295.769
G01 X156.999 Y300.889
G01 X157.066 Y301.235
G01 X157.072 Y305.776
G01 X155.744 Y312.596
G01 X153.429 Y316.175
G01 X151.797 Y318.670
G01 X149.858 Y322.057
G01 X147.556 Y329.358
G01 X149.315 Y324.435
G01 X151.173 Y320.144
G01 X155.362 Y317.014
G01 X156.627 Y311.476
G01 X158.867 Y306.989
G01 X159.549 Y301.831
G01 X159.901 Y296.196
G01 X160.054 Y294.704
G01 X159.995 Y289.615
G01 X160.041 Y287.893
G01 X159.098 Y283.364
G01 X158.390 Y278.833
G01 X157.017 Y274.506
G01 X156.724 Y273.471
G01 X155.110 Y269.141
G01 X153.981 Y265.637
G01 X151.672 Y261.203
G01 X149.784 Y257.058
G01 X146.495 Y253.164
G01 X148.690 Y250.514
G01 X151.210 Y255.297
G01 X153.680 Y259.397
G01 X156.143 Y263.740
G01 X158.803 Y267.856
G01 X160.218 Y269.849
G01 X161.719 Y273.947
G01 X163.344 Y277.790
G01 X163.747 Y282.175
G01 X164.381 Y286.578
G01 X165.224 Y290.882
G01 X164.747 Y296.101
G01 X164.607 Y299.610
G01 X163.369 Y305.851
G01 X163.343 Y306.009
G01 X161.119 Y313.473
G01 X160.234 Y317.216
G01 X157.107 Y320.808
G01 X160.852 Y315.043
G01 X163.191 Y308.184
G01 X164.736 Y301.593
G01 X165.075 Y300.387
G01 X164.931 Y295.261
G01 X165.088 Y290.237
G01 X165.522 Y285.435
G01 X165.496 Y280.911
G01 X165.539 Y279.505
G01 X164.528 Y275.429
G01 X163.721 Y271.317
G01 X163.506 Y270.001
G01 X161.333 Y266.569
G01 X159.596 Y262.469
G01 X159.136 Y261.273
G01 X156.732 Y257.032
G01 X154.537 Y252.573
G01 X154.451 Y252.385
G01 X150.056 Y247.562
G01 X145.922 Y242.306
G01 X144.961 Y240.965
G01 X139.406 Y234.882
G01 X134.766 Y228.981
G01 X131.798 Y222.336
G01 X130.098 Y217.885
G01 X130.503 Y211.656
G01 X131.169 Y205.891
G01 X132.976 Y199.947
G01 X134.403 Y195.877
G01 X135.077 Y191.887
G01 X136.370 Y185.316
G01 X138.042 Y178.727
G01 X140.099 Y172.141
G01 X142.543 Y165.580
G01 X143.388 Y163.537
G01 X145.731 Y156.454
G01 X146.832 Y153.527
G01 X144.176 Y140.274
G01 X143.386 Y134.617
G01 X134.742 Y121.835
G01 X131.901 Y112.127
G01 X127.802 Y104.129
G01 X123.513 Y97.000
G01 X113.054 Y88.047
G01 X107.337 Y97.327
G01 X107.314 Y97.367
G01 X110.847 Y101.284
G01 X115.991 Y104.141
G01 X119.890 Y109.835
G01 X123.705 Y115.375
G01 X127.129 Y121.645
G01 X131.932 Y129.762
G01 X134.796 Y137.486
G01 X136.808 Y150.083
G01 X135.656 Y158.109
G01 X132.589 Y164.837
G01 X131.357 Y167.836
G01 X127.133 Y173.511
G01 X125.904 Y175.277
G01 X121.862 Y181.114
G01 X120.465 Y183.285
G01 X115.988 Y188.999
G01 X114.020 Y191.711
G01 X111.628 Y198.509
G01 X110.089 Y203.565
G01 X112.312 Y198.835
G01 X115.972 Y193.508
G01 X118.989 Y190.589
G01 X123.181 Y185.244
G01 X123.175 Y192.784
G01 X122.073 Y199.680
G01 X121.752 Y202.300
G01 X121.929 Y207.513
G01 X122.973 Y214.694
G01 X123.889 Y219.361
G01 X126.239 Y226.319
G01 X126.595 Y227.260
G01 X131.680 Y234.243
G01 X132.700 Y235.518
G01 X134.939 Y241.471
G01 X136.837 Y245.810
G01 X141.077 Y251.320
G01 X141.876 Y252.275
G01 X146.354 Y257.273
G01 X148.151 Y259.090
G01 X151.501 Y263.624
G01 X155.050 Y267.844
G01 X156.414 Y269.329
G01 X156.526 Y273.932
G01 X156.796 Y277.762
G01 X157.530 Y282.344
G01 X158.211 Y285.670
G01 X156.810 Y281.249
G01 X155.629 Y276.769
G01 X154.670 Y272.239
G01 X154.630 Y272.023
G01 X152.872 Y267.608
G01 X151.328 Y263.066
G01 X150.676 Y260.884
G01 X146.387 Y256.256
G01 X143.126 Y252.268
G01 X140.320 Y246.987
G01 X138.995 Y244.188
G01 X137.552 Y238.620
G01 X137.551 Y238.619
G01 X134.085 Y232.457
G01 X132.169 Y228.570
G01 X129.635 Y221.915
G01 X128.579 Y218.688
G01 X127.301 Y211.826
G01 X126.429 Y204.871
G01 X126.833 Y198.029
G01 X126.965 Y196.609
G01 X128.442 Y190.004
G01 X128.589 Y189.424
G01 X130.212 Y182.678
G01 X132.215 Y175.940
G01 X133.247 Y172.897
G01 X134.867 Y169.318
G01 X138.333 Y163.250
G01 X140.614 Y159.607
G01 X140.970 Y159.619
G01 X139.704 Y167.512
G01 X139.175 Y172.365
G01 X134.488 Y177.191
G01 X133.966 Y177.759
G01 X133.378 Y185.198
G01 X133.239 Y192.508
G01 X133.246 Y193.012
G01 X135.393 Y200.192
G01 X136.290 Y207.149
G01 X137.592 Y213.887
G01 X138.272 Y216.713
G01 X139.535 Y222.931
G01 X140.614 Y227.127
G01 X145.448 Y233.560
G01 X146.366 Y234.670
G01 X150.327 Y239.161
G01 X154.807 Y244.006
G01 X157.839 Y248.726
G01 X158.952 Y250.297
G01 X161.446 Y254.592
G01 X162.725 Y256.577
G01 X163.610 Y260.172
G01 X164.769 Y264.163
G01 X165.226 Y265.557
G01 X167.100 Y269.324
G01 X168.813 Y272.382
G01 X169.159 Y276.398
G01 X169.549 Y279.384
G01 X168.726 Y284.007
G01 X168.456 Y286.031
G01 X168.695 Y281.512
G01 X169.184 Y277.098
G01 X169.351 Y275.971
G01 X169.548 Y272.017
G01 X169.602 Y268.028
G01 X169.858 Y264.089
G01 X170.082 Y261.962
G01 X169.160 Y258.210
G01 X168.422 Y254.389
G01 X167.933 Y251.012
G01 X164.793 Y246.861
G01 X162.538 Y243.467
G01 X156.987 Y238.294
G01 X156.777 Y238.081
G01 X153.901 Y234.309
G01 X152.691 Y229.177
G01 X152.107 Y226.055
G01 X154.080 Y223.534
G01 X156.953 Y228.206
G01 X157.505 Y230.187
G01 X161.029 Y235.561
G01 X162.895 Y238.084
G01 X169.389 Y243.183
G01 X169.539 Y243.291
G01 X170.588 Y247.227
G01 X171.833 Y251.035
G01 X172.424 Y252.625
G01 X172.471 Y256.289
G01 X172.602 Y258.735
G01 X172.477 Y255.074
G01 X172.532 Y251.413
G01 X172.605 Y249.936
G01 X172.684 Y246.269
G01 X172.944 Y242.600
G01 X173.386 Y238.940
G01 X174.008 Y235.297
G01 X174.025 Y235.212
G01 X175.107 Y231.679
G01 X176.358 Y228.208
G01 X176.359 Y228.206
G01 X177.848 Y224.835
G01 X179.498 Y221.548
G01 X179.973 Y220.671
G01 X181.886 Y217.541
G01 X182.662 Y216.363
G01 X184.874 Y213.448
G01 X186.788 Y211.149
G01 X188.041 Y209.713
G01 X190.979 Y207.458
G01 X193.970 Y205.400
G01 X194.764 Y201.222
G01 X194.874 Y200.733
G01 X196.225 Y196.784
G01 X196.496 Y196.075
G01 X193.282 Y198.156
G01 X190.152 Y200.415
G01 X189.493 Y200.923
G01 X187.013 Y203.837
G01 X184.680 Y206.867
G01 X183.549 Y208.455
G01 X180.252 Y210.884
G01 X178.156 Y212.580
G01 X176.046 Y215.913
G01 X174.097 Y219.355
G01 X172.316 Y222.897
G01 X170.707 Y226.532
G01 X170.610 Y226.769
G01 X169.901 Y230.704
G01 X169.531 Y233.410
G01 X169.367 Y237.390
G01 X169.360 Y238.085
G01 X165.509 Y233.115
G01 X161.971 Y227.733
G01 X161.826 Y227.491
G01 X160.879 Y222.503
G01 X160.382 Y218.872
G01 X162.262 Y214.694
G01 X164.342 Y210.618
G01 X165.238 Y209.003
G01 X169.272 Y206.109
G01 X170.616 Y205.221
G01 X173.621 Y201.909
G01 X176.765 Y198.776
G01 X179.324 Y196.444
G01 X182.232 Y193.214
G01 X183.314 Y192.091
G01 X186.434 Y189.068
G01 X188.741 Y187.015
G01 X189.005 Y180.367
G01 X189.788 Y173.594
G01 X189.799 Y173.521
G01 X189.312 Y163.852
G01 X189.311 Y162.131
G01 X186.070 Y158.000
G01 X185.286 Y154.297
G01 X184.557 Y150.344
G01 X184.147 Y146.309
G01 X183.523 Y135.533
G01 X184.560 Y129.524
G01 X183.653 Y122.221
G01 X185.783 Y114.136
G01 X185.218 Y108.905
G01 X184.364 Y102.672
G01 X177.026 Y100.695
G01 X170.776 Y103.493
G01 X170.664 Y112.303
G01 X172.903 Y119.971
G01 X171.011 Y129.615
G01 X172.931 Y133.953
G01 X171.598 Y142.903
G01 X174.846 Y155.461
G01 X177.926 Y160.521
G01 X181.885 Y166.645
G01 X181.053 Y173.986
G01 X180.776 Y181.189
G01 X180.810 Y183.763
G01 X178.382 Y187.971
G01 X176.830 Y190.962
G01 X172.610 Y193.488
G01 X168.472 Y196.280
G01 X164.431 Y199.335
G01 X162.773 Y200.691
G01 X160.075 Y203.938
G01 X158.844 Y208.822
G01 X158.077 Y212.584
G01 X157.766 Y217.639
G01 X157.718 Y219.792
G01 X158.630 Y222.857
G01 X159.496 Y227.895
G01 X159.535 Y228.088
G01 X161.688 Y231.686
G01 X164.047 Y234.932
G01 X166.016 Y238.530
G01 X167.101 Y240.157
G01 X161.344 Y236.735
G01 X152.146 Y230.065
G01 X148.353 Y226.100
G01 X144.267 Y219.451
G01 X141.867 Y214.936
G01 X140.850 Y208.535
G01 X140.215 Y201.945
G01 X140.064 Y199.083
G01 X139.152 Y192.231
G01 X141.286 Y186.373
G01 X143.737 Y180.578
G01 X143.845 Y180.341
G01 X145.783 Y173.969
G01 X145.823 Y173.851
G01 X148.167 Y167.718
G01 X151.600 Y162.675
G01 X153.946 Y160.697
G01 X155.929 Y156.918
G01 X157.369 Y148.636
G01 X156.829 Y139.435
G01 X152.673 Y132.051
G01 X145.649 Y122.851
G01 X140.299 Y120.000
G01 X136.681 Y115.787
G01 X135.844 Y108.250
G01 X132.692 Y103.139
G01 X132.684 Y94.993
G01 X130.343 Y88.677
G01 X135.588 Y86.675
G01 X137.939 Y89.556
G01 X140.839 Y99.155
G01 X144.464 Y107.474
G01 X151.144 Y116.865
G01 X151.583 Y122.732
G01 X157.324 Y133.317
G01 X160.529 Y142.822
G01 X161.523 Y154.516
G01 X161.995 Y157.903
G01 X158.675 Y163.484
G01 X157.665 Y165.325
G01 X153.715 Y170.059
G01 X150.974 Y173.643
G01 X148.130 Y179.175
G01 X145.596 Y184.792
G01 X143.372 Y190.477
G01 X142.947 Y191.670
G01 X142.996 Y198.419
G01 X143.117 Y200.858
G01 X143.863 Y207.452
G01 X144.078 Y208.865
G01 X145.562 Y215.308
G01 X147.422 Y221.495
G01 X147.524 Y221.794
G01 X148.885 Y227.459
G01 X149.644 Y230.087
G01 X153.144 Y235.752
G01 X154.300 Y237.438
G01 X157.615 Y242.500
G01 X161.193 Y247.198
G01 X162.221 Y248.426
G01 X160.347 Y244.025
G01 X158.706 Y239.429
G01 X157.313 Y234.650
G01 X156.181 Y229.702
G01 X155.324 Y224.598
G01 X154.753 Y219.354
G01 X154.488 Y214.276
G01 X154.209 Y208.662
G01 X154.193 Y205.882
G01 X155.445 Y200.693
G01 X156.985 Y195.513
G01 X157.093 Y195.184
G01 X162.238 Y192.405
G01 X164.890 Y191.123
G01 X168.566 Y187.599
G01 X170.116 Y186.216
G01 X173.581 Y183.603
G01 X173.353 Y176.149
G01 X173.688 Y168.514
G01 X174.158 Y163.929
G01 X169.241 Y153.244
G01 X164.099 Y135.996
G01 X159.975 Y117.651
G01 X159.688 Y103.473
G01 X161.709 Y95.375
G01 X166.056 Y86.132
G01 X160.268 Y85.252
G01 X154.333 Y93.538
G01 X152.173 Y96.829
G01 X154.478 Y109.268
G01 X156.610 Y123.965
G01 X161.990 Y143.583
G01 X162.911 Y146.355
G01 X166.265 Y160.419
G01 X169.242 Y169.728
G01 X166.773 Y175.158
G01 X164.645 Y180.625
G01 X163.172 Y185.062
G01 X159.334 Y188.833
G01 X155.665 Y192.817
G01 X155.627 Y192.861
G01 X152.451 Y197.236
G01 X149.485 Y201.777
G01 X149.268 Y202.128
G01 X149.716 Y208.312
G01 X150.527 Y214.326
G01 X151.688 Y220.147
G01 X152.046 Y221.636
G01 X150.064 Y217.854
G01 X148.940 Y211.868
G01 X148.177 Y205.689
G01 X147.794 Y199.426
G01 X147.946 Y193.020
G01 X148.493 Y186.502
G01 X149.447 Y179.897
G01 X150.427 Y174.938
G01 X150.884 Y167.808
G01 X149.604 Y159.880
G01 X152.585 Y155.340
G01 X150.766 Y143.082
G01 X150.114 Y134.922
G01 X144.977 Y116.639
G01 X145.108 Y101.814
G01 X145.526 Y95.497
G01 X151.718 Y91.134
G01 X161.074 Y89.483
G01 X169.789 Y89.475
G01 X174.738 Y85.843
G01 X178.503 Y84.971
G01 X188.364 Y86.111
G01 X192.110 Y86.703
G01 X194.428 Y92.494
G01 X194.419 Y108.680
G01 X191.442 Y121.114
G01 X190.655 Y125.458
G01 X189.524 Y138.539
G01 X189.502 Y139.071
G01 X191.241 Y148.330
G01 X195.466 Y166.845
G01 X196.282 Y169.693
G01 X196.306 Y178.321
G01 X196.445 Y180.763
G01 X194.922 Y185.908
G01 X193.983 Y189.964
G01 X191.182 Y192.920
G01 X188.542 Y195.997
G01 X186.070 Y199.186
G01 X186.034 Y199.235
G01 X182.845 Y201.813
G01 X179.764 Y204.574
G01 X176.801 Y207.514
G01 X175.889 Y208.482
G01 X173.357 Y211.797
G01 X170.980 Y215.254
G01 X170.681 Y215.716
G01 X169.148 Y219.610
G01 X167.812 Y223.562
G01 X167.220 Y225.556
G01 X168.272 Y221.503
G01 X169.391 Y217.900
G01 X171.661 Y214.354
G01 X174.091 Y210.945
G01 X175.315 Y209.355
G01 X178.087 Y206.243
G01 X180.991 Y203.296
G01 X182.853 Y201.555
G01 X185.877 Y198.822
G01 X188.917 Y196.334
G01 X192.468 Y194.281
G01 X196.078 Y192.438
G01 X197.022 Y191.994
G01 X198.293 Y187.154
G01 X199.923 Y182.297
G01 X201.917 Y177.445
G01 X202.817 Y175.511
G01 X201.829 Y163.780
G01 X201.899 Y151.787
G01 X201.945 Y150.917
G01 X197.322 Y140.224
G01 X193.547 Y130.087
G01 X196.270 Y118.586
G01 X196.450 Y117.950
G01 X198.986 Y102.514
G01 X199.337 Y100.871
G01 X197.320 Y93.068
G01 X197.904 Y90.171
G01 X200.801 Y98.281
G01 X200.984 Y122.714
G01 X201.075 Y124.299
G01 X202.526 Y132.974
G01 X207.159 Y147.148
G01 X209.769 Y167.115
G01 X208.079 Y174.147
G01 X206.983 Y181.124
G01 X206.583 Y185.641
G01 X204.554 Y189.592
G01 X202.813 Y193.575
G01 X201.377 Y197.508
G01 X199.880 Y201.144
G01 X198.628 Y204.789
G01 X198.470 Y205.304
G01 X196.869 Y208.380
G01 X195.875 Y210.517
G01 X198.285 Y208.278
G01 X200.790 Y206.171
G01 X200.791 Y206.170
G01 X203.023 Y203.791
G01 X205.378 Y201.517
G01 X206.297 Y200.688
G01 X206.674 Y195.501
G01 X207.157 Y191.996
G01 X208.780 Y187.630
G01 X209.764 Y185.348
G01 X210.883 Y178.919
G01 X211.261 Y177.245
G01 X215.552 Y176.812
G01 X219.799 Y176.613
G01 X223.988 Y176.642
G01 X227.720 Y176.862
G01 X228.870 Y174.168
G01 X225.583 Y174.424
G01 X221.495 Y173.994
G01 X217.068 Y173.868
G01 X213.801 Y173.931
G01 X214.450 Y168.876
G01 X216.591 Y167.206
G01 X218.952 Y167.301
G01 X222.560 Y167.428
G01 X225.602 Y166.980
G01 X225.149 Y164.388
G01 X223.228 Y163.589
G01 X220.545 Y164.161
G01 X216.587 Y163.926
G01 X214.445 Y164.045
G01 X216.461 Y159.410
G01 X217.172 Y159.391
G01 X219.758 Y158.843
G01 X223.098 Y158.871
G01 X224.531 Y154.387
G01 X223.100 Y154.569
G01 X219.506 Y155.094
G01 X215.552 Y154.188
G01 X216.990 Y150.796
G01 X219.323 Y150.607
G01 X224.670 Y150.588
G01 X225.429 Y150.608
G01 X226.510 Y147.737
G01 X225.973 Y144.861
G01 X220.417 Y144.776
G01 X214.553 Y144.331
G01 X214.298 Y144.319
G01 X211.754 Y138.481
G01 X209.472 Y132.985
G01 X207.160 Y122.867
G01 X207.163 Y111.300
G01 X208.030 Y96.822
G01 X207.168 Y89.877
G01 X196.951 Y84.490
G01 X195.223 Y83.669
G01 X187.146 Y86.957
G01 X179.266 Y90.627
G01 X171.602 Y94.668
G01 X165.357 Y98.331
G01 X165.808 Y116.007
G01 X167.145 Y128.973
G01 X166.781 Y140.965
G01 X166.822 Y143.210
G01 X164.015 Y150.394
G01 X161.713 Y157.581
G01 X160.239 Y163.274
G01 X158.177 Y169.773
G01 X157.593 Y171.903
G01 X155.167 Y176.112
G01 X153.351 Y180.213
G01 X152.119 Y185.230
G01 X151.794 Y190.002
G01 X150.603 Y194.322
G01 X153.912 Y189.856
G01 X156.929 Y186.153
G01 X160.473 Y181.920
G01 X160.571 Y181.809
G01 X162.557 Y178.420
G01 X164.100 Y173.948
G01 X165.503 Y167.960
G01 X166.441 Y164.900
G01 X167.732 Y161.387
G01 X169.267 Y159.275
G01 X172.081 Y153.748
G01 X175.122 Y147.319
G01 X178.131 Y141.790
G01 X177.559 Y128.738
G01 X177.557 Y119.458
G01 X176.790 Y110.213
G01 X179.569 Y105.579
G01 X182.047 Y97.977
G01 X191.881 Y101.224
G01 X190.626 Y93.681
G01 X195.753 Y87.665
G01 X204.480 Y87.404
G01 X212.308 Y87.559
G01 X208.229 Y82.615
G01 X199.154 Y82.091
G01 X189.936 Y82.053
G01 X186.444 Y82.166
G01 X177.789 Y84.566
G01 X170.123 Y87.084
G01 X159.884 Y86.924
G01 X152.737 Y87.168
G01 X142.805 Y89.025
G01 X132.832 Y91.462
G01 X131.525 Y91.825
G01 X118.649 Y91.269
G01 X113.707 Y91.288
G01 X100.074 Y91.602
G01 X97.257 Y91.783
G01 X78.278 Y86.924
G01 X66.674 Y80.424
G01 X74.294 Y78.815
G01 X90.048 Y80.181
G01 X104.671 Y79.913
G01 X116.898 Y80.480
G01 X128.851 Y79.175
G01 X140.610 Y78.618
G01 X146.399 Y78.610
G01 X157.617 Y78.793
G01 X164.858 Y79.279
G01 X174.261 Y77.282
G01 X176.869 Y76.817
G01 X186.188 Y75.237
G01 X195.491 Y74.143
G01 X195.798 Y74.115
G01 X205.973 Y77.430
G01 X210.430 Y79.114
G01 X219.496 Y80.441
G01 X221.609 Y80.824
G01 X230.342 Y82.131
G01 X238.885 Y83.873
G01 X247.216 Y86.035
G01 X247.641 Y86.158
G01 X255.890 Y85.657
G01 X264.190 Y85.565
G01 X272.519 Y85.884
G01 X278.574 Y86.376
G01 X287.393 Y85.386
G01 X296.384 Y84.865
G01 X297.498 Y84.834
G01 X306.873 Y84.230
G01 X316.427 Y84.147
G01 X322.860 Y84.389
G01 X334.445 Y81.668
G01 X346.471 Y79.693
G01 X347.901 Y79.512
G01 X359.998 Y78.980
G01 X372.382 Y79.230
G01 X373.485 Y79.290
G01 X387.422 Y78.806
G01 X390.627 Y78.829
G01 X409.288 Y74.775
G01 X413.109 Y74.135
G01 X406.427 Y69.494
G01 X394.631 Y66.837
G01 X386.625 Y70.621
G01 X373.269 Y71.050
G01 X363.692 Y71.726
G01 X350.308 Y73.751
G01 X348.355 Y74.127
G01 X341.209 Y74.135
G01 X334.322 Y74.127
G01 X322.191 Y77.610
G01 X319.187 Y78.618
G01 X310.952 Y80.393
G01 X303.611 Y80.408
G01 X294.392 Y80.248
G01 X288.702 Y80.393
G01 X279.791 Y80.504
G01 X277.356 Y80.615
G01 X268.839 Y79.303
G01 X264.897 Y78.840
G01 X256.283 Y78.603
G01 X247.688 Y78.793
G01 X240.414 Y79.284
G01 X231.642 Y77.183
G01 X229.952 Y76.834
G01 X220.552 Y72.760
G01 X215.491 Y70.841
G01 X205.557 Y68.105
G01 X195.281 Y65.913
G01 X184.693 Y64.296
G01 X175.536 Y63.394
G01 X164.504 Y63.003
G01 X153.265 Y63.247
G01 X150.623 Y63.397
G01 X139.247 Y64.565
G01 X130.686 Y65.870
G01 X116.861 Y64.915
G01 X105.408 Y64.815
G01 X94.357 Y64.809
G01 X102.914 Y57.357
G01 X116.967 Y56.948
G01 X120.725 Y56.992
G01 X125.335 Y56.980
G01 X138.115 Y56.646
G01 X150.626 Y57.079
G01 X154.171 Y57.342
G01 X164.520 Y56.991
G01 X175.407 Y56.327
G01 X186.157 Y56.250
G01 X187.661 Y56.285
G01 X198.333 Y58.067
G01 X209.176 Y61.950
G01 X211.861 Y63.034
G01 X221.869 Y66.141
G01 X222.191 Y66.252
G01 X231.679 Y68.502
G01 X232.519 Y68.728
G01 X241.619 Y68.774
G01 X250.679 Y69.264
G01 X252.817 Y69.447
G01 X261.929 Y68.864
G01 X268.117 Y68.727
G01 X273.469 Y68.733
G01 X282.778 Y68.832
G01 X292.141 Y69.401
G01 X292.680 Y69.449
G01 X302.055 Y70.584
G01 X311.427 Y72.199
G01 X320.096 Y74.127
G01 X333.197 Y68.500
G01 X342.530 Y65.168
G01 X355.711 Y62.967
G01 X363.877 Y62.052
G01 X377.323 Y61.846
G01 X383.814 Y62.052
G01 X387.844 Y60.923
G01 X390.540 Y58.467
G01 X387.177 Y53.987
G01 X374.399 Y53.765
G01 X361.052 Y53.705
G01 X359.168 Y53.764
G01 X349.976 Y55.559
G01 X338.788 Y59.799
G01 X328.910 Y61.605
G01 X319.954 Y62.035
G01 X311.002 Y60.917
G01 X301.099 Y59.364
G01 X292.845 Y58.457
G01 X282.928 Y58.037
G01 X280.288 Y58.009
G01 X270.462 Y58.236
G01 X263.495 Y58.698
G01 X256.321 Y59.352
G01 X247.814 Y58.458
G01 X238.164 Y56.938
G01 X228.368 Y55.900
G01 X226.734 Y55.775
G01 X219.575 Y53.311
G01 X209.212 Y51.849
G01 X198.641 Y50.929
G01 X187.890 Y50.568
G01 X180.679 Y50.644
G01 X175.290 Y47.769
G01 X163.321 Y46.698
G01 X154.138 Y46.346
G01 X143.013 Y45.984
G01 X129.359 Y44.967
G01 X127.972 Y44.912
G01 X137.668 Y37.973
G01 X139.086 Y37.018
G01 X146.243 Y34.171
G01 X159.352 Y35.031
G01 X161.304 Y35.227
G01 X174.457 Y38.217
G01 X179.237 Y39.526
G01 X190.347 Y42.394
G01 X201.274 Y42.170
G01 X212.084 Y42.503
G01 X222.751 Y43.383
G01 X226.565 Y43.832
G01 X236.944 Y44.456
G01 X238.040 Y44.552
G01 X248.287 Y47.299
G01 X249.871 Y47.776
G01 X259.911 Y48.967
G01 X265.998 Y49.935
G01 X276.261 Y49.032
G01 X286.656 Y48.650
G01 X297.160 Y48.800
G01 X304.361 Y49.214
G01 X315.478 Y48.796
G01 X326.769 Y48.986
G01 X330.885 Y49.207
G01 X338.779 Y49.196
G01 X344.863 Y47.767
G01 X354.559 Y45.628
G01 X362.807 Y45.630
G01 X371.413 Y45.983
G01 X360.486 Y41.245
G01 X349.394 Y37.076
G01 X342.726 Y34.867
G01 X333.033 Y33.452
G01 X320.218 Y35.211
G01 X307.786 Y37.684
G01 X307.581 Y37.732
G01 X296.461 Y37.038
G01 X295.757 Y37.015
G01 X284.730 Y36.880
G01 X278.904 Y37.035
G01 X268.120 Y37.003
G01 X267.067 Y37.029
G01 X256.406 Y36.667
G01 X255.947 Y36.663
G01 X245.277 Y34.115
G01 X241.967 Y33.441
G01 X231.018 Y31.788
G01 X219.895 Y30.685
G01 X208.625 Y30.144
G01 X197.238 Y30.178
G01 X188.911 Y30.568
G01 X177.080 Y29.145
G01 X169.200 Y27.337
G01 X167.042 Y21.972
G01 X179.118 Y20.447
G01 X186.409 Y19.827
G01 X192.852 Y18.762
G01 X200.395 Y18.038
G01 X212.262 Y17.770
G01 X222.613 Y18.023
G01 X231.939 Y16.239
G01 X243.060 Y21.617
G01 X254.341 Y24.953
G01 X261.339 Y27.357
G01 X272.403 Y28.475
G01 X283.389 Y30.134
G01 X283.930 Y30.229
G01 X290.735 Y30.925
G01 X302.288 Y30.573
G01 X305.066 Y30.578
G01 X317.644 Y28.238
G01 X321.197 Y27.714
G01 X328.373 Y24.114
G01 X316.701 Y21.464
G01 X305.437 Y19.476
G01 X293.446 Y19.108
G01 X289.651 Y19.119
G01 X278.026 Y17.876
G01 X269.221 Y17.319
G01 X257.694 Y14.529
G01 X253.812 Y13.727
G01 X246.637 Y11.582
G01 X235.872 Y10.164
G01 X247.832 Y7.674
G01 X260.011 Y5.776
G01 X270.688 Y4.625
G01 X278.531 Y11.947
G01 X290.429 Y13.327
G01 X290.745 Y13.372
G01 X303.422 Y11.746
G01 X308.851 Y11.261
G01 X320.663 Y14.585
G01 X329.006 Y17.316
G01 X340.497 Y21.621
G01 X341.495 Y22.026
G01 X350.220 Y32.340
G01 X350.240 Y32.364
G01 X354.911 Y35.246
G01 X365.346 Y33.256
G01 X376.011 Y39.325
G01 X381.496 Y42.724
G01 X387.177 Y53.987
G01 X399.701 Y57.373
G01 X403.609 Y58.583
G01 X409.284 Y70.670
G01 X409.776 Y71.811
G01 X418.346 Y80.165
G01 X418.807 Y80.639
G01 X419.399 Y96.283
G01 X418.888 Y111.553
G01 X418.652 Y114.619
G01 X420.956 Y112.379
G01 X421.994 Y110.606
G01 X420.286 Y106.754
G01 X418.678 Y106.755
G01 X414.668 Y106.101
G01 X412.239 Y106.561
G01 X408.661 Y108.261
G01 X407.735 Y111.543
G01 X407.341 Y115.197
G01 X408.394 Y119.223
G01 X409.797 Y121.085
G01 X415.221 Y123.252
G01 X422.078 Y122.311
G01 X424.530 Y122.129
G01 X426.298 Y120.903
G01 X428.546 Y118.396
G01 X430.700 Y114.726
G01 X430.892 Y111.641
G01 X430.064 Y107.788
G01 X427.887 Y104.703
G01 X424.053 Y98.412
G01 X420.118 Y96.738
G01 X414.748 Y95.603
G01 X412.508 Y95.893
G01 X406.506 Y97.951
G01 X403.884 Y98.600
G01 X401.450 Y99.625
G01 X399.086 Y104.417
G01 X398.251 Y106.388
G01 X397.589 Y109.012
G01 X397.132 Y114.247
G01 X397.130 Y117.536
G01 X397.401 Y120.915
G01 X399.379 Y124.388
G01 X400.886 Y126.070
G01 X401.903 Y127.663
G01 X406.045 Y130.105
G01 X410.357 Y131.225
G01 X414.104 Y132.262
G01 X417.191 Y132.445
G01 X419.930 Y132.336
G01 X423.201 Y131.873
G01 X424.888 Y130.577
G01 X429.402 Y129.067
G01 X432.582 Y127.385
G01 X435.122 Y124.942
G01 X436.900 Y122.496
G01 X438.595 Y118.938
G01 X440.745 Y114.454
G01 X441.394 Y110.035
G01 X441.915 Y105.022
G01 X437.115 Y100.238
G01 X432.308 Y93.618
G01 X428.271 Y90.175
G01 X422.706 Y86.881
G01 X410.716 Y84.781
G01 X407.267 Y84.626
G01 X399.458 Y88.684
G01 X395.551 Y91.679
G01 X392.262 Y96.025
G01 X390.898 Y101.731
G01 X389.703 Y107.413
G01 X388.656 Y115.062
G01 X388.492 Y121.367
G01 X391.199 Y127.075
G01 X392.240 Y129.615
G01 X396.463 Y134.861
G01 X398.993 Y136.065
G01 X405.454 Y138.007
G01 X409.509 Y139.204
G01 X416.567 Y139.360
G01 X421.059 Y139.070
G01 X424.511 Y138.320
G01 X426.614 Y137.567
G01 X431.110 Y136.661
G01 X438.014 Y133.079
G01 X441.480 Y130.514
G01 X443.129 Y128.120
G01 X445.370 Y119.876
G01 X446.272 Y117.465
G01 X446.877 Y115.079
G01 X447.634 Y112.408
G01 X450.507 Y115.644
G01 X452.426 Y119.615
G01 X451.239 Y122.243
G01 X448.588 Y128.486
G01 X446.435 Y133.546
G01 X444.269 Y136.401
G01 X439.718 Y140.248
G01 X432.505 Y142.885
G01 X422.432 Y144.324
G01 X411.135 Y144.325
G01 X401.782 Y143.130
G01 X396.736 Y141.938
G01 X391.453 Y139.288
G01 X387.535 Y130.714
G01 X383.119 Y122.254
G01 X382.581 Y121.293
G01 X382.577 Y114.573
G01 X383.051 Y112.178
G01 X385.687 Y96.356
G01 X392.161 Y86.508
G01 X393.607 Y81.223
G01 X380.879 Y83.151
G01 X367.523 Y83.611
G01 X354.546 Y84.954
G01 X342.002 Y87.146
G01 X331.207 Y89.787
G01 X321.156 Y90.085
G01 X311.339 Y90.964
G01 X308.095 Y91.387
G01 X299.293 Y90.992
G01 X290.603 Y91.065
G01 X287.793 Y91.188
G01 X279.596 Y90.308
G01 X271.410 Y89.840
G01 X269.094 Y89.782
G01 X260.937 Y90.032
G01 X254.624 Y90.507
G01 X246.613 Y88.985
G01 X238.471 Y87.859
G01 X236.006 Y87.600
G01 X227.659 Y86.449
G01 X219.172 Y85.722
G01 X217.773 Y85.644
G01 X217.893 Y89.431
G01 X215.734 Y92.299
G01 X222.737 Y91.398
G01 X231.085 Y94.034
G01 X232.252 Y94.446
G01 X240.173 Y96.136
G01 X243.392 Y96.950
G01 X251.081 Y96.860
G01 X255.063 Y96.961
G01 X262.733 Y97.558
G01 X266.906 Y98.043
G01 X274.625 Y97.852
G01 X282.593 Y97.798
G01 X284.506 Y97.845
G01 X292.408 Y96.966
G01 X300.932 Y96.769
G01 X301.915 Y96.776
G01 X310.540 Y96.070
G01 X318.618 Y95.172
G01 X327.591 Y95.154
G01 X336.031 Y94.990
G01 X347.279 Y93.848
G01 X349.147 Y93.731
G01 X354.175 Y92.294
G01 X360.627 Y92.103
G01 X358.836 Y96.591
G01 X354.156 Y97.318
G01 X351.473 Y96.771
G01 X341.492 Y95.459
G01 X336.031 Y94.990
G01 X327.591 Y95.154
G01 X322.577 Y98.745
G01 X315.380 Y101.446
G01 X308.562 Y101.634
G01 X300.276 Y100.977
G01 X298.512 Y100.894
G01 X294.019 Y100.001
G01 X285.759 Y100.537
G01 X285.574 Y100.554
G01 X279.839 Y100.374
G01 X277.149 Y100.180
G01 X269.774 Y101.443
G01 X262.346 Y99.889
G01 X262.055 Y99.836
G01 X256.848 Y100.720
G01 X250.388 Y100.718
G01 X242.868 Y100.033
G01 X242.666 Y100.020
G01 X235.016 Y98.834
G01 X232.792 Y98.562
G01 X227.047 Y98.041
G01 X219.295 Y98.382
G01 X214.831 Y98.754
G01 X212.504 Y100.718
G01 X211.783 Y103.065
G01 X211.422 Y107.006
G01 X209.449 Y112.929
G01 X211.241 Y113.648
G01 X214.846 Y108.443
G01 X218.427 Y105.758
G01 X223.639 Y105.576
G01 X230.638 Y105.391
G01 X236.019 Y105.218
G01 X239.442 Y105.203
G01 X242.844 Y105.742
G01 X247.160 Y106.107
G01 X250.752 Y105.752
G01 X258.107 Y104.622
G01 X264.392 Y103.957
G01 X266.183 Y103.596
G01 X273.658 Y103.913
G01 X281.148 Y104.603
G01 X281.808 Y104.683
G01 X289.844 Y103.856
G01 X294.202 Y103.591
G01 X298.333 Y103.606
G01 X306.050 Y104.506
G01 X315.014 Y103.779
G01 X315.017 Y103.779
G01 X323.096 Y102.350
G01 X329.925 Y100.358
G01 X339.089 Y97.499
G01 X345.733 Y96.422
G01 X344.649 Y98.044
G01 X334.957 Y100.013
G01 X329.200 Y103.066
G01 X324.896 Y104.677
G01 X321.127 Y106.117
G01 X312.206 Y106.276
G01 X309.105 Y106.457
G01 X300.848 Y106.644
G01 X294.019 Y106.287
G01 X287.737 Y106.115
G01 X281.279 Y106.818
G01 X276.596 Y106.646
G01 X272.474 Y107.019
G01 X265.148 Y106.821
G01 X263.316 Y106.829
G01 X256.043 Y107.127
G01 X251.101 Y107.538
G01 X243.938 Y107.701
G01 X243.383 Y107.728
G01 X236.173 Y107.269
G01 X232.789 Y107.177
G01 X225.513 Y107.292
G01 X223.818 Y107.370
G01 X218.607 Y111.481
G01 X214.652 Y114.358
G01 X213.047 Y117.420
G01 X212.866 Y120.819
G01 X213.933 Y126.380
G01 X214.295 Y128.895
G01 X214.570 Y141.241
G01 X215.311 Y150.910
G01 X215.318 Y159.394
G01 X214.905 Y168.515
G01 X215.103 Y177.153
G01 X213.701 Y183.641
G01 X213.495 Y184.879
G01 X213.200 Y192.106
G01 X213.222 Y193.810
G01 X211.465 Y197.327
G01 X210.100 Y200.531
G01 X208.246 Y203.315
G01 X206.574 Y206.151
G01 X206.493 Y206.298
G01 X209.951 Y205.769
G01 X213.359 Y205.461
G01 X213.581 Y205.449
G01 X217.382 Y206.102
G01 X221.034 Y207.007
G01 X224.039 Y207.975
G01 X227.165 Y208.839
G01 X230.148 Y209.896
G01 X232.979 Y211.133
G01 X234.137 Y211.712
G01 X236.566 Y212.544
G01 X238.882 Y213.510
G01 X241.077 Y214.602
G01 X243.144 Y215.809
G01 X245.066 Y217.112
G01 X246.859 Y217.795
G01 X248.579 Y218.565
G01 X250.224 Y219.416
G01 X251.789 Y220.342
G01 X253.271 Y221.338
G01 X254.060 Y221.921
G01 X255.465 Y222.801
G01 X256.800 Y223.741
G01 X258.065 Y224.737
G01 X259.256 Y225.784
G01 X260.370 Y226.878
G01 X260.457 Y226.968
G01 X261.572 Y227.959
G01 X262.620 Y228.995
G01 X263.605 Y230.072
G01 X264.519 Y231.186
G01 X265.156 Y232.034
G01 X266.961 Y232.116
G01 X268.798 Y232.326
G01 X270.663 Y232.666
G01 X272.543 Y233.140
G01 X274.433 Y233.750
G01 X274.682 Y233.841
G01 X280.340 Y231.438
G01 X286.859 Y227.337
G01 X291.923 Y226.370
G01 X294.571 Y227.865
G01 X295.655 Y228.541
G01 X297.305 Y230.735
G01 X298.679 Y232.757
G01 X300.231 Y235.049
G01 X302.720 Y237.197
G01 X305.120 Y239.546
G01 X305.657 Y240.111
G01 X310.218 Y242.297
G01 X311.936 Y243.240
G01 X321.463 Y243.237
G01 X325.679 Y242.158
G01 X332.181 Y240.837
G01 X338.933 Y237.343
G01 X343.154 Y235.408
G01 X353.048 Y236.254
G01 X355.104 Y237.093
G01 X360.047 Y238.659
G01 X370.722 Y241.091
G01 X379.471 Y244.612
G01 X388.810 Y248.618
G01 X396.218 Y252.973
G01 X402.763 Y256.625
G01 X407.392 Y262.932
G01 X409.380 Y271.074
G01 X410.090 Y274.558
G01 X413.644 Y283.389
G01 X414.027 Y284.444
G01 X412.804 Y292.716
G01 X412.763 Y292.954
G01 X417.653 Y299.401
G01 X420.958 Y307.740
G01 X432.576 Y312.464
G01 X442.045 Y315.023
G01 X452.661 Y318.350
G01 X462.328 Y320.524
G01 X467.450 Y324.471
G01 X472.769 Y329.185
G01 X479.061 Y332.742
G01 X485.543 Y328.538
G01 X482.211 Y324.066
G01 X478.661 Y319.732
G01 X467.639 Y314.225
G01 X459.550 Y311.678
G01 X437.514 Y308.131
G01 X433.556 Y305.966
G01 X425.302 Y298.091
G01 X422.744 Y290.606
G01 X421.351 Y282.334
G01 X420.965 Y278.797
G01 X421.536 Y270.190
G01 X421.547 Y269.942
G01 X420.963 Y264.236
G01 X415.845 Y256.363
G01 X409.733 Y251.640
G01 X401.269 Y246.721
G01 X391.620 Y240.611
G01 X377.070 Y235.443
G01 X375.277 Y234.906
G01 X365.816 Y233.932
G01 X356.767 Y230.185
G01 X344.351 Y229.403
G01 X333.724 Y229.200
G01 X326.433 Y229.990
G01 X316.777 Y234.321
G01 X309.683 Y232.919
G01 X306.931 Y232.548
G01 X304.942 Y229.997
G01 X302.850 Y227.590
G01 X300.663 Y225.330
G01 X298.471 Y223.294
G01 X296.384 Y221.165
G01 X294.212 Y219.167
G01 X293.531 Y218.582
G01 X290.319 Y217.544
G01 X287.120 Y216.735
G01 X283.947 Y216.149
G01 X280.820 Y215.783
G01 X277.747 Y215.631
G01 X276.792 Y215.626
G01 X273.457 Y217.582
G01 X271.480 Y222.708
G01 X269.194 Y222.590
G01 X266.956 Y222.620
G01 X265.571 Y222.713
G01 X264.125 Y221.679
G01 X262.622 Y220.714
G01 X261.065 Y219.819
G01 X259.457 Y218.999
G01 X257.803 Y218.256
G01 X257.107 Y217.973
G01 X255.670 Y216.140
G01 X254.150 Y214.444
G01 X252.452 Y212.406
G01 X250.571 Y210.446
G01 X249.302 Y209.263
G01 X247.129 Y208.054
G01 X244.844 Y206.955
G01 X242.451 Y205.972
G01 X239.957 Y205.116
G01 X237.367 Y204.392
G01 X235.200 Y203.907
G01 X232.406 Y203.266
G01 X229.521 Y202.782
G01 X228.585 Y202.663
G01 X225.562 Y202.320
G01 X222.462 Y202.154
G01 X220.842 Y202.140
G01 X217.410 Y201.847
G01 X213.889 Y201.771
G01 X213.109 Y201.784
G01 X211.736 Y200.655
G01 X212.386 Y195.673
G01 X212.401 Y195.590
G01 X216.122 Y195.528
G01 X216.475 Y195.534
G01 X220.252 Y196.022
G01 X223.592 Y196.664
G01 X227.346 Y198.207
G01 X228.336 Y198.668
G01 X231.520 Y199.453
G01 X231.832 Y199.542
G01 X234.538 Y199.031
G01 X237.257 Y198.655
G01 X238.380 Y198.540
G01 X240.976 Y197.154
G01 X243.689 Y195.892
G01 X245.073 Y195.316
G01 X247.968 Y192.770
G01 X250.451 Y190.848
G01 X253.851 Y187.903
G01 X255.917 Y186.312
G01 X257.911 Y180.837
G01 X254.382 Y179.906
G01 X252.835 Y179.556
G01 X249.207 Y179.105
G01 X245.549 Y178.831
G01 X245.068 Y178.809
G01 X241.360 Y178.409
G01 X240.187 Y178.321
G01 X236.425 Y178.179
G01 X233.801 Y178.192
G01 X229.994 Y178.373
G01 X229.161 Y178.439
G01 X225.382 Y179.007
G01 X224.406 Y179.186
G01 X221.653 Y179.447
G01 X219.276 Y180.199
G01 X218.016 Y181.308
G01 X216.886 Y182.941
G01 X215.765 Y184.830
G01 X215.136 Y187.195
G01 X215.263 Y191.459
G01 X219.298 Y192.080
G01 X221.150 Y192.456
G01 X222.894 Y192.820
G01 X226.398 Y193.157
G01 X229.809 Y193.687
G01 X230.541 Y193.828
G01 X233.722 Y194.125
G01 X234.426 Y194.215
G01 X237.314 Y193.437
G01 X239.432 Y192.962
G01 X242.320 Y191.464
G01 X243.688 Y190.823
G01 X246.316 Y187.936
G01 X248.073 Y185.314
G01 X249.699 Y183.056
G01 X249.700 Y181.680
G01 X246.159 Y180.562
G01 X244.819 Y180.192
G01 X242.436 Y179.802
G01 X240.934 Y181.317
G01 X238.053 Y183.939
G01 X235.296 Y187.067
G01 X231.984 Y187.435
G01 X230.285 Y187.688
G01 X226.909 Y187.701
G01 X223.528 Y187.080
G01 X222.146 Y186.438
G01 X221.016 Y183.311
G01 X223.783 Y182.450
G01 X226.910 Y183.450
G01 X228.283 Y183.561
G01 X231.721 Y182.644
G01 X232.548 Y182.451
G01 X235.045 Y179.553
G01 X236.987 Y178.254
G01 X240.187 Y178.321
G01 X243.909 Y178.663
G01 X245.068 Y178.809
G01 X248.747 Y178.304
G01 X251.201 Y178.070
G01 X254.742 Y179.858
G01 X255.367 Y180.200
G01 X257.911 Y180.837
G01 X260.844 Y184.315
G01 X260.093 Y188.830
G01 X257.844 Y192.070
G01 X255.588 Y193.585
G01 X252.457 Y195.191
G01 X252.203 Y195.333
G01 X249.276 Y196.843
G01 X247.571 Y197.834
G01 X244.874 Y198.755
G01 X243.688 Y199.212
G01 X241.057 Y199.703
G01 X239.431 Y200.075
G01 X236.593 Y199.347
G01 X235.100 Y199.031
G01 X238.020 Y199.891
G01 X240.827 Y200.902
G01 X243.512 Y202.056
G01 X246.069 Y203.344
G01 X246.946 Y203.832
G01 X249.415 Y203.203
G01 X251.946 Y202.699
G01 X254.532 Y202.323
G01 X255.585 Y202.209
G01 X259.178 Y197.684
G01 X259.595 Y197.209
G01 X262.601 Y190.828
G01 X264.728 Y190.199
G01 X266.857 Y188.947
G01 X265.796 Y189.568
G01 X263.228 Y197.205
G01 X260.095 Y204.975
G01 X257.389 Y205.818
G01 X255.965 Y206.339
G01 X253.614 Y206.150
G01 X251.704 Y206.083
G01 X253.873 Y207.401
G01 X255.924 Y208.815
G01 X256.464 Y209.217
G01 X258.827 Y208.967
G01 X261.238 Y208.844
G01 X263.228 Y208.840
G01 X267.103 Y205.603
G01 X267.987 Y200.833
G01 X267.875 Y192.552
G01 X267.853 Y192.210
G01 X270.393 Y188.914
G01 X273.756 Y189.604
G01 X274.180 Y189.704
G01 X277.429 Y190.802
G01 X280.632 Y192.067
G01 X282.383 Y192.836
G01 X280.012 Y195.826
G01 X275.514 Y197.486
G01 X272.497 Y198.831
G01 X270.994 Y205.962
G01 X268.233 Y210.983
G01 X265.221 Y212.052
G01 X263.353 Y212.846
G01 X261.077 Y212.851
G01 X260.719 Y212.863
G01 X258.661 Y212.409
G01 X258.341 Y212.348
G01 X259.528 Y212.613
G01 X261.252 Y214.017
G01 X262.869 Y215.490
G01 X263.731 Y216.347
G01 X265.663 Y216.954
G01 X267.577 Y217.663
G01 X269.464 Y218.471
G01 X269.745 Y218.601
G01 X270.747 Y216.600
G01 X273.748 Y211.219
G01 X274.245 Y208.852
G01 X277.248 Y204.593
G01 X278.880 Y203.847
G01 X280.514 Y201.956
G01 X283.881 Y198.968
G01 X285.389 Y195.465
G01 X286.269 Y193.323
G01 X287.560 Y185.295
G01 X289.240 Y182.368
G01 X293.685 Y183.002
G01 X295.410 Y183.318
G01 X292.530 Y188.075
G01 X290.909 Y194.824
G01 X288.517 Y199.347
G01 X286.013 Y203.351
G01 X282.891 Y206.093
G01 X285.471 Y207.552
G01 X287.995 Y209.150
G01 X288.649 Y209.594
G01 X290.028 Y211.728
G01 X292.950 Y213.072
G01 X295.404 Y214.358
G01 X297.420 Y215.351
G01 X299.538 Y216.860
G01 X300.918 Y218.734
G01 X303.093 Y221.110
G01 X304.560 Y222.858
G01 X307.117 Y225.187
G01 X307.689 Y225.744
G01 X312.370 Y227.396
G01 X312.942 Y227.625
G01 X321.072 Y228.004
G01 X325.471 Y225.740
G01 X330.468 Y224.120
G01 X337.370 Y224.244
G01 X343.363 Y225.621
G01 X345.131 Y225.989
G01 X357.017 Y226.778
G01 X367.442 Y225.782
G01 X374.654 Y228.178
G01 X383.269 Y230.985
G01 X392.484 Y233.389
G01 X400.482 Y234.592
G01 X406.292 Y238.805
G01 X412.511 Y243.008
G01 X418.518 Y248.417
G01 X422.144 Y253.213
G01 X424.142 Y256.627
G01 X427.153 Y262.829
G01 X428.440 Y271.853
G01 X428.744 Y274.644
G01 X428.588 Y278.998
G01 X433.398 Y283.007
G01 X440.649 Y286.223
G01 X449.483 Y289.843
G01 X453.316 Y297.084
G01 X461.357 Y302.309
G01 X467.779 Y303.493
G01 X473.411 Y304.317
G01 X481.268 Y307.312
G01 X489.535 Y314.418
G01 X486.885 Y302.899
G01 X485.086 Y296.677
G01 X473.413 Y295.870
G01 X471.213 Y295.667
G01 X462.556 Y286.012
G01 X454.119 Y281.803
G01 X449.686 Y281.197
G01 X444.853 Y279.993
G01 X438.421 Y273.560
G01 X436.025 Y264.918
G01 X434.418 Y257.896
G01 X430.599 Y249.454
G01 X427.769 Y245.030
G01 X423.750 Y239.008
G01 X416.755 Y231.156
G01 X409.578 Y224.090
G01 X386.675 Y221.514
G01 X367.442 Y225.782
G01 X364.403 Y222.158
G01 X353.867 Y219.277
G01 X345.355 Y217.643
G01 X337.099 Y215.553
G01 X332.757 Y214.739
G01 X321.785 Y216.677
G01 X313.712 Y217.971
G01 X309.523 Y218.287
G01 X307.519 Y215.391
G01 X305.383 Y212.607
G01 X303.119 Y209.940
G01 X300.735 Y207.396
G01 X298.236 Y204.981
G01 X295.630 Y202.699
G01 X294.984 Y202.168
G01 X293.285 Y198.841
G01 X291.372 Y195.560
G01 X290.909 Y194.824
G01 X294.505 Y190.929
G01 X293.262 Y185.919
G01 X292.317 Y182.854
G01 X295.410 Y183.318
G01 X299.695 Y184.597
G01 X303.970 Y186.129
G01 X307.583 Y187.633
G01 X308.551 Y192.844
G01 X309.158 Y197.986
G01 X309.276 Y199.584
G01 X312.591 Y202.118
G01 X314.913 Y204.063
G01 X318.780 Y206.453
G01 X321.455 Y208.291
G01 X327.269 Y204.095
G01 X336.884 Y204.080
G01 X342.114 Y204.414
G01 X348.905 Y204.418
G01 X358.689 Y206.303
G01 X365.036 Y207.972
G01 X369.972 Y212.875
G01 X373.437 Y216.679
G01 X389.891 Y216.356
G01 X401.195 Y214.746
G01 X408.615 Y217.318
G01 X419.204 Y223.730
G01 X419.271 Y223.774
G01 X429.780 Y231.125
G01 X431.550 Y232.482
G01 X437.361 Y239.251
G01 X439.949 Y248.551
G01 X440.891 Y252.484
G01 X445.516 Y258.075
G01 X448.668 Y261.317
G01 X449.074 Y266.538
G01 X454.566 Y270.293
G01 X457.476 Y277.091
G01 X471.083 Y280.001
G01 X478.856 Y289.730
G01 X489.221 Y289.071
G01 X489.857 Y281.310
G01 X488.243 Y272.555
G01 X480.462 Y264.466
G01 X468.489 Y267.702
G01 X459.527 Y259.760
G01 X453.022 Y249.456
G01 X450.736 Y246.156
G01 X445.110 Y236.600
G01 X444.426 Y235.522
G01 X436.413 Y231.448
G01 X432.413 Y222.632
G01 X428.976 Y215.916
G01 X421.194 Y211.692
G01 X410.825 Y208.137
G01 X400.452 Y204.902
G01 X381.997 Y204.579
G01 X375.276 Y199.760
G01 X373.247 Y198.429
G01 X364.875 Y195.043
G01 X356.488 Y192.338
G01 X351.216 Y190.982
G01 X342.839 Y189.416
G01 X336.978 Y188.711
G01 X332.101 Y188.721
G01 X324.662 Y191.301
G01 X319.562 Y189.298
G01 X316.889 Y188.387
G01 X313.978 Y184.661
G01 X311.056 Y181.272
G01 X307.558 Y178.064
G01 X305.226 Y176.095
G01 X301.691 Y172.844
G01 X301.334 Y172.534
G01 X299.935 Y165.579
G01 X299.463 Y163.698
G01 X304.906 Y163.456
G01 X308.358 Y167.659
G01 X309.115 Y168.645
G01 X312.486 Y172.678
G01 X313.637 Y174.156
G01 X320.865 Y173.831
G01 X328.278 Y174.032
G01 X330.855 Y174.226
G01 X335.216 Y177.941
G01 X337.438 Y179.983
G01 X346.605 Y180.339
G01 X355.941 Y181.427
G01 X365.153 Y183.207
G01 X369.041 Y184.834
G01 X378.442 Y186.777
G01 X385.498 Y191.540
G01 X386.522 Y192.285
G01 X392.363 Y193.889
G01 X395.925 Y194.228
G01 X411.143 Y196.485
G01 X414.387 Y198.750
G01 X426.382 Y203.613
G01 X429.926 Y208.142
G01 X438.372 Y215.902
G01 X440.957 Y218.490
G01 X444.202 Y223.032
G01 X453.251 Y228.858
G01 X463.306 Y238.242
G01 X470.471 Y248.728
G01 X473.992 Y254.442
G01 X484.998 Y256.700
G01 X490.834 Y255.730
G01 X491.159 Y245.380
G01 X482.103 Y243.423
G01 X473.208 Y232.651
G01 X469.785 Y228.868
G01 X466.862 Y223.367
G01 X459.421 Y217.846
G01 X452.234 Y208.603
G01 X447.105 Y202.647
G01 X433.587 Y196.204
G01 X433.501 Y196.168
G01 X429.290 Y193.892
G01 X416.985 Y188.527
G01 X409.525 Y185.800
G01 X403.692 Y184.504
G01 X392.997 Y180.466
G01 X382.300 Y177.303
G01 X377.147 Y176.084
G01 X367.489 Y175.968
G01 X357.098 Y174.762
G01 X356.508 Y174.718
G01 X352.351 Y174.549
G01 X347.685 Y174.222
G01 X342.619 Y174.553
G01 X343.973 Y166.475
G01 X345.822 Y161.532
G01 X354.596 Y162.792
G01 X354.779 Y162.825
G01 X364.675 Y163.974
G01 X372.597 Y165.421
G01 X380.054 Y168.327
G01 X389.453 Y169.933
G01 X398.525 Y172.200
G01 X410.855 Y175.680
G01 X413.096 Y176.421
G01 X421.503 Y180.296
G01 X433.809 Y185.702
G01 X441.595 Y189.695
G01 X449.697 Y194.212
G01 X459.098 Y199.394
G01 X470.760 Y207.492
G01 X476.921 Y216.889
G01 X483.393 Y225.950
G01 X487.274 Y219.147
G01 X485.653 Y211.377
G01 X481.440 Y202.651
G01 X471.399 Y193.570
G01 X460.412 Y185.127
G01 X449.155 Y177.613
G01 X446.131 Y175.776
G01 X441.279 Y174.474
G01 X424.096 Y173.178
G01 X413.101 Y169.611
G01 X404.820 Y163.819
G01 X401.756 Y161.856
G01 X391.385 Y158.135
G01 X389.777 Y157.629
G01 X380.695 Y155.694
G01 X369.066 Y155.481
G01 X361.817 Y155.895
G01 X357.181 Y155.366
G01 X349.558 Y152.712
G01 X348.749 Y152.460
G01 X351.405 Y140.680
G01 X362.522 Y140.342
G01 X368.062 Y140.478
G01 X377.003 Y143.555
G01 X377.461 Y143.728
G01 X382.976 Y148.250
G01 X390.731 Y152.137
G01 X403.708 Y154.122
G01 X416.817 Y157.147
G01 X420.872 Y158.291
G01 X427.667 Y162.183
G01 X439.410 Y167.822
G01 X440.959 Y168.640
G01 X452.611 Y169.623
G01 X458.769 Y172.204
G01 X470.673 Y180.004
G01 X471.084 Y180.293
G01 X478.528 Y185.474
G01 X486.923 Y183.007
G01 X477.057 Y173.452
G01 X474.959 Y171.563
G01 X464.264 Y164.765
G01 X451.107 Y158.204
G01 X448.409 Y156.998
G01 X436.422 Y155.365
G01 X420.863 Y152.777
G01 X410.076 Y148.017
G01 X409.853 Y147.928
G01 X397.715 Y144.940
G01 X388.196 Y143.235
G01 X379.165 Y139.421
G01 X373.222 Y137.254
G01 X362.856 Y135.789
G01 X360.552 Y135.562
G01 X358.576 Y126.913
G01 X368.547 Y128.531
G01 X369.469 Y128.714
G01 X377.817 Y123.546
G01 X381.413 Y131.654
G01 X387.609 Y138.082
G01 X389.600 Y140.289
G01 X398.233 Y145.089
G01 X399.038 Y145.570
G01 X414.505 Y146.541
G01 X424.570 Y147.834
G01 X435.441 Y149.868
G01 X442.411 Y156.170
G01 X460.714 Y155.685
G01 X469.457 Y155.690
G01 X475.911 Y152.851
G01 X457.806 Y148.892
G01 X450.333 Y146.630
G01 X447.115 Y143.394
G01 X452.284 Y140.495
G01 X455.528 Y138.872
G01 X454.883 Y132.058
G01 X452.426 Y119.615
G01 X444.461 Y110.531
G01 X441.658 Y107.542
G01 X435.100 Y97.474
G01 X434.721 Y96.925
G01 X428.271 Y90.175
G01 X418.792 Y83.738
G01 X425.485 Y88.532
G01 X414.304 Y82.904
G01 X406.879 Y79.578
G01 X394.198 Y78.090
G01 X379.556 Y79.127
G01 X370.938 Y79.307
G01 X368.647 Y87.674
G01 X380.896 Y88.591
G01 X382.436 Y88.762
G01 X379.944 Y97.728
G01 X379.512 Y103.144
G01 X377.426 Y112.542
G01 X377.014 Y116.299
G01 X368.454 Y121.103
G01 X366.018 Y122.163
G01 X358.838 Y123.397
G01 X358.007 Y119.233
G01 X359.254 Y106.276
G01 X360.298 Y101.275
G01 X367.389 Y94.812
G01 X369.279 Y90.227
G01 X377.213 Y92.312
G01 X377.201 Y100.450
G01 X373.874 Y110.874
G01 X371.149 Y116.524
G01 X365.093 Y114.013
G01 X364.255 Y106.083
G01 X368.024 Y104.397
G01 X372.002 Y96.690
G01 X374.524 Y108.715
G01 X374.538 Y108.791
G01 X364.656 Y109.844
G01 X360.367 Y100.324
G01 X359.459 Y98.488
G01 X357.401 Y92.207
G01 X349.079 Y87.433
G01 X349.043 Y87.413
G01 X337.613 Y88.368
G01 X326.530 Y90.031
G01 X325.925 Y90.144
G01 X316.679 Y89.153
G01 X307.528 Y88.669
G01 X298.500 Y88.681
G01 X289.620 Y89.174
G01 X280.915 Y90.136
G01 X278.439 Y90.498
G01 X270.202 Y90.568
G01 X262.048 Y91.050
G01 X253.998 Y91.936
G01 X246.070 Y93.218
G01 X238.285 Y94.885
G01 X230.661 Y96.925
G01 X227.047 Y98.041
G01 X219.295 Y98.382
G01 X214.831 Y98.754
G01 X213.037 Y111.040
G01 X212.957 Y119.119
G01 X216.857 Y130.359
G01 X214.335 Y133.258
G01 X214.598 Y136.400
G01 X215.783 Y139.212
G01 X217.345 Y140.397
G01 X218.798 Y138.171
G01 X217.348 Y127.130
G01 X217.606 Y117.665
G01 X218.002 Y113.977
G01 X221.689 Y111.355
G01 X222.209 Y114.106
G01 X221.956 Y124.376
G01 X221.955 Y130.800
G01 X222.607 Y141.318
G01 X224.583 Y141.186
G01 X224.579 Y135.023
G01 X224.445 Y123.181
G01 X224.967 Y114.502
G01 X227.210 Y110.706
G01 X232.992 Y110.297
G01 X240.049 Y110.042
G01 X240.367 Y110.038
G01 X245.488 Y110.816
G01 X245.944 Y114.287
G01 X241.597 Y114.288
G01 X235.237 Y114.610
G01 X230.726 Y114.439
G01 X230.729 Y117.863
G01 X237.401 Y117.175
G01 X240.977 Y116.943
G01 X247.344 Y117.407
G01 X248.898 Y121.120
G01 X246.420 Y123.134
G01 X241.284 Y122.360
G01 X236.003 Y123.301
G01 X231.820 Y123.297
G01 X228.862 Y126.859
G01 X230.264 Y128.734
G01 X236.522 Y129.418
G01 X237.256 Y129.520
G01 X239.890 Y129.189
G01 X243.627 Y128.728
G01 X245.636 Y128.740
G01 X246.730 Y131.532
G01 X246.110 Y133.386
G01 X243.157 Y133.846
G01 X237.282 Y134.077
G01 X236.168 Y134.154
G01 X233.371 Y134.166
G01 X230.879 Y133.847
G01 X228.244 Y137.727
G01 X230.412 Y139.897
G01 X236.021 Y139.373
G01 X237.557 Y139.277
G01 X243.194 Y139.575
G01 X243.619 Y139.609
G01 X245.483 Y139.293
G01 X245.480 Y143.794
G01 X242.996 Y145.184
G01 X240.667 Y145.647
G01 X237.099 Y145.190
G01 X232.284 Y144.556
G01 X230.422 Y145.179
G01 X230.110 Y148.138
G01 X229.947 Y152.168
G01 X234.917 Y151.856
G01 X239.892 Y150.994
G01 X240.363 Y150.926
G01 X242.538 Y150.782
G01 X244.399 Y150.767
G01 X243.311 Y155.129
G01 X238.471 Y155.235
G01 X233.633 Y155.579
G01 X233.522 Y155.590
G01 X228.863 Y155.890
G01 X227.152 Y157.756
G01 X233.211 Y165.669
G01 X236.007 Y172.660
G01 X237.565 Y174.678
G01 X240.672 Y174.691
G01 X238.183 Y168.772
G01 X236.475 Y166.147
G01 X232.126 Y159.766
G01 X228.863 Y155.890
G01 X233.522 Y155.590
G01 X238.185 Y162.565
G01 X242.978 Y168.858
G01 X244.395 Y170.950
G01 X244.554 Y175.147
G01 X248.390 Y175.808
G01 X249.681 Y176.076
G01 X250.765 Y172.191
G01 X246.755 Y167.990
G01 X245.791 Y167.066
G01 X242.689 Y163.038
G01 X238.422 Y155.362
G01 X241.295 Y155.226
G01 X243.311 Y155.129
G01 X248.058 Y162.791
G01 X249.215 Y164.908
G01 X250.766 Y166.611
G01 X254.646 Y171.030
G01 X256.048 Y172.805
G01 X256.667 Y176.075
G01 X260.042 Y179.006
G01 X260.240 Y179.190
G01 X263.362 Y182.160
G01 X265.521 Y184.455
G01 X268.350 Y187.120
G01 X269.398 Y188.193
G01 X273.285 Y178.878
G01 X268.899 Y180.009
G01 X267.542 Y180.420
G01 X265.209 Y180.270
G01 X261.598 Y179.451
G01 X260.240 Y179.190
G01 X262.106 Y176.817
G01 X266.062 Y176.793
G01 X267.850 Y176.849
G01 X271.733 Y176.380
G01 X272.976 Y173.129
G01 X268.870 Y172.446
G01 X266.917 Y172.194
G01 X262.601 Y172.892
G01 X258.736 Y173.731
G01 X255.651 Y169.595
G01 X259.826 Y169.672
G01 X262.624 Y169.841
G01 X266.950 Y169.697
G01 X271.326 Y169.778
G01 X272.827 Y169.858
G01 X276.550 Y167.072
G01 X272.312 Y165.598
G01 X271.106 Y165.221
G01 X266.319 Y166.081
G01 X263.264 Y166.781
G01 X258.873 Y166.947
G01 X255.422 Y167.235
G01 X251.191 Y166.657
G01 X250.766 Y166.611
G01 X252.628 Y164.280
G01 X257.098 Y163.775
G01 X261.631 Y163.495
G01 X263.262 Y163.451
G01 X267.923 Y163.223
G01 X269.093 Y163.204
G01 X273.941 Y162.897
G01 X274.691 Y162.873
G01 X278.252 Y162.264
G01 X277.942 Y159.628
G01 X272.829 Y159.931
G01 X271.737 Y160.032
G01 X266.814 Y160.379
G01 X263.458 Y160.769
G01 X258.752 Y161.141
G01 X256.469 Y161.411
G01 X251.900 Y161.797
G01 X250.441 Y161.969
G01 X249.052 Y158.703
G01 X253.759 Y158.096
G01 X257.858 Y157.763
G01 X262.812 Y156.752
G01 X265.209 Y156.361
G01 X270.346 Y155.724
G01 X275.588 Y155.361
G01 X279.505 Y155.273
G01 X279.793 Y152.054
G01 X274.415 Y151.912
G01 X269.101 Y152.050
G01 X263.869 Y152.461
G01 X263.654 Y152.484
G01 X258.519 Y153.172
G01 X256.200 Y153.573
G01 X251.246 Y154.193
G01 X251.234 Y154.194
G01 X246.418 Y153.109
G01 X251.411 Y151.650
G01 X253.718 Y151.073
G01 X257.754 Y150.158
G01 X262.971 Y149.761
G01 X267.803 Y149.631
G01 X273.271 Y149.199
G01 X275.833 Y149.097
G01 X280.903 Y148.288
G01 X278.254 Y146.118
G01 X272.552 Y146.378
G01 X266.951 Y146.936
G01 X265.058 Y147.193
G01 X259.786 Y146.719
G01 X257.130 Y146.579
G01 X251.861 Y146.439
G01 X251.849 Y146.439
G01 X247.965 Y147.061
G01 X248.087 Y143.112
G01 X253.510 Y143.165
G01 X254.373 Y143.199
G01 X259.846 Y143.092
G01 X265.346 Y143.257
G01 X266.450 Y143.324
G01 X272.206 Y142.767
G01 X273.131 Y142.706
G01 X277.325 Y142.248
G01 X281.055 Y142.388
G01 X280.086 Y138.607
G01 X277.733 Y137.827
G01 X273.219 Y138.415
G01 X271.459 Y138.694
G01 X267.333 Y138.707
G01 X264.197 Y138.399
G01 X260.276 Y138.790
G01 X258.023 Y139.181
G01 X255.666 Y139.581
G01 X251.543 Y140.070
G01 X248.607 Y140.567
G01 X247.626 Y140.358
G01 X248.019 Y137.911
G01 X248.164 Y136.012
G01 X251.853 Y136.079
G01 X254.210 Y135.849
G01 X256.303 Y135.844
G01 X255.867 Y132.226
G01 X249.889 Y132.664
G01 X249.270 Y132.727
G01 X249.786 Y131.237
G01 X249.776 Y128.886
G01 X249.357 Y127.953
G01 X253.017 Y127.622
G01 X255.637 Y127.924
G01 X255.775 Y125.327
G01 X249.839 Y125.387
G01 X250.042 Y123.241
G01 X256.065 Y122.616
G01 X258.113 Y122.045
G01 X258.018 Y120.958
G01 X257.233 Y119.868
G01 X253.994 Y120.762
G01 X250.122 Y120.317
G01 X250.519 Y118.351
G01 X256.059 Y117.529
G01 X258.219 Y117.037
G01 X257.832 Y115.651
G01 X252.236 Y115.478
G01 X249.858 Y114.910
G01 X249.757 Y113.633
G01 X254.882 Y112.924
G01 X257.721 Y112.910
G01 X261.651 Y113.012
G01 X264.100 Y113.111
G01 X267.437 Y111.056
G01 X269.691 Y109.877
G01 X270.874 Y109.587
G01 X272.440 Y109.779
G01 X279.670 Y110.281
G01 X282.445 Y110.570
G01 X278.817 Y111.744
G01 X273.021 Y112.348
G01 X271.351 Y113.320
G01 X272.042 Y114.787
G01 X278.985 Y115.459
G01 X279.793 Y115.560
G01 X278.528 Y116.446
G01 X272.108 Y117.391
G01 X272.495 Y119.065
G01 X278.016 Y119.843
G01 X280.434 Y120.297
G01 X279.559 Y122.062
G01 X273.720 Y122.720
G01 X272.338 Y122.624
G01 X272.343 Y125.758
G01 X276.361 Y125.183
G01 X279.504 Y125.477
G01 X278.908 Y127.724
G01 X273.031 Y128.398
G01 X272.053 Y128.989
G01 X272.240 Y131.042
G01 X278.035 Y129.978
G01 X279.300 Y130.071
G01 X278.814 Y132.528
G01 X273.315 Y133.903
G01 X272.932 Y134.971
G01 X277.740 Y135.374
G01 X280.776 Y134.774
G01 X280.877 Y136.337
G01 X280.574 Y140.494
G01 X280.774 Y144.787
G01 X283.327 Y149.390
G01 X282.305 Y147.537
G01 X283.233 Y136.729
G01 X282.542 Y130.572
G01 X282.250 Y127.424
G01 X282.248 Y121.437
G01 X282.536 Y116.447
G01 X282.733 Y114.484
G01 X282.445 Y110.570
G01 X283.332 Y107.235
G01 X285.881 Y108.900
G01 X284.118 Y121.144
G01 X284.704 Y126.751
G01 X285.197 Y130.951
G01 X285.192 Y139.276
G01 X285.480 Y144.581
G01 X286.274 Y146.940
G01 X287.745 Y139.575
G01 X287.554 Y135.165
G01 X286.956 Y125.660
G01 X287.159 Y121.250
G01 X287.156 Y114.107
G01 X287.349 Y110.756
G01 X288.420 Y107.630
G01 X289.022 Y113.795
G01 X288.916 Y121.743
G01 X288.819 Y132.613
G01 X289.214 Y139.790
G01 X289.119 Y144.485
G01 X291.954 Y147.140
G01 X292.651 Y141.826
G01 X292.351 Y136.729
G01 X291.370 Y126.539
G01 X291.377 Y116.047
G01 X291.670 Y109.689
G01 X291.172 Y106.636
G01 X292.839 Y105.184
G01 X294.117 Y106.843
G01 X294.997 Y115.572
G01 X294.896 Y123.500
G01 X295.497 Y133.106
G01 X295.680 Y142.428
G01 X296.268 Y146.941
G01 X298.240 Y145.656
G01 X299.113 Y141.454
G01 X297.622 Y129.544
G01 X297.012 Y123.709
G01 X296.365 Y115.868
G01 X296.475 Y113.891
G01 X296.475 Y110.766
G01 X296.663 Y108.108
G01 X300.593 Y107.429
G01 X300.268 Y109.521
G01 X300.089 Y114.929
G01 X300.108 Y120.761
G01 X300.307 Y125.458
G01 X300.391 Y131.064
G01 X300.596 Y137.319
G01 X300.784 Y143.996
G01 X302.555 Y145.164
G01 X304.310 Y143.509
G01 X303.435 Y135.864
G01 X303.144 Y130.952
G01 X303.242 Y122.519
G01 X303.534 Y115.756
G01 X302.700 Y111.811
G01 X302.059 Y106.933
G01 X303.920 Y108.020
G01 X304.892 Y113.124
G01 X305.250 Y120.883
G01 X305.091 Y130.008
G01 X305.361 Y136.359
G01 X305.233 Y139.037
G01 X305.447 Y141.622
G01 X305.303 Y143.806
G01 X305.286 Y145.640
G01 X305.471 Y149.566
G01 X305.608 Y151.340
G01 X305.485 Y153.029
G01 X302.471 Y158.015
G01 X299.463 Y163.698
G01 X296.776 Y168.556
G01 X293.598 Y174.750
G01 X290.910 Y179.434
G01 X287.560 Y185.295
G01 X285.048 Y190.493
G01 X282.869 Y190.664
G01 X285.379 Y185.133
G01 X287.396 Y181.449
G01 X289.899 Y176.433
G01 X292.582 Y170.062
G01 X295.433 Y166.209
G01 X298.622 Y161.174
G01 X301.309 Y155.488
G01 X303.151 Y151.965
G01 X305.382 Y147.600
G01 X302.725 Y146.997
G01 X300.944 Y149.367
G01 X299.096 Y154.183
G01 X296.925 Y157.675
G01 X294.286 Y161.967
G01 X291.321 Y166.179
G01 X289.745 Y169.725
G01 X288.743 Y172.217
G01 X285.482 Y177.682
G01 X284.220 Y183.589
G01 X282.108 Y186.123
G01 X280.735 Y189.919
G01 X278.941 Y190.343
G01 X281.158 Y182.324
G01 X283.273 Y179.264
G01 X284.952 Y174.522
G01 X287.591 Y169.688
G01 X288.958 Y165.991
G01 X290.538 Y161.676
G01 X292.548 Y159.145
G01 X293.923 Y155.867
G01 X296.238 Y151.016
G01 X298.454 Y147.756
G01 X295.079 Y147.771
G01 X294.148 Y149.765
G01 X292.356 Y153.289
G01 X290.506 Y156.323
G01 X289.771 Y159.034
G01 X287.992 Y163.114
G01 X286.672 Y166.029
G01 X284.418 Y170.854
G01 X283.232 Y173.692
G01 X281.772 Y177.340
G01 X280.250 Y179.862
G01 X278.933 Y184.344
G01 X277.894 Y186.261
G01 X276.891 Y188.331
G01 X276.297 Y189.846
G01 X274.180 Y189.704
G01 X277.490 Y183.343
G01 X278.089 Y180.363
G01 X279.809 Y175.662
G01 X281.612 Y172.733
G01 X283.006 Y167.893
G01 X285.127 Y162.711
G01 X287.120 Y158.939
G01 X289.408 Y154.886
G01 X290.899 Y150.847
G01 X291.954 Y147.140
G01 X288.437 Y147.922
G01 X287.103 Y152.045
G01 X285.639 Y155.552
G01 X283.048 Y160.418
G01 X280.848 Y164.555
G01 X279.776 Y169.285
G01 X278.576 Y172.279
G01 X277.982 Y174.328
G01 X276.449 Y178.211
G01 X275.978 Y180.282
G01 X274.382 Y182.880
G01 X273.582 Y186.136
G01 X272.053 Y188.867
G01 X270.393 Y188.914
G01 X272.851 Y183.664
G01 X273.848 Y179.875
G01 X274.577 Y176.020
G01 X276.382 Y172.019
G01 X277.053 Y169.816
G01 X278.113 Y166.027
G01 X279.778 Y162.294
G01 X280.714 Y157.110
G01 X281.507 Y153.654
G01 X283.327 Y149.390
G01 X284.042 Y147.203
G01 X289.372 Y146.920
G01 X295.606 Y146.804
G01 X298.026 Y146.855
G01 X304.048 Y147.301
G01 X308.816 Y148.199
G01 X312.148 Y154.046
G01 X312.875 Y155.440
G01 X315.476 Y161.439
G01 X317.408 Y166.028
G01 X318.341 Y170.016
G01 X319.266 Y173.690
G01 X320.011 Y177.666
G01 X321.538 Y183.322
G01 X321.644 Y183.772
G01 X322.285 Y189.794
G01 X322.479 Y193.495
G01 X323.463 Y198.612
G01 X324.130 Y203.677
G01 X324.156 Y203.936
G01 X325.697 Y208.237
G01 X327.005 Y212.570
G01 X328.077 Y216.920
G01 X328.485 Y218.876
G01 X329.291 Y223.205
G01 X329.870 Y227.530
G01 X330.069 Y229.597
G01 X331.088 Y233.711
G01 X331.903 Y237.868
G01 X332.353 Y240.803
G01 X333.479 Y244.943
G01 X334.404 Y249.163
G01 X334.480 Y249.564
G01 X335.089 Y253.860
G01 X335.485 Y258.206
G01 X335.610 Y260.599
G01 X336.043 Y265.050
G01 X336.249 Y269.560
G01 X336.267 Y271.524
G01 X336.725 Y276.248
G01 X336.931 Y281.058
G01 X336.877 Y285.942
G01 X336.731 Y288.709
G01 X337.023 Y294.024
G01 X337.048 Y295.507
G01 X337.534 Y290.442
G01 X337.743 Y285.434
G01 X337.681 Y280.494
G01 X337.357 Y275.637
G01 X336.779 Y270.880
G01 X336.745 Y270.653
G01 X336.811 Y266.137
G01 X336.651 Y261.659
G01 X336.269 Y257.224
G01 X336.005 Y255.083
G01 X336.018 Y250.716
G01 X335.882 Y247.362
G01 X335.704 Y242.984
G01 X335.309 Y238.609
G01 X335.043 Y236.517
G01 X335.625 Y231.848
G01 X335.730 Y230.691
G01 X336.029 Y225.894
G01 X336.077 Y221.613
G01 X336.966 Y216.221
G01 X337.534 Y210.668
G01 X337.661 Y208.569
G01 X341.054 Y200.989
G01 X341.427 Y200.046
G01 X344.256 Y196.200
G01 X344.304 Y189.542
G01 X344.144 Y185.720
G01 X343.899 Y178.564
G01 X343.864 Y178.061
G01 X338.639 Y178.411
G01 X338.570 Y183.066
G01 X338.795 Y189.808
G01 X338.774 Y191.949
G01 X338.401 Y198.500
G01 X338.343 Y199.119
G01 X335.896 Y206.323
G01 X335.264 Y207.930
G01 X334.521 Y213.623
G01 X334.479 Y213.875
G01 X334.457 Y218.948
G01 X334.152 Y223.922
G01 X333.898 Y226.355
G01 X333.654 Y231.030
G01 X333.533 Y232.414
G01 X333.710 Y236.827
G01 X333.719 Y238.296
G01 X333.663 Y233.882
G01 X333.381 Y229.438
G01 X332.870 Y224.974
G01 X332.127 Y220.504
G01 X332.005 Y219.880
G01 X331.106 Y215.365
G01 X329.966 Y210.859
G01 X329.551 Y209.419
G01 X328.745 Y204.552
G01 X327.657 Y199.659
G01 X327.527 Y199.148
G01 X336.319 Y198.766
G01 X342.835 Y198.129
G01 X333.995 Y197.376
G01 X325.327 Y197.347
G01 X321.163 Y197.591
G01 X321.756 Y191.163
G01 X321.888 Y184.549
G01 X321.543 Y177.780
G01 X321.542 Y177.760
G01 X329.687 Y177.340
G01 X338.042 Y177.547
G01 X343.864 Y178.061
G01 X338.111 Y178.125
G01 X333.220 Y178.618
G01 X327.498 Y178.100
G01 X321.736 Y177.987
G01 X322.660 Y177.813
G01 X321.067 Y172.354
G01 X320.535 Y166.500
G01 X319.143 Y161.691
G01 X316.931 Y157.512
G01 X314.884 Y152.512
G01 X313.421 Y149.582
G01 X310.552 Y146.321
G01 X312.547 Y145.652
G01 X315.538 Y146.337
G01 X317.545 Y149.181
G01 X318.808 Y151.845
G01 X320.267 Y156.782
G01 X321.079 Y159.302
G01 X322.397 Y162.907
G01 X323.475 Y167.425
G01 X324.000 Y171.012
G01 X323.935 Y173.810
G01 X324.191 Y176.480
G01 X324.397 Y178.543
G01 X327.604 Y178.469
G01 X328.460 Y177.884
G01 X326.724 Y173.216
G01 X326.187 Y169.430
G01 X325.133 Y165.486
G01 X324.603 Y162.903
G01 X323.855 Y158.381
G01 X322.732 Y155.109
G01 X321.941 Y152.445
G01 X320.010 Y148.658
G01 X319.341 Y147.257
G01 X318.548 Y145.521
G01 X319.666 Y144.403
G01 X321.399 Y144.606
G01 X323.407 Y146.987
G01 X325.332 Y152.315
G01 X326.668 Y156.513
G01 X327.667 Y160.627
G01 X328.267 Y165.490
G01 X328.728 Y171.295
G01 X329.119 Y174.219
G01 X329.528 Y176.537
G01 X330.128 Y179.269
G01 X332.863 Y179.199
G01 X330.855 Y174.226
G01 X330.716 Y171.025
G01 X330.252 Y166.497
G01 X329.863 Y163.290
G01 X329.053 Y158.916
G01 X327.930 Y151.907
G01 X327.266 Y149.450
G01 X325.540 Y145.659
G01 X325.002 Y144.531
G01 X325.548 Y143.815
G01 X328.168 Y144.084
G01 X328.651 Y146.417
G01 X329.652 Y149.763
G01 X330.793 Y154.189
G01 X331.322 Y157.080
G01 X331.656 Y160.087
G01 X332.330 Y163.643
G01 X332.653 Y166.598
G01 X333.679 Y173.550
G01 X334.019 Y176.009
G01 X334.495 Y178.683
G01 X334.600 Y179.228
G01 X336.312 Y179.207
G01 X336.010 Y171.746
G01 X335.846 Y169.789
G01 X334.982 Y165.174
G01 X334.554 Y158.637
G01 X334.115 Y151.992
G01 X332.403 Y147.161
G01 X330.570 Y144.171
G01 X334.163 Y143.578
G01 X336.166 Y150.062
G01 X336.787 Y153.841
G01 X337.120 Y157.098
G01 X337.229 Y160.026
G01 X337.124 Y163.851
G01 X337.220 Y166.269
G01 X337.533 Y168.590
G01 X337.542 Y172.821
G01 X337.904 Y174.976
G01 X336.935 Y178.002
G01 X339.773 Y177.744
G01 X340.153 Y173.259
G01 X340.643 Y167.863
G01 X340.105 Y160.716
G01 X339.881 Y154.441
G01 X339.450 Y149.615
G01 X339.194 Y145.874
G01 X338.272 Y143.074
G01 X340.970 Y143.085
G01 X342.083 Y147.105
G01 X342.561 Y152.192
G01 X342.623 Y156.241
G01 X342.690 Y165.282
G01 X342.495 Y169.477
G01 X342.768 Y177.115
G01 X344.381 Y167.681
G01 X345.282 Y157.991
G01 X345.305 Y151.734
G01 X344.822 Y145.871
G01 X344.663 Y143.177
G01 X347.788 Y144.656
G01 X347.230 Y155.390
G01 X347.142 Y156.318
G01 X349.103 Y144.185
G01 X349.336 Y142.138
G01 X340.763 Y140.844
G01 X332.317 Y140.113
G01 X332.023 Y140.097
G01 X326.634 Y140.203
G01 X326.858 Y136.860
G01 X336.059 Y136.205
G01 X341.404 Y136.113
G01 X347.396 Y135.816
G01 X350.460 Y135.890
G01 X351.593 Y131.609
G01 X340.846 Y132.608
G01 X340.350 Y132.673
G01 X334.045 Y131.912
G01 X328.345 Y132.673
G01 X327.607 Y129.071
G01 X330.598 Y128.163
G01 X336.139 Y128.032
G01 X340.331 Y128.329
G01 X347.543 Y127.418
G01 X351.141 Y127.569
G01 X351.284 Y124.136
G01 X345.882 Y124.282
G01 X340.338 Y124.428
G01 X332.995 Y125.317
G01 X330.745 Y126.073
G01 X328.202 Y126.066
G01 X328.497 Y122.325
G01 X334.649 Y120.533
G01 X338.406 Y120.377
G01 X344.850 Y120.384
G01 X347.999 Y120.081
G01 X351.147 Y120.072
G01 X351.736 Y116.485
G01 X344.101 Y116.178
G01 X341.547 Y117.381
G01 X334.954 Y118.431
G01 X328.339 Y119.033
G01 X329.249 Y113.928
G01 X334.786 Y113.195
G01 X339.737 Y112.747
G01 X344.683 Y112.892
G01 X349.040 Y112.148
G01 X351.728 Y112.443
G01 X351.731 Y108.540
G01 X345.598 Y108.094
G01 X338.687 Y109.596
G01 X333.440 Y109.293
G01 X329.688 Y110.941
G01 X327.308 Y110.936
G01 X328.495 Y107.188
G01 X335.704 Y104.939
G01 X338.243 Y103.900
G01 X344.688 Y103.141
G01 X348.137 Y103.443
G01 X351.132 Y102.702
G01 X351.130 Y100.458
G01 X344.545 Y99.989
G01 X333.839 Y100.768
G01 X333.429 Y100.812
G01 X329.200 Y103.066
G01 X326.543 Y106.290
G01 X325.507 Y106.952
G01 X324.093 Y108.550
G01 X316.660 Y108.934
G01 X311.682 Y109.021
G01 X307.346 Y109.298
G01 X305.844 Y109.300
G01 X306.601 Y111.561
G01 X312.329 Y111.180
G01 X316.757 Y110.816
G01 X321.743 Y110.985
G01 X324.755 Y110.324
G01 X325.031 Y112.785
G01 X320.523 Y113.619
G01 X314.781 Y113.802
G01 X310.271 Y114.089
G01 X307.069 Y114.095
G01 X307.077 Y117.754
G01 X312.518 Y116.347
G01 X317.228 Y115.771
G01 X323.238 Y115.793
G01 X325.980 Y115.500
G01 X325.322 Y118.410
G01 X319.581 Y119.349
G01 X311.959 Y120.102
G01 X308.302 Y120.665
G01 X307.167 Y121.987
G01 X308.002 Y124.250
G01 X313.558 Y122.263
G01 X317.591 Y122.935
G01 X320.988 Y121.608
G01 X324.474 Y121.038
G01 X324.757 Y124.142
G01 X320.995 Y124.428
G01 X314.220 Y125.840
G01 X310.452 Y125.740
G01 X307.082 Y126.303
G01 X307.348 Y128.757
G01 X315.648 Y127.736
G01 X316.853 Y127.632
G01 X320.237 Y127.540
G01 X323.911 Y126.961
G01 X324.649 Y128.940
G01 X321.077 Y130.827
G01 X313.946 Y130.627
G01 X309.427 Y130.538
G01 X306.879 Y131.755
G01 X307.161 Y134.772
G01 X311.207 Y133.354
G01 X315.913 Y133.358
G01 X320.894 Y133.261
G01 X323.530 Y132.606
G01 X323.908 Y135.045
G01 X317.887 Y135.530
G01 X313.087 Y136.094
G01 X310.274 Y136.173
G01 X307.911 Y136.929
G01 X307.642 Y139.839
G01 X312.529 Y138.997
G01 X319.017 Y138.804
G01 X321.740 Y138.437
G01 X323.721 Y138.333
G01 X324.380 Y141.254
G01 X319.855 Y140.701
G01 X314.219 Y141.056
G01 X309.142 Y141.623
G01 X307.067 Y143.136
G01 X307.713 Y142.662
G01 X315.072 Y142.518
G01 X317.783 Y142.579
G01 X324.904 Y143.694
G01 X325.548 Y143.815
G01 X335.204 Y141.531
G01 X344.809 Y139.821
G01 X351.370 Y140.036
G01 X351.236 Y138.323
G01 X351.560 Y135.593
G01 X352.139 Y130.201
G01 X352.214 Y122.095
G01 X352.738 Y115.173
G01 X352.601 Y105.626
G01 X352.704 Y99.899
G01 X353.274 Y95.269
G01 X361.026 Y94.594
G01 X353.339 Y93.899
G01 X359.288 Y90.743
G01 X375.394 Y85.648
G01 X375.769 Y85.546
G01 X386.052 Y84.841
G01 X397.095 Y81.456
G01 X409.249 Y77.105

