;  Created by Sandify
;  https://sandify.org
;  Version: 0.2.6
;
;  Machine type: Rectangular
;    Min X (mm): 0
;    Max X (mm): 500
;    Min Y (mm): 0
;    Max Y (mm): 500
;  Content type: shape
;  Layer:
;    Shape: FileImport
;    Name: twoface.thr
;    From file:: twoface.thr
;    Aspect Ratio: true
;    Comments: 
;    Visible: true
;    Initial width: 10
;    Initial height: 10
;    X offset: 0
;    Y offset: 30
;    Rotate (degrees): 180
;    Reverse path: false
;    Fine tuning:
;      Connect to next layer: line
;      Draw portion of path (%): 100
;      Backtrack at end (%): 0
;      Rotate starting point (%): 0
;  Reverse export path: false
;
; File name: 'twofaces (SW SW) (BJ)'
; File type: gcode
;

G01 X384.117 Y490.980
G01 X383.333 Y490.980
G01 X382.549 Y490.196
G01 X381.764 Y489.411
G01 X380.980 Y488.627
G01 X380.196 Y487.843
G01 X379.411 Y487.058
G01 X379.411 Y486.274
G01 X378.627 Y485.490
G01 X377.843 Y484.705
G01 X377.059 Y483.921
G01 X376.274 Y483.137
G01 X375.490 Y482.353
G01 X374.706 Y481.568
G01 X373.921 Y480.784
G01 X373.137 Y480.000
G01 X372.353 Y479.215
G01 X371.568 Y478.431
G01 X370.784 Y477.647
G01 X370.000 Y476.862
G01 X369.215 Y476.862
G01 X368.431 Y476.862
G01 X368.431 Y476.078
G01 X368.431 Y475.294
G01 X368.431 Y474.509
G01 X368.431 Y473.725
G01 X369.215 Y473.725
G01 X370.000 Y472.941
G01 X370.000 Y472.156
G01 X370.784 Y471.372
G01 X370.784 Y470.588
G01 X370.784 Y469.804
G01 X371.568 Y469.019
G01 X371.568 Y468.235
G01 X372.353 Y467.451
G01 X372.353 Y466.666
G01 X372.353 Y465.882
G01 X373.137 Y465.098
G01 X373.137 Y464.313
G01 X373.137 Y463.529
G01 X373.921 Y462.745
G01 X373.921 Y461.960
G01 X374.706 Y461.176
G01 X374.706 Y460.392
G01 X374.706 Y459.607
G01 X375.490 Y458.823
G01 X375.490 Y458.039
G01 X376.274 Y457.255
G01 X376.274 Y456.470
G01 X376.274 Y455.686
G01 X377.059 Y454.902
G01 X377.059 Y454.117
G01 X377.059 Y453.333
G01 X377.843 Y452.549
G01 X377.843 Y451.764
G01 X378.627 Y450.980
G01 X378.627 Y450.196
G01 X378.627 Y449.411
G01 X379.411 Y448.627
G01 X379.411 Y447.843
G01 X379.411 Y447.058
G01 X380.196 Y446.274
G01 X380.196 Y445.490
G01 X380.980 Y444.706
G01 X380.980 Y443.921
G01 X380.980 Y443.137
G01 X380.980 Y442.353
G01 X381.764 Y441.568
G01 X381.764 Y440.784
G01 X381.764 Y440.000
G01 X382.549 Y439.215
G01 X382.549 Y438.431
G01 X382.549 Y437.647
G01 X382.549 Y436.862
G01 X383.333 Y436.078
G01 X383.333 Y435.294
G01 X383.333 Y434.509
G01 X383.333 Y433.725
G01 X383.333 Y432.941
G01 X384.117 Y432.157
G01 X384.117 Y431.372
G01 X384.117 Y430.588
G01 X384.117 Y429.804
G01 X384.117 Y429.019
G01 X384.117 Y428.235
G01 X384.117 Y427.451
G01 X384.902 Y426.666
G01 X384.902 Y425.882
G01 X384.902 Y425.098
G01 X384.902 Y424.313
G01 X384.902 Y423.529
G01 X385.686 Y422.745
G01 X385.686 Y421.960
G01 X386.470 Y421.176
G01 X386.470 Y420.392
G01 X387.255 Y419.608
G01 X387.255 Y418.823
G01 X388.039 Y418.039
G01 X388.039 Y417.255
G01 X388.823 Y416.470
G01 X388.823 Y415.686
G01 X389.608 Y414.902
G01 X389.608 Y414.117
G01 X390.392 Y413.333
G01 X391.176 Y412.549
G01 X391.176 Y411.764
G01 X391.960 Y410.980
G01 X391.960 Y410.196
G01 X392.745 Y409.411
G01 X393.529 Y408.627
G01 X393.529 Y407.843
G01 X394.313 Y407.059
G01 X395.098 Y406.274
G01 X395.098 Y405.490
G01 X395.882 Y404.706
G01 X395.882 Y403.921
G01 X396.666 Y403.137
G01 X397.451 Y402.353
G01 X397.451 Y401.568
G01 X398.235 Y400.784
G01 X399.019 Y400.000
G01 X399.019 Y399.215
G01 X399.804 Y398.431
G01 X400.588 Y397.647
G01 X401.372 Y396.862
G01 X401.372 Y396.078
G01 X402.157 Y395.294
G01 X402.941 Y394.510
G01 X403.725 Y393.725
G01 X404.509 Y392.941
G01 X405.294 Y392.157
G01 X405.294 Y391.372
G01 X406.078 Y390.588
G01 X406.078 Y389.804
G01 X406.862 Y389.019
G01 X406.862 Y388.235
G01 X406.078 Y388.235
G01 X405.294 Y388.235
G01 X404.509 Y388.235
G01 X403.725 Y388.235
G01 X402.941 Y388.235
G01 X402.157 Y388.235
G01 X401.372 Y388.235
G01 X400.588 Y388.235
G01 X399.804 Y388.235
G01 X399.019 Y388.235
G01 X398.235 Y388.235
G01 X397.451 Y387.451
G01 X396.666 Y387.451
G01 X395.882 Y387.451
G01 X395.098 Y387.451
G01 X394.313 Y386.666
G01 X393.529 Y386.666
G01 X392.745 Y386.666
G01 X391.960 Y385.882
G01 X391.176 Y385.098
G01 X390.392 Y385.098
G01 X389.608 Y384.314
G01 X388.823 Y384.314
G01 X388.039 Y383.529
G01 X387.255 Y383.529
G01 X386.470 Y382.745
G01 X385.686 Y382.745
G01 X384.902 Y382.745
G01 X384.117 Y381.961
G01 X383.333 Y381.961
G01 X382.549 Y381.961
G01 X381.764 Y381.961
G01 X380.980 Y381.961
G01 X380.196 Y381.961
G01 X379.411 Y381.961
G01 X378.627 Y381.961
G01 X377.843 Y381.961
G01 X377.059 Y381.961
G01 X376.274 Y382.745
G01 X375.490 Y383.529
G01 X374.706 Y383.529
G01 X373.921 Y383.529
G01 X373.137 Y382.745
G01 X372.353 Y381.961
G01 X371.568 Y381.176
G01 X371.568 Y380.392
G01 X370.784 Y379.608
G01 X370.784 Y378.823
G01 X370.000 Y378.039
G01 X370.000 Y377.255
G01 X369.215 Y376.470
G01 X369.215 Y375.686
G01 X369.215 Y374.902
G01 X368.431 Y374.117
G01 X368.431 Y373.333
G01 X368.431 Y372.549
G01 X368.431 Y371.765
G01 X368.431 Y370.980
G01 X368.431 Y370.196
G01 X369.215 Y369.412
G01 X370.000 Y368.627
G01 X370.784 Y367.843
G01 X371.568 Y367.059
G01 X372.353 Y366.274
G01 X373.137 Y366.274
G01 X373.921 Y365.490
G01 X374.706 Y365.490
G01 X375.490 Y364.706
G01 X376.274 Y364.706
G01 X377.059 Y364.706
G01 X377.843 Y364.706
G01 X378.627 Y364.706
G01 X378.627 Y363.921
G01 X378.627 Y364.706
G01 X377.843 Y364.706
G01 X377.059 Y364.706
G01 X376.274 Y364.706
G01 X375.490 Y364.706
G01 X374.706 Y365.490
G01 X373.921 Y365.490
G01 X373.137 Y366.274
G01 X372.353 Y366.274
G01 X371.568 Y367.059
G01 X370.784 Y367.843
G01 X370.000 Y368.627
G01 X369.215 Y369.412
G01 X368.431 Y370.196
G01 X368.431 Y370.980
G01 X368.431 Y371.765
G01 X368.431 Y372.549
G01 X368.431 Y373.333
G01 X368.431 Y374.117
G01 X369.215 Y374.902
G01 X369.215 Y375.686
G01 X369.215 Y376.470
G01 X370.000 Y377.255
G01 X370.000 Y378.039
G01 X370.784 Y378.823
G01 X370.784 Y379.608
G01 X371.568 Y380.392
G01 X371.568 Y381.176
G01 X372.353 Y381.961
G01 X373.137 Y382.745
G01 X373.921 Y383.529
G01 X374.706 Y383.529
G01 X375.490 Y383.529
G01 X375.490 Y384.313
G01 X375.490 Y385.098
G01 X376.274 Y385.882
G01 X376.274 Y386.666
G01 X377.059 Y387.451
G01 X377.059 Y388.235
G01 X377.059 Y387.451
G01 X376.274 Y386.666
G01 X376.274 Y385.882
G01 X375.490 Y385.098
G01 X375.490 Y384.313
G01 X375.490 Y383.529
G01 X376.274 Y382.745
G01 X377.059 Y381.961
G01 X377.843 Y381.961
G01 X378.627 Y381.961
G01 X379.411 Y381.961
G01 X380.196 Y381.961
G01 X380.980 Y381.961
G01 X381.764 Y381.961
G01 X382.549 Y381.961
G01 X383.333 Y381.961
G01 X384.117 Y381.961
G01 X384.902 Y382.745
G01 X385.686 Y382.745
G01 X386.470 Y382.745
G01 X387.255 Y383.529
G01 X388.039 Y383.529
G01 X388.823 Y384.314
G01 X389.608 Y384.314
G01 X390.392 Y385.098
G01 X391.176 Y385.098
G01 X391.960 Y385.882
G01 X392.745 Y386.666
G01 X393.529 Y386.666
G01 X394.313 Y386.666
G01 X395.098 Y387.451
G01 X395.882 Y387.451
G01 X396.666 Y387.451
G01 X397.451 Y387.451
G01 X398.235 Y388.235
G01 X399.019 Y388.235
G01 X399.804 Y388.235
G01 X400.588 Y388.235
G01 X401.372 Y388.235
G01 X402.157 Y388.235
G01 X402.941 Y388.235
G01 X403.725 Y388.235
G01 X404.509 Y388.235
G01 X405.294 Y388.235
G01 X406.078 Y388.235
G01 X406.862 Y388.235
G01 X407.647 Y388.235
G01 X408.431 Y387.451
G01 X409.215 Y386.666
G01 X409.215 Y385.882
G01 X409.215 Y385.098
G01 X409.215 Y384.314
G01 X410.000 Y383.529
G01 X410.000 Y382.745
G01 X410.000 Y381.961
G01 X410.000 Y381.176
G01 X410.000 Y380.392
G01 X410.000 Y379.608
G01 X410.784 Y378.823
G01 X410.784 Y378.039
G01 X410.000 Y377.255
G01 X410.000 Y376.470
G01 X410.000 Y375.686
G01 X410.000 Y374.902
G01 X410.000 Y374.117
G01 X410.000 Y373.333
G01 X409.215 Y372.549
G01 X409.215 Y371.765
G01 X409.215 Y370.980
G01 X408.431 Y370.196
G01 X408.431 Y369.412
G01 X407.647 Y368.627
G01 X407.647 Y367.843
G01 X406.862 Y367.059
G01 X406.078 Y367.843
G01 X405.294 Y368.627
G01 X404.509 Y368.627
G01 X403.725 Y368.627
G01 X402.941 Y368.627
G01 X402.157 Y367.843
G01 X401.372 Y367.059
G01 X400.588 Y366.274
G01 X399.804 Y365.490
G01 X399.019 Y364.706
G01 X398.235 Y363.921
G01 X397.451 Y363.137
G01 X396.666 Y362.353
G01 X396.666 Y361.568
G01 X396.666 Y360.784
G01 X395.882 Y360.000
G01 X395.098 Y359.216
G01 X394.313 Y358.431
G01 X394.313 Y357.647
G01 X393.529 Y356.863
G01 X393.529 Y356.078
G01 X393.529 Y355.294
G01 X393.529 Y354.510
G01 X393.529 Y353.725
G01 X393.529 Y352.941
G01 X393.529 Y352.157
G01 X393.529 Y351.372
G01 X393.529 Y350.588
G01 X393.529 Y349.804
G01 X394.313 Y349.019
G01 X394.313 Y348.235
G01 X394.313 Y347.451
G01 X394.313 Y346.667
G01 X395.098 Y345.882
G01 X395.098 Y345.098
G01 X395.098 Y344.314
G01 X395.098 Y343.529
G01 X395.098 Y342.745
G01 X395.098 Y341.961
G01 X395.882 Y341.176
G01 X395.882 Y340.392
G01 X395.882 Y339.608
G01 X395.882 Y338.823
G01 X396.666 Y338.823
G01 X397.451 Y338.039
G01 X397.451 Y337.255
G01 X398.235 Y336.470
G01 X398.235 Y335.686
G01 X398.235 Y334.902
G01 X399.019 Y334.118
G01 X399.019 Y333.333
G01 X398.235 Y332.549
G01 X398.235 Y331.765
G01 X398.235 Y330.980
G01 X398.235 Y330.196
G01 X397.451 Y329.412
G01 X397.451 Y328.627
G01 X397.451 Y327.843
G01 X396.666 Y327.059
G01 X396.666 Y326.274
G01 X395.882 Y325.490
G01 X395.882 Y324.706
G01 X395.098 Y323.921
G01 X395.098 Y323.137
G01 X394.313 Y322.353
G01 X394.313 Y321.569
G01 X393.529 Y320.784
G01 X393.529 Y320.000
G01 X392.745 Y319.216
G01 X391.960 Y318.431
G01 X391.176 Y317.647
G01 X391.176 Y316.863
G01 X390.392 Y316.078
G01 X389.608 Y315.294
G01 X389.608 Y314.510
G01 X389.608 Y313.725
G01 X389.608 Y312.941
G01 X390.392 Y312.157
G01 X390.392 Y311.372
G01 X391.176 Y310.588
G01 X391.176 Y309.804
G01 X391.960 Y309.020
G01 X391.960 Y308.235
G01 X391.960 Y307.451
G01 X391.960 Y306.667
G01 X391.960 Y305.882
G01 X391.960 Y305.098
G01 X391.960 Y304.314
G01 X391.960 Y303.529
G01 X391.176 Y302.745
G01 X390.392 Y301.961
G01 X389.608 Y301.961
G01 X388.823 Y302.745
G01 X388.039 Y303.529
G01 X388.039 Y304.314
G01 X388.039 Y305.098
G01 X387.255 Y305.882
G01 X387.255 Y306.667
G01 X386.470 Y307.451
G01 X386.470 Y308.235
G01 X385.686 Y309.020
G01 X385.686 Y309.804
G01 X385.686 Y310.588
G01 X385.686 Y311.372
G01 X386.470 Y312.157
G01 X387.255 Y312.941
G01 X388.039 Y313.725
G01 X388.039 Y314.510
G01 X387.255 Y315.294
G01 X386.470 Y316.078
G01 X385.686 Y316.078
G01 X384.902 Y316.863
G01 X384.117 Y317.647
G01 X383.333 Y318.431
G01 X382.549 Y318.431
G01 X381.764 Y319.216
G01 X380.980 Y319.216
G01 X380.196 Y320.000
G01 X379.411 Y320.000
G01 X378.627 Y320.784
G01 X377.843 Y320.784
G01 X377.059 Y320.784
G01 X376.274 Y320.784
G01 X375.490 Y320.784
G01 X374.706 Y320.784
G01 X373.921 Y320.784
G01 X373.137 Y321.569
G01 X372.353 Y321.569
G01 X371.568 Y321.569
G01 X370.784 Y321.569
G01 X370.000 Y321.569
G01 X369.215 Y321.569
G01 X368.431 Y321.569
G01 X367.647 Y322.353
G01 X366.862 Y322.353
G01 X366.078 Y322.353
G01 X365.294 Y322.353
G01 X364.510 Y322.353
G01 X363.725 Y322.353
G01 X362.941 Y322.353
G01 X362.157 Y323.137
G01 X361.372 Y323.137
G01 X360.588 Y323.137
G01 X359.804 Y323.137
G01 X359.804 Y322.353
G01 X359.804 Y321.569
G01 X359.804 Y320.784
G01 X360.588 Y320.000
G01 X361.372 Y320.000
G01 X362.157 Y319.216
G01 X362.941 Y319.216
G01 X363.725 Y318.431
G01 X364.510 Y317.647
G01 X365.294 Y317.647
G01 X366.078 Y316.863
G01 X366.862 Y316.863
G01 X367.647 Y316.863
G01 X368.431 Y316.078
G01 X369.215 Y316.078
G01 X370.000 Y316.078
G01 X370.784 Y315.294
G01 X371.568 Y315.294
G01 X372.353 Y315.294
G01 X373.137 Y315.294
G01 X373.921 Y314.510
G01 X374.706 Y314.510
G01 X375.490 Y314.510
G01 X376.274 Y313.725
G01 X377.059 Y313.725
G01 X377.843 Y312.941
G01 X378.627 Y312.157
G01 X379.411 Y311.372
G01 X380.196 Y310.588
G01 X380.980 Y309.804
G01 X380.980 Y309.020
G01 X381.764 Y308.235
G01 X382.549 Y307.451
G01 X383.333 Y306.667
G01 X383.333 Y305.882
G01 X384.117 Y305.098
G01 X384.117 Y304.314
G01 X384.902 Y303.529
G01 X384.902 Y302.745
G01 X384.902 Y301.961
G01 X385.686 Y301.176
G01 X385.686 Y300.392
G01 X385.686 Y299.608
G01 X385.686 Y298.823
G01 X385.686 Y298.039
G01 X384.902 Y297.255
G01 X384.902 Y296.471
G01 X384.902 Y295.686
G01 X384.117 Y294.902
G01 X384.117 Y294.118
G01 X383.333 Y293.333
G01 X382.549 Y292.549
G01 X382.549 Y291.765
G01 X381.764 Y290.980
G01 X380.980 Y290.196
G01 X380.980 Y289.412
G01 X380.196 Y288.627
G01 X379.411 Y287.843
G01 X378.627 Y287.843
G01 X378.627 Y287.059
G01 X378.627 Y286.274
G01 X378.627 Y285.490
G01 X378.627 Y284.706
G01 X378.627 Y283.922
G01 X379.411 Y283.137
G01 X379.411 Y282.353
G01 X380.196 Y281.569
G01 X380.196 Y280.784
G01 X380.196 Y280.000
G01 X380.196 Y279.216
G01 X380.196 Y278.431
G01 X380.196 Y277.647
G01 X380.196 Y276.863
G01 X380.196 Y276.078
G01 X380.196 Y275.294
G01 X380.196 Y274.510
G01 X380.196 Y273.726
G01 X380.196 Y272.941
G01 X380.196 Y272.157
G01 X380.196 Y271.373
G01 X379.411 Y270.588
G01 X379.411 Y269.804
G01 X379.411 Y269.020
G01 X379.411 Y268.235
G01 X379.411 Y267.451
G01 X379.411 Y266.667
G01 X378.627 Y265.882
G01 X378.627 Y265.098
G01 X378.627 Y264.314
G01 X377.843 Y263.529
G01 X377.843 Y262.745
G01 X377.843 Y261.961
G01 X377.843 Y261.177
G01 X377.059 Y260.392
G01 X377.059 Y259.608
G01 X377.059 Y258.824
G01 X376.274 Y258.039
G01 X376.274 Y257.255
G01 X376.274 Y256.471
G01 X375.490 Y255.686
G01 X375.490 Y254.902
G01 X374.706 Y254.118
G01 X373.921 Y253.333
G01 X373.137 Y252.549
G01 X372.353 Y251.765
G01 X371.568 Y250.980
G01 X370.784 Y250.980
G01 X370.000 Y250.196
G01 X369.215 Y250.980
G01 X368.431 Y250.980
G01 X367.647 Y250.980
G01 X366.862 Y250.980
G01 X366.078 Y250.980
G01 X365.294 Y250.980
G01 X364.510 Y251.765
G01 X363.725 Y251.765
G01 X362.941 Y251.765
G01 X362.157 Y252.549
G01 X361.372 Y252.549
G01 X360.588 Y252.549
G01 X359.804 Y253.333
G01 X359.019 Y253.333
G01 X358.235 Y253.333
G01 X357.451 Y254.118
G01 X356.666 Y254.118
G01 X355.882 Y254.902
G01 X355.098 Y254.902
G01 X354.314 Y254.902
G01 X353.529 Y255.686
G01 X352.745 Y255.686
G01 X351.961 Y255.686
G01 X351.176 Y256.471
G01 X350.392 Y256.471
G01 X349.608 Y256.471
G01 X348.823 Y257.255
G01 X348.039 Y257.255
G01 X347.255 Y258.039
G01 X346.470 Y258.039
G01 X345.686 Y258.039
G01 X344.902 Y258.824
G01 X344.117 Y258.824
G01 X343.333 Y259.608
G01 X342.549 Y259.608
G01 X341.765 Y259.608
G01 X340.980 Y260.392
G01 X340.196 Y260.392
G01 X339.412 Y261.177
G01 X338.627 Y261.177
G01 X337.843 Y261.177
G01 X337.059 Y261.961
G01 X336.274 Y261.961
G01 X335.490 Y262.745
G01 X334.706 Y262.745
G01 X333.921 Y262.745
G01 X333.137 Y263.529
G01 X332.353 Y263.529
G01 X331.568 Y264.314
G01 X330.784 Y264.314
G01 X330.000 Y265.098
G01 X329.216 Y265.098
G01 X328.431 Y265.098
G01 X327.647 Y265.882
G01 X326.863 Y265.882
G01 X326.078 Y266.667
G01 X325.294 Y266.667
G01 X324.510 Y267.451
G01 X323.725 Y267.451
G01 X322.941 Y267.451
G01 X322.157 Y268.235
G01 X321.372 Y268.235
G01 X320.588 Y269.020
G01 X319.804 Y269.020
G01 X319.019 Y269.804
G01 X318.235 Y269.804
G01 X317.451 Y269.804
G01 X316.667 Y270.588
G01 X316.667 Y271.373
G01 X316.667 Y272.157
G01 X316.667 Y272.941
G01 X316.667 Y273.726
G01 X317.451 Y274.510
G01 X317.451 Y275.294
G01 X317.451 Y276.078
G01 X317.451 Y276.863
G01 X318.235 Y277.647
G01 X318.235 Y278.431
G01 X318.235 Y279.216
G01 X319.019 Y280.000
G01 X319.019 Y280.784
G01 X319.019 Y281.569
G01 X319.019 Y282.353
G01 X319.804 Y283.137
G01 X319.804 Y283.922
G01 X319.804 Y284.706
G01 X319.804 Y285.490
G01 X319.804 Y286.274
G01 X320.588 Y287.059
G01 X320.588 Y287.843
G01 X320.588 Y288.627
G01 X320.588 Y289.412
G01 X320.588 Y290.196
G01 X320.588 Y290.980
G01 X320.588 Y291.765
G01 X320.588 Y292.549
G01 X320.588 Y293.333
G01 X320.588 Y294.118
G01 X320.588 Y294.902
G01 X320.588 Y295.686
G01 X320.588 Y296.471
G01 X320.588 Y297.255
G01 X320.588 Y298.039
G01 X320.588 Y298.823
G01 X320.588 Y299.608
G01 X320.588 Y300.392
G01 X320.588 Y301.176
G01 X320.588 Y301.961
G01 X320.588 Y302.745
G01 X320.588 Y303.529
G01 X320.588 Y304.314
G01 X319.804 Y305.098
G01 X319.804 Y305.882
G01 X319.804 Y306.667
G01 X319.804 Y307.451
G01 X319.019 Y308.235
G01 X319.019 Y309.020
G01 X319.019 Y309.804
G01 X318.235 Y310.588
G01 X318.235 Y311.372
G01 X318.235 Y312.157
G01 X317.451 Y312.941
G01 X317.451 Y313.725
G01 X316.667 Y314.510
G01 X315.882 Y315.294
G01 X315.098 Y316.078
G01 X314.314 Y316.863
G01 X313.529 Y317.647
G01 X312.745 Y318.431
G01 X311.961 Y319.216
G01 X311.176 Y319.216
G01 X310.392 Y320.000
G01 X309.608 Y320.784
G01 X308.823 Y320.784
G01 X308.039 Y321.569
G01 X307.255 Y321.569
G01 X306.470 Y321.569
G01 X305.686 Y321.569
G01 X304.902 Y321.569
G01 X304.118 Y322.353
G01 X303.333 Y322.353
G01 X302.549 Y322.353
G01 X301.765 Y322.353
G01 X300.980 Y322.353
G01 X300.196 Y322.353
G01 X299.412 Y322.353
G01 X298.627 Y321.569
G01 X297.843 Y321.569
G01 X297.059 Y321.569
G01 X296.274 Y321.569
G01 X295.490 Y320.784
G01 X294.706 Y320.784
G01 X293.921 Y320.784
G01 X293.137 Y320.000
G01 X292.353 Y320.000
G01 X291.569 Y319.216
G01 X290.784 Y319.216
G01 X290.000 Y318.431
G01 X289.216 Y318.431
G01 X288.431 Y317.647
G01 X287.647 Y317.647
G01 X286.863 Y317.647
G01 X286.078 Y316.863
G01 X285.294 Y316.863
G01 X284.510 Y316.078
G01 X283.725 Y316.078
G01 X282.941 Y315.294
G01 X282.157 Y315.294
G01 X281.372 Y314.510
G01 X280.588 Y314.510
G01 X279.804 Y313.725
G01 X279.020 Y313.725
G01 X278.235 Y312.941
G01 X277.451 Y312.941
G01 X276.667 Y312.941
G01 X275.882 Y312.157
G01 X275.098 Y312.157
G01 X274.314 Y311.372
G01 X273.529 Y311.372
G01 X272.745 Y311.372
G01 X271.961 Y310.588
G01 X271.176 Y310.588
G01 X270.392 Y309.804
G01 X269.608 Y309.804
G01 X268.823 Y309.804
G01 X268.039 Y309.020
G01 X267.255 Y309.020
G01 X266.471 Y309.020
G01 X265.686 Y309.020
G01 X264.902 Y308.235
G01 X264.118 Y308.235
G01 X263.333 Y308.235
G01 X262.549 Y308.235
G01 X261.765 Y308.235
G01 X260.980 Y308.235
G01 X260.196 Y308.235
G01 X259.412 Y308.235
G01 X258.627 Y308.235
G01 X257.843 Y308.235
G01 X257.059 Y308.235
G01 X256.274 Y308.235
G01 X255.490 Y309.020
G01 X254.706 Y309.020
G01 X253.922 Y309.020
G01 X253.137 Y309.804
G01 X252.353 Y310.588
G01 X251.569 Y311.372
G01 X250.784 Y312.157
G01 X250.784 Y312.941
G01 X250.000 Y313.725
G01 X249.216 Y314.510
G01 X248.431 Y315.294
G01 X248.431 Y316.078
G01 X247.647 Y316.863
G01 X247.647 Y317.647
G01 X246.863 Y318.431
G01 X246.863 Y319.216
G01 X246.078 Y320.000
G01 X246.078 Y320.784
G01 X245.294 Y321.569
G01 X245.294 Y322.353
G01 X245.294 Y323.137
G01 X244.510 Y323.921
G01 X244.510 Y324.706
G01 X243.726 Y325.490
G01 X243.726 Y326.274
G01 X243.726 Y327.059
G01 X242.941 Y327.843
G01 X242.941 Y328.627
G01 X242.157 Y329.412
G01 X242.157 Y330.196
G01 X242.157 Y330.980
G01 X241.373 Y331.765
G01 X241.373 Y332.549
G01 X240.588 Y333.333
G01 X240.588 Y334.118
G01 X240.588 Y334.902
G01 X239.804 Y335.686
G01 X239.804 Y336.470
G01 X239.804 Y337.255
G01 X239.020 Y338.039
G01 X239.020 Y338.823
G01 X238.235 Y339.608
G01 X238.235 Y340.392
G01 X238.235 Y341.176
G01 X237.451 Y341.961
G01 X237.451 Y342.745
G01 X236.667 Y343.529
G01 X236.667 Y344.314
G01 X235.882 Y345.098
G01 X235.882 Y345.882
G01 X235.098 Y346.667
G01 X235.098 Y347.451
G01 X234.314 Y348.235
G01 X234.314 Y349.019
G01 X233.529 Y349.804
G01 X233.529 Y350.588
G01 X232.745 Y351.372
G01 X231.961 Y352.157
G01 X231.177 Y352.941
G01 X230.392 Y353.725
G01 X229.608 Y354.510
G01 X228.824 Y355.294
G01 X228.039 Y356.078
G01 X227.255 Y356.863
G01 X226.471 Y357.647
G01 X225.686 Y358.431
G01 X224.902 Y359.216
G01 X224.118 Y359.216
G01 X223.333 Y360.000
G01 X222.549 Y360.784
G01 X221.765 Y361.568
G01 X220.980 Y361.568
G01 X220.196 Y362.353
G01 X219.412 Y363.137
G01 X218.628 Y363.137
G01 X217.843 Y363.921
G01 X217.059 Y364.706
G01 X216.275 Y364.706
G01 X215.490 Y365.490
G01 X214.706 Y366.274
G01 X213.922 Y366.274
G01 X213.137 Y367.059
G01 X212.353 Y367.843
G01 X211.569 Y367.843
G01 X210.784 Y368.627
G01 X210.000 Y369.412
G01 X209.216 Y369.412
G01 X208.431 Y370.196
G01 X207.647 Y370.980
G01 X206.863 Y371.765
G01 X206.079 Y372.549
G01 X205.294 Y373.333
G01 X205.294 Y374.117
G01 X205.294 Y374.902
G01 X205.294 Y375.686
G01 X205.294 Y376.470
G01 X205.294 Y377.255
G01 X205.294 Y378.039
G01 X205.294 Y378.823
G01 X205.294 Y379.608
G01 X206.079 Y380.392
G01 X206.079 Y381.176
G01 X206.079 Y381.961
G01 X205.294 Y382.745
G01 X205.294 Y383.529
G01 X205.294 Y384.314
G01 X205.294 Y385.098
G01 X204.510 Y385.882
G01 X204.510 Y386.666
G01 X204.510 Y387.451
G01 X203.726 Y388.235
G01 X202.941 Y389.019
G01 X202.157 Y389.804
G01 X201.373 Y390.588
G01 X200.588 Y391.372
G01 X199.804 Y392.157
G01 X199.020 Y392.941
G01 X198.235 Y393.725
G01 X197.451 Y393.725
G01 X196.667 Y394.510
G01 X195.882 Y395.294
G01 X195.098 Y396.078
G01 X194.314 Y396.862
G01 X193.530 Y397.647
G01 X192.745 Y397.647
G01 X191.961 Y398.431
G01 X191.177 Y399.215
G01 X190.392 Y400.000
G01 X189.608 Y400.000
G01 X188.824 Y400.784
G01 X188.039 Y401.568
G01 X187.255 Y402.353
G01 X186.471 Y402.353
G01 X185.686 Y403.137
G01 X184.902 Y403.921
G01 X184.118 Y403.921
G01 X183.333 Y404.706
G01 X182.549 Y405.490
G01 X181.765 Y405.490
G01 X180.981 Y406.274
G01 X180.196 Y406.274
G01 X179.412 Y407.059
G01 X178.628 Y407.843
G01 X177.843 Y407.843
G01 X177.059 Y408.627
G01 X176.275 Y408.627
G01 X175.490 Y409.411
G01 X174.706 Y409.411
G01 X173.922 Y410.196
G01 X173.137 Y410.196
G01 X172.353 Y410.980
G01 X171.569 Y410.980
G01 X170.784 Y411.764
G01 X170.000 Y411.764
G01 X169.216 Y412.549
G01 X168.432 Y412.549
G01 X167.647 Y413.333
G01 X166.863 Y413.333
G01 X166.079 Y414.117
G01 X165.294 Y414.117
G01 X164.510 Y414.117
G01 X163.726 Y414.902
G01 X162.941 Y414.902
G01 X162.157 Y414.902
G01 X161.373 Y415.686
G01 X160.588 Y415.686
G01 X159.804 Y415.686
G01 X159.020 Y415.686
G01 X158.235 Y416.470
G01 X157.451 Y416.470
G01 X156.667 Y416.470
G01 X155.883 Y416.470
G01 X155.098 Y416.470
G01 X154.314 Y417.255
G01 X153.530 Y417.255
G01 X152.745 Y417.255
G01 X151.961 Y417.255
G01 X151.177 Y417.255
G01 X150.392 Y417.255
G01 X149.608 Y417.255
G01 X148.824 Y417.255
G01 X148.039 Y417.255
G01 X147.255 Y416.470
G01 X146.471 Y416.470
G01 X145.686 Y416.470
G01 X144.902 Y415.686
G01 X144.118 Y415.686
G01 X143.334 Y414.902
G01 X142.549 Y414.117
G01 X141.765 Y413.333
G01 X140.981 Y412.549
G01 X140.196 Y411.764
G01 X139.412 Y410.980
G01 X138.628 Y410.196
G01 X137.843 Y409.411
G01 X137.059 Y408.627
G01 X136.275 Y407.843
G01 X135.490 Y407.059
G01 X134.706 Y406.274
G01 X133.922 Y405.490
G01 X133.138 Y404.706
G01 X132.353 Y403.921
G01 X131.569 Y403.137
G01 X130.785 Y402.353
G01 X130.000 Y401.568
G01 X129.216 Y400.784
G01 X128.432 Y400.000
G01 X127.647 Y399.215
G01 X126.863 Y398.431
G01 X126.079 Y397.647
G01 X125.294 Y396.862
G01 X124.510 Y396.078
G01 X123.726 Y395.294
G01 X123.726 Y394.510
G01 X122.941 Y393.725
G01 X122.157 Y392.941
G01 X121.373 Y392.157
G01 X120.589 Y391.372
G01 X119.804 Y390.588
G01 X119.020 Y389.804
G01 X118.236 Y389.019
G01 X118.236 Y388.235
G01 X117.451 Y387.451
G01 X116.667 Y386.666
G01 X115.883 Y385.882
G01 X115.098 Y385.098
G01 X115.098 Y384.314
G01 X114.314 Y383.529
G01 X113.530 Y382.745
G01 X112.745 Y381.961
G01 X112.745 Y381.176
G01 X111.961 Y380.392
G01 X111.177 Y379.608
G01 X111.177 Y378.823
G01 X110.392 Y378.039
G01 X109.608 Y377.255
G01 X109.608 Y376.470
G01 X108.824 Y375.686
G01 X108.040 Y374.902
G01 X108.040 Y374.117
G01 X107.255 Y373.333
G01 X107.255 Y372.549
G01 X106.471 Y371.765
G01 X105.687 Y370.980
G01 X105.687 Y370.196
G01 X104.902 Y369.412
G01 X104.902 Y368.627
G01 X104.118 Y367.843
G01 X104.118 Y367.059
G01 X103.334 Y366.274
G01 X103.334 Y365.490
G01 X103.334 Y364.706
G01 X102.549 Y363.921
G01 X102.549 Y363.137
G01 X101.765 Y362.353
G01 X101.765 Y361.568
G01 X101.765 Y360.784
G01 X100.981 Y360.000
G01 X100.981 Y359.216
G01 X100.981 Y358.431
G01 X100.196 Y357.647
G01 X100.196 Y356.863
G01 X100.196 Y356.078
G01 X100.196 Y355.294
G01 X99.412 Y354.510
G01 X99.412 Y353.725
G01 X99.412 Y352.941
G01 X99.412 Y352.157
G01 X99.412 Y351.372
G01 X98.628 Y350.588
G01 X98.628 Y349.804
G01 X98.628 Y349.019
G01 X98.628 Y348.235
G01 X98.628 Y347.451
G01 X98.628 Y346.667
G01 X98.628 Y345.882
G01 X98.628 Y345.098
G01 X98.628 Y344.314
G01 X98.628 Y343.529
G01 X98.628 Y342.745
G01 X97.843 Y341.961
G01 X97.843 Y341.176
G01 X97.843 Y340.392
G01 X97.843 Y339.608
G01 X97.843 Y338.823
G01 X97.843 Y338.039
G01 X97.843 Y337.255
G01 X97.843 Y336.470
G01 X97.843 Y335.686
G01 X97.843 Y334.902
G01 X97.843 Y334.118
G01 X97.843 Y333.333
G01 X97.843 Y332.549
G01 X97.843 Y331.765
G01 X97.843 Y330.980
G01 X97.843 Y330.196
G01 X97.843 Y329.412
G01 X97.059 Y328.627
G01 X97.059 Y327.843
G01 X97.059 Y327.059
G01 X97.059 Y326.274
G01 X97.059 Y325.490
G01 X97.059 Y324.706
G01 X96.275 Y323.921
G01 X96.275 Y323.137
G01 X96.275 Y322.353
G01 X96.275 Y321.569
G01 X96.275 Y320.784
G01 X97.059 Y320.784
G01 X97.843 Y320.784
G01 X98.628 Y320.784
G01 X99.412 Y320.784
G01 X100.196 Y320.784
G01 X100.981 Y320.784
G01 X101.765 Y320.784
G01 X102.549 Y320.000
G01 X102.549 Y319.216
G01 X103.334 Y318.431
G01 X103.334 Y317.647
G01 X104.118 Y316.863
G01 X104.118 Y316.078
G01 X104.902 Y315.294
G01 X104.902 Y314.510
G01 X105.687 Y313.725
G01 X105.687 Y312.941
G01 X106.471 Y312.157
G01 X106.471 Y311.372
G01 X107.255 Y310.588
G01 X107.255 Y309.804
G01 X106.471 Y309.804
G01 X105.687 Y309.804
G01 X104.902 Y309.804
G01 X104.118 Y309.804
G01 X103.334 Y310.588
G01 X102.549 Y310.588
G01 X101.765 Y310.588
G01 X100.981 Y310.588
G01 X100.196 Y310.588
G01 X99.412 Y310.588
G01 X98.628 Y310.588
G01 X97.843 Y310.588
G01 X97.059 Y310.588
G01 X96.275 Y310.588
G01 X95.491 Y310.588
G01 X94.706 Y309.804
G01 X93.922 Y309.020
G01 X93.922 Y308.235
G01 X93.138 Y307.451
G01 X93.138 Y306.667
G01 X93.138 Y305.882
G01 X93.138 Y305.098
G01 X93.138 Y304.314
G01 X93.138 Y303.529
G01 X93.138 Y302.745
G01 X93.922 Y301.961
G01 X93.922 Y301.176
G01 X93.922 Y300.392
G01 X93.922 Y299.608
G01 X94.706 Y298.823
G01 X94.706 Y298.039
G01 X94.706 Y297.255
G01 X94.706 Y296.471
G01 X95.491 Y295.686
G01 X95.491 Y294.902
G01 X96.275 Y294.118
G01 X96.275 Y293.333
G01 X96.275 Y292.549
G01 X97.059 Y291.765
G01 X97.059 Y290.980
G01 X97.059 Y290.196
G01 X97.059 Y289.412
G01 X97.059 Y288.627
G01 X96.275 Y287.843
G01 X95.491 Y287.059
G01 X94.706 Y287.059
G01 X93.922 Y287.059
G01 X93.922 Y286.274
G01 X93.922 Y285.490
G01 X93.138 Y284.706
G01 X92.353 Y283.922
G01 X91.569 Y283.137
G01 X90.785 Y282.353
G01 X90.000 Y282.353
G01 X89.216 Y281.569
G01 X88.432 Y280.784
G01 X87.647 Y280.000
G01 X86.863 Y279.216
G01 X86.079 Y278.431
G01 X85.294 Y277.647
G01 X84.510 Y276.863
G01 X84.510 Y276.078
G01 X83.726 Y275.294
G01 X83.726 Y274.510
G01 X83.726 Y273.726
G01 X83.726 Y272.941
G01 X83.726 Y272.157
G01 X83.726 Y271.373
G01 X83.726 Y270.588
G01 X83.726 Y269.804
G01 X83.726 Y269.020
G01 X83.726 Y268.235
G01 X83.726 Y267.451
G01 X83.726 Y266.667
G01 X84.510 Y265.882
G01 X84.510 Y265.098
G01 X84.510 Y264.314
G01 X85.294 Y263.529
G01 X85.294 Y262.745
G01 X85.294 Y261.961
G01 X86.079 Y261.177
G01 X86.079 Y260.392
G01 X86.863 Y259.608
G01 X86.863 Y258.824
G01 X87.647 Y258.039
G01 X87.647 Y257.255
G01 X88.432 Y256.471
G01 X88.432 Y255.686
G01 X89.216 Y254.902
G01 X90.000 Y254.118
G01 X90.000 Y253.333
G01 X90.785 Y252.549
G01 X91.569 Y251.765
G01 X92.353 Y250.980
G01 X93.138 Y250.980
G01 X93.922 Y250.980
G01 X94.706 Y250.980
G01 X95.491 Y250.980
G01 X96.275 Y251.765
G01 X97.059 Y252.549
G01 X97.843 Y252.549
G01 X97.843 Y253.333
G01 X97.843 Y254.118
G01 X97.843 Y254.902
G01 X98.628 Y255.686
G01 X99.412 Y256.471
G01 X99.412 Y257.255
G01 X99.412 Y258.039
G01 X100.196 Y258.824
G01 X100.196 Y259.608
G01 X100.196 Y260.392
G01 X100.981 Y261.177
G01 X101.765 Y261.961
G01 X102.549 Y262.745
G01 X103.334 Y262.745
G01 X104.118 Y261.961
G01 X104.902 Y261.961
G01 X105.687 Y261.177
G01 X106.471 Y260.392
G01 X107.255 Y260.392
G01 X108.040 Y260.392
G01 X108.824 Y259.608
G01 X109.608 Y259.608
G01 X110.392 Y259.608
G01 X111.177 Y259.608
G01 X111.961 Y259.608
G01 X112.745 Y259.608
G01 X113.530 Y260.392
G01 X114.314 Y260.392
G01 X115.098 Y260.392
G01 X115.883 Y261.177
G01 X116.667 Y261.177
G01 X117.451 Y261.177
G01 X118.236 Y261.961
G01 X119.020 Y262.745
G01 X119.804 Y263.529
G01 X120.589 Y264.314
G01 X120.589 Y265.098
G01 X121.373 Y265.882
G01 X121.373 Y266.667
G01 X121.373 Y267.451
G01 X121.373 Y268.235
G01 X121.373 Y269.020
G01 X120.589 Y269.804
G01 X119.804 Y270.588
G01 X119.020 Y271.373
G01 X118.236 Y272.157
G01 X117.451 Y272.941
G01 X116.667 Y273.726
G01 X115.883 Y274.510
G01 X116.667 Y273.726
G01 X117.451 Y272.941
G01 X118.236 Y272.157
G01 X119.020 Y271.373
G01 X119.804 Y270.588
G01 X120.589 Y269.804
G01 X121.373 Y269.020
G01 X121.373 Y268.235
G01 X121.373 Y267.451
G01 X122.157 Y267.451
G01 X122.941 Y266.667
G01 X123.726 Y265.882
G01 X123.726 Y265.098
G01 X123.726 Y264.314
G01 X123.726 Y263.529
G01 X123.726 Y262.745
G01 X123.726 Y261.961
G01 X122.941 Y261.177
G01 X122.157 Y260.392
G01 X122.157 Y259.608
G01 X121.373 Y258.824
G01 X120.589 Y258.039
G01 X119.804 Y257.255
G01 X119.020 Y256.471
G01 X118.236 Y256.471
G01 X117.451 Y255.686
G01 X116.667 Y255.686
G01 X115.883 Y255.686
G01 X115.098 Y254.902
G01 X114.314 Y254.902
G01 X113.530 Y254.902
G01 X112.745 Y254.902
G01 X111.961 Y254.902
G01 X111.177 Y254.902
G01 X110.392 Y254.902
G01 X109.608 Y254.902
G01 X108.824 Y254.902
G01 X108.040 Y254.118
G01 X107.255 Y254.118
G01 X106.471 Y254.118
G01 X105.687 Y254.118
G01 X104.902 Y254.118
G01 X104.118 Y253.333
G01 X103.334 Y253.333
G01 X102.549 Y253.333
G01 X101.765 Y253.333
G01 X100.981 Y253.333
G01 X100.196 Y253.333
G01 X99.412 Y252.549
G01 X98.628 Y252.549
G01 X99.412 Y252.549
G01 X100.196 Y253.333
G01 X100.981 Y253.333
G01 X101.765 Y253.333
G01 X102.549 Y253.333
G01 X103.334 Y253.333
G01 X104.118 Y253.333
G01 X104.902 Y254.118
G01 X105.687 Y254.118
G01 X106.471 Y254.118
G01 X107.255 Y254.118
G01 X108.040 Y254.118
G01 X108.824 Y254.902
G01 X109.608 Y254.902
G01 X110.392 Y254.902
G01 X111.177 Y254.902
G01 X111.961 Y254.902
G01 X112.745 Y254.902
G01 X113.530 Y254.902
G01 X114.314 Y254.902
G01 X115.098 Y254.902
G01 X115.883 Y255.686
G01 X116.667 Y255.686
G01 X117.451 Y255.686
G01 X118.236 Y256.471
G01 X119.020 Y256.471
G01 X119.804 Y257.255
G01 X120.589 Y258.039
G01 X121.373 Y258.824
G01 X122.157 Y259.608
G01 X122.157 Y260.392
G01 X122.941 Y261.177
G01 X123.726 Y261.961
G01 X123.726 Y262.745
G01 X123.726 Y263.529
G01 X123.726 Y264.314
G01 X123.726 Y265.098
G01 X123.726 Y265.882
G01 X122.941 Y266.667
G01 X122.157 Y267.451
G01 X121.373 Y267.451
G01 X121.373 Y266.667
G01 X121.373 Y265.882
G01 X120.589 Y265.098
G01 X120.589 Y264.314
G01 X119.804 Y263.529
G01 X119.020 Y262.745
G01 X118.236 Y261.961
G01 X117.451 Y261.177
G01 X116.667 Y261.177
G01 X115.883 Y261.177
G01 X115.098 Y260.392
G01 X114.314 Y260.392
G01 X113.530 Y260.392
G01 X112.745 Y259.608
G01 X111.961 Y259.608
G01 X111.177 Y259.608
G01 X110.392 Y259.608
G01 X109.608 Y259.608
G01 X108.824 Y259.608
G01 X108.040 Y260.392
G01 X107.255 Y260.392
G01 X106.471 Y260.392
G01 X105.687 Y261.177
G01 X104.902 Y261.961
G01 X104.118 Y261.961
G01 X103.334 Y262.745
G01 X102.549 Y262.745
G01 X101.765 Y261.961
G01 X100.981 Y261.177
G01 X100.196 Y260.392
G01 X100.196 Y259.608
G01 X100.196 Y258.824
G01 X99.412 Y258.039
G01 X99.412 Y257.255
G01 X99.412 Y256.471
G01 X98.628 Y255.686
G01 X97.843 Y254.902
G01 X97.843 Y254.118
G01 X97.843 Y253.333
G01 X97.843 Y252.549
G01 X98.628 Y252.549
G01 X97.843 Y252.549
G01 X97.059 Y252.549
G01 X96.275 Y251.765
G01 X95.491 Y250.980
G01 X94.706 Y250.980
G01 X93.922 Y250.980
G01 X93.138 Y250.980
G01 X92.353 Y250.980
G01 X91.569 Y251.765
G01 X90.785 Y252.549
G01 X90.000 Y253.333
G01 X90.000 Y254.118
G01 X89.216 Y254.902
G01 X88.432 Y255.686
G01 X88.432 Y256.471
G01 X87.647 Y257.255
G01 X87.647 Y258.039
G01 X86.863 Y258.824
G01 X86.863 Y259.608
G01 X86.079 Y260.392
G01 X86.079 Y261.177
G01 X85.294 Y261.961
G01 X85.294 Y262.745
G01 X85.294 Y263.529
G01 X84.510 Y264.314
G01 X84.510 Y265.098
G01 X84.510 Y265.882
G01 X83.726 Y266.667
G01 X83.726 Y267.451
G01 X83.726 Y268.235
G01 X83.726 Y269.020
G01 X83.726 Y269.804
G01 X83.726 Y270.588
G01 X83.726 Y271.373
G01 X83.726 Y272.157
G01 X83.726 Y272.941
G01 X83.726 Y273.726
G01 X83.726 Y274.510
G01 X83.726 Y275.294
G01 X84.510 Y276.078
G01 X84.510 Y276.863
G01 X85.294 Y277.647
G01 X86.079 Y278.431
G01 X86.863 Y279.216
G01 X87.647 Y280.000
G01 X88.432 Y280.784
G01 X89.216 Y281.569
G01 X90.000 Y282.353
G01 X90.785 Y282.353
G01 X91.569 Y283.137
G01 X92.353 Y283.922
G01 X93.138 Y284.706
G01 X93.922 Y285.490
G01 X93.922 Y286.274
G01 X94.706 Y286.274
G01 X93.922 Y286.274
G01 X93.922 Y287.059
G01 X93.138 Y287.059
G01 X92.353 Y287.059
G01 X91.569 Y287.059
G01 X92.353 Y287.059
G01 X93.138 Y287.059
G01 X93.922 Y287.059
G01 X94.706 Y287.059
G01 X94.706 Y286.274
G01 X94.706 Y287.059
G01 X95.491 Y287.059
G01 X96.275 Y287.843
G01 X97.059 Y288.627
G01 X97.059 Y289.412
G01 X97.059 Y290.196
G01 X97.059 Y290.980
G01 X97.059 Y291.765
G01 X96.275 Y292.549
G01 X96.275 Y293.333
G01 X96.275 Y294.118
G01 X95.491 Y294.902
G01 X95.491 Y295.686
G01 X94.706 Y296.471
G01 X94.706 Y297.255
G01 X94.706 Y298.039
G01 X94.706 Y298.823
G01 X93.922 Y299.608
G01 X93.922 Y300.392
G01 X93.922 Y301.176
G01 X93.922 Y301.961
G01 X93.138 Y302.745
G01 X93.138 Y303.529
G01 X93.138 Y304.314
G01 X93.138 Y305.098
G01 X93.138 Y305.882
G01 X93.138 Y306.667
G01 X93.138 Y307.451
G01 X93.922 Y308.235
G01 X93.922 Y309.020
G01 X94.706 Y309.804
G01 X95.491 Y310.588
G01 X96.275 Y310.588
G01 X97.059 Y310.588
G01 X97.843 Y310.588
G01 X98.628 Y310.588
G01 X99.412 Y310.588
G01 X100.196 Y310.588
G01 X100.981 Y310.588
G01 X101.765 Y310.588
G01 X102.549 Y310.588
G01 X103.334 Y310.588
G01 X104.118 Y309.804
G01 X104.902 Y309.804
G01 X105.687 Y309.804
G01 X106.471 Y309.804
G01 X107.255 Y309.804
G01 X108.040 Y309.020
G01 X108.824 Y308.235
G01 X109.608 Y308.235
G01 X108.824 Y308.235
G01 X108.040 Y309.020
G01 X107.255 Y309.804
G01 X107.255 Y310.588
G01 X106.471 Y311.372
G01 X106.471 Y312.157
G01 X105.687 Y312.941
G01 X105.687 Y313.725
G01 X104.902 Y314.510
G01 X104.902 Y315.294
G01 X104.118 Y316.078
G01 X104.118 Y316.863
G01 X103.334 Y317.647
G01 X103.334 Y318.431
G01 X102.549 Y319.216
G01 X102.549 Y320.000
G01 X101.765 Y320.784
G01 X100.981 Y320.784
G01 X100.196 Y320.784
G01 X99.412 Y320.784
G01 X98.628 Y320.784
G01 X97.843 Y320.784
G01 X97.059 Y320.784
G01 X96.275 Y320.784
G01 X95.491 Y320.000
G01 X94.706 Y320.000
G01 X93.922 Y320.000
G01 X93.138 Y319.216
G01 X92.353 Y319.216
G01 X91.569 Y319.216
G01 X92.353 Y319.216
G01 X93.138 Y319.216
G01 X93.922 Y320.000
G01 X94.706 Y320.000
G01 X95.491 Y320.000
G01 X96.275 Y320.784
G01 X96.275 Y321.569
G01 X96.275 Y322.353
G01 X96.275 Y323.137
G01 X96.275 Y323.921
G01 X97.059 Y324.706
G01 X97.059 Y325.490
G01 X97.059 Y326.274
G01 X97.059 Y327.059
G01 X97.059 Y327.843
G01 X97.059 Y328.627
G01 X97.843 Y329.412
G01 X97.843 Y330.196
G01 X97.843 Y330.980
G01 X97.843 Y331.765
G01 X97.843 Y332.549
G01 X97.843 Y333.333
G01 X97.843 Y334.118
G01 X97.843 Y334.902
G01 X97.843 Y335.686
G01 X97.843 Y336.470
G01 X97.843 Y337.255
G01 X97.843 Y338.039
G01 X97.843 Y338.823
G01 X97.843 Y339.608
G01 X97.843 Y340.392
G01 X97.843 Y341.176
G01 X97.843 Y341.961
G01 X98.628 Y342.745
G01 X98.628 Y343.529
G01 X98.628 Y344.314
G01 X98.628 Y345.098
G01 X98.628 Y345.882
G01 X98.628 Y346.667
G01 X98.628 Y347.451
G01 X98.628 Y348.235
G01 X98.628 Y349.019
G01 X98.628 Y349.804
G01 X98.628 Y350.588
G01 X99.412 Y351.372
G01 X99.412 Y352.157
G01 X99.412 Y352.941
G01 X99.412 Y353.725
G01 X99.412 Y354.510
G01 X100.196 Y355.294
G01 X100.196 Y356.078
G01 X100.196 Y356.863
G01 X100.196 Y357.647
G01 X100.981 Y358.431
G01 X100.981 Y359.216
G01 X100.981 Y360.000
G01 X101.765 Y360.784
G01 X101.765 Y361.568
G01 X101.765 Y362.353
G01 X102.549 Y363.137
G01 X102.549 Y363.921
G01 X103.334 Y364.706
G01 X103.334 Y365.490
G01 X103.334 Y366.274
G01 X104.118 Y367.059
G01 X104.118 Y367.843
G01 X104.902 Y368.627
G01 X104.902 Y369.412
G01 X105.687 Y370.196
G01 X105.687 Y370.980
G01 X106.471 Y371.765
G01 X107.255 Y372.549
G01 X107.255 Y373.333
G01 X108.040 Y374.117
G01 X108.040 Y374.902
G01 X108.824 Y375.686
G01 X109.608 Y376.470
G01 X109.608 Y377.255
G01 X110.392 Y378.039
G01 X111.177 Y378.823
G01 X111.177 Y379.608
G01 X111.961 Y380.392
G01 X112.745 Y381.176
G01 X112.745 Y381.961
G01 X113.530 Y382.745
G01 X114.314 Y383.529
G01 X115.098 Y384.314
G01 X115.098 Y385.098
G01 X115.883 Y385.882
G01 X116.667 Y386.666
G01 X117.451 Y387.451
G01 X118.236 Y388.235
G01 X118.236 Y389.019
G01 X119.020 Y389.804
G01 X119.804 Y390.588
G01 X120.589 Y391.372
G01 X121.373 Y392.157
G01 X122.157 Y392.941
G01 X122.941 Y393.725
G01 X123.726 Y394.510
G01 X123.726 Y395.294
G01 X124.510 Y396.078
G01 X125.294 Y396.862
G01 X126.079 Y397.647
G01 X126.863 Y398.431
G01 X127.647 Y399.215
G01 X128.432 Y400.000
G01 X129.216 Y400.784
G01 X130.000 Y401.568
G01 X130.785 Y402.353
G01 X131.569 Y403.137
G01 X132.353 Y403.921
G01 X133.138 Y404.706
G01 X133.922 Y405.490
G01 X134.706 Y406.274
G01 X135.490 Y407.059
G01 X136.275 Y407.843
G01 X137.059 Y408.627
G01 X137.843 Y409.411
G01 X138.628 Y410.196
G01 X139.412 Y410.980
G01 X140.196 Y411.764
G01 X140.981 Y412.549
G01 X141.765 Y413.333
G01 X142.549 Y414.117
G01 X143.334 Y414.902
G01 X144.118 Y415.686
G01 X144.902 Y415.686
G01 X145.686 Y416.470
G01 X146.471 Y416.470
G01 X147.255 Y416.470
G01 X148.039 Y417.255
G01 X148.824 Y417.255
G01 X149.608 Y417.255
G01 X150.392 Y417.255
G01 X151.177 Y417.255
G01 X151.961 Y417.255
G01 X152.745 Y417.255
G01 X153.530 Y417.255
G01 X154.314 Y417.255
G01 X155.098 Y416.470
G01 X155.883 Y416.470
G01 X156.667 Y416.470
G01 X157.451 Y416.470
G01 X158.235 Y416.470
G01 X159.020 Y415.686
G01 X159.804 Y415.686
G01 X160.588 Y415.686
G01 X161.373 Y415.686
G01 X162.157 Y414.902
G01 X162.941 Y414.902
G01 X163.726 Y414.902
G01 X164.510 Y414.117
G01 X165.294 Y414.117
G01 X166.079 Y414.117
G01 X166.863 Y413.333
G01 X167.647 Y413.333
G01 X168.432 Y412.549
G01 X169.216 Y412.549
G01 X170.000 Y411.764
G01 X170.784 Y411.764
G01 X171.569 Y410.980
G01 X172.353 Y410.980
G01 X173.137 Y410.196
G01 X173.922 Y410.196
G01 X174.706 Y409.411
G01 X175.490 Y409.411
G01 X176.275 Y408.627
G01 X177.059 Y408.627
G01 X177.843 Y407.843
G01 X178.628 Y407.843
G01 X179.412 Y407.059
G01 X180.196 Y406.274
G01 X180.981 Y406.274
G01 X181.765 Y405.490
G01 X182.549 Y405.490
G01 X183.333 Y404.706
G01 X184.118 Y403.921
G01 X184.902 Y403.921
G01 X185.686 Y403.137
G01 X186.471 Y402.353
G01 X187.255 Y402.353
G01 X188.039 Y401.568
G01 X188.824 Y400.784
G01 X189.608 Y400.000
G01 X190.392 Y400.000
G01 X191.177 Y399.215
G01 X191.961 Y398.431
G01 X192.745 Y397.647
G01 X193.530 Y397.647
G01 X194.314 Y396.862
G01 X195.098 Y396.078
G01 X195.882 Y395.294
G01 X196.667 Y394.510
G01 X197.451 Y393.725
G01 X198.235 Y393.725
G01 X199.020 Y392.941
G01 X199.804 Y392.157
G01 X200.588 Y391.372
G01 X201.373 Y390.588
G01 X202.157 Y389.804
G01 X202.941 Y389.019
G01 X203.726 Y388.235
G01 X204.510 Y387.451
G01 X204.510 Y386.666
G01 X204.510 Y385.882
G01 X205.294 Y385.098
G01 X205.294 Y384.314
G01 X205.294 Y383.529
G01 X205.294 Y382.745
G01 X206.079 Y381.961
G01 X206.079 Y381.176
G01 X206.079 Y380.392
G01 X205.294 Y379.608
G01 X205.294 Y378.823
G01 X205.294 Y378.039
G01 X205.294 Y377.255
G01 X205.294 Y376.470
G01 X205.294 Y375.686
G01 X205.294 Y374.902
G01 X205.294 Y374.117
G01 X205.294 Y373.333
G01 X206.079 Y372.549
G01 X206.863 Y371.765
G01 X207.647 Y370.980
G01 X208.431 Y370.196
G01 X209.216 Y369.412
G01 X210.000 Y369.412
G01 X210.784 Y368.627
G01 X211.569 Y367.843
G01 X212.353 Y367.843
G01 X213.137 Y367.059
G01 X213.922 Y366.274
G01 X214.706 Y366.274
G01 X215.490 Y365.490
G01 X216.275 Y364.706
G01 X217.059 Y364.706
G01 X217.843 Y363.921
G01 X218.628 Y363.137
G01 X219.412 Y363.137
G01 X220.196 Y362.353
G01 X220.980 Y361.568
G01 X221.765 Y361.568
G01 X222.549 Y360.784
G01 X223.333 Y360.000
G01 X224.118 Y359.216
G01 X224.902 Y359.216
G01 X225.686 Y358.431
G01 X226.471 Y357.647
G01 X227.255 Y356.863
G01 X228.039 Y356.078
G01 X228.824 Y355.294
G01 X229.608 Y354.510
G01 X230.392 Y353.725
G01 X231.177 Y352.941
G01 X231.961 Y352.157
G01 X232.745 Y351.372
G01 X233.529 Y350.588
G01 X233.529 Y349.804
G01 X234.314 Y349.019
G01 X234.314 Y348.235
G01 X235.098 Y347.451
G01 X235.098 Y346.667
G01 X235.882 Y345.882
G01 X235.882 Y345.098
G01 X236.667 Y344.314
G01 X236.667 Y343.529
G01 X237.451 Y342.745
G01 X237.451 Y341.961
G01 X238.235 Y341.176
G01 X238.235 Y340.392
G01 X238.235 Y339.608
G01 X239.020 Y338.823
G01 X239.020 Y338.039
G01 X239.804 Y337.255
G01 X239.804 Y336.470
G01 X239.804 Y335.686
G01 X240.588 Y334.902
G01 X240.588 Y334.118
G01 X240.588 Y333.333
G01 X241.373 Y332.549
G01 X241.373 Y331.765
G01 X242.157 Y330.980
G01 X242.157 Y330.196
G01 X242.157 Y329.412
G01 X242.941 Y328.627
G01 X242.941 Y327.843
G01 X243.726 Y327.059
G01 X243.726 Y326.274
G01 X243.726 Y325.490
G01 X244.510 Y324.706
G01 X244.510 Y323.921
G01 X245.294 Y323.137
G01 X245.294 Y322.353
G01 X245.294 Y321.569
G01 X246.078 Y320.784
G01 X246.078 Y320.000
G01 X246.863 Y319.216
G01 X246.863 Y318.431
G01 X247.647 Y317.647
G01 X247.647 Y316.863
G01 X248.431 Y316.078
G01 X248.431 Y315.294
G01 X249.216 Y314.510
G01 X250.000 Y313.725
G01 X250.784 Y312.941
G01 X250.784 Y312.157
G01 X251.569 Y311.372
G01 X252.353 Y310.588
G01 X253.137 Y309.804
G01 X253.922 Y309.020
G01 X254.706 Y309.020
G01 X255.490 Y309.020
G01 X256.274 Y308.235
G01 X257.059 Y308.235
G01 X257.843 Y308.235
G01 X258.627 Y308.235
G01 X259.412 Y308.235
G01 X260.196 Y308.235
G01 X260.196 Y307.451
G01 X260.196 Y308.235
G01 X260.980 Y308.235
G01 X261.765 Y308.235
G01 X262.549 Y308.235
G01 X263.333 Y308.235
G01 X264.118 Y308.235
G01 X264.902 Y308.235
G01 X265.686 Y309.020
G01 X266.471 Y309.020
G01 X267.255 Y309.020
G01 X268.039 Y309.020
G01 X268.823 Y309.804
G01 X269.608 Y309.804
G01 X270.392 Y309.804
G01 X271.176 Y310.588
G01 X271.961 Y310.588
G01 X272.745 Y311.372
G01 X273.529 Y311.372
G01 X274.314 Y311.372
G01 X275.098 Y312.157
G01 X275.882 Y312.157
G01 X276.667 Y312.941
G01 X277.451 Y312.941
G01 X278.235 Y312.941
G01 X279.020 Y313.725
G01 X279.804 Y313.725
G01 X280.588 Y314.510
G01 X281.372 Y314.510
G01 X282.157 Y315.294
G01 X282.941 Y315.294
G01 X283.725 Y316.078
G01 X284.510 Y316.078
G01 X285.294 Y316.863
G01 X286.078 Y316.863
G01 X286.863 Y317.647
G01 X287.647 Y317.647
G01 X288.431 Y317.647
G01 X289.216 Y318.431
G01 X290.000 Y318.431
G01 X290.784 Y319.216
G01 X291.569 Y319.216
G01 X292.353 Y320.000
G01 X293.137 Y320.000
G01 X293.921 Y320.784
G01 X294.706 Y320.784
G01 X295.490 Y320.784
G01 X296.274 Y321.569
G01 X297.059 Y321.569
G01 X297.843 Y321.569
G01 X298.627 Y321.569
G01 X299.412 Y322.353
G01 X300.196 Y322.353
G01 X300.980 Y322.353
G01 X301.765 Y322.353
G01 X302.549 Y322.353
G01 X303.333 Y322.353
G01 X304.118 Y322.353
G01 X304.902 Y321.569
G01 X305.686 Y321.569
G01 X306.470 Y321.569
G01 X307.255 Y321.569
G01 X308.039 Y321.569
G01 X308.823 Y320.784
G01 X309.608 Y320.784
G01 X310.392 Y320.000
G01 X311.176 Y319.216
G01 X311.961 Y319.216
G01 X312.745 Y318.431
G01 X313.529 Y317.647
G01 X314.314 Y316.863
G01 X315.098 Y316.078
G01 X315.882 Y315.294
G01 X316.667 Y314.510
G01 X317.451 Y313.725
G01 X317.451 Y312.941
G01 X318.235 Y312.157
G01 X318.235 Y311.372
G01 X318.235 Y310.588
G01 X319.019 Y309.804
G01 X319.019 Y309.020
G01 X319.019 Y308.235
G01 X319.804 Y307.451
G01 X319.804 Y306.667
G01 X319.804 Y305.882
G01 X319.804 Y305.098
G01 X320.588 Y304.314
G01 X320.588 Y303.529
G01 X320.588 Y302.745
G01 X320.588 Y301.961
G01 X320.588 Y301.176
G01 X320.588 Y300.392
G01 X320.588 Y299.608
G01 X320.588 Y298.823
G01 X320.588 Y298.039
G01 X320.588 Y297.255
G01 X320.588 Y296.471
G01 X320.588 Y295.686
G01 X320.588 Y294.902
G01 X320.588 Y294.118
G01 X320.588 Y293.333
G01 X320.588 Y292.549
G01 X320.588 Y291.765
G01 X320.588 Y290.980
G01 X320.588 Y290.196
G01 X320.588 Y289.412
G01 X320.588 Y288.627
G01 X320.588 Y287.843
G01 X320.588 Y287.059
G01 X319.804 Y286.274
G01 X319.804 Y285.490
G01 X319.804 Y284.706
G01 X319.804 Y283.922
G01 X319.804 Y283.137
G01 X319.019 Y282.353
G01 X319.019 Y281.569
G01 X319.019 Y280.784
G01 X319.019 Y280.000
G01 X318.235 Y279.216
G01 X318.235 Y278.431
G01 X318.235 Y277.647
G01 X317.451 Y276.863
G01 X317.451 Y276.078
G01 X317.451 Y275.294
G01 X317.451 Y274.510
G01 X316.667 Y273.726
G01 X316.667 Y272.941
G01 X316.667 Y272.157
G01 X316.667 Y271.373
G01 X316.667 Y270.588
G01 X315.882 Y270.588
G01 X315.098 Y270.588
G01 X315.098 Y269.804
G01 X315.098 Y269.020
G01 X314.314 Y268.235
G01 X314.314 Y267.451
G01 X313.529 Y266.667
G01 X313.529 Y265.882
G01 X312.745 Y265.098
G01 X312.745 Y264.314
G01 X311.961 Y263.529
G01 X311.176 Y262.745
G01 X310.392 Y261.961
G01 X309.608 Y261.177
G01 X308.823 Y260.392
G01 X308.039 Y259.608
G01 X307.255 Y258.824
G01 X306.470 Y258.039
G01 X305.686 Y258.039
G01 X304.902 Y257.255
G01 X304.118 Y256.471
G01 X303.333 Y255.686
G01 X302.549 Y255.686
G01 X301.765 Y254.902
G01 X300.980 Y254.118
G01 X300.196 Y254.118
G01 X299.412 Y253.333
G01 X298.627 Y252.549
G01 X297.843 Y252.549
G01 X297.059 Y251.765
G01 X296.274 Y251.765
G01 X295.490 Y250.980
G01 X294.706 Y250.980
G01 X293.921 Y250.980
G01 X293.137 Y250.196
G01 X292.353 Y250.196
G01 X291.569 Y250.196
G01 X290.784 Y249.412
G01 X290.000 Y249.412
G01 X289.216 Y249.412
G01 X288.431 Y248.628
G01 X287.647 Y248.628
G01 X286.863 Y248.628
G01 X286.078 Y248.628
G01 X285.294 Y247.843
G01 X284.510 Y247.843
G01 X283.725 Y247.843
G01 X282.941 Y247.843
G01 X282.157 Y247.059
G01 X281.372 Y247.059
G01 X280.588 Y247.059
G01 X279.804 Y247.059
G01 X279.020 Y247.059
G01 X278.235 Y247.059
G01 X277.451 Y247.059
G01 X276.667 Y246.275
G01 X275.882 Y246.275
G01 X275.098 Y246.275
G01 X274.314 Y246.275
G01 X273.529 Y246.275
G01 X272.745 Y246.275
G01 X271.961 Y246.275
G01 X271.176 Y246.275
G01 X270.392 Y246.275
G01 X269.608 Y246.275
G01 X268.823 Y246.275
G01 X268.039 Y246.275
G01 X267.255 Y246.275
G01 X266.471 Y246.275
G01 X265.686 Y246.275
G01 X264.902 Y245.490
G01 X264.118 Y244.706
G01 X263.333 Y243.922
G01 X262.549 Y243.137
G01 X262.549 Y242.353
G01 X261.765 Y241.569
G01 X261.765 Y240.784
G01 X261.765 Y240.000
G01 X260.980 Y239.216
G01 X260.980 Y238.431
G01 X260.980 Y237.647
G01 X260.196 Y236.863
G01 X260.196 Y236.079
G01 X260.196 Y235.294
G01 X260.196 Y234.510
G01 X259.412 Y233.726
G01 X259.412 Y232.941
G01 X259.412 Y232.157
G01 X258.627 Y231.373
G01 X258.627 Y230.588
G01 X258.627 Y229.804
G01 X257.843 Y229.020
G01 X257.843 Y228.235
G01 X257.843 Y227.451
G01 X257.059 Y226.667
G01 X257.059 Y225.882
G01 X256.274 Y225.098
G01 X256.274 Y224.314
G01 X256.274 Y223.530
G01 X255.490 Y222.745
G01 X255.490 Y221.961
G01 X255.490 Y221.177
G01 X255.490 Y220.392
G01 X254.706 Y219.608
G01 X254.706 Y218.824
G01 X254.706 Y218.039
G01 X253.922 Y217.255
G01 X253.922 Y216.471
G01 X253.137 Y215.686
G01 X253.137 Y214.902
G01 X253.137 Y214.118
G01 X252.353 Y213.333
G01 X252.353 Y212.549
G01 X252.353 Y211.765
G01 X251.569 Y210.981
G01 X251.569 Y210.196
G01 X251.569 Y209.412
G01 X250.784 Y208.628
G01 X250.784 Y207.843
G01 X250.784 Y207.059
G01 X250.000 Y206.275
G01 X250.000 Y205.490
G01 X250.000 Y204.706
G01 X249.216 Y203.922
G01 X249.216 Y203.137
G01 X249.216 Y202.353
G01 X248.431 Y201.569
G01 X248.431 Y200.784
G01 X248.431 Y200.000
G01 X247.647 Y199.216
G01 X247.647 Y198.432
G01 X247.647 Y197.647
G01 X246.863 Y196.863
G01 X246.863 Y196.079
G01 X246.078 Y195.294
G01 X246.078 Y194.510
G01 X246.078 Y193.726
G01 X245.294 Y192.941
G01 X245.294 Y192.157
G01 X245.294 Y191.373
G01 X244.510 Y190.588
G01 X244.510 Y189.804
G01 X243.726 Y189.020
G01 X242.941 Y188.235
G01 X242.157 Y187.451
G01 X241.373 Y186.667
G01 X240.588 Y186.667
G01 X239.804 Y185.883
G01 X239.020 Y185.098
G01 X238.235 Y185.098
G01 X237.451 Y184.314
G01 X236.667 Y184.314
G01 X235.882 Y183.530
G01 X235.098 Y183.530
G01 X234.314 Y182.745
G01 X233.529 Y182.745
G01 X232.745 Y181.961
G01 X231.961 Y181.961
G01 X231.177 Y181.961
G01 X230.392 Y181.177
G01 X229.608 Y181.177
G01 X228.824 Y180.392
G01 X228.039 Y180.392
G01 X227.255 Y179.608
G01 X226.471 Y179.608
G01 X225.686 Y179.608
G01 X224.902 Y178.824
G01 X224.118 Y178.824
G01 X223.333 Y178.824
G01 X222.549 Y178.039
G01 X221.765 Y178.039
G01 X220.980 Y177.255
G01 X220.196 Y177.255
G01 X219.412 Y177.255
G01 X218.628 Y176.471
G01 X217.843 Y176.471
G01 X217.059 Y176.471
G01 X216.275 Y175.687
G01 X215.490 Y175.686
G01 X214.706 Y175.686
G01 X213.922 Y174.902
G01 X213.137 Y174.902
G01 X212.353 Y174.902
G01 X211.569 Y174.118
G01 X210.784 Y174.118
G01 X210.000 Y173.334
G01 X209.216 Y173.334
G01 X208.431 Y173.334
G01 X207.647 Y173.334
G01 X206.863 Y172.549
G01 X206.079 Y172.549
G01 X205.294 Y172.549
G01 X204.510 Y171.765
G01 X203.726 Y171.765
G01 X202.941 Y171.765
G01 X202.157 Y170.981
G01 X201.373 Y170.981
G01 X200.588 Y170.981
G01 X199.804 Y170.196
G01 X199.020 Y170.196
G01 X198.235 Y170.196
G01 X197.451 Y169.412
G01 X196.667 Y169.412
G01 X195.882 Y169.412
G01 X195.098 Y168.628
G01 X194.314 Y168.628
G01 X193.530 Y168.628
G01 X192.745 Y167.843
G01 X191.961 Y167.843
G01 X191.177 Y167.843
G01 X190.392 Y167.059
G01 X189.608 Y167.059
G01 X188.824 Y167.059
G01 X188.039 Y166.275
G01 X187.255 Y166.275
G01 X186.471 Y166.275
G01 X185.686 Y165.490
G01 X184.902 Y165.490
G01 X184.118 Y165.490
G01 X183.333 Y165.490
G01 X182.549 Y164.706
G01 X181.765 Y164.706
G01 X180.981 Y164.706
G01 X180.196 Y163.922
G01 X179.412 Y163.922
G01 X178.628 Y163.922
G01 X177.843 Y163.138
G01 X177.059 Y163.138
G01 X176.275 Y163.138
G01 X175.490 Y162.353
G01 X174.706 Y162.353
G01 X173.922 Y162.353
G01 X173.137 Y162.353
G01 X172.353 Y161.569
G01 X171.569 Y161.569
G01 X170.784 Y161.569
G01 X170.000 Y160.785
G01 X169.216 Y160.785
G01 X168.432 Y160.785
G01 X167.647 Y160.000
G01 X166.863 Y160.000
G01 X166.079 Y160.000
G01 X165.294 Y160.000
G01 X164.510 Y159.216
G01 X163.726 Y159.216
G01 X162.941 Y159.216
G01 X162.157 Y158.432
G01 X161.373 Y158.432
G01 X160.588 Y158.432
G01 X159.804 Y157.647
G01 X159.020 Y157.647
G01 X158.235 Y157.647
G01 X157.451 Y157.647
G01 X156.667 Y156.863
G01 X155.883 Y156.863
G01 X155.098 Y156.863
G01 X154.314 Y156.863
G01 X153.530 Y156.079
G01 X152.745 Y156.079
G01 X151.961 Y156.079
G01 X151.177 Y155.294
G01 X150.392 Y155.294
G01 X149.608 Y155.294
G01 X148.824 Y154.510
G01 X148.039 Y154.510
G01 X147.255 Y154.510
G01 X146.471 Y154.510
G01 X145.686 Y153.726
G01 X144.902 Y153.726
G01 X144.118 Y153.726
G01 X143.334 Y152.941
G01 X142.549 Y152.941
G01 X141.765 Y152.941
G01 X140.981 Y152.941
G01 X140.196 Y152.157
G01 X139.412 Y152.157
G01 X138.628 Y152.157
G01 X137.843 Y152.157
G01 X137.059 Y151.373
G01 X136.275 Y151.373
G01 X135.490 Y150.589
G01 X135.490 Y149.804
G01 X135.490 Y149.020
G01 X136.275 Y149.020
G01 X137.059 Y149.020
G01 X137.843 Y149.020
G01 X138.628 Y149.020
G01 X139.412 Y149.020
G01 X140.196 Y149.020
G01 X140.981 Y149.020
G01 X141.765 Y149.020
G01 X142.549 Y149.804
G01 X143.334 Y149.804
G01 X144.118 Y149.804
G01 X144.902 Y149.804
G01 X145.686 Y149.804
G01 X146.471 Y150.589
G01 X147.255 Y150.589
G01 X148.039 Y150.589
G01 X148.824 Y150.589
G01 X149.608 Y150.589
G01 X150.392 Y150.589
G01 X151.177 Y150.589
G01 X151.961 Y150.589
G01 X152.745 Y150.589
G01 X153.530 Y150.589
G01 X154.314 Y150.589
G01 X155.098 Y150.589
G01 X155.883 Y150.589
G01 X156.667 Y150.589
G01 X157.451 Y149.804
G01 X158.235 Y149.804
G01 X159.020 Y149.804
G01 X159.804 Y149.804
G01 X160.588 Y149.020
G01 X161.373 Y149.020
G01 X162.157 Y149.020
G01 X162.941 Y148.236
G01 X163.726 Y148.236
G01 X164.510 Y147.451
G01 X165.294 Y147.451
G01 X166.079 Y146.667
G01 X166.863 Y146.667
G01 X167.647 Y145.883
G01 X168.432 Y145.098
G01 X169.216 Y144.314
G01 X170.000 Y143.530
G01 X170.784 Y142.745
G01 X171.569 Y141.961
G01 X172.353 Y141.177
G01 X172.353 Y140.392
G01 X173.137 Y139.608
G01 X173.922 Y138.824
G01 X174.706 Y138.040
G01 X174.706 Y137.255
G01 X175.490 Y136.471
G01 X176.275 Y135.687
G01 X176.275 Y134.902
G01 X177.059 Y134.118
G01 X177.059 Y133.334
G01 X177.843 Y132.549
G01 X177.843 Y131.765
G01 X178.628 Y130.981
G01 X178.628 Y130.196
G01 X178.628 Y129.412
G01 X179.412 Y128.628
G01 X179.412 Y127.843
G01 X180.196 Y127.059
G01 X180.196 Y126.275
G01 X180.196 Y125.491
G01 X180.981 Y124.706
G01 X180.981 Y123.922
G01 X181.765 Y123.138
G01 X181.765 Y122.353
G01 X181.765 Y121.569
G01 X181.765 Y120.785
G01 X182.549 Y120.000
G01 X182.549 Y119.216
G01 X182.549 Y118.432
G01 X182.549 Y117.647
G01 X183.333 Y116.863
G01 X183.333 Y116.079
G01 X183.333 Y115.294
G01 X183.333 Y114.510
G01 X183.333 Y113.726
G01 X184.118 Y112.942
G01 X184.118 Y112.157
G01 X184.118 Y111.373
G01 X184.118 Y110.589
G01 X184.118 Y109.804
G01 X184.118 Y109.020
G01 X184.902 Y108.236
G01 X184.902 Y107.451
G01 X184.902 Y106.667
G01 X184.902 Y105.883
G01 X184.902 Y105.098
G01 X184.902 Y104.314
G01 X184.902 Y103.530
G01 X185.686 Y102.745
G01 X185.686 Y101.961
G01 X185.686 Y101.177
G01 X185.686 Y100.393
G01 X185.686 Y99.608
G01 X185.686 Y98.824
G01 X185.686 Y98.040
G01 X185.686 Y97.255
G01 X185.686 Y96.471
G01 X185.686 Y95.687
G01 X185.686 Y94.902
G01 X185.686 Y94.118
G01 X185.686 Y93.334
G01 X186.471 Y92.549
G01 X186.471 Y91.765
G01 X186.471 Y90.981
G01 X186.471 Y90.196
G01 X186.471 Y89.412
G01 X186.471 Y88.628
G01 X186.471 Y87.844
G01 X186.471 Y87.059
G01 X186.471 Y86.275
G01 X186.471 Y85.491
G01 X186.471 Y84.706
G01 X186.471 Y83.922
G01 X186.471 Y83.138
G01 X186.471 Y82.353
G01 X186.471 Y81.569
G01 X186.471 Y80.785
G01 X186.471 Y80.000
G01 X186.471 Y79.216
G01 X185.686 Y78.432
G01 X185.686 Y77.647
G01 X185.686 Y76.863
G01 X185.686 Y76.079
G01 X185.686 Y75.295
G01 X185.686 Y74.510
G01 X185.686 Y73.726
G01 X185.686 Y72.942
G01 X185.686 Y72.157
G01 X185.686 Y71.373
G01 X185.686 Y70.589
G01 X185.686 Y69.804
G01 X185.686 Y69.020
G01 X185.686 Y69.804
G01 X185.686 Y70.589
G01 X185.686 Y71.373
G01 X185.686 Y72.157
G01 X185.686 Y72.942
G01 X185.686 Y73.726
G01 X185.686 Y74.510
G01 X185.686 Y75.295
G01 X185.686 Y76.079
G01 X185.686 Y76.863
G01 X185.686 Y77.647
G01 X185.686 Y78.432
G01 X186.471 Y79.216
G01 X186.471 Y80.000
G01 X186.471 Y80.785
G01 X186.471 Y81.569
G01 X186.471 Y82.353
G01 X186.471 Y83.138
G01 X186.471 Y83.922
G01 X186.471 Y84.706
G01 X186.471 Y85.491
G01 X186.471 Y86.275
G01 X186.471 Y87.059
G01 X186.471 Y87.844
G01 X186.471 Y88.628
G01 X186.471 Y89.412
G01 X186.471 Y90.196
G01 X186.471 Y90.981
G01 X186.471 Y91.765
G01 X186.471 Y92.549
G01 X185.686 Y93.334
G01 X185.686 Y94.118
G01 X185.686 Y94.902
G01 X185.686 Y95.687
G01 X185.686 Y96.471
G01 X185.686 Y97.255
G01 X185.686 Y98.040
G01 X185.686 Y98.824
G01 X185.686 Y99.608
G01 X185.686 Y100.393
G01 X185.686 Y101.177
G01 X185.686 Y101.961
G01 X185.686 Y102.745
G01 X184.902 Y103.530
G01 X184.902 Y104.314
G01 X184.902 Y105.098
G01 X184.902 Y105.883
G01 X184.902 Y106.667
G01 X184.902 Y107.451
G01 X184.902 Y108.236
G01 X184.118 Y109.020
G01 X184.118 Y109.804
G01 X184.118 Y110.589
G01 X184.118 Y111.373
G01 X184.118 Y112.157
G01 X184.118 Y112.942
G01 X183.333 Y113.726
G01 X183.333 Y114.510
G01 X183.333 Y115.294
G01 X183.333 Y116.079
G01 X183.333 Y116.863
G01 X182.549 Y117.647
G01 X182.549 Y118.432
G01 X182.549 Y119.216
G01 X182.549 Y120.000
G01 X181.765 Y120.785
G01 X181.765 Y121.569
G01 X181.765 Y122.353
G01 X181.765 Y123.138
G01 X180.981 Y123.922
G01 X180.981 Y124.706
G01 X180.196 Y125.491
G01 X180.196 Y126.275
G01 X180.196 Y127.059
G01 X179.412 Y127.843
G01 X179.412 Y128.628
G01 X178.628 Y129.412
G01 X178.628 Y130.196
G01 X178.628 Y130.981
G01 X177.843 Y131.765
G01 X177.843 Y132.549
G01 X177.059 Y133.334
G01 X177.059 Y134.118
G01 X176.275 Y134.902
G01 X176.275 Y135.687
G01 X175.490 Y136.471
G01 X174.706 Y137.255
G01 X174.706 Y138.040
G01 X173.922 Y138.824
G01 X173.137 Y139.608
G01 X172.353 Y140.392
G01 X172.353 Y141.177
G01 X171.569 Y141.961
G01 X170.784 Y142.745
G01 X170.000 Y143.530
G01 X169.216 Y144.314
G01 X168.432 Y145.098
G01 X167.647 Y145.883
G01 X166.863 Y146.667
G01 X166.079 Y146.667
G01 X165.294 Y147.451
G01 X164.510 Y147.451
G01 X163.726 Y148.236
G01 X162.941 Y148.236
G01 X162.157 Y149.020
G01 X161.373 Y149.020
G01 X160.588 Y149.020
G01 X159.804 Y149.804
G01 X159.020 Y149.804
G01 X158.235 Y149.804
G01 X157.451 Y149.804
G01 X156.667 Y150.589
G01 X155.883 Y150.589
G01 X155.098 Y150.589
G01 X154.314 Y150.589
G01 X153.530 Y150.589
G01 X152.745 Y150.589
G01 X151.961 Y150.589
G01 X151.177 Y150.589
G01 X150.392 Y150.589
G01 X149.608 Y150.589
G01 X148.824 Y150.589
G01 X148.039 Y150.589
G01 X147.255 Y150.589
G01 X146.471 Y150.589
G01 X145.686 Y149.804
G01 X144.902 Y149.804
G01 X144.118 Y149.804
G01 X143.334 Y149.804
G01 X142.549 Y149.804
G01 X141.765 Y149.020
G01 X140.981 Y149.020
G01 X140.196 Y149.020
G01 X139.412 Y149.020
G01 X138.628 Y149.020
G01 X137.843 Y149.020
G01 X137.059 Y149.020
G01 X136.275 Y149.020
G01 X135.490 Y149.020
G01 X135.490 Y148.236
G01 X136.275 Y149.020
G01 X135.490 Y148.236
G01 X135.490 Y149.020
G01 X134.706 Y149.020
G01 X135.490 Y149.020
G01 X135.490 Y149.804
G01 X134.706 Y149.804
G01 X133.922 Y149.020
G01 X133.138 Y149.020
G01 X132.353 Y149.020
G01 X131.569 Y149.020
G01 X130.785 Y149.020
G01 X130.000 Y149.020
G01 X130.000 Y149.804
G01 X130.000 Y150.589
G01 X129.216 Y151.373
G01 X128.432 Y152.157
G01 X128.432 Y152.941
G01 X128.432 Y153.726
G01 X128.432 Y154.510
G01 X128.432 Y155.294
G01 X128.432 Y156.079
G01 X128.432 Y156.863
G01 X128.432 Y157.647
G01 X128.432 Y158.432
G01 X129.216 Y159.216
G01 X129.216 Y160.000
G01 X129.216 Y160.785
G01 X129.216 Y161.569
G01 X129.216 Y162.353
G01 X129.216 Y163.138
G01 X129.216 Y163.922
G01 X130.000 Y164.706
G01 X130.000 Y165.490
G01 X130.000 Y166.275
G01 X130.000 Y167.059
G01 X130.000 Y167.843
G01 X130.785 Y168.628
G01 X130.785 Y169.412
G01 X130.785 Y170.196
G01 X130.785 Y170.981
G01 X131.569 Y171.765
G01 X131.569 Y172.549
G01 X131.569 Y173.334
G01 X132.353 Y174.118
G01 X132.353 Y174.902
G01 X132.353 Y175.686
G01 X133.138 Y176.471
G01 X133.138 Y177.255
G01 X133.138 Y178.039
G01 X133.922 Y178.824
G01 X133.922 Y179.608
G01 X134.706 Y180.392
G01 X134.706 Y181.177
G01 X135.490 Y181.961
G01 X135.490 Y182.745
G01 X136.275 Y183.530
G01 X136.275 Y184.314
G01 X137.059 Y185.098
G01 X137.059 Y185.883
G01 X137.843 Y186.667
G01 X137.843 Y187.451
G01 X138.628 Y188.235
G01 X139.412 Y189.020
G01 X139.412 Y189.804
G01 X140.196 Y190.588
G01 X140.981 Y191.373
G01 X140.981 Y192.157
G01 X141.765 Y192.941
G01 X142.549 Y193.726
G01 X143.334 Y194.510
G01 X143.334 Y195.294
G01 X144.118 Y196.079
G01 X144.902 Y196.863
G01 X144.902 Y197.647
G01 X145.686 Y198.432
G01 X146.471 Y199.216
G01 X146.471 Y200.000
G01 X147.255 Y200.784
G01 X148.039 Y201.569
G01 X148.039 Y202.353
G01 X148.824 Y203.137
G01 X148.824 Y203.922
G01 X149.608 Y204.706
G01 X150.392 Y205.490
G01 X150.392 Y206.275
G01 X151.177 Y207.059
G01 X151.177 Y207.843
G01 X151.961 Y208.628
G01 X151.961 Y209.412
G01 X152.745 Y210.196
G01 X152.745 Y210.981
G01 X153.530 Y211.765
G01 X154.314 Y212.549
G01 X154.314 Y213.333
G01 X155.098 Y214.118
G01 X155.098 Y214.902
G01 X155.883 Y215.686
G01 X155.883 Y216.471
G01 X156.667 Y217.255
G01 X156.667 Y218.039
G01 X157.451 Y218.824
G01 X157.451 Y219.608
G01 X157.451 Y220.392
G01 X158.235 Y221.177
G01 X158.235 Y221.961
G01 X159.020 Y222.745
G01 X159.020 Y223.530
G01 X159.804 Y224.314
G01 X159.804 Y225.098
G01 X159.804 Y225.882
G01 X160.588 Y226.667
G01 X160.588 Y227.451
G01 X161.373 Y228.235
G01 X161.373 Y229.020
G01 X161.373 Y229.804
G01 X162.157 Y230.588
G01 X162.157 Y231.373
G01 X162.157 Y232.157
G01 X162.941 Y232.941
G01 X162.941 Y233.726
G01 X163.726 Y234.510
G01 X163.726 Y235.294
G01 X163.726 Y236.079
G01 X164.510 Y236.863
G01 X164.510 Y237.647
G01 X164.510 Y238.431
G01 X165.294 Y239.216
G01 X165.294 Y240.000
G01 X165.294 Y240.784
G01 X165.294 Y241.569
G01 X166.079 Y242.353
G01 X166.079 Y243.137
G01 X166.079 Y243.922
G01 X166.863 Y244.706
G01 X166.863 Y245.490
G01 X166.863 Y246.275
G01 X167.647 Y247.059
G01 X167.647 Y247.843
G01 X167.647 Y248.628
G01 X168.432 Y249.412
G01 X168.432 Y250.196
G01 X168.432 Y250.980
G01 X169.216 Y251.765
G01 X169.216 Y252.549
G01 X170.000 Y253.333
G01 X170.000 Y254.118
G01 X170.784 Y254.902
G01 X170.784 Y255.686
G01 X171.569 Y256.471
G01 X171.569 Y257.255
G01 X172.353 Y258.039
G01 X172.353 Y258.824
G01 X173.137 Y259.608
G01 X173.922 Y260.392
G01 X174.706 Y261.177
G01 X175.490 Y261.961
G01 X176.275 Y262.745
G01 X177.059 Y263.529
G01 X177.843 Y264.314
G01 X178.628 Y265.098
G01 X179.412 Y265.882
G01 X180.196 Y266.667
G01 X180.981 Y267.451
G01 X181.765 Y268.235
G01 X182.549 Y269.020
G01 X183.333 Y269.804
G01 X184.118 Y270.588
G01 X184.902 Y270.588
G01 X185.686 Y271.373
G01 X186.471 Y272.157
G01 X187.255 Y272.941
G01 X188.039 Y272.941
G01 X188.824 Y273.726
G01 X189.608 Y273.726
G01 X190.392 Y274.510
G01 X191.177 Y274.510
G01 X191.961 Y275.294
G01 X192.745 Y275.294
G01 X193.530 Y276.078
G01 X194.314 Y276.078
G01 X195.098 Y276.863
G01 X195.882 Y276.863
G01 X196.667 Y276.863
G01 X197.451 Y277.647
G01 X198.235 Y277.647
G01 X199.020 Y277.647
G01 X199.804 Y278.431
G01 X200.588 Y278.431
G01 X201.373 Y278.431
G01 X202.157 Y278.431
G01 X202.941 Y278.431
G01 X203.726 Y279.216
G01 X204.510 Y279.216
G01 X205.294 Y279.216
G01 X206.079 Y279.216
G01 X206.863 Y279.216
G01 X207.647 Y280.000
G01 X208.431 Y280.000
G01 X209.216 Y280.000
G01 X210.000 Y280.784
G01 X210.784 Y281.569
G01 X211.569 Y282.353
G01 X212.353 Y283.137
G01 X212.353 Y283.922
G01 X213.137 Y284.706
G01 X213.137 Y285.490
G01 X213.922 Y286.274
G01 X213.922 Y287.059
G01 X213.922 Y287.843
G01 X213.922 Y288.627
G01 X213.922 Y289.412
G01 X213.922 Y290.196
G01 X213.922 Y290.980
G01 X213.922 Y291.765
G01 X213.137 Y292.549
G01 X213.137 Y293.333
G01 X213.137 Y294.118
G01 X213.137 Y294.902
G01 X213.137 Y295.686
G01 X213.137 Y296.471
G01 X212.353 Y297.255
G01 X212.353 Y298.039
G01 X212.353 Y298.823
G01 X211.569 Y299.608
G01 X211.569 Y300.392
G01 X211.569 Y301.176
G01 X210.784 Y301.961
G01 X210.784 Y302.745
G01 X210.000 Y303.529
G01 X210.000 Y304.314
G01 X209.216 Y305.098
G01 X209.216 Y305.882
G01 X208.431 Y306.667
G01 X208.431 Y307.451
G01 X207.647 Y308.235
G01 X207.647 Y309.020
G01 X206.863 Y309.804
G01 X206.863 Y310.588
G01 X206.079 Y311.372
G01 X205.294 Y312.157
G01 X205.294 Y312.941
G01 X204.510 Y313.725
G01 X203.726 Y314.510
G01 X203.726 Y315.294
G01 X202.941 Y316.078
G01 X202.157 Y316.863
G01 X201.373 Y317.647
G01 X200.588 Y318.431
G01 X199.804 Y318.431
G01 X199.020 Y318.431
G01 X198.235 Y318.431
G01 X197.451 Y318.431
G01 X196.667 Y318.431
G01 X195.882 Y318.431
G01 X195.098 Y318.431
G01 X194.314 Y317.647
G01 X193.530 Y317.647
G01 X192.745 Y317.647
G01 X191.961 Y317.647
G01 X191.177 Y317.647
G01 X190.392 Y316.863
G01 X189.608 Y316.863
G01 X188.824 Y316.863
G01 X188.039 Y316.863
G01 X187.255 Y316.078
G01 X186.471 Y316.078
G01 X185.686 Y316.078
G01 X184.902 Y316.078
G01 X184.118 Y315.294
G01 X183.333 Y315.294
G01 X182.549 Y315.294
G01 X181.765 Y315.294
G01 X180.981 Y315.294
G01 X180.196 Y314.510
G01 X179.412 Y314.510
G01 X178.628 Y314.510
G01 X177.843 Y314.510
G01 X177.059 Y314.510
G01 X176.275 Y313.725
G01 X175.490 Y312.941
G01 X174.706 Y312.157
G01 X175.490 Y312.941
G01 X174.706 Y312.941
G01 X175.490 Y312.941
G01 X176.275 Y313.725
G01 X177.059 Y314.510
G01 X177.843 Y314.510
G01 X178.628 Y314.510
G01 X179.412 Y314.510
G01 X180.196 Y314.510
G01 X180.981 Y315.294
G01 X181.765 Y315.294
G01 X182.549 Y315.294
G01 X183.333 Y315.294
G01 X184.118 Y315.294
G01 X184.902 Y316.078
G01 X185.686 Y316.078
G01 X186.471 Y316.078
G01 X187.255 Y316.078
G01 X188.039 Y316.863
G01 X188.824 Y316.863
G01 X189.608 Y316.863
G01 X190.392 Y316.863
G01 X191.177 Y317.647
G01 X191.961 Y317.647
G01 X192.745 Y317.647
G01 X193.530 Y317.647
G01 X194.314 Y317.647
G01 X195.098 Y318.431
G01 X195.882 Y318.431
G01 X196.667 Y318.431
G01 X197.451 Y318.431
G01 X198.235 Y318.431
G01 X199.020 Y318.431
G01 X199.804 Y318.431
G01 X200.588 Y318.431
G01 X201.373 Y317.647
G01 X202.157 Y316.863
G01 X202.941 Y316.078
G01 X203.726 Y315.294
G01 X203.726 Y314.510
G01 X204.510 Y313.725
G01 X205.294 Y312.941
G01 X205.294 Y312.157
G01 X206.079 Y311.372
G01 X206.863 Y310.588
G01 X206.863 Y309.804
G01 X207.647 Y309.020
G01 X207.647 Y308.235
G01 X208.431 Y307.451
G01 X208.431 Y306.667
G01 X209.216 Y305.882
G01 X209.216 Y305.098
G01 X210.000 Y304.314
G01 X210.000 Y303.529
G01 X210.784 Y302.745
G01 X210.784 Y301.961
G01 X211.569 Y301.176
G01 X211.569 Y300.392
G01 X211.569 Y299.608
G01 X212.353 Y298.823
G01 X212.353 Y298.039
G01 X212.353 Y297.255
G01 X213.137 Y296.471
G01 X213.137 Y295.686
G01 X213.137 Y294.902
G01 X213.137 Y294.118
G01 X213.137 Y293.333
G01 X213.137 Y292.549
G01 X213.922 Y291.765
G01 X213.922 Y290.980
G01 X213.922 Y290.196
G01 X213.922 Y289.412
G01 X213.922 Y288.627
G01 X213.922 Y287.843
G01 X213.922 Y287.059
G01 X213.922 Y286.274
G01 X213.137 Y285.490
G01 X213.137 Y284.706
G01 X212.353 Y283.922
G01 X212.353 Y283.137
G01 X211.569 Y282.353
G01 X210.784 Y281.569
G01 X210.000 Y280.784
G01 X209.216 Y280.000
G01 X208.431 Y280.000
G01 X207.647 Y280.000
G01 X206.863 Y279.216
G01 X206.079 Y279.216
G01 X205.294 Y279.216
G01 X204.510 Y279.216
G01 X203.726 Y279.216
G01 X202.941 Y278.431
G01 X202.157 Y278.431
G01 X201.373 Y278.431
G01 X200.588 Y278.431
G01 X199.804 Y278.431
G01 X199.020 Y277.647
G01 X198.235 Y277.647
G01 X197.451 Y277.647
G01 X196.667 Y276.863
G01 X195.882 Y276.863
G01 X195.098 Y276.863
G01 X194.314 Y276.078
G01 X193.530 Y276.078
G01 X192.745 Y275.294
G01 X191.961 Y275.294
G01 X191.177 Y274.510
G01 X190.392 Y274.510
G01 X189.608 Y273.726
G01 X188.824 Y273.726
G01 X188.039 Y272.941
G01 X187.255 Y272.941
G01 X186.471 Y272.157
G01 X185.686 Y271.373
G01 X184.902 Y270.588
G01 X184.118 Y270.588
G01 X183.333 Y269.804
G01 X182.549 Y269.020
G01 X181.765 Y268.235
G01 X180.981 Y267.451
G01 X180.196 Y266.667
G01 X179.412 Y265.882
G01 X178.628 Y265.098
G01 X177.843 Y264.314
G01 X177.059 Y263.529
G01 X176.275 Y262.745
G01 X175.490 Y261.961
G01 X174.706 Y261.177
G01 X173.922 Y260.392
G01 X173.137 Y259.608
G01 X172.353 Y258.824
G01 X172.353 Y258.039
G01 X171.569 Y257.255
G01 X171.569 Y256.471
G01 X170.784 Y255.686
G01 X170.784 Y254.902
G01 X170.000 Y254.118
G01 X170.000 Y253.333
G01 X169.216 Y252.549
G01 X169.216 Y251.765
G01 X168.432 Y250.980
G01 X168.432 Y250.196
G01 X168.432 Y249.412
G01 X167.647 Y248.628
G01 X167.647 Y247.843
G01 X167.647 Y247.059
G01 X166.863 Y246.275
G01 X166.863 Y245.490
G01 X166.863 Y244.706
G01 X166.079 Y243.922
G01 X166.079 Y243.137
G01 X166.079 Y242.353
G01 X165.294 Y241.569
G01 X165.294 Y240.784
G01 X165.294 Y240.000
G01 X165.294 Y239.216
G01 X164.510 Y238.431
G01 X164.510 Y237.647
G01 X164.510 Y236.863
G01 X163.726 Y236.079
G01 X163.726 Y235.294
G01 X163.726 Y234.510
G01 X162.941 Y233.726
G01 X162.941 Y232.941
G01 X162.157 Y232.157
G01 X162.157 Y231.373
G01 X162.157 Y230.588
G01 X161.373 Y229.804
G01 X161.373 Y229.020
G01 X161.373 Y228.235
G01 X160.588 Y227.451
G01 X160.588 Y226.667
G01 X159.804 Y225.882
G01 X159.804 Y225.098
G01 X159.804 Y224.314
G01 X159.020 Y223.530
G01 X159.020 Y222.745
G01 X158.235 Y221.961
G01 X158.235 Y221.177
G01 X157.451 Y220.392
G01 X157.451 Y219.608
G01 X157.451 Y218.824
G01 X156.667 Y218.039
G01 X156.667 Y217.255
G01 X155.883 Y216.471
G01 X155.883 Y215.686
G01 X155.098 Y214.902
G01 X155.098 Y214.118
G01 X154.314 Y213.333
G01 X154.314 Y212.549
G01 X153.530 Y211.765
G01 X152.745 Y210.981
G01 X152.745 Y210.196
G01 X151.961 Y209.412
G01 X151.961 Y208.628
G01 X151.177 Y207.843
G01 X151.177 Y207.059
G01 X150.392 Y206.275
G01 X150.392 Y205.490
G01 X149.608 Y204.706
G01 X148.824 Y203.922
G01 X148.824 Y203.137
G01 X148.039 Y202.353
G01 X148.039 Y201.569
G01 X147.255 Y200.784
G01 X146.471 Y200.000
G01 X146.471 Y199.216
G01 X145.686 Y198.432
G01 X144.902 Y197.647
G01 X144.902 Y196.863
G01 X144.118 Y196.079
G01 X143.334 Y195.294
G01 X143.334 Y194.510
G01 X142.549 Y193.726
G01 X141.765 Y192.941
G01 X140.981 Y192.157
G01 X140.981 Y191.373
G01 X140.196 Y190.588
G01 X139.412 Y189.804
G01 X139.412 Y189.020
G01 X138.628 Y188.235
G01 X137.843 Y187.451
G01 X137.843 Y186.667
G01 X137.059 Y185.883
G01 X137.059 Y185.098
G01 X136.275 Y184.314
G01 X136.275 Y183.530
G01 X135.490 Y182.745
G01 X135.490 Y181.961
G01 X134.706 Y181.177
G01 X134.706 Y180.392
G01 X133.922 Y179.608
G01 X133.922 Y178.824
G01 X133.138 Y178.039
G01 X133.138 Y177.255
G01 X133.138 Y176.471
G01 X132.353 Y175.686
G01 X132.353 Y174.902
G01 X132.353 Y174.118
G01 X131.569 Y173.334
G01 X131.569 Y172.549
G01 X131.569 Y171.765
G01 X130.785 Y170.981
G01 X130.785 Y170.196
G01 X130.785 Y169.412
G01 X130.785 Y168.628
G01 X130.000 Y167.843
G01 X130.000 Y167.059
G01 X130.000 Y166.275
G01 X130.000 Y165.490
G01 X130.000 Y164.706
G01 X129.216 Y163.922
G01 X129.216 Y163.138
G01 X129.216 Y162.353
G01 X129.216 Y161.569
G01 X129.216 Y160.785
G01 X129.216 Y160.000
G01 X129.216 Y159.216
G01 X128.432 Y158.432
G01 X128.432 Y157.647
G01 X128.432 Y156.863
G01 X128.432 Y156.079
G01 X128.432 Y155.294
G01 X128.432 Y154.510
G01 X128.432 Y153.726
G01 X128.432 Y152.941
G01 X128.432 Y152.157
G01 X129.216 Y151.373
G01 X130.000 Y150.589
G01 X130.000 Y149.804
G01 X130.000 Y149.020
G01 X129.216 Y148.236
G01 X128.432 Y148.236
G01 X127.647 Y148.236
G01 X126.863 Y148.236
G01 X126.079 Y148.236
G01 X125.294 Y148.236
G01 X124.510 Y148.236
G01 X123.726 Y148.236
G01 X122.941 Y148.236
G01 X122.157 Y149.020
G01 X121.373 Y149.020
G01 X120.589 Y149.020
G01 X119.804 Y149.020
G01 X119.020 Y149.020
G01 X118.236 Y149.804
G01 X117.451 Y149.804
G01 X116.667 Y150.589
G01 X115.883 Y150.589
G01 X115.098 Y150.589
G01 X114.314 Y151.373
G01 X113.530 Y152.157
G01 X112.745 Y152.157
G01 X111.961 Y152.941
G01 X111.177 Y153.726
G01 X110.392 Y154.510
G01 X109.608 Y155.294
G01 X108.824 Y156.079
G01 X108.040 Y156.863
G01 X107.255 Y157.647
G01 X106.471 Y158.432
G01 X106.471 Y159.216
G01 X105.687 Y160.000
G01 X105.687 Y160.785
G01 X105.687 Y161.569
G01 X104.902 Y162.353
G01 X104.902 Y163.138
G01 X104.902 Y163.922
G01 X104.902 Y164.706
G01 X104.118 Y165.490
G01 X104.118 Y166.275
G01 X104.118 Y167.059
G01 X104.118 Y167.843
G01 X104.118 Y168.628
G01 X104.118 Y169.412
G01 X104.118 Y170.196
G01 X104.118 Y170.981
G01 X104.118 Y171.765
G01 X104.118 Y172.549
G01 X104.118 Y173.334
G01 X104.118 Y174.118
G01 X104.902 Y174.902
G01 X104.902 Y175.686
G01 X104.902 Y176.471
G01 X104.902 Y177.255
G01 X105.687 Y178.039
G01 X105.687 Y178.824
G01 X105.687 Y179.608
G01 X105.687 Y180.392
G01 X105.687 Y181.177
G01 X105.687 Y181.961
G01 X105.687 Y182.745
G01 X105.687 Y183.530
G01 X105.687 Y184.314
G01 X105.687 Y185.098
G01 X105.687 Y185.883
G01 X105.687 Y186.667
G01 X105.687 Y187.451
G01 X104.902 Y188.235
G01 X104.902 Y189.020
G01 X104.902 Y189.804
G01 X104.118 Y190.588
G01 X104.118 Y191.373
G01 X104.118 Y192.157
G01 X104.118 Y192.941
G01 X104.118 Y193.726
G01 X104.118 Y194.510
G01 X104.118 Y195.294
G01 X104.118 Y196.079
G01 X103.334 Y196.863
G01 X102.549 Y197.647
G01 X101.765 Y198.432
G01 X100.981 Y199.216
G01 X100.196 Y200.000
G01 X100.196 Y200.784
G01 X100.196 Y201.569
G01 X100.981 Y202.353
G01 X100.981 Y203.137
G01 X101.765 Y203.922
G01 X102.549 Y204.706
G01 X103.334 Y205.490
G01 X104.118 Y206.275
G01 X104.902 Y206.275
G01 X105.687 Y207.059
G01 X106.471 Y207.059
G01 X107.255 Y207.843
G01 X108.040 Y207.843
G01 X108.824 Y207.843
G01 X109.608 Y208.628
G01 X110.392 Y208.628
G01 X111.177 Y208.628
G01 X111.961 Y209.412
G01 X112.745 Y209.412
G01 X113.530 Y209.412
G01 X114.314 Y209.412
G01 X115.098 Y210.196
G01 X115.883 Y210.196
G01 X116.667 Y210.196
G01 X117.451 Y210.196
G01 X118.236 Y210.981
G01 X119.020 Y210.981
G01 X119.804 Y210.981
G01 X120.589 Y210.981
G01 X121.373 Y211.765
G01 X122.157 Y211.765
G01 X122.941 Y211.765
G01 X123.726 Y211.765
G01 X124.510 Y212.549
G01 X125.294 Y212.549
G01 X126.079 Y212.549
G01 X126.863 Y212.549
G01 X127.647 Y212.549
G01 X128.432 Y213.333
G01 X129.216 Y213.333
G01 X130.000 Y214.118
G01 X130.000 Y214.902
G01 X129.216 Y215.686
G01 X128.432 Y215.686
G01 X127.647 Y215.686
G01 X126.863 Y215.686
G01 X126.079 Y214.902
G01 X125.294 Y214.902
G01 X124.510 Y214.902
G01 X123.726 Y214.902
G01 X122.941 Y214.902
G01 X122.157 Y214.118
G01 X121.373 Y214.118
G01 X120.589 Y214.118
G01 X119.804 Y214.118
G01 X119.020 Y214.118
G01 X118.236 Y213.333
G01 X117.451 Y213.333
G01 X116.667 Y213.333
G01 X115.883 Y213.333
G01 X115.098 Y212.549
G01 X114.314 Y212.549
G01 X113.530 Y212.549
G01 X112.745 Y211.765
G01 X111.961 Y211.765
G01 X111.177 Y211.765
G01 X110.392 Y210.981
G01 X109.608 Y210.981
G01 X108.824 Y210.981
G01 X108.040 Y210.196
G01 X107.255 Y210.196
G01 X106.471 Y210.196
G01 X105.687 Y209.412
G01 X104.902 Y209.412
G01 X104.118 Y209.412
G01 X103.334 Y208.628
G01 X102.549 Y208.628
G01 X101.765 Y207.843
G01 X100.981 Y207.843
G01 X100.196 Y207.843
G01 X99.412 Y207.843
G01 X98.628 Y207.843
G01 X97.843 Y208.628
G01 X97.059 Y209.412
G01 X97.059 Y210.196
G01 X96.275 Y210.981
G01 X96.275 Y211.765
G01 X96.275 Y212.549
G01 X95.491 Y213.333
G01 X95.491 Y214.118
G01 X95.491 Y214.902
G01 X95.491 Y215.686
G01 X95.491 Y216.471
G01 X95.491 Y217.255
G01 X94.706 Y218.039
G01 X94.706 Y218.824
G01 X94.706 Y219.608
G01 X94.706 Y220.392
G01 X93.922 Y221.177
G01 X93.922 Y221.961
G01 X93.922 Y222.745
G01 X93.922 Y223.530
G01 X93.922 Y224.314
G01 X93.922 Y225.098
G01 X94.706 Y225.882
G01 X94.706 Y226.667
G01 X94.706 Y227.451
G01 X95.491 Y228.235
G01 X96.275 Y229.020
G01 X97.059 Y229.804
G01 X97.843 Y230.588
G01 X97.843 Y231.373
G01 X97.843 Y232.157
G01 X97.843 Y232.941
G01 X97.843 Y233.726
G01 X97.843 Y234.510
G01 X97.843 Y235.294
G01 X97.843 Y236.079
G01 X97.843 Y236.863
G01 X97.843 Y237.647
G01 X97.843 Y238.431
G01 X97.843 Y239.216
G01 X97.843 Y240.000
G01 X97.843 Y240.784
G01 X97.843 Y241.569
G01 X97.843 Y242.353
G01 X97.843 Y243.137
G01 X97.059 Y243.922
G01 X97.059 Y244.706
G01 X97.059 Y245.490
G01 X97.059 Y246.275
G01 X96.275 Y247.059
G01 X96.275 Y247.843
G01 X96.275 Y248.628
G01 X95.491 Y249.412
G01 X95.491 Y250.196
G01 X95.491 Y250.980
G01 X95.491 Y250.196
G01 X95.491 Y249.412
G01 X96.275 Y248.628
G01 X96.275 Y247.843
G01 X96.275 Y247.059
G01 X97.059 Y246.275
G01 X97.059 Y245.490
G01 X97.059 Y244.706
G01 X97.059 Y243.922
G01 X97.843 Y243.137
G01 X97.843 Y242.353
G01 X97.843 Y241.569
G01 X97.843 Y240.784
G01 X97.843 Y240.000
G01 X97.843 Y239.216
G01 X97.843 Y238.431
G01 X97.843 Y237.647
G01 X97.843 Y236.863
G01 X97.843 Y236.079
G01 X97.843 Y235.294
G01 X97.843 Y234.510
G01 X97.843 Y233.726
G01 X97.843 Y232.941
G01 X97.843 Y232.157
G01 X97.843 Y231.373
G01 X97.843 Y230.588
G01 X98.628 Y230.588
G01 X99.412 Y230.588
G01 X100.196 Y230.588
G01 X100.981 Y230.588
G01 X101.765 Y231.373
G01 X102.549 Y231.373
G01 X103.334 Y232.157
G01 X104.118 Y232.157
G01 X104.902 Y232.157
G01 X105.687 Y232.941
G01 X106.471 Y232.941
G01 X107.255 Y232.941
G01 X108.040 Y232.941
G01 X108.824 Y232.941
G01 X109.608 Y232.941
G01 X110.392 Y232.941
G01 X111.177 Y232.941
G01 X111.961 Y232.941
G01 X112.745 Y232.941
G01 X113.530 Y232.941
G01 X114.314 Y232.941
G01 X115.098 Y232.157
G01 X115.883 Y232.157
G01 X116.667 Y231.373
G01 X117.451 Y231.373
G01 X118.236 Y231.373
G01 X119.020 Y230.588
G01 X119.804 Y230.588
G01 X120.589 Y229.804
G01 X121.373 Y229.804
G01 X122.157 Y229.020
G01 X122.941 Y229.020
G01 X123.726 Y228.235
G01 X124.510 Y228.235
G01 X125.294 Y227.451
G01 X126.079 Y227.451
G01 X126.863 Y226.667
G01 X127.647 Y226.667
G01 X128.432 Y225.882
G01 X129.216 Y225.882
G01 X130.000 Y225.098
G01 X130.785 Y224.314
G01 X131.569 Y224.314
G01 X132.353 Y223.530
G01 X133.138 Y223.530
G01 X133.922 Y222.745
G01 X134.706 Y221.961
G01 X134.706 Y221.177
G01 X134.706 Y221.961
G01 X133.922 Y222.745
G01 X133.138 Y223.530
G01 X132.353 Y223.530
G01 X131.569 Y224.314
G01 X130.785 Y224.314
G01 X130.000 Y225.098
G01 X129.216 Y225.882
G01 X128.432 Y225.882
G01 X127.647 Y226.667
G01 X126.863 Y226.667
G01 X126.079 Y227.451
G01 X125.294 Y227.451
G01 X124.510 Y228.235
G01 X123.726 Y228.235
G01 X122.941 Y229.020
G01 X122.157 Y229.020
G01 X121.373 Y229.804
G01 X120.589 Y229.804
G01 X119.804 Y230.588
G01 X119.020 Y230.588
G01 X118.236 Y231.373
G01 X117.451 Y231.373
G01 X116.667 Y231.373
G01 X115.883 Y232.157
G01 X115.098 Y232.157
G01 X114.314 Y232.941
G01 X113.530 Y232.941
G01 X112.745 Y232.941
G01 X111.961 Y232.941
G01 X111.177 Y232.941
G01 X110.392 Y232.941
G01 X109.608 Y232.941
G01 X108.824 Y232.941
G01 X108.040 Y232.941
G01 X107.255 Y232.941
G01 X106.471 Y232.941
G01 X105.687 Y232.941
G01 X104.902 Y232.157
G01 X104.118 Y232.157
G01 X103.334 Y232.157
G01 X102.549 Y231.373
G01 X101.765 Y231.373
G01 X100.981 Y230.588
G01 X100.196 Y230.588
G01 X99.412 Y230.588
G01 X98.628 Y230.588
G01 X97.843 Y230.588
G01 X97.059 Y229.804
G01 X96.275 Y229.020
G01 X95.491 Y228.235
G01 X94.706 Y227.451
G01 X94.706 Y226.667
G01 X94.706 Y225.882
G01 X93.922 Y225.098
G01 X93.922 Y224.314
G01 X93.922 Y223.530
G01 X93.922 Y222.745
G01 X93.922 Y221.961
G01 X93.922 Y221.177
G01 X94.706 Y220.392
G01 X94.706 Y219.608
G01 X94.706 Y218.824
G01 X94.706 Y218.039
G01 X95.491 Y217.255
G01 X95.491 Y216.471
G01 X95.491 Y215.686
G01 X96.275 Y215.686
G01 X97.059 Y214.902
G01 X97.843 Y214.118
G01 X98.628 Y213.333
G01 X99.412 Y212.549
G01 X100.196 Y211.765
G01 X100.981 Y211.765
G01 X101.765 Y211.765
G01 X102.549 Y212.549
G01 X103.334 Y212.549
G01 X104.118 Y213.333
G01 X104.902 Y214.118
G01 X104.902 Y214.902
G01 X105.687 Y215.686
G01 X106.471 Y216.471
G01 X106.471 Y217.255
G01 X107.255 Y218.039
G01 X107.255 Y218.824
G01 X108.040 Y219.608
G01 X108.824 Y220.392
G01 X109.608 Y221.177
G01 X110.392 Y221.177
G01 X111.177 Y221.961
G01 X111.961 Y221.961
G01 X112.745 Y221.961
G01 X113.530 Y221.961
G01 X114.314 Y221.961
G01 X115.098 Y221.961
G01 X115.883 Y221.961
G01 X116.667 Y221.961
G01 X117.451 Y221.961
G01 X118.236 Y221.961
G01 X119.020 Y221.177
G01 X119.804 Y221.177
G01 X120.589 Y221.177
G01 X121.373 Y221.177
G01 X122.157 Y221.177
G01 X122.941 Y221.177
G01 X123.726 Y221.177
G01 X124.510 Y221.177
G01 X125.294 Y221.177
G01 X126.079 Y221.177
G01 X126.863 Y221.177
G01 X127.647 Y221.177
G01 X128.432 Y221.177
G01 X129.216 Y221.177
G01 X130.000 Y221.177
G01 X130.785 Y221.177
G01 X131.569 Y221.177
G01 X132.353 Y221.177
G01 X133.138 Y220.392
G01 X133.922 Y221.177
G01 X134.706 Y221.177
G01 X135.490 Y221.177
G01 X136.275 Y220.392
G01 X137.059 Y220.392
G01 X137.843 Y220.392
G01 X137.059 Y220.392
G01 X136.275 Y220.392
G01 X135.490 Y221.177
G01 X134.706 Y221.177
G01 X133.922 Y221.177
G01 X133.138 Y221.177
G01 X133.922 Y221.177
G01 X133.138 Y220.392
G01 X132.353 Y221.177
G01 X131.569 Y221.177
G01 X130.785 Y221.177
G01 X130.000 Y221.177
G01 X129.216 Y221.177
G01 X128.432 Y221.177
G01 X127.647 Y221.177
G01 X126.863 Y221.177
G01 X126.079 Y221.177
G01 X125.294 Y221.177
G01 X124.510 Y221.177
G01 X123.726 Y221.177
G01 X122.941 Y221.177
G01 X122.157 Y221.177
G01 X121.373 Y221.177
G01 X120.589 Y221.177
G01 X119.804 Y221.177
G01 X119.020 Y221.177
G01 X118.236 Y221.961
G01 X117.451 Y221.961
G01 X116.667 Y221.961
G01 X115.883 Y221.961
G01 X115.098 Y221.961
G01 X114.314 Y221.961
G01 X113.530 Y221.961
G01 X112.745 Y221.961
G01 X111.961 Y221.961
G01 X111.177 Y221.961
G01 X110.392 Y221.177
G01 X109.608 Y221.177
G01 X108.824 Y220.392
G01 X108.040 Y219.608
G01 X107.255 Y218.824
G01 X107.255 Y218.039
G01 X106.471 Y217.255
G01 X106.471 Y216.471
G01 X105.687 Y215.686
G01 X104.902 Y214.902
G01 X104.902 Y214.118
G01 X104.118 Y213.333
G01 X103.334 Y212.549
G01 X102.549 Y212.549
G01 X101.765 Y211.765
G01 X100.981 Y211.765
G01 X100.196 Y211.765
G01 X99.412 Y212.549
G01 X98.628 Y213.333
G01 X97.843 Y214.118
G01 X97.059 Y214.902
G01 X96.275 Y215.686
G01 X95.491 Y215.686
G01 X95.491 Y214.902
G01 X95.491 Y214.118
G01 X95.491 Y213.333
G01 X96.275 Y212.549
G01 X96.275 Y211.765
G01 X96.275 Y210.981
G01 X97.059 Y210.196
G01 X97.059 Y209.412
G01 X97.843 Y208.628
G01 X98.628 Y207.843
G01 X99.412 Y207.843
G01 X100.196 Y207.843
G01 X100.981 Y207.843
G01 X101.765 Y207.843
G01 X102.549 Y208.628
G01 X103.334 Y208.628
G01 X104.118 Y209.412
G01 X104.902 Y209.412
G01 X105.687 Y209.412
G01 X106.471 Y210.196
G01 X107.255 Y210.196
G01 X108.040 Y210.196
G01 X108.824 Y210.981
G01 X109.608 Y210.981
G01 X110.392 Y210.981
G01 X111.177 Y211.765
G01 X111.961 Y211.765
G01 X112.745 Y211.765
G01 X113.530 Y212.549
G01 X114.314 Y212.549
G01 X115.098 Y212.549
G01 X115.883 Y213.333
G01 X116.667 Y213.333
G01 X117.451 Y213.333
G01 X118.236 Y213.333
G01 X119.020 Y214.118
G01 X119.804 Y214.118
G01 X120.589 Y214.118
G01 X121.373 Y214.118
G01 X122.157 Y214.118
G01 X122.941 Y214.902
G01 X123.726 Y214.902
G01 X124.510 Y214.902
G01 X125.294 Y214.902
G01 X126.079 Y214.902
G01 X126.863 Y215.686
G01 X127.647 Y215.686
G01 X128.432 Y215.686
G01 X129.216 Y215.686
G01 X130.000 Y214.902
G01 X130.785 Y214.902
G01 X130.785 Y214.118
G01 X130.785 Y214.902
G01 X131.569 Y214.902
G01 X132.353 Y214.902
G01 X133.138 Y214.902
G01 X133.922 Y214.902
G01 X134.706 Y214.902
G01 X135.490 Y214.902
G01 X136.275 Y214.902
G01 X137.059 Y214.902
G01 X137.843 Y214.118
G01 X137.059 Y214.902
G01 X136.275 Y214.902
G01 X135.490 Y214.902
G01 X134.706 Y214.902
G01 X133.922 Y214.902
G01 X133.138 Y214.902
G01 X132.353 Y214.902
G01 X131.569 Y214.902
G01 X130.785 Y214.902
G01 X130.000 Y214.902
G01 X130.000 Y214.118
G01 X130.785 Y214.118
G01 X130.000 Y214.118
G01 X129.216 Y213.333
G01 X128.432 Y213.333
G01 X127.647 Y212.549
G01 X126.863 Y212.549
G01 X126.079 Y212.549
G01 X125.294 Y212.549
G01 X124.510 Y212.549
G01 X123.726 Y211.765
G01 X122.941 Y211.765
G01 X122.157 Y211.765
G01 X121.373 Y211.765
G01 X120.589 Y210.981
G01 X119.804 Y210.981
G01 X119.020 Y210.981
G01 X118.236 Y210.981
G01 X117.451 Y210.196
G01 X116.667 Y210.196
G01 X115.883 Y210.196
G01 X115.098 Y210.196
G01 X114.314 Y209.412
G01 X113.530 Y209.412
G01 X112.745 Y209.412
G01 X111.961 Y209.412
G01 X111.177 Y208.628
G01 X110.392 Y208.628
G01 X109.608 Y208.628
G01 X108.824 Y207.843
G01 X108.040 Y207.843
G01 X107.255 Y207.843
G01 X106.471 Y207.059
G01 X105.687 Y207.059
G01 X104.902 Y206.275
G01 X104.118 Y206.275
G01 X103.334 Y205.490
G01 X102.549 Y204.706
G01 X101.765 Y203.922
G01 X100.981 Y203.137
G01 X100.981 Y202.353
G01 X100.196 Y201.569
G01 X100.196 Y200.784
G01 X100.196 Y200.000
G01 X100.981 Y199.216
G01 X101.765 Y198.432
G01 X102.549 Y197.647
G01 X103.334 Y196.863
G01 X104.118 Y196.079
G01 X104.902 Y196.863
G01 X105.687 Y197.647
G01 X106.471 Y197.647
G01 X107.255 Y198.432
G01 X108.040 Y199.216
G01 X108.824 Y199.216
G01 X109.608 Y200.000
G01 X110.392 Y200.784
G01 X111.177 Y200.784
G01 X111.961 Y201.569
G01 X112.745 Y202.353
G01 X113.530 Y202.353
G01 X114.314 Y203.137
G01 X115.098 Y203.922
G01 X115.883 Y203.922
G01 X116.667 Y203.922
G01 X115.883 Y203.922
G01 X115.098 Y203.922
G01 X114.314 Y203.137
G01 X113.530 Y202.353
G01 X112.745 Y202.353
G01 X111.961 Y201.569
G01 X111.177 Y200.784
G01 X110.392 Y200.784
G01 X109.608 Y200.000
G01 X108.824 Y199.216
G01 X108.040 Y199.216
G01 X107.255 Y198.432
G01 X106.471 Y197.647
G01 X105.687 Y197.647
G01 X104.902 Y196.863
G01 X104.118 Y196.079
G01 X104.118 Y195.294
G01 X104.118 Y194.510
G01 X104.118 Y193.726
G01 X104.118 Y192.941
G01 X104.118 Y192.157
G01 X104.118 Y191.373
G01 X104.118 Y190.588
G01 X104.902 Y189.804
G01 X104.902 Y189.020
G01 X104.902 Y188.235
G01 X105.687 Y187.451
G01 X105.687 Y186.667
G01 X105.687 Y185.883
G01 X105.687 Y185.098
G01 X105.687 Y184.314
G01 X105.687 Y183.530
G01 X105.687 Y182.745
G01 X105.687 Y181.961
G01 X105.687 Y181.177
G01 X105.687 Y180.392
G01 X105.687 Y179.608
G01 X105.687 Y178.824
G01 X105.687 Y178.039
G01 X104.902 Y177.255
G01 X104.902 Y176.471
G01 X104.902 Y175.686
G01 X104.902 Y174.902
G01 X104.118 Y174.118
G01 X104.118 Y173.334
G01 X104.118 Y172.549
G01 X104.118 Y171.765
G01 X104.118 Y170.981
G01 X104.118 Y170.196
G01 X104.118 Y169.412
G01 X104.118 Y168.628
G01 X104.118 Y167.843
G01 X104.118 Y167.059
G01 X104.118 Y166.275
G01 X104.118 Y165.490
G01 X104.902 Y164.706
G01 X104.902 Y163.922
G01 X104.902 Y163.138
G01 X104.902 Y162.353
G01 X105.687 Y161.569
G01 X105.687 Y160.785
G01 X105.687 Y160.000
G01 X106.471 Y159.216
G01 X106.471 Y158.432
G01 X107.255 Y157.647
G01 X108.040 Y156.863
G01 X108.824 Y156.079
G01 X109.608 Y155.294
G01 X110.392 Y154.510
G01 X111.177 Y153.726
G01 X111.961 Y152.941
G01 X112.745 Y152.157
G01 X113.530 Y152.157
G01 X114.314 Y151.373
G01 X115.098 Y150.589
G01 X115.883 Y150.589
G01 X116.667 Y150.589
G01 X117.451 Y149.804
G01 X118.236 Y149.804
G01 X119.020 Y149.020
G01 X119.804 Y149.020
G01 X120.589 Y149.020
G01 X121.373 Y149.020
G01 X122.157 Y149.020
G01 X122.941 Y148.236
G01 X123.726 Y148.236
G01 X124.510 Y148.236
G01 X125.294 Y148.236
G01 X126.079 Y148.236
G01 X126.863 Y148.236
G01 X127.647 Y148.236
G01 X128.432 Y148.236
G01 X129.216 Y148.236
G01 X130.000 Y149.020
G01 X130.785 Y149.020
G01 X131.569 Y149.020
G01 X132.353 Y149.020
G01 X133.138 Y149.020
G01 X133.922 Y149.020
G01 X134.706 Y149.804
G01 X135.490 Y149.804
G01 X135.490 Y150.589
G01 X136.275 Y151.373
G01 X137.059 Y151.373
G01 X137.843 Y152.157
G01 X138.628 Y152.157
G01 X139.412 Y152.157
G01 X140.196 Y152.157
G01 X140.981 Y152.941
G01 X141.765 Y152.941
G01 X142.549 Y152.941
G01 X143.334 Y152.941
G01 X144.118 Y153.726
G01 X144.902 Y153.726
G01 X145.686 Y153.726
G01 X146.471 Y154.510
G01 X147.255 Y154.510
G01 X148.039 Y154.510
G01 X148.824 Y154.510
G01 X149.608 Y155.294
G01 X150.392 Y155.294
G01 X151.177 Y155.294
G01 X151.961 Y156.079
G01 X152.745 Y156.079
G01 X153.530 Y156.079
G01 X154.314 Y156.863
G01 X155.098 Y156.863
G01 X155.883 Y156.863
G01 X156.667 Y156.863
G01 X157.451 Y157.647
G01 X158.235 Y157.647
G01 X159.020 Y157.647
G01 X159.804 Y157.647
G01 X160.588 Y158.432
G01 X161.373 Y158.432
G01 X162.157 Y158.432
G01 X162.941 Y159.216
G01 X163.726 Y159.216
G01 X164.510 Y159.216
G01 X165.294 Y160.000
G01 X166.079 Y160.000
G01 X166.863 Y160.000
G01 X167.647 Y160.000
G01 X168.432 Y160.785
G01 X169.216 Y160.785
G01 X170.000 Y160.785
G01 X170.784 Y161.569
G01 X171.569 Y161.569
G01 X172.353 Y161.569
G01 X173.137 Y162.353
G01 X173.922 Y162.353
G01 X174.706 Y162.353
G01 X175.490 Y162.353
G01 X176.275 Y163.138
G01 X177.059 Y163.138
G01 X177.843 Y163.138
G01 X178.628 Y163.922
G01 X179.412 Y163.922
G01 X180.196 Y163.922
G01 X180.981 Y164.706
G01 X181.765 Y164.706
G01 X182.549 Y164.706
G01 X183.333 Y165.490
G01 X184.118 Y165.490
G01 X184.902 Y165.490
G01 X185.686 Y165.490
G01 X186.471 Y166.275
G01 X187.255 Y166.275
G01 X188.039 Y166.275
G01 X188.824 Y167.059
G01 X189.608 Y167.059
G01 X190.392 Y167.059
G01 X191.177 Y167.843
G01 X191.961 Y167.843
G01 X192.745 Y167.843
G01 X193.530 Y168.628
G01 X194.314 Y168.628
G01 X195.098 Y168.628
G01 X195.882 Y169.412
G01 X196.667 Y169.412
G01 X197.451 Y169.412
G01 X198.235 Y170.196
G01 X199.020 Y170.196
G01 X199.804 Y170.196
G01 X200.588 Y170.981
G01 X201.373 Y170.981
G01 X202.157 Y170.981
G01 X202.941 Y171.765
G01 X203.726 Y171.765
G01 X204.510 Y171.765
G01 X205.294 Y172.549
G01 X206.079 Y172.549
G01 X206.863 Y172.549
G01 X207.647 Y173.334
G01 X208.431 Y173.334
G01 X209.216 Y173.334
G01 X210.000 Y173.334
G01 X210.784 Y174.118
G01 X211.569 Y174.118
G01 X212.353 Y174.902
G01 X213.137 Y174.902
G01 X213.922 Y174.902
G01 X214.706 Y175.686
G01 X215.490 Y175.686
G01 X216.275 Y175.687
G01 X217.059 Y176.471
G01 X217.843 Y176.471
G01 X218.628 Y176.471
G01 X219.412 Y177.255
G01 X220.196 Y177.255
G01 X220.980 Y177.255
G01 X221.765 Y178.039
G01 X222.549 Y178.039
G01 X223.333 Y178.824
G01 X224.118 Y178.824
G01 X224.902 Y178.824
G01 X225.686 Y179.608
G01 X226.471 Y179.608
G01 X227.255 Y179.608
G01 X228.039 Y180.392
G01 X228.824 Y180.392
G01 X229.608 Y181.177
G01 X230.392 Y181.177
G01 X231.177 Y181.961
G01 X231.961 Y181.961
G01 X232.745 Y181.961
G01 X233.529 Y182.745
G01 X234.314 Y182.745
G01 X235.098 Y183.530
G01 X235.882 Y183.530
G01 X236.667 Y184.314
G01 X237.451 Y184.314
G01 X238.235 Y185.098
G01 X239.020 Y185.098
G01 X239.804 Y185.883
G01 X240.588 Y186.667
G01 X241.373 Y186.667
G01 X242.157 Y187.451
G01 X242.941 Y188.235
G01 X243.726 Y189.020
G01 X244.510 Y189.804
G01 X244.510 Y190.588
G01 X245.294 Y191.373
G01 X245.294 Y192.157
G01 X245.294 Y192.941
G01 X246.078 Y193.726
G01 X246.078 Y194.510
G01 X246.078 Y195.294
G01 X246.863 Y196.079
G01 X246.863 Y196.863
G01 X247.647 Y197.647
G01 X247.647 Y198.432
G01 X247.647 Y199.216
G01 X248.431 Y200.000
G01 X248.431 Y200.784
G01 X248.431 Y201.569
G01 X249.216 Y202.353
G01 X249.216 Y203.137
G01 X249.216 Y203.922
G01 X250.000 Y204.706
G01 X250.000 Y205.490
G01 X250.000 Y206.275
G01 X250.784 Y207.059
G01 X250.784 Y207.843
G01 X250.784 Y208.628
G01 X251.569 Y209.412
G01 X251.569 Y210.196
G01 X251.569 Y210.981
G01 X252.353 Y211.765
G01 X252.353 Y212.549
G01 X252.353 Y213.333
G01 X253.137 Y214.118
G01 X253.137 Y214.902
G01 X253.137 Y215.686
G01 X253.922 Y216.471
G01 X253.922 Y217.255
G01 X254.706 Y218.039
G01 X254.706 Y218.824
G01 X254.706 Y219.608
G01 X255.490 Y220.392
G01 X255.490 Y221.177
G01 X255.490 Y221.961
G01 X255.490 Y222.745
G01 X256.274 Y223.530
G01 X256.274 Y224.314
G01 X256.274 Y225.098
G01 X257.059 Y225.882
G01 X257.059 Y226.667
G01 X257.843 Y227.451
G01 X257.843 Y228.235
G01 X257.843 Y229.020
G01 X258.627 Y229.804
G01 X258.627 Y230.588
G01 X258.627 Y231.373
G01 X259.412 Y232.157
G01 X259.412 Y232.941
G01 X259.412 Y233.726
G01 X260.196 Y234.510
G01 X260.196 Y235.294
G01 X260.196 Y236.079
G01 X260.196 Y236.863
G01 X260.980 Y237.647
G01 X260.980 Y238.431
G01 X260.980 Y239.216
G01 X261.765 Y240.000
G01 X261.765 Y240.784
G01 X261.765 Y241.569
G01 X262.549 Y242.353
G01 X262.549 Y243.137
G01 X263.333 Y243.922
G01 X264.118 Y244.706
G01 X264.902 Y245.490
G01 X265.686 Y246.275
G01 X266.471 Y246.275
G01 X267.255 Y246.275
G01 X268.039 Y246.275
G01 X268.823 Y246.275
G01 X269.608 Y246.275
G01 X270.392 Y246.275
G01 X271.176 Y246.275
G01 X271.961 Y246.275
G01 X272.745 Y246.275
G01 X273.529 Y246.275
G01 X274.314 Y246.275
G01 X275.098 Y246.275
G01 X275.882 Y246.275
G01 X276.667 Y246.275
G01 X277.451 Y247.059
G01 X278.235 Y247.059
G01 X279.020 Y247.059
G01 X279.804 Y247.059
G01 X280.588 Y247.059
G01 X281.372 Y247.059
G01 X282.157 Y247.059
G01 X282.941 Y247.843
G01 X283.725 Y247.843
G01 X284.510 Y247.843
G01 X285.294 Y247.843
G01 X286.078 Y248.628
G01 X286.863 Y248.628
G01 X287.647 Y248.628
G01 X288.431 Y248.628
G01 X289.216 Y249.412
G01 X290.000 Y249.412
G01 X290.784 Y249.412
G01 X291.569 Y250.196
G01 X292.353 Y250.196
G01 X293.137 Y250.196
G01 X293.921 Y250.980
G01 X294.706 Y250.980
G01 X295.490 Y250.980
G01 X296.274 Y251.765
G01 X297.059 Y251.765
G01 X297.843 Y252.549
G01 X298.627 Y252.549
G01 X299.412 Y253.333
G01 X300.196 Y254.118
G01 X300.980 Y254.118
G01 X301.765 Y254.902
G01 X302.549 Y255.686
G01 X303.333 Y255.686
G01 X304.118 Y256.471
G01 X304.902 Y257.255
G01 X305.686 Y258.039
G01 X306.470 Y258.039
G01 X307.255 Y258.824
G01 X308.039 Y259.608
G01 X308.823 Y260.392
G01 X309.608 Y261.177
G01 X310.392 Y261.961
G01 X311.176 Y262.745
G01 X311.961 Y263.529
G01 X312.745 Y264.314
G01 X312.745 Y265.098
G01 X313.529 Y265.882
G01 X313.529 Y266.667
G01 X314.314 Y267.451
G01 X314.314 Y268.235
G01 X315.098 Y269.020
G01 X315.098 Y269.804
G01 X315.098 Y270.588
G01 X314.314 Y271.373
G01 X313.529 Y272.157
G01 X312.745 Y272.157
G01 X311.961 Y272.941
G01 X311.176 Y272.941
G01 X310.392 Y273.726
G01 X309.608 Y273.726
G01 X308.823 Y273.726
G01 X308.039 Y274.510
G01 X307.255 Y274.510
G01 X306.470 Y275.294
G01 X305.686 Y275.294
G01 X304.902 Y276.078
G01 X304.118 Y276.078
G01 X303.333 Y276.863
G01 X302.549 Y276.863
G01 X301.765 Y276.863
G01 X300.980 Y277.647
G01 X300.196 Y277.647
G01 X299.412 Y278.431
G01 X298.627 Y278.431
G01 X297.843 Y279.216
G01 X297.059 Y279.216
G01 X296.274 Y280.000
G01 X295.490 Y280.000
G01 X294.706 Y280.784
G01 X293.921 Y280.784
G01 X293.137 Y280.784
G01 X292.353 Y281.569
G01 X291.569 Y281.569
G01 X290.784 Y282.353
G01 X290.000 Y282.353
G01 X289.216 Y283.137
G01 X288.431 Y283.137
G01 X287.647 Y283.922
G01 X286.863 Y283.922
G01 X286.078 Y284.706
G01 X285.294 Y284.706
G01 X284.510 Y284.706
G01 X283.725 Y285.490
G01 X282.941 Y285.490
G01 X282.157 Y286.274
G01 X281.372 Y286.274
G01 X280.588 Y287.059
G01 X279.804 Y287.059
G01 X279.020 Y287.843
G01 X278.235 Y287.843
G01 X277.451 Y288.627
G01 X276.667 Y288.627
G01 X275.882 Y289.412
G01 X275.098 Y289.412
G01 X274.314 Y290.196
G01 X273.529 Y290.196
G01 X272.745 Y290.196
G01 X271.961 Y290.980
G01 X271.176 Y290.980
G01 X270.392 Y291.765
G01 X269.608 Y291.765
G01 X268.823 Y292.549
G01 X268.039 Y292.549
G01 X267.271 Y293.318
G01 X267.255 Y293.333
G01 X266.471 Y293.333
G01 X265.735 Y294.071
G01 X265.686 Y294.118
G01 X264.902 Y294.118
G01 X264.191 Y294.832
G01 X264.118 Y294.902
G01 X263.333 Y294.902
G01 X262.638 Y295.602
G01 X262.549 Y295.686
G01 X261.765 Y295.686
G01 X261.074 Y296.382
G01 X260.980 Y296.471
G01 X260.196 Y296.471
G01 X259.498 Y297.173
G01 X259.412 Y297.255
G01 X258.627 Y297.255
G01 X257.910 Y297.976
G01 X257.843 Y298.039
G01 X257.059 Y298.039
G01 X256.309 Y298.791
G01 X256.274 Y298.823
G01 X255.490 Y298.823
G01 X254.706 Y299.608
G01 X253.922 Y299.608
G01 X253.137 Y300.392
G01 X252.353 Y300.392
G01 X251.569 Y301.176
G01 X250.784 Y301.176
G01 X250.000 Y301.961
G01 X249.216 Y301.961
G01 X248.431 Y302.745
G01 X247.647 Y302.745
G01 X246.863 Y303.529
G01 X246.078 Y304.314
G01 X245.294 Y304.314
G01 X244.510 Y305.098
G01 X243.726 Y305.098
G01 X242.941 Y305.882
G01 X242.157 Y305.882
G01 X241.373 Y306.667
G01 X240.588 Y306.667
G01 X239.804 Y307.451
G01 X239.020 Y307.451
G01 X238.235 Y308.235
G01 X237.451 Y308.235
G01 X236.667 Y309.020
G01 X235.882 Y309.804
G01 X235.098 Y309.804
G01 X234.314 Y310.588
G01 X233.529 Y310.588
G01 X232.745 Y311.372
G01 X231.961 Y312.157
G01 X231.177 Y312.157
G01 X230.392 Y312.941
G01 X229.608 Y312.941
G01 X228.824 Y313.725
G01 X228.039 Y314.510
G01 X227.255 Y314.510
G01 X226.471 Y315.294
G01 X225.686 Y315.294
G01 X224.902 Y316.078
G01 X224.118 Y316.863
G01 X223.333 Y316.863
G01 X222.549 Y317.647
G01 X221.765 Y317.647
G01 X220.980 Y318.431
G01 X220.196 Y319.216
G01 X219.412 Y319.216
G01 X218.628 Y320.000
G01 X217.843 Y320.784
G01 X217.059 Y320.784
G01 X216.275 Y321.569
G01 X215.490 Y322.353
G01 X214.706 Y322.353
G01 X213.922 Y323.137
G01 X213.137 Y323.921
G01 X212.353 Y323.921
G01 X211.569 Y324.706
G01 X210.784 Y325.490
G01 X210.000 Y325.490
G01 X209.216 Y326.274
G01 X208.431 Y327.059
G01 X207.647 Y327.843
G01 X206.863 Y328.627
G01 X206.079 Y329.412
G01 X205.294 Y330.196
G01 X204.510 Y330.980
G01 X203.726 Y331.765
G01 X202.941 Y332.549
G01 X202.157 Y333.333
G01 X201.373 Y334.118
G01 X200.588 Y334.902
G01 X199.804 Y335.686
G01 X199.804 Y336.470
G01 X199.020 Y337.255
G01 X198.235 Y338.039
G01 X197.451 Y338.823
G01 X196.667 Y338.823
G01 X195.882 Y339.608
G01 X195.098 Y339.608
G01 X194.314 Y339.608
G01 X193.530 Y340.392
G01 X192.745 Y340.392
G01 X191.961 Y340.392
G01 X191.177 Y341.176
G01 X190.392 Y341.176
G01 X189.608 Y341.176
G01 X188.824 Y341.961
G01 X188.039 Y341.961
G01 X187.255 Y341.961
G01 X186.471 Y341.961
G01 X185.686 Y341.961
G01 X184.902 Y341.961
G01 X184.902 Y341.176
G01 X184.902 Y340.392
G01 X184.902 Y339.608
G01 X185.686 Y338.823
G01 X185.686 Y338.039
G01 X185.686 Y337.255
G01 X185.686 Y336.470
G01 X185.686 Y335.686
G01 X184.902 Y334.902
G01 X184.118 Y334.118
G01 X183.333 Y333.333
G01 X182.549 Y332.549
G01 X181.765 Y331.765
G01 X180.981 Y330.980
G01 X180.196 Y330.196
G01 X180.196 Y329.412
G01 X180.196 Y328.627
G01 X180.196 Y327.843
G01 X180.196 Y327.059
G01 X179.412 Y326.274
G01 X178.628 Y327.059
G01 X177.843 Y327.059
G01 X177.059 Y327.843
G01 X176.275 Y327.843
G01 X175.490 Y328.627
G01 X174.706 Y328.627
G01 X173.922 Y328.627
G01 X173.137 Y329.412
G01 X172.353 Y329.412
G01 X171.569 Y329.412
G01 X170.784 Y330.196
G01 X170.000 Y330.196
G01 X169.216 Y330.196
G01 X168.432 Y330.196
G01 X167.647 Y330.196
G01 X166.863 Y330.980
G01 X166.079 Y330.980
G01 X165.294 Y330.980
G01 X164.510 Y330.980
G01 X163.726 Y330.980
G01 X162.941 Y330.980
G01 X162.157 Y330.980
G01 X161.373 Y330.980
G01 X160.588 Y330.196
G01 X159.804 Y330.196
G01 X159.020 Y330.196
G01 X158.235 Y330.196
G01 X157.451 Y330.196
G01 X156.667 Y330.196
G01 X155.883 Y329.412
G01 X155.098 Y329.412
G01 X154.314 Y329.412
G01 X153.530 Y328.627
G01 X152.745 Y328.627
G01 X151.961 Y328.627
G01 X151.177 Y327.843
G01 X150.392 Y327.843
G01 X149.608 Y327.843
G01 X148.824 Y327.059
G01 X148.039 Y327.059
G01 X147.255 Y326.274
G01 X146.471 Y325.490
G01 X145.686 Y325.490
G01 X144.902 Y324.706
G01 X144.118 Y323.921
G01 X143.334 Y323.137
G01 X142.549 Y322.353
G01 X141.765 Y321.569
G01 X140.981 Y320.784
G01 X140.196 Y320.000
G01 X139.412 Y319.216
G01 X139.412 Y318.431
G01 X138.628 Y317.647
G01 X138.628 Y316.863
G01 X137.843 Y316.078
G01 X137.843 Y315.294
G01 X137.843 Y314.510
G01 X137.843 Y313.725
G01 X137.843 Y312.941
G01 X137.843 Y312.157
G01 X137.843 Y311.372
G01 X138.628 Y310.588
G01 X139.412 Y310.588
G01 X140.196 Y309.804
G01 X140.981 Y309.804
G01 X141.765 Y310.588
G01 X142.549 Y310.588
G01 X143.334 Y310.588
G01 X144.118 Y310.588
G01 X144.902 Y310.588
G01 X145.686 Y310.588
G01 X146.471 Y311.372
G01 X147.255 Y312.157
G01 X148.039 Y312.157
G01 X148.824 Y312.157
G01 X149.608 Y312.941
G01 X150.392 Y312.941
G01 X151.177 Y312.941
G01 X151.961 Y312.941
G01 X152.745 Y313.725
G01 X153.530 Y313.725
G01 X154.314 Y313.725
G01 X155.098 Y313.725
G01 X155.883 Y313.725
G01 X156.667 Y314.510
G01 X157.451 Y314.510
G01 X158.235 Y314.510
G01 X159.020 Y314.510
G01 X159.804 Y314.510
G01 X160.588 Y314.510
G01 X161.373 Y315.294
G01 X162.157 Y315.294
G01 X162.941 Y315.294
G01 X163.726 Y315.294
G01 X164.510 Y315.294
G01 X165.294 Y315.294
G01 X166.079 Y315.294
G01 X166.863 Y315.294
G01 X167.647 Y315.294
G01 X168.432 Y315.294
G01 X169.216 Y315.294
G01 X170.000 Y316.078
G01 X170.784 Y316.078
G01 X171.569 Y316.078
G01 X172.353 Y316.078
G01 X173.137 Y316.078
G01 X173.922 Y316.078
G01 X174.706 Y316.078
G01 X175.490 Y316.078
G01 X176.275 Y316.078
G01 X177.059 Y316.078
G01 X177.059 Y316.863
G01 X177.059 Y317.647
G01 X176.275 Y318.431
G01 X177.059 Y317.647
G01 X177.059 Y316.863
G01 X177.059 Y316.078
G01 X177.059 Y315.294
G01 X177.059 Y314.510
G01 X177.059 Y315.294
G01 X177.059 Y316.078
G01 X176.275 Y316.078
G01 X175.490 Y316.078
G01 X174.706 Y316.078
G01 X173.922 Y316.078
G01 X173.137 Y316.078
G01 X172.353 Y316.078
G01 X171.569 Y316.078
G01 X170.784 Y316.078
G01 X170.000 Y316.078
G01 X169.216 Y315.294
G01 X168.432 Y315.294
G01 X167.647 Y315.294
G01 X166.863 Y315.294
G01 X166.079 Y315.294
G01 X165.294 Y315.294
G01 X164.510 Y315.294
G01 X163.726 Y315.294
G01 X162.941 Y315.294
G01 X162.157 Y315.294
G01 X161.373 Y315.294
G01 X160.588 Y314.510
G01 X159.804 Y314.510
G01 X159.020 Y314.510
G01 X158.235 Y314.510
G01 X157.451 Y314.510
G01 X156.667 Y314.510
G01 X155.883 Y313.725
G01 X155.098 Y313.725
G01 X154.314 Y313.725
G01 X153.530 Y313.725
G01 X152.745 Y313.725
G01 X151.961 Y312.941
G01 X151.177 Y312.941
G01 X150.392 Y312.941
G01 X149.608 Y312.941
G01 X148.824 Y312.157
G01 X148.039 Y312.157
G01 X147.255 Y312.157
G01 X146.471 Y311.372
G01 X145.686 Y310.588
G01 X145.687 Y309.804
G01 X145.686 Y309.020
G01 X145.686 Y308.235
G01 X146.471 Y308.235
G01 X147.255 Y308.235
G01 X148.039 Y308.235
G01 X148.824 Y307.451
G01 X149.608 Y306.667
G01 X150.392 Y306.667
G01 X151.177 Y305.882
G01 X151.961 Y305.098
G01 X152.745 Y304.314
G01 X153.530 Y303.529
G01 X154.314 Y303.529
G01 X155.098 Y303.529
G01 X155.883 Y303.529
G01 X156.667 Y303.529
G01 X157.451 Y303.529
G01 X158.235 Y303.529
G01 X159.020 Y303.529
G01 X159.020 Y304.314
G01 X159.020 Y305.098
G01 X159.020 Y305.882
G01 X159.804 Y306.667
G01 X160.588 Y307.451
G01 X161.373 Y308.235
G01 X162.157 Y309.020
G01 X162.941 Y309.804
G01 X163.726 Y310.588
G01 X164.510 Y311.372
G01 X165.294 Y311.372
G01 X166.079 Y311.372
G01 X166.863 Y312.157
G01 X167.647 Y312.157
G01 X168.432 Y312.157
G01 X169.216 Y312.157
G01 X170.000 Y312.157
G01 X170.784 Y312.941
G01 X171.569 Y312.941
G01 X172.353 Y312.941
G01 X173.137 Y312.941
G01 X173.922 Y312.941
G01 X174.706 Y312.157
G01 X173.922 Y312.941
G01 X173.137 Y312.941
G01 X172.353 Y312.941
G01 X171.569 Y312.941
G01 X170.784 Y312.941
G01 X170.000 Y312.157
G01 X169.216 Y312.157
G01 X168.432 Y312.157
G01 X167.647 Y312.157
G01 X166.863 Y312.157
G01 X166.079 Y311.372
G01 X165.294 Y311.372
G01 X164.510 Y311.372
G01 X163.726 Y310.588
G01 X162.941 Y309.804
G01 X162.157 Y309.020
G01 X161.373 Y308.235
G01 X160.588 Y307.451
G01 X159.804 Y306.667
G01 X159.020 Y305.882
G01 X159.020 Y305.098
G01 X159.020 Y304.314
G01 X159.020 Y303.529
G01 X159.804 Y303.529
G01 X160.588 Y303.529
G01 X161.373 Y303.529
G01 X162.157 Y304.314
G01 X162.941 Y304.314
G01 X163.726 Y304.314
G01 X164.510 Y304.314
G01 X165.294 Y305.098
G01 X166.079 Y305.098
G01 X166.863 Y305.882
G01 X167.647 Y305.882
G01 X168.432 Y305.882
G01 X169.216 Y306.667
G01 X170.000 Y306.667
G01 X170.784 Y307.451
G01 X171.569 Y308.235
G01 X172.353 Y309.020
G01 X173.137 Y309.804
G01 X173.922 Y310.588
G01 X174.706 Y311.372
G01 X174.706 Y312.157
G01 X174.706 Y311.372
G01 X173.922 Y310.588
G01 X173.137 Y309.804
G01 X172.353 Y309.020
G01 X171.569 Y308.235
G01 X170.784 Y307.451
G01 X170.000 Y306.667
G01 X169.216 Y306.667
G01 X168.432 Y305.882
G01 X167.647 Y305.882
G01 X166.863 Y305.882
G01 X166.079 Y305.098
G01 X165.294 Y305.098
G01 X164.510 Y304.314
G01 X163.726 Y304.314
G01 X162.941 Y304.314
G01 X162.157 Y304.314
G01 X161.373 Y303.529
G01 X160.588 Y303.529
G01 X159.804 Y303.529
G01 X159.020 Y303.529
G01 X158.235 Y303.529
G01 X157.451 Y303.529
G01 X156.667 Y303.529
G01 X155.883 Y303.529
G01 X155.098 Y303.529
G01 X154.314 Y303.529
G01 X153.530 Y303.529
G01 X153.530 Y302.745
G01 X152.745 Y302.745
G01 X151.961 Y302.745
G01 X151.177 Y301.961
G01 X150.392 Y301.961
G01 X149.608 Y301.961
G01 X148.824 Y301.961
G01 X148.039 Y301.961
G01 X147.255 Y301.961
G01 X146.471 Y301.961
G01 X145.687 Y301.961
G01 X144.902 Y302.745
G01 X144.118 Y303.529
G01 X144.118 Y304.314
G01 X144.118 Y305.098
G01 X144.118 Y305.882
G01 X144.902 Y306.667
G01 X144.902 Y307.451
G01 X145.686 Y308.235
G01 X144.902 Y307.451
G01 X144.902 Y306.667
G01 X144.118 Y305.882
G01 X144.118 Y305.098
G01 X144.118 Y304.314
G01 X144.118 Y303.529
G01 X144.902 Y302.745
G01 X145.687 Y301.961
G01 X146.471 Y301.961
G01 X147.255 Y301.961
G01 X148.039 Y301.961
G01 X148.824 Y301.961
G01 X149.608 Y301.961
G01 X150.392 Y301.961
G01 X151.177 Y301.961
G01 X151.961 Y302.745
G01 X152.745 Y302.745
G01 X153.530 Y302.745
G01 X153.530 Y303.529
G01 X152.745 Y304.314
G01 X151.961 Y305.098
G01 X151.177 Y305.882
G01 X150.392 Y306.667
G01 X149.608 Y306.667
G01 X148.824 Y307.451
G01 X148.039 Y308.235
G01 X147.255 Y308.235
G01 X146.471 Y308.235
G01 X145.686 Y308.235
G01 X145.686 Y309.020
G01 X145.687 Y309.804
G01 X145.686 Y310.588
G01 X144.902 Y310.588
G01 X144.118 Y310.588
G01 X143.334 Y310.588
G01 X142.549 Y310.588
G01 X141.765 Y310.588
G01 X140.981 Y309.804
G01 X140.196 Y309.804
G01 X139.412 Y310.588
G01 X138.628 Y310.588
G01 X137.843 Y311.372
G01 X137.843 Y312.157
G01 X137.843 Y312.941
G01 X137.843 Y313.725
G01 X137.843 Y314.510
G01 X137.843 Y315.294
G01 X137.843 Y316.078
G01 X138.628 Y316.863
G01 X138.628 Y317.647
G01 X139.412 Y318.431
G01 X139.412 Y319.216
G01 X140.196 Y320.000
G01 X140.981 Y320.784
G01 X141.765 Y321.569
G01 X142.549 Y322.353
G01 X143.334 Y323.137
G01 X144.118 Y323.921
G01 X144.902 Y324.706
G01 X145.686 Y325.490
G01 X146.471 Y325.490
G01 X147.255 Y326.274
G01 X148.039 Y327.059
G01 X148.824 Y327.059
G01 X149.608 Y327.843
G01 X150.392 Y327.843
G01 X151.177 Y327.843
G01 X151.961 Y328.627
G01 X152.745 Y328.627
G01 X153.530 Y328.627
G01 X154.314 Y329.412
G01 X155.098 Y329.412
G01 X155.883 Y329.412
G01 X156.667 Y330.196
G01 X157.451 Y330.196
G01 X158.235 Y330.196
G01 X159.020 Y330.196
G01 X159.804 Y330.196
G01 X160.588 Y330.196
G01 X161.373 Y330.980
G01 X162.157 Y330.980
G01 X162.941 Y330.980
G01 X163.726 Y330.980
G01 X164.510 Y330.980
G01 X165.294 Y330.980
G01 X166.079 Y330.980
G01 X166.863 Y330.980
G01 X167.647 Y330.196
G01 X168.432 Y330.196
G01 X169.216 Y330.196
G01 X170.000 Y330.196
G01 X170.784 Y330.196
G01 X171.569 Y329.412
G01 X172.353 Y329.412
G01 X173.137 Y329.412
G01 X173.922 Y328.627
G01 X174.706 Y328.627
G01 X175.490 Y328.627
G01 X176.275 Y327.843
G01 X177.059 Y327.843
G01 X177.843 Y327.059
G01 X178.628 Y327.059
G01 X179.412 Y326.274
G01 X180.196 Y327.059
G01 X179.412 Y327.059
G01 X180.196 Y327.059
G01 X180.196 Y327.843
G01 X180.196 Y328.627
G01 X180.196 Y329.412
G01 X180.196 Y330.196
G01 X180.981 Y330.980
G01 X181.765 Y331.765
G01 X182.549 Y332.549
G01 X183.333 Y333.333
G01 X184.118 Y334.118
G01 X184.902 Y334.902
G01 X185.686 Y335.686
G01 X185.686 Y336.470
G01 X185.686 Y337.255
G01 X185.686 Y338.039
G01 X185.686 Y338.823
G01 X184.902 Y339.608
G01 X184.902 Y340.392
G01 X184.902 Y341.176
G01 X184.902 Y341.961
G01 X184.118 Y342.745
G01 X183.333 Y342.745
G01 X182.549 Y342.745
G01 X181.765 Y343.529
G01 X180.981 Y343.529
G01 X180.196 Y343.529
G01 X179.412 Y343.529
G01 X179.412 Y344.314
G01 X178.628 Y345.098
G01 X177.843 Y345.882
G01 X177.059 Y346.667
G01 X176.275 Y347.451
G01 X175.490 Y348.235
G01 X174.706 Y348.235
G01 X173.922 Y348.235
G01 X173.137 Y349.019
G01 X172.353 Y349.019
G01 X171.569 Y349.019
G01 X170.784 Y349.019
G01 X170.000 Y349.019
G01 X169.216 Y349.804
G01 X168.432 Y349.804
G01 X167.647 Y349.804
G01 X166.863 Y349.804
G01 X166.079 Y349.804
G01 X165.294 Y349.804
G01 X164.510 Y349.804
G01 X163.726 Y349.804
G01 X162.941 Y349.804
G01 X162.157 Y349.804
G01 X161.373 Y349.804
G01 X160.588 Y349.804
G01 X159.804 Y349.804
G01 X159.020 Y349.804
G01 X158.235 Y349.804
G01 X157.451 Y349.804
G01 X156.667 Y349.804
G01 X155.883 Y349.804
G01 X155.098 Y349.019
G01 X154.314 Y349.019
G01 X153.530 Y349.019
G01 X152.745 Y349.019
G01 X151.961 Y349.019
G01 X151.177 Y349.019
G01 X150.392 Y349.019
G01 X149.608 Y348.235
G01 X148.824 Y348.235
G01 X148.039 Y348.235
G01 X147.255 Y348.235
G01 X146.471 Y347.451
G01 X145.686 Y347.451
G01 X144.902 Y347.451
G01 X144.118 Y347.451
G01 X143.334 Y346.667
G01 X142.549 Y346.667
G01 X141.765 Y346.667
G01 X140.981 Y346.667
G01 X140.196 Y345.882
G01 X139.412 Y345.882
G01 X138.628 Y345.882
G01 X137.843 Y345.098
G01 X137.059 Y345.098
G01 X136.275 Y345.098
G01 X135.490 Y344.314
G01 X134.706 Y344.314
G01 X133.922 Y344.314
G01 X133.138 Y343.529
G01 X132.353 Y343.529
G01 X131.569 Y343.529
G01 X130.785 Y342.745
G01 X130.000 Y342.745
G01 X129.216 Y342.745
G01 X128.432 Y341.961
G01 X127.647 Y341.961
G01 X126.863 Y341.176
G01 X126.079 Y340.392
G01 X126.079 Y339.608
G01 X126.079 Y338.823
G01 X126.863 Y338.039
G01 X126.863 Y337.255
G01 X127.647 Y336.470
G01 X127.647 Y335.686
G01 X128.432 Y334.902
G01 X128.432 Y334.118
G01 X129.216 Y333.333
G01 X130.000 Y332.549
G01 X130.000 Y331.765
G01 X130.000 Y330.980
G01 X130.785 Y330.196
G01 X130.785 Y329.412
G01 X131.569 Y328.627
G01 X132.353 Y327.843
G01 X131.569 Y328.627
G01 X130.785 Y329.412
G01 X130.785 Y330.196
G01 X130.000 Y330.980
G01 X130.000 Y331.765
G01 X130.000 Y332.549
G01 X129.216 Y333.333
G01 X128.432 Y334.118
G01 X128.432 Y334.902
G01 X127.647 Y335.686
G01 X127.647 Y336.470
G01 X126.863 Y337.255
G01 X126.863 Y338.039
G01 X126.079 Y338.823
G01 X126.079 Y339.608
G01 X126.079 Y340.392
G01 X126.863 Y341.176
G01 X127.647 Y341.961
G01 X128.432 Y341.961
G01 X129.216 Y342.745
G01 X130.000 Y342.745
G01 X130.785 Y342.745
G01 X131.569 Y343.529
G01 X132.353 Y343.529
G01 X133.138 Y343.529
G01 X133.922 Y344.314
G01 X134.706 Y344.314
G01 X135.490 Y344.314
G01 X136.275 Y345.098
G01 X137.059 Y345.098
G01 X137.843 Y345.098
G01 X138.628 Y345.882
G01 X139.412 Y345.882
G01 X140.196 Y345.882
G01 X140.981 Y346.667
G01 X141.765 Y346.667
G01 X142.549 Y346.667
G01 X143.334 Y346.667
G01 X144.118 Y347.451
G01 X144.902 Y347.451
G01 X145.686 Y347.451
G01 X146.471 Y347.451
G01 X147.255 Y348.235
G01 X148.039 Y348.235
G01 X148.824 Y348.235
G01 X149.608 Y348.235
G01 X150.392 Y349.019
G01 X151.177 Y349.019
G01 X151.961 Y349.019
G01 X152.745 Y349.019
G01 X153.530 Y349.019
G01 X154.314 Y349.019
G01 X155.098 Y349.019
G01 X155.883 Y349.804
G01 X156.667 Y349.804
G01 X157.451 Y349.804
G01 X158.235 Y349.804
G01 X159.020 Y349.804
G01 X159.804 Y349.804
G01 X160.588 Y349.804
G01 X161.373 Y349.804
G01 X162.157 Y349.804
G01 X162.941 Y349.804
G01 X163.726 Y349.804
G01 X164.510 Y349.804
G01 X165.294 Y349.804
G01 X166.079 Y349.804
G01 X166.863 Y349.804
G01 X167.647 Y349.804
G01 X168.432 Y349.804
G01 X169.216 Y349.804
G01 X170.000 Y349.019
G01 X170.784 Y349.019
G01 X171.569 Y349.019
G01 X172.353 Y349.019
G01 X173.137 Y349.019
G01 X173.922 Y348.235
G01 X174.706 Y348.235
G01 X175.490 Y348.235
G01 X176.275 Y347.451
G01 X177.059 Y346.667
G01 X177.843 Y345.882
G01 X178.628 Y345.098
G01 X179.412 Y344.314
G01 X179.412 Y343.529
G01 X178.628 Y343.529
G01 X177.843 Y343.529
G01 X177.059 Y343.529
G01 X176.275 Y343.529
G01 X175.490 Y343.529
G01 X174.706 Y343.529
G01 X173.922 Y343.529
G01 X173.137 Y343.529
G01 X172.353 Y343.529
G01 X171.569 Y343.529
G01 X170.784 Y343.529
G01 X170.000 Y343.529
G01 X169.216 Y343.529
G01 X168.432 Y343.529
G01 X167.647 Y343.529
G01 X166.863 Y343.529
G01 X166.079 Y343.529
G01 X165.294 Y343.529
G01 X164.510 Y343.529
G01 X163.726 Y343.529
G01 X162.941 Y343.529
G01 X162.157 Y342.745
G01 X161.373 Y342.745
G01 X160.588 Y342.745
G01 X159.804 Y342.745
G01 X159.020 Y342.745
G01 X158.235 Y341.961
G01 X157.451 Y341.961
G01 X156.667 Y341.961
G01 X155.883 Y341.961
G01 X155.098 Y341.176
G01 X154.314 Y341.176
G01 X153.530 Y341.176
G01 X152.745 Y340.392
G01 X151.961 Y340.392
G01 X151.177 Y339.608
G01 X150.392 Y339.608
G01 X149.608 Y339.608
G01 X148.824 Y338.823
G01 X148.039 Y338.823
G01 X147.255 Y338.039
G01 X146.471 Y338.039
G01 X145.686 Y337.255
G01 X144.902 Y337.255
G01 X144.118 Y336.470
G01 X143.334 Y335.686
G01 X142.549 Y335.686
G01 X141.765 Y334.902
G01 X140.981 Y334.118
G01 X140.196 Y334.118
G01 X139.412 Y333.333
G01 X138.628 Y332.549
G01 X137.843 Y331.765
G01 X137.059 Y331.765
G01 X136.275 Y330.980
G01 X135.490 Y330.196
G01 X134.706 Y329.412
G01 X133.922 Y328.627
G01 X133.138 Y327.843
G01 X132.353 Y327.843
G01 X132.353 Y327.059
G01 X132.353 Y327.843
G01 X133.138 Y327.843
G01 X133.922 Y328.627
G01 X134.706 Y329.412
G01 X135.490 Y330.196
G01 X136.275 Y330.980
G01 X137.059 Y331.765
G01 X137.843 Y331.765
G01 X138.628 Y332.549
G01 X139.412 Y333.333
G01 X140.196 Y334.118
G01 X140.981 Y334.118
G01 X141.765 Y334.902
G01 X142.549 Y335.686
G01 X143.334 Y335.686
G01 X144.118 Y336.470
G01 X144.902 Y337.255
G01 X145.686 Y337.255
G01 X146.471 Y338.039
G01 X147.255 Y338.039
G01 X148.039 Y338.823
G01 X148.824 Y338.823
G01 X149.608 Y339.608
G01 X150.392 Y339.608
G01 X151.177 Y339.608
G01 X151.961 Y340.392
G01 X152.745 Y340.392
G01 X153.530 Y341.176
G01 X154.314 Y341.176
G01 X155.098 Y341.176
G01 X155.883 Y341.961
G01 X156.667 Y341.961
G01 X157.451 Y341.961
G01 X158.235 Y341.961
G01 X159.020 Y342.745
G01 X159.804 Y342.745
G01 X160.588 Y342.745
G01 X161.373 Y342.745
G01 X162.157 Y342.745
G01 X162.941 Y343.529
G01 X163.726 Y343.529
G01 X164.510 Y343.529
G01 X165.294 Y343.529
G01 X166.079 Y343.529
G01 X166.863 Y343.529
G01 X167.647 Y343.529
G01 X168.432 Y343.529
G01 X169.216 Y343.529
G01 X170.000 Y343.529
G01 X170.784 Y343.529
G01 X171.569 Y343.529
G01 X172.353 Y343.529
G01 X173.137 Y343.529
G01 X173.922 Y343.529
G01 X174.706 Y343.529
G01 X175.490 Y343.529
G01 X176.275 Y343.529
G01 X177.059 Y343.529
G01 X177.843 Y343.529
G01 X178.628 Y343.529
G01 X179.412 Y343.529
G01 X180.196 Y343.529
G01 X180.981 Y343.529
G01 X181.765 Y343.529
G01 X182.549 Y342.745
G01 X183.333 Y342.745
G01 X184.118 Y342.745
G01 X184.902 Y341.961
G01 X185.686 Y341.961
G01 X186.471 Y341.961
G01 X187.255 Y341.961
G01 X188.039 Y341.961
G01 X188.824 Y341.961
G01 X189.608 Y341.176
G01 X190.392 Y341.176
G01 X191.177 Y341.176
G01 X191.961 Y340.392
G01 X192.745 Y340.392
G01 X193.530 Y340.392
G01 X194.314 Y339.608
G01 X195.098 Y339.608
G01 X195.882 Y339.608
G01 X196.667 Y338.823
G01 X197.451 Y338.823
G01 X198.235 Y338.039
G01 X199.020 Y337.255
G01 X199.804 Y336.470
G01 X199.804 Y335.686
G01 X200.588 Y334.902
G01 X201.373 Y334.118
G01 X202.157 Y333.333
G01 X202.941 Y332.549
G01 X203.726 Y331.765
G01 X204.510 Y330.980
G01 X205.294 Y330.196
G01 X206.079 Y329.412
G01 X206.863 Y328.627
G01 X207.647 Y327.843
G01 X208.431 Y327.059
G01 X209.216 Y326.274
G01 X210.000 Y325.490
G01 X210.784 Y325.490
G01 X211.569 Y324.706
G01 X212.353 Y323.921
G01 X213.137 Y323.921
G01 X213.922 Y323.137
G01 X214.706 Y322.353
G01 X215.490 Y322.353
G01 X216.275 Y321.569
G01 X217.059 Y320.784
G01 X217.843 Y320.784
G01 X218.628 Y320.000
G01 X219.412 Y319.216
G01 X220.196 Y319.216
G01 X220.980 Y318.431
G01 X221.765 Y317.647
G01 X222.549 Y317.647
G01 X223.333 Y316.863
G01 X224.118 Y316.863
G01 X224.902 Y316.078
G01 X225.686 Y315.294
G01 X226.471 Y315.294
G01 X227.255 Y314.510
G01 X228.039 Y314.510
G01 X228.824 Y313.725
G01 X229.608 Y312.941
G01 X230.392 Y312.941
G01 X231.177 Y312.157
G01 X231.961 Y312.157
G01 X232.745 Y311.372
G01 X233.529 Y310.588
G01 X234.314 Y310.588
G01 X235.098 Y309.804
G01 X235.882 Y309.804
G01 X236.667 Y309.020
G01 X237.451 Y308.235
G01 X238.235 Y308.235
G01 X239.020 Y307.451
G01 X239.804 Y307.451
G01 X240.588 Y306.667
G01 X241.373 Y306.667
G01 X242.157 Y305.882
G01 X242.941 Y305.882
G01 X243.726 Y305.098
G01 X244.510 Y305.098
G01 X245.294 Y304.314
G01 X246.078 Y304.314
G01 X246.863 Y303.529
G01 X247.647 Y302.745
G01 X248.431 Y302.745
G01 X249.216 Y301.961
G01 X250.000 Y301.961
G01 X250.784 Y301.176
G01 X251.569 Y301.176
G01 X252.353 Y300.392
G01 X253.137 Y300.392
G01 X253.922 Y299.608
G01 X254.706 Y299.608
G01 X255.490 Y298.823
G01 X256.274 Y298.823
G01 X257.027 Y298.073
G01 X257.059 Y298.039
G01 X257.843 Y298.039
G01 X258.565 Y297.321
G01 X258.627 Y297.255
G01 X259.412 Y297.255
G01 X260.115 Y296.556
G01 X260.196 Y296.471
G01 X260.980 Y296.471
G01 X261.677 Y295.779
G01 X261.765 Y295.686
G01 X262.549 Y295.686
G01 X263.249 Y294.990
G01 X263.333 Y294.902
G01 X264.118 Y294.902
G01 X264.832 Y294.191
G01 X264.902 Y294.118
G01 X265.686 Y294.118
G01 X266.424 Y293.383
G01 X266.471 Y293.333
G01 X267.255 Y293.333
G01 X268.024 Y292.565
G01 X268.039 Y292.549
G01 X268.823 Y292.549
G01 X269.608 Y291.765
G01 X270.392 Y291.765
G01 X271.176 Y290.980
G01 X271.961 Y290.980
G01 X272.745 Y290.196
G01 X273.529 Y290.196
G01 X274.314 Y290.196
G01 X275.098 Y289.412
G01 X275.882 Y289.412
G01 X276.667 Y288.627
G01 X277.451 Y288.627
G01 X278.235 Y287.843
G01 X279.020 Y287.843
G01 X279.804 Y287.059
G01 X280.588 Y287.059
G01 X281.372 Y286.274
G01 X282.157 Y286.274
G01 X282.941 Y285.490
G01 X283.725 Y285.490
G01 X284.510 Y284.706
G01 X285.294 Y284.706
G01 X286.078 Y284.706
G01 X286.863 Y283.922
G01 X287.647 Y283.922
G01 X288.431 Y283.137
G01 X289.216 Y283.137
G01 X290.000 Y282.353
G01 X290.784 Y282.353
G01 X291.569 Y281.569
G01 X292.353 Y281.569
G01 X293.137 Y280.784
G01 X293.921 Y280.784
G01 X294.706 Y280.784
G01 X295.490 Y280.000
G01 X296.274 Y280.000
G01 X297.059 Y279.216
G01 X297.843 Y279.216
G01 X298.627 Y278.431
G01 X299.412 Y278.431
G01 X300.196 Y277.647
G01 X300.980 Y277.647
G01 X301.765 Y276.863
G01 X302.549 Y276.863
G01 X303.333 Y276.863
G01 X304.118 Y276.078
G01 X304.902 Y276.078
G01 X305.686 Y275.294
G01 X306.470 Y275.294
G01 X307.255 Y274.510
G01 X308.039 Y274.510
G01 X308.823 Y273.726
G01 X309.608 Y273.726
G01 X310.392 Y273.726
G01 X311.176 Y272.941
G01 X311.961 Y272.941
G01 X312.745 Y272.157
G01 X313.529 Y272.157
G01 X314.314 Y271.373
G01 X315.098 Y270.588
G01 X315.882 Y270.588
G01 X316.667 Y270.588
G01 X317.451 Y269.804
G01 X318.235 Y269.804
G01 X319.019 Y269.804
G01 X319.804 Y269.020
G01 X320.588 Y269.020
G01 X321.372 Y268.235
G01 X322.157 Y268.235
G01 X322.941 Y267.451
G01 X323.725 Y267.451
G01 X324.510 Y267.451
G01 X325.294 Y266.667
G01 X326.078 Y266.667
G01 X326.863 Y265.882
G01 X327.647 Y265.882
G01 X328.431 Y265.098
G01 X329.216 Y265.098
G01 X330.000 Y265.098
G01 X330.784 Y264.314
G01 X331.568 Y264.314
G01 X332.353 Y263.529
G01 X333.137 Y263.529
G01 X333.921 Y262.745
G01 X334.706 Y262.745
G01 X335.490 Y262.745
G01 X336.274 Y261.961
G01 X337.059 Y261.961
G01 X337.843 Y261.177
G01 X338.627 Y261.177
G01 X339.412 Y261.177
G01 X340.196 Y260.392
G01 X340.980 Y260.392
G01 X341.765 Y259.608
G01 X342.549 Y259.608
G01 X343.333 Y259.608
G01 X344.117 Y258.824
G01 X344.902 Y258.824
G01 X345.686 Y258.039
G01 X346.470 Y258.039
G01 X347.255 Y258.039
G01 X348.039 Y257.255
G01 X348.823 Y257.255
G01 X349.608 Y256.471
G01 X350.392 Y256.471
G01 X351.176 Y256.471
G01 X351.961 Y255.686
G01 X352.745 Y255.686
G01 X353.529 Y255.686
G01 X354.314 Y254.902
G01 X355.098 Y254.902
G01 X355.882 Y254.902
G01 X356.666 Y254.118
G01 X357.451 Y254.118
G01 X358.235 Y253.333
G01 X359.019 Y253.333
G01 X359.804 Y253.333
G01 X360.588 Y252.549
G01 X361.372 Y252.549
G01 X362.157 Y252.549
G01 X362.941 Y251.765
G01 X363.725 Y251.765
G01 X364.510 Y251.765
G01 X365.294 Y250.980
G01 X366.078 Y250.980
G01 X366.862 Y250.980
G01 X367.647 Y250.980
G01 X368.431 Y250.980
G01 X369.215 Y250.980
G01 X370.000 Y250.980
G01 X369.215 Y250.980
G01 X370.000 Y250.196
G01 X370.784 Y250.980
G01 X371.568 Y250.980
G01 X372.353 Y251.765
G01 X373.137 Y252.549
G01 X373.921 Y253.333
G01 X374.706 Y254.118
G01 X375.490 Y254.902
G01 X375.490 Y255.686
G01 X376.274 Y256.471
G01 X376.274 Y257.255
G01 X376.274 Y258.039
G01 X377.059 Y258.824
G01 X377.059 Y259.608
G01 X377.059 Y260.392
G01 X377.843 Y261.177
G01 X377.843 Y261.961
G01 X377.843 Y262.745
G01 X377.843 Y263.529
G01 X378.627 Y264.314
G01 X378.627 Y265.098
G01 X378.627 Y265.882
G01 X379.411 Y266.667
G01 X379.411 Y267.451
G01 X379.411 Y268.235
G01 X379.411 Y269.020
G01 X379.411 Y269.804
G01 X379.411 Y270.588
G01 X380.196 Y271.373
G01 X380.196 Y272.157
G01 X380.196 Y272.941
G01 X380.196 Y273.726
G01 X380.196 Y274.510
G01 X380.196 Y275.294
G01 X380.196 Y276.078
G01 X380.196 Y276.863
G01 X380.196 Y277.647
G01 X380.196 Y278.431
G01 X380.196 Y279.216
G01 X380.196 Y280.000
G01 X380.196 Y280.784
G01 X380.196 Y281.569
G01 X379.411 Y282.353
G01 X379.411 Y283.137
G01 X378.627 Y283.922
G01 X378.627 Y284.706
G01 X378.627 Y285.490
G01 X378.627 Y286.274
G01 X378.627 Y287.059
G01 X378.627 Y287.843
G01 X377.843 Y288.627
G01 X377.059 Y289.412
G01 X376.274 Y290.196
G01 X376.274 Y290.980
G01 X376.274 Y291.765
G01 X375.490 Y292.549
G01 X375.490 Y293.333
G01 X374.706 Y294.118
G01 X375.490 Y293.333
G01 X375.490 Y292.549
G01 X376.274 Y291.765
G01 X376.274 Y290.980
G01 X376.274 Y290.196
G01 X377.059 Y289.412
G01 X377.843 Y288.627
G01 X378.627 Y287.843
G01 X379.411 Y287.843
G01 X380.196 Y288.627
G01 X380.980 Y289.412
G01 X380.980 Y290.196
G01 X381.764 Y290.980
G01 X382.549 Y291.765
G01 X382.549 Y292.549
G01 X383.333 Y293.333
G01 X384.117 Y294.118
G01 X384.117 Y294.902
G01 X384.902 Y295.686
G01 X384.902 Y296.471
G01 X384.902 Y297.255
G01 X385.686 Y298.039
G01 X385.686 Y298.823
G01 X385.686 Y299.608
G01 X385.686 Y300.392
G01 X385.686 Y301.176
G01 X384.902 Y301.961
G01 X384.902 Y302.745
G01 X384.902 Y303.529
G01 X384.117 Y304.314
G01 X384.117 Y305.098
G01 X383.333 Y305.882
G01 X383.333 Y306.667
G01 X382.549 Y307.451
G01 X381.764 Y308.235
G01 X380.980 Y309.020
G01 X380.980 Y309.804
G01 X380.196 Y310.588
G01 X379.411 Y311.372
G01 X378.627 Y312.157
G01 X377.843 Y312.941
G01 X377.059 Y313.725
G01 X376.274 Y313.725
G01 X375.490 Y314.510
G01 X374.706 Y314.510
G01 X373.921 Y314.510
G01 X373.137 Y315.294
G01 X372.353 Y315.294
G01 X371.568 Y315.294
G01 X370.784 Y315.294
G01 X370.000 Y316.078
G01 X369.215 Y316.078
G01 X368.431 Y316.078
G01 X367.647 Y316.863
G01 X366.862 Y316.863
G01 X366.078 Y316.863
G01 X365.294 Y317.647
G01 X364.510 Y317.647
G01 X363.725 Y318.431
G01 X362.941 Y319.216
G01 X362.157 Y319.216
G01 X361.372 Y320.000
G01 X360.588 Y320.000
G01 X359.804 Y320.784
G01 X359.804 Y321.569
G01 X359.804 Y322.353
G01 X359.019 Y322.353
G01 X359.019 Y323.137
G01 X359.019 Y322.353
G01 X359.804 Y322.353
G01 X359.804 Y323.137
G01 X359.019 Y323.137
G01 X358.235 Y323.137
G01 X357.451 Y323.137
G01 X358.235 Y323.137
G01 X359.019 Y323.137
G01 X359.804 Y323.137
G01 X360.588 Y323.137
G01 X361.372 Y323.137
G01 X362.157 Y323.137
G01 X362.941 Y322.353
G01 X363.725 Y322.353
G01 X364.510 Y322.353
G01 X365.294 Y322.353
G01 X366.078 Y322.353
G01 X366.862 Y322.353
G01 X367.647 Y322.353
G01 X368.431 Y321.569
G01 X369.215 Y321.569
G01 X370.000 Y321.569
G01 X370.784 Y321.569
G01 X371.568 Y321.569
G01 X372.353 Y321.569
G01 X373.137 Y321.569
G01 X373.921 Y320.784
G01 X374.706 Y320.784
G01 X375.490 Y320.784
G01 X376.274 Y320.784
G01 X377.059 Y320.784
G01 X377.843 Y320.784
G01 X378.627 Y320.784
G01 X379.411 Y320.000
G01 X380.196 Y320.000
G01 X380.980 Y319.216
G01 X381.764 Y319.216
G01 X382.549 Y318.431
G01 X383.333 Y318.431
G01 X384.117 Y317.647
G01 X384.902 Y316.863
G01 X385.686 Y316.078
G01 X386.470 Y316.078
G01 X387.255 Y315.294
G01 X388.039 Y314.510
G01 X388.823 Y314.510
G01 X388.039 Y314.510
G01 X388.039 Y313.725
G01 X387.255 Y312.941
G01 X386.470 Y312.157
G01 X385.686 Y311.372
G01 X385.686 Y310.588
G01 X385.686 Y309.804
G01 X385.686 Y309.020
G01 X386.470 Y308.235
G01 X386.470 Y307.451
G01 X387.255 Y306.667
G01 X387.255 Y305.882
G01 X388.039 Y305.098
G01 X388.039 Y304.314
G01 X388.039 Y303.529
G01 X388.823 Y302.745
G01 X389.608 Y301.961
G01 X389.608 Y301.176
G01 X389.608 Y301.961
G01 X390.392 Y301.961
G01 X391.176 Y302.745
G01 X391.960 Y303.529
G01 X391.960 Y304.314
G01 X391.960 Y305.098
G01 X391.960 Y305.882
G01 X391.960 Y306.667
G01 X391.960 Y307.451
G01 X391.960 Y308.235
G01 X391.960 Y309.020
G01 X391.176 Y309.804
G01 X391.176 Y310.588
G01 X390.392 Y311.372
G01 X390.392 Y312.157
G01 X389.608 Y312.941
G01 X389.608 Y313.725
G01 X388.823 Y313.725
G01 X388.039 Y313.725
G01 X388.823 Y313.725
G01 X389.608 Y313.725
G01 X389.608 Y314.510
G01 X388.823 Y313.725
G01 X389.608 Y314.510
G01 X389.608 Y315.294
G01 X390.392 Y316.078
G01 X391.176 Y316.863
G01 X391.176 Y317.647
G01 X391.960 Y318.431
G01 X392.745 Y319.216
G01 X393.529 Y320.000
G01 X393.529 Y320.784
G01 X394.313 Y321.569
G01 X394.313 Y322.353
G01 X395.098 Y323.137
G01 X395.098 Y323.921
G01 X395.882 Y324.706
G01 X395.882 Y325.490
G01 X396.666 Y326.274
G01 X396.666 Y327.059
G01 X397.451 Y327.843
G01 X397.451 Y328.627
G01 X397.451 Y329.412
G01 X398.235 Y330.196
G01 X398.235 Y330.980
G01 X398.235 Y331.765
G01 X398.235 Y332.549
G01 X399.019 Y333.333
G01 X399.019 Y334.118
G01 X398.235 Y334.902
G01 X398.235 Y335.686
G01 X398.235 Y336.470
G01 X397.451 Y337.255
G01 X397.451 Y338.039
G01 X396.666 Y338.823
G01 X395.882 Y338.823
G01 X395.098 Y338.823
G01 X395.098 Y338.039
G01 X394.313 Y337.255
G01 X394.313 Y336.470
G01 X394.313 Y335.686
G01 X393.529 Y334.902
G01 X393.529 Y334.118
G01 X393.529 Y333.333
G01 X392.745 Y332.549
G01 X392.745 Y331.765
G01 X392.745 Y330.980
G01 X391.960 Y330.196
G01 X391.960 Y329.412
G01 X391.176 Y328.627
G01 X391.176 Y327.843
G01 X390.392 Y327.059
G01 X389.608 Y326.274
G01 X388.823 Y325.490
G01 X388.039 Y324.706
G01 X387.255 Y324.706
G01 X387.255 Y325.490
G01 X387.255 Y326.274
G01 X387.255 Y327.059
G01 X386.470 Y327.843
G01 X386.470 Y328.627
G01 X385.686 Y329.412
G01 X384.902 Y330.196
G01 X384.117 Y330.980
G01 X383.333 Y330.980
G01 X382.549 Y331.765
G01 X381.764 Y331.765
G01 X380.980 Y331.765
G01 X380.196 Y331.765
G01 X379.411 Y331.765
G01 X378.627 Y331.765
G01 X377.843 Y331.765
G01 X377.059 Y331.765
G01 X376.274 Y331.765
G01 X375.490 Y331.765
G01 X374.706 Y331.765
G01 X373.921 Y331.765
G01 X373.137 Y331.765
G01 X372.353 Y331.765
G01 X371.568 Y331.765
G01 X370.784 Y331.765
G01 X370.000 Y331.765
G01 X369.215 Y330.980
G01 X368.431 Y330.980
G01 X367.647 Y331.765
G01 X368.431 Y330.980
G01 X369.215 Y330.980
G01 X370.000 Y331.765
G01 X370.784 Y331.765
G01 X371.568 Y331.765
G01 X372.353 Y331.765
G01 X373.137 Y331.765
G01 X373.921 Y331.765
G01 X374.706 Y331.765
G01 X375.490 Y331.765
G01 X376.274 Y331.765
G01 X377.059 Y331.765
G01 X377.843 Y331.765
G01 X378.627 Y331.765
G01 X379.411 Y331.765
G01 X380.196 Y331.765
G01 X380.980 Y331.765
G01 X381.764 Y331.765
G01 X382.549 Y331.765
G01 X383.333 Y330.980
G01 X384.117 Y330.980
G01 X384.902 Y330.196
G01 X385.686 Y329.412
G01 X386.470 Y328.627
G01 X386.470 Y327.843
G01 X387.255 Y327.059
G01 X387.255 Y326.274
G01 X387.255 Y325.490
G01 X387.255 Y324.706
G01 X387.255 Y323.921
G01 X386.470 Y323.137
G01 X386.470 Y322.353
G01 X386.470 Y323.137
G01 X387.255 Y323.921
G01 X387.255 Y324.706
G01 X388.039 Y324.706
G01 X388.823 Y325.490
G01 X389.608 Y326.274
G01 X390.392 Y327.059
G01 X391.176 Y327.843
G01 X391.176 Y328.627
G01 X391.960 Y329.412
G01 X391.960 Y330.196
G01 X392.745 Y330.980
G01 X392.745 Y331.765
G01 X392.745 Y332.549
G01 X393.529 Y333.333
G01 X393.529 Y334.118
G01 X393.529 Y334.902
G01 X394.313 Y335.686
G01 X394.313 Y336.470
G01 X394.313 Y337.255
G01 X395.098 Y338.039
G01 X395.098 Y338.823
G01 X395.882 Y338.823
G01 X395.882 Y339.608
G01 X395.882 Y340.392
G01 X395.882 Y341.176
G01 X395.098 Y341.961
G01 X394.313 Y341.961
G01 X393.529 Y341.961
G01 X392.745 Y342.745
G01 X391.960 Y342.745
G01 X391.176 Y342.745
G01 X390.392 Y343.529
G01 X389.608 Y343.529
G01 X388.823 Y343.529
G01 X388.039 Y343.529
G01 X387.255 Y343.529
G01 X386.470 Y343.529
G01 X385.686 Y343.529
G01 X384.902 Y343.529
G01 X384.117 Y342.745
G01 X383.333 Y342.745
G01 X382.549 Y341.961
G01 X381.764 Y341.961
G01 X380.980 Y341.176
G01 X380.196 Y341.176
G01 X379.411 Y340.392
G01 X378.627 Y339.608
G01 X377.843 Y339.608
G01 X377.059 Y338.823
G01 X376.274 Y338.039
G01 X375.490 Y338.039
G01 X374.706 Y337.255
G01 X373.921 Y337.255
G01 X373.137 Y336.470
G01 X372.353 Y335.686
G01 X371.568 Y335.686
G01 X370.784 Y334.902
G01 X370.000 Y334.118
G01 X369.215 Y334.118
G01 X368.431 Y333.333
G01 X367.647 Y332.549
G01 X367.647 Y331.765
G01 X366.862 Y331.765
G01 X366.078 Y330.980
G01 X365.294 Y330.196
G01 X364.510 Y330.196
G01 X363.725 Y330.196
G01 X362.941 Y329.412
G01 X362.157 Y329.412
G01 X361.372 Y328.627
G01 X360.588 Y328.627
G01 X359.804 Y328.627
G01 X359.019 Y327.843
G01 X358.235 Y327.059
G01 X357.451 Y327.059
G01 X356.666 Y327.059
G01 X357.451 Y327.059
G01 X358.235 Y327.059
G01 X359.019 Y327.843
G01 X359.804 Y328.627
G01 X360.588 Y328.627
G01 X361.372 Y328.627
G01 X362.157 Y329.412
G01 X362.941 Y329.412
G01 X363.725 Y330.196
G01 X364.510 Y330.196
G01 X365.294 Y330.196
G01 X366.078 Y330.980
G01 X366.862 Y331.765
G01 X367.647 Y331.765
G01 X367.647 Y332.549
G01 X368.431 Y333.333
G01 X369.215 Y334.118
G01 X370.000 Y334.118
G01 X370.784 Y334.902
G01 X371.568 Y335.686
G01 X372.353 Y335.686
G01 X373.137 Y336.470
G01 X373.921 Y337.255
G01 X374.706 Y337.255
G01 X375.490 Y338.039
G01 X376.274 Y338.039
G01 X377.059 Y338.823
G01 X377.843 Y339.608
G01 X378.627 Y339.608
G01 X379.411 Y340.392
G01 X380.196 Y341.176
G01 X380.980 Y341.176
G01 X381.764 Y341.961
G01 X382.549 Y341.961
G01 X383.333 Y342.745
G01 X384.117 Y342.745
G01 X384.902 Y343.529
G01 X385.686 Y343.529
G01 X386.470 Y343.529
G01 X387.255 Y343.529
G01 X388.039 Y343.529
G01 X388.823 Y343.529
G01 X389.608 Y343.529
G01 X390.392 Y343.529
G01 X391.176 Y342.745
G01 X391.960 Y342.745
G01 X392.745 Y342.745
G01 X393.529 Y341.961
G01 X394.313 Y341.961
G01 X395.098 Y341.961
G01 X395.098 Y342.745
G01 X395.098 Y343.529
G01 X395.098 Y344.314
G01 X395.098 Y345.098
G01 X395.098 Y345.882
G01 X394.313 Y346.667
G01 X394.313 Y347.451
G01 X394.313 Y348.235
G01 X394.313 Y349.019
G01 X393.529 Y349.804
G01 X393.529 Y350.588
G01 X393.529 Y351.372
G01 X393.529 Y352.157
G01 X393.529 Y352.941
G01 X393.529 Y353.725
G01 X393.529 Y354.510
G01 X393.529 Y355.294
G01 X393.529 Y356.078
G01 X393.529 Y356.863
G01 X394.313 Y357.647
G01 X394.313 Y358.431
G01 X395.098 Y359.216
G01 X395.882 Y360.000
G01 X396.666 Y360.784
G01 X396.666 Y361.568
G01 X396.666 Y362.353
G01 X397.451 Y363.137
G01 X398.235 Y363.921
G01 X399.019 Y364.706
G01 X399.804 Y365.490
G01 X400.588 Y366.274
G01 X401.372 Y367.059
G01 X402.157 Y367.843
G01 X402.941 Y368.627
G01 X403.725 Y368.627
G01 X403.725 Y369.412
G01 X402.941 Y370.196
G01 X402.941 Y370.980
G01 X402.157 Y371.765
G01 X401.372 Y372.549
G01 X400.588 Y373.333
G01 X399.804 Y374.117
G01 X399.019 Y374.117
G01 X398.235 Y374.902
G01 X397.451 Y374.902
G01 X396.666 Y375.686
G01 X395.882 Y375.686
G01 X395.098 Y375.686
G01 X394.313 Y375.686
G01 X393.529 Y375.686
G01 X392.745 Y375.686
G01 X391.960 Y375.686
G01 X391.176 Y374.902
G01 X390.392 Y374.902
G01 X389.608 Y374.117
G01 X388.823 Y374.117
G01 X388.039 Y373.333
G01 X387.255 Y372.549
G01 X386.470 Y372.549
G01 X385.686 Y371.765
G01 X384.902 Y370.980
G01 X384.117 Y370.196
G01 X383.333 Y369.412
G01 X382.549 Y368.627
G01 X381.764 Y367.843
G01 X380.980 Y367.059
G01 X380.980 Y366.274
G01 X380.196 Y365.490
G01 X379.411 Y364.706
G01 X378.627 Y364.706
G01 X379.411 Y364.706
G01 X380.196 Y365.490
G01 X380.980 Y366.274
G01 X380.980 Y367.059
G01 X381.764 Y367.843
G01 X382.549 Y368.627
G01 X383.333 Y369.412
G01 X384.117 Y370.196
G01 X384.902 Y370.980
G01 X385.686 Y371.765
G01 X386.470 Y372.549
G01 X387.255 Y372.549
G01 X388.039 Y373.333
G01 X388.823 Y374.117
G01 X389.608 Y374.117
G01 X390.392 Y374.902
G01 X391.176 Y374.902
G01 X391.960 Y375.686
G01 X392.745 Y375.686
G01 X393.529 Y375.686
G01 X394.313 Y375.686
G01 X395.098 Y375.686
G01 X395.882 Y375.686
G01 X396.666 Y375.686
G01 X397.451 Y374.902
G01 X398.235 Y374.902
G01 X399.019 Y374.117
G01 X399.804 Y374.117
G01 X400.588 Y373.333
G01 X401.372 Y372.549
G01 X402.157 Y371.765
G01 X402.941 Y370.980
G01 X402.941 Y370.196
G01 X403.725 Y369.412
G01 X403.725 Y368.627
G01 X404.509 Y368.627
G01 X405.294 Y368.627
G01 X406.078 Y367.843
G01 X406.862 Y367.059
G01 X406.862 Y366.274
G01 X406.862 Y365.490
G01 X406.078 Y364.706
G01 X405.294 Y363.921
G01 X404.509 Y363.137
G01 X403.725 Y363.137
G01 X402.941 Y362.353
G01 X402.157 Y362.353
G01 X401.372 Y362.353
G01 X400.588 Y361.568
G01 X399.804 Y361.568
G01 X399.019 Y360.784
G01 X398.235 Y360.784
G01 X397.451 Y360.784
G01 X396.666 Y360.784
G01 X397.451 Y360.784
G01 X398.235 Y360.784
G01 X399.019 Y360.784
G01 X399.804 Y361.568
G01 X400.588 Y361.568
G01 X401.372 Y362.353
G01 X402.157 Y362.353
G01 X402.941 Y362.353
G01 X403.725 Y363.137
G01 X404.509 Y363.137
G01 X405.294 Y363.921
G01 X406.078 Y364.706
G01 X406.862 Y365.490
G01 X407.647 Y365.490
G01 X408.431 Y366.274
G01 X409.215 Y366.274
G01 X410.000 Y367.059
G01 X410.784 Y367.059
G01 X411.568 Y367.843
G01 X412.353 Y368.627
G01 X413.137 Y369.412
G01 X413.921 Y370.196
G01 X414.706 Y370.980
G01 X414.706 Y371.765
G01 X415.490 Y372.549
G01 X415.490 Y373.333
G01 X415.490 Y374.117
G01 X415.490 Y374.902
G01 X415.490 Y375.686
G01 X416.274 Y376.470
G01 X416.274 Y377.255
G01 X416.274 Y378.039
G01 X416.274 Y378.823
G01 X416.274 Y379.608
G01 X415.490 Y380.392
G01 X415.490 Y381.176
G01 X415.490 Y381.961
G01 X414.706 Y382.745
G01 X414.706 Y383.529
G01 X413.921 Y384.314
G01 X413.137 Y385.098
G01 X412.353 Y385.882
G01 X411.568 Y386.666
G01 X410.784 Y386.666
G01 X410.000 Y386.666
G01 X410.784 Y386.666
G01 X411.568 Y386.666
G01 X412.353 Y385.882
G01 X413.137 Y385.098
G01 X413.921 Y384.314
G01 X414.706 Y383.529
G01 X414.706 Y382.745
G01 X415.490 Y381.961
G01 X415.490 Y381.176
G01 X415.490 Y380.392
G01 X416.274 Y379.608
G01 X416.274 Y378.823
G01 X416.274 Y378.039
G01 X416.274 Y377.255
G01 X416.274 Y376.470
G01 X415.490 Y375.686
G01 X415.490 Y374.902
G01 X415.490 Y374.117
G01 X415.490 Y373.333
G01 X415.490 Y372.549
G01 X414.706 Y371.765
G01 X414.706 Y370.980
G01 X413.921 Y370.196
G01 X413.137 Y369.412
G01 X412.353 Y368.627
G01 X411.568 Y367.843
G01 X410.784 Y367.059
G01 X410.000 Y367.059
G01 X409.215 Y366.274
G01 X408.431 Y366.274
G01 X407.647 Y365.490
G01 X406.862 Y365.490
G01 X406.862 Y366.274
G01 X406.862 Y367.059
G01 X407.647 Y367.843
G01 X406.862 Y367.843
G01 X407.647 Y367.843
G01 X407.647 Y368.627
G01 X408.431 Y369.412
G01 X408.431 Y370.196
G01 X409.215 Y370.980
G01 X409.215 Y371.765
G01 X409.215 Y372.549
G01 X410.000 Y373.333
G01 X410.000 Y374.117
G01 X410.000 Y374.902
G01 X410.000 Y375.686
G01 X410.000 Y376.470
G01 X410.000 Y377.255
G01 X410.784 Y378.039
G01 X410.784 Y378.823
G01 X410.000 Y379.608
G01 X410.000 Y380.392
G01 X410.000 Y381.176
G01 X410.000 Y381.961
G01 X410.000 Y382.745
G01 X410.000 Y383.529
G01 X409.215 Y384.314
G01 X409.215 Y385.098
G01 X409.215 Y385.882
G01 X409.215 Y386.666
G01 X410.000 Y386.666
G01 X409.215 Y386.666
G01 X408.431 Y387.451
G01 X407.647 Y388.235
G01 X406.862 Y388.235
G01 X406.862 Y389.019
G01 X406.078 Y389.804
G01 X406.078 Y390.588
G01 X405.294 Y391.372
G01 X405.294 Y392.157
G01 X404.509 Y392.941
G01 X403.725 Y393.725
G01 X402.941 Y394.510
G01 X402.157 Y395.294
G01 X401.372 Y396.078
G01 X401.372 Y396.862
G01 X400.588 Y397.647
G01 X399.804 Y398.431
G01 X399.019 Y399.215
G01 X399.019 Y400.000
G01 X398.235 Y400.784
G01 X397.451 Y401.568
G01 X397.451 Y402.353
G01 X396.666 Y403.137
G01 X395.882 Y403.921
G01 X395.882 Y404.706
G01 X395.098 Y405.490
G01 X395.098 Y406.274
G01 X394.313 Y407.059
G01 X393.529 Y407.843
G01 X393.529 Y408.627
G01 X392.745 Y409.411
G01 X391.960 Y410.196
G01 X391.960 Y410.980
G01 X391.176 Y411.764
G01 X391.176 Y412.549
G01 X390.392 Y413.333
G01 X389.608 Y414.117
G01 X389.608 Y414.902
G01 X388.823 Y415.686
G01 X388.823 Y416.470
G01 X388.039 Y417.255
G01 X388.039 Y418.039
G01 X387.255 Y418.823
G01 X387.255 Y419.608
G01 X386.470 Y420.392
G01 X386.470 Y421.176
G01 X385.686 Y421.960
G01 X385.686 Y422.745
G01 X384.902 Y423.529
G01 X384.902 Y424.313
G01 X384.902 Y425.098
G01 X384.902 Y425.882
G01 X384.902 Y426.666
G01 X384.117 Y427.451
G01 X384.117 Y428.235
G01 X384.117 Y429.019
G01 X384.117 Y429.804
G01 X384.117 Y430.588
G01 X384.117 Y431.372
G01 X384.117 Y432.157
G01 X383.333 Y432.941
G01 X383.333 Y433.725
G01 X383.333 Y434.509
G01 X383.333 Y435.294
G01 X383.333 Y436.078
G01 X382.549 Y436.862
G01 X382.549 Y437.647
G01 X382.549 Y438.431
G01 X382.549 Y439.215
G01 X381.764 Y440.000
G01 X381.764 Y440.784
G01 X381.764 Y441.568
G01 X380.980 Y442.353
G01 X380.980 Y443.137
G01 X380.980 Y443.921
G01 X380.980 Y444.706
G01 X380.196 Y445.490
G01 X380.196 Y446.274
G01 X379.411 Y447.058
G01 X379.411 Y447.843
G01 X379.411 Y448.627
G01 X378.627 Y449.411
G01 X378.627 Y450.196
G01 X378.627 Y450.980
G01 X377.843 Y451.764
G01 X377.843 Y452.549
G01 X377.059 Y453.333
G01 X377.059 Y454.117
G01 X377.059 Y454.902
G01 X376.274 Y455.686
G01 X376.274 Y456.470
G01 X376.274 Y457.255
G01 X375.490 Y458.039
G01 X375.490 Y458.823
G01 X374.706 Y459.607
G01 X374.706 Y460.392
G01 X374.706 Y461.176
G01 X373.921 Y461.960
G01 X373.921 Y462.745
G01 X373.137 Y463.529
G01 X373.137 Y464.313
G01 X373.137 Y465.098
G01 X372.353 Y465.882
G01 X372.353 Y466.666
G01 X372.353 Y467.451
G01 X371.568 Y468.235
G01 X371.568 Y469.019
G01 X370.784 Y469.804
G01 X370.784 Y470.588
G01 X370.784 Y471.372
G01 X370.000 Y472.156
G01 X370.000 Y472.941
G01 X369.215 Y473.725
G01 X368.431 Y473.725
G01 X367.647 Y473.725
G01 X366.862 Y472.941
G01 X366.078 Y472.156
G01 X366.078 Y471.372
G01 X366.078 Y470.588
G01 X366.078 Y469.804
G01 X366.862 Y469.019
G01 X366.862 Y468.235
G01 X367.647 Y467.451
G01 X367.647 Y466.666
G01 X368.431 Y465.882
G01 X368.431 Y465.098
G01 X369.215 Y464.313
G01 X369.215 Y463.529
G01 X369.215 Y462.745
G01 X369.215 Y461.960
G01 X368.431 Y461.960
G01 X367.647 Y461.960
G01 X366.862 Y461.960
G01 X366.078 Y462.745
G01 X365.294 Y463.529
G01 X364.510 Y463.529
G01 X363.725 Y463.529
G01 X362.941 Y464.313
G01 X362.157 Y464.313
G01 X361.372 Y465.098
G01 X360.588 Y465.098
G01 X359.804 Y465.882
G01 X360.588 Y465.098
G01 X361.372 Y465.098
G01 X362.157 Y464.313
G01 X362.941 Y464.313
G01 X363.725 Y463.529
G01 X364.510 Y463.529
G01 X365.294 Y463.529
G01 X366.078 Y462.745
G01 X366.862 Y461.960
G01 X367.647 Y461.960
G01 X368.431 Y461.960
G01 X369.215 Y461.960
G01 X370.000 Y461.176
G01 X370.784 Y460.392
G01 X370.784 Y459.607
G01 X370.784 Y460.392
G01 X370.000 Y461.176
G01 X369.215 Y461.960
G01 X369.215 Y462.745
G01 X369.215 Y463.529
G01 X369.215 Y464.313
G01 X368.431 Y465.098
G01 X368.431 Y465.882
G01 X367.647 Y466.666
G01 X367.647 Y467.451
G01 X366.862 Y468.235
G01 X366.862 Y469.019
G01 X366.078 Y469.804
G01 X366.078 Y470.588
G01 X366.078 Y471.372
G01 X365.294 Y471.372
G01 X364.510 Y471.372
G01 X364.510 Y472.156
G01 X363.725 Y472.941
G01 X362.941 Y473.725
G01 X362.157 Y474.509
G01 X361.372 Y474.509
G01 X360.588 Y475.294
G01 X359.804 Y476.078
G01 X359.019 Y476.862
G01 X358.235 Y476.862
G01 X357.451 Y477.647
G01 X356.666 Y478.431
G01 X355.882 Y478.431
G01 X355.098 Y479.215
G01 X354.314 Y479.215
G01 X353.529 Y480.000
G01 X352.745 Y480.000
G01 X351.961 Y480.000
G01 X351.176 Y480.784
G01 X350.392 Y480.784
G01 X349.608 Y480.784
G01 X348.823 Y480.784
G01 X348.039 Y481.568
G01 X347.255 Y481.568
G01 X346.470 Y481.568
G01 X345.686 Y481.568
G01 X344.902 Y481.568
G01 X344.117 Y481.568
G01 X343.333 Y482.353
G01 X342.549 Y482.353
G01 X341.765 Y482.353
G01 X340.980 Y482.353
G01 X340.196 Y482.353
G01 X339.412 Y482.353
G01 X338.627 Y482.353
G01 X337.843 Y482.353
G01 X337.059 Y482.353
G01 X336.274 Y482.353
G01 X335.490 Y482.353
G01 X334.706 Y482.353
G01 X333.921 Y482.353
G01 X333.137 Y482.353
G01 X332.353 Y482.353
G01 X331.568 Y482.353
G01 X330.784 Y482.353
G01 X330.000 Y481.568
G01 X329.216 Y481.568
G01 X328.431 Y481.568
G01 X327.647 Y481.568
G01 X326.863 Y481.568
G01 X326.078 Y481.568
G01 X325.294 Y481.568
G01 X324.510 Y480.784
G01 X323.725 Y480.784
G01 X322.941 Y480.784
G01 X322.157 Y481.568
G01 X322.941 Y480.784
G01 X323.725 Y480.784
G01 X324.510 Y480.784
G01 X325.294 Y481.568
G01 X326.078 Y481.568
G01 X326.863 Y481.568
G01 X327.647 Y481.568
G01 X328.431 Y481.568
G01 X329.216 Y481.568
G01 X330.000 Y481.568
G01 X330.784 Y482.353
G01 X331.568 Y482.353
G01 X332.353 Y482.353
G01 X333.137 Y482.353
G01 X333.921 Y482.353
G01 X334.706 Y482.353
G01 X335.490 Y482.353
G01 X336.274 Y482.353
G01 X337.059 Y482.353
G01 X337.843 Y482.353
G01 X338.627 Y482.353
G01 X339.412 Y482.353
G01 X340.196 Y482.353
G01 X340.980 Y482.353
G01 X341.765 Y482.353
G01 X342.549 Y482.353
G01 X343.333 Y482.353
G01 X344.117 Y481.568
G01 X344.902 Y481.568
G01 X345.686 Y481.568
G01 X346.470 Y481.568
G01 X347.255 Y481.568
G01 X348.039 Y481.568
G01 X348.823 Y480.784
G01 X349.608 Y480.784
G01 X350.392 Y480.784
G01 X351.176 Y480.784
G01 X351.961 Y480.000
G01 X352.745 Y480.000
G01 X353.529 Y480.000
G01 X354.314 Y479.215
G01 X355.098 Y479.215
G01 X355.882 Y478.431
G01 X356.666 Y478.431
G01 X357.451 Y477.647
G01 X358.235 Y476.862
G01 X359.019 Y476.862
G01 X359.804 Y476.078
G01 X360.588 Y475.294
G01 X361.372 Y474.509
G01 X362.157 Y474.509
G01 X362.941 Y473.725
G01 X363.725 Y472.941
G01 X364.510 Y472.156
G01 X365.294 Y472.156
G01 X364.510 Y472.156
G01 X364.510 Y471.372
G01 X363.725 Y470.588
G01 X362.941 Y469.804
G01 X362.157 Y469.019
G01 X361.372 Y468.235
G01 X360.588 Y467.451
G01 X359.804 Y466.666
G01 X359.804 Y465.882
G01 X359.019 Y465.882
G01 X358.235 Y465.882
G01 X357.451 Y465.882
G01 X356.666 Y465.882
G01 X355.882 Y465.882
G01 X355.098 Y466.666
G01 X354.314 Y466.666
G01 X353.529 Y466.666
G01 X352.745 Y466.666
G01 X351.961 Y466.666
G01 X351.176 Y466.666
G01 X350.392 Y466.666
G01 X349.608 Y466.666
G01 X348.823 Y466.666
G01 X348.039 Y466.666
G01 X347.255 Y465.882
G01 X346.470 Y465.882
G01 X345.686 Y465.882
G01 X344.902 Y465.882
G01 X344.117 Y465.882
G01 X343.333 Y465.098
G01 X342.549 Y465.098
G01 X341.765 Y465.098
G01 X340.980 Y465.098
G01 X340.196 Y464.313
G01 X339.412 Y464.313
G01 X338.627 Y464.313
G01 X337.843 Y463.529
G01 X337.059 Y463.529
G01 X336.274 Y462.745
G01 X335.490 Y462.745
G01 X334.706 Y461.960
G01 X333.921 Y461.960
G01 X333.137 Y461.176
G01 X332.353 Y460.392
G01 X331.568 Y460.392
G01 X330.784 Y459.607
G01 X330.000 Y459.607
G01 X329.216 Y458.823
G01 X328.431 Y458.039
G01 X327.647 Y458.039
G01 X326.863 Y457.255
G01 X326.078 Y456.470
G01 X325.294 Y455.686
G01 X324.510 Y454.902
G01 X323.725 Y454.902
G01 X322.941 Y454.117
G01 X322.157 Y453.333
G01 X321.372 Y452.549
G01 X320.588 Y451.764
G01 X320.588 Y450.980
G01 X320.588 Y450.196
G01 X321.372 Y449.411
G01 X322.157 Y448.627
G01 X322.941 Y448.627
G01 X323.725 Y447.843
G01 X324.510 Y447.058
G01 X325.294 Y447.058
G01 X326.078 Y447.058
G01 X326.863 Y446.274
G01 X327.647 Y446.274
G01 X328.431 Y445.490
G01 X329.216 Y445.490
G01 X330.000 Y444.706
G01 X330.784 Y444.706
G01 X331.568 Y444.706
G01 X332.353 Y443.921
G01 X333.137 Y443.921
G01 X333.921 Y443.921
G01 X334.706 Y443.137
G01 X335.490 Y443.137
G01 X336.274 Y443.137
G01 X337.059 Y442.353
G01 X337.843 Y442.353
G01 X338.627 Y442.353
G01 X339.412 Y441.568
G01 X340.196 Y440.784
G01 X340.196 Y440.000
G01 X340.196 Y440.784
G01 X339.412 Y441.568
G01 X338.627 Y442.353
G01 X337.843 Y442.353
G01 X337.059 Y442.353
G01 X336.274 Y443.137
G01 X335.490 Y443.137
G01 X334.706 Y443.137
G01 X333.921 Y443.921
G01 X333.137 Y443.921
G01 X332.353 Y443.921
G01 X331.568 Y444.706
G01 X330.784 Y444.706
G01 X330.000 Y444.706
G01 X329.216 Y445.490
G01 X328.431 Y445.490
G01 X327.647 Y446.274
G01 X326.863 Y446.274
G01 X326.078 Y447.058
G01 X325.294 Y447.058
G01 X324.510 Y447.058
G01 X323.725 Y447.843
G01 X322.941 Y448.627
G01 X322.157 Y448.627
G01 X321.372 Y449.411
G01 X320.588 Y450.196
G01 X320.588 Y450.980
G01 X320.588 Y451.764
G01 X321.372 Y452.549
G01 X322.157 Y453.333
G01 X322.941 Y454.117
G01 X323.725 Y454.902
G01 X324.510 Y454.902
G01 X325.294 Y455.686
G01 X326.078 Y456.470
G01 X326.863 Y457.255
G01 X327.647 Y458.039
G01 X328.431 Y458.039
G01 X329.216 Y458.823
G01 X330.000 Y459.607
G01 X330.784 Y459.607
G01 X331.568 Y460.392
G01 X332.353 Y460.392
G01 X333.137 Y461.176
G01 X333.921 Y461.960
G01 X334.706 Y461.960
G01 X335.490 Y462.745
G01 X336.274 Y462.745
G01 X337.059 Y463.529
G01 X337.843 Y463.529
G01 X338.627 Y464.313
G01 X339.412 Y464.313
G01 X340.196 Y464.313
G01 X340.980 Y465.098
G01 X341.765 Y465.098
G01 X342.549 Y465.098
G01 X343.333 Y465.098
G01 X344.117 Y465.882
G01 X344.902 Y465.882
G01 X345.686 Y465.882
G01 X346.470 Y465.882
G01 X347.255 Y465.882
G01 X348.039 Y466.666
G01 X348.823 Y466.666
G01 X349.608 Y466.666
G01 X350.392 Y466.666
G01 X351.176 Y466.666
G01 X351.961 Y466.666
G01 X352.745 Y466.666
G01 X353.529 Y466.666
G01 X354.314 Y466.666
G01 X355.098 Y466.666
G01 X355.882 Y465.882
G01 X355.882 Y465.098
G01 X355.098 Y464.313
G01 X355.098 Y463.529
G01 X354.314 Y462.745
G01 X354.314 Y461.960
G01 X354.314 Y461.176
G01 X354.313 Y460.392
G01 X354.314 Y459.607
G01 X355.098 Y458.823
G01 X355.098 Y458.039
G01 X355.882 Y457.255
G01 X355.882 Y456.470
G01 X356.666 Y455.686
G01 X356.666 Y454.902
G01 X356.666 Y454.117
G01 X357.451 Y453.333
G01 X357.451 Y452.549
G01 X357.451 Y451.764
G01 X358.235 Y450.980
G01 X358.235 Y450.196
G01 X358.235 Y449.411
G01 X358.235 Y448.627
G01 X358.235 Y447.843
G01 X359.019 Y447.058
G01 X359.019 Y446.274
G01 X359.019 Y445.490
G01 X359.019 Y444.706
G01 X359.019 Y443.921
G01 X359.019 Y443.137
G01 X359.019 Y442.353
G01 X359.019 Y441.568
G01 X359.019 Y440.784
G01 X358.235 Y440.000
G01 X358.235 Y439.215
G01 X358.235 Y438.431
G01 X358.235 Y437.647
G01 X358.235 Y436.862
G01 X357.451 Y436.078
G01 X357.451 Y435.294
G01 X357.451 Y434.509
G01 X357.451 Y433.725
G01 X356.666 Y432.941
G01 X355.882 Y432.941
G01 X355.882 Y432.157
G01 X355.882 Y431.372
G01 X355.098 Y431.372
G01 X354.314 Y431.372
G01 X353.529 Y430.588
G01 X352.745 Y430.588
G01 X351.961 Y430.588
G01 X351.176 Y429.804
G01 X351.176 Y430.588
G01 X350.392 Y431.372
G01 X349.608 Y431.372
G01 X348.823 Y431.372
G01 X348.039 Y431.372
G01 X347.255 Y431.372
G01 X346.470 Y432.157
G01 X346.470 Y432.941
G01 X346.470 Y433.725
G01 X347.255 Y434.509
G01 X348.039 Y435.294
G01 X348.039 Y436.078
G01 X347.255 Y436.862
G01 X346.470 Y436.862
G01 X345.686 Y436.862
G01 X344.902 Y436.862
G01 X344.117 Y436.862
G01 X343.333 Y436.862
G01 X342.549 Y436.862
G01 X341.765 Y436.078
G01 X340.980 Y435.294
G01 X340.196 Y435.294
G01 X339.412 Y435.294
G01 X338.627 Y435.294
G01 X337.843 Y434.509
G01 X337.059 Y433.725
G01 X336.274 Y432.941
G01 X335.490 Y433.725
G01 X334.706 Y433.725
G01 X333.921 Y434.509
G01 X333.137 Y435.294
G01 X332.353 Y436.078
G01 X331.568 Y436.862
G01 X331.568 Y437.647
G01 X331.568 Y438.431
G01 X331.568 Y439.215
G01 X330.784 Y440.000
G01 X331.568 Y439.215
G01 X331.568 Y438.431
G01 X331.568 Y437.647
G01 X331.568 Y436.862
G01 X332.353 Y436.078
G01 X333.137 Y435.294
G01 X333.921 Y434.509
G01 X334.706 Y433.725
G01 X335.490 Y433.725
G01 X336.274 Y433.725
G01 X335.490 Y433.725
G01 X336.274 Y432.941
G01 X336.274 Y432.157
G01 X337.059 Y432.157
G01 X337.843 Y431.372
G01 X338.627 Y431.372
G01 X339.412 Y430.588
G01 X340.196 Y430.588
G01 X340.980 Y430.588
G01 X341.765 Y429.804
G01 X342.549 Y429.804
G01 X343.333 Y429.804
G01 X344.117 Y429.019
G01 X344.902 Y429.019
G01 X345.686 Y429.019
G01 X346.470 Y429.019
G01 X347.255 Y429.019
G01 X348.039 Y428.235
G01 X348.823 Y428.235
G01 X349.608 Y428.235
G01 X350.392 Y429.019
G01 X351.176 Y429.804
G01 X350.392 Y429.019
G01 X349.608 Y428.235
G01 X348.823 Y428.235
G01 X348.039 Y428.235
G01 X347.255 Y429.019
G01 X346.470 Y429.019
G01 X345.686 Y429.019
G01 X344.902 Y429.019
G01 X344.117 Y429.019
G01 X343.333 Y429.804
G01 X342.549 Y429.804
G01 X341.765 Y429.804
G01 X340.980 Y430.588
G01 X340.196 Y430.588
G01 X339.412 Y430.588
G01 X338.627 Y431.372
G01 X337.843 Y431.372
G01 X337.059 Y432.157
G01 X336.274 Y432.157
G01 X336.274 Y432.941
G01 X337.059 Y433.725
G01 X337.843 Y434.509
G01 X338.627 Y435.294
G01 X339.412 Y435.294
G01 X340.196 Y435.294
G01 X340.980 Y435.294
G01 X341.765 Y436.078
G01 X342.549 Y436.862
G01 X342.549 Y437.647
G01 X342.549 Y438.431
G01 X342.549 Y439.215
G01 X341.765 Y440.000
G01 X340.980 Y440.000
G01 X340.196 Y440.000
G01 X339.412 Y439.215
G01 X338.627 Y439.215
G01 X337.843 Y439.215
G01 X337.059 Y439.215
G01 X336.274 Y439.215
G01 X335.490 Y439.215
G01 X334.706 Y439.215
G01 X333.921 Y439.215
G01 X333.137 Y439.215
G01 X332.353 Y439.215
G01 X331.568 Y439.215
G01 X332.353 Y439.215
G01 X333.137 Y439.215
G01 X333.921 Y439.215
G01 X334.706 Y439.215
G01 X335.490 Y439.215
G01 X336.274 Y439.215
G01 X337.059 Y439.215
G01 X337.843 Y439.215
G01 X338.627 Y439.215
G01 X339.412 Y439.215
G01 X340.196 Y440.000
G01 X340.980 Y440.000
G01 X341.765 Y440.000
G01 X342.549 Y439.215
G01 X342.549 Y438.431
G01 X342.549 Y437.647
G01 X342.549 Y436.862
G01 X343.333 Y436.862
G01 X344.117 Y436.862
G01 X344.902 Y436.862
G01 X345.686 Y436.862
G01 X346.470 Y436.862
G01 X347.255 Y436.862
G01 X348.039 Y436.078
G01 X348.039 Y435.294
G01 X347.255 Y434.509
G01 X346.470 Y433.725
G01 X346.470 Y432.941
G01 X346.470 Y432.157
G01 X345.686 Y432.157
G01 X344.902 Y432.157
G01 X345.686 Y432.157
G01 X346.470 Y432.157
G01 X347.255 Y431.372
G01 X348.039 Y431.372
G01 X348.823 Y431.372
G01 X349.608 Y431.372
G01 X350.392 Y431.372
G01 X351.176 Y430.588
G01 X351.961 Y430.588
G01 X351.176 Y430.588
G01 X351.176 Y429.804
G01 X351.961 Y430.588
G01 X352.745 Y430.588
G01 X353.529 Y430.588
G01 X354.314 Y431.372
G01 X355.098 Y431.372
G01 X355.882 Y431.372
G01 X356.666 Y431.372
G01 X355.882 Y431.372
G01 X355.882 Y432.157
G01 X356.666 Y432.157
G01 X355.882 Y432.157
G01 X355.882 Y432.941
G01 X355.098 Y433.725
G01 X354.314 Y433.725
G01 X353.529 Y433.725
G01 X352.745 Y434.509
G01 X351.961 Y434.509
G01 X351.176 Y435.294
G01 X350.392 Y436.078
G01 X349.608 Y436.078
G01 X348.823 Y436.078
G01 X348.039 Y436.078
G01 X348.823 Y436.078
G01 X349.608 Y436.078
G01 X350.392 Y436.078
G01 X351.176 Y435.294
G01 X351.961 Y434.509
G01 X352.745 Y434.509
G01 X353.529 Y433.725
G01 X354.314 Y433.725
G01 X355.098 Y433.725
G01 X355.882 Y432.941
G01 X356.666 Y432.941
G01 X356.666 Y432.157
G01 X357.451 Y431.372
G01 X358.235 Y431.372
G01 X359.019 Y430.588
G01 X359.804 Y430.588
G01 X360.588 Y430.588
G01 X361.372 Y429.804
G01 X360.588 Y430.588
G01 X359.804 Y430.588
G01 X359.019 Y430.588
G01 X358.235 Y431.372
G01 X357.451 Y431.372
G01 X356.666 Y432.157
G01 X356.666 Y432.941
G01 X357.451 Y433.725
G01 X357.451 Y434.509
G01 X357.451 Y435.294
G01 X357.451 Y436.078
G01 X358.235 Y436.862
G01 X358.235 Y437.647
G01 X358.235 Y438.431
G01 X358.235 Y439.215
G01 X358.235 Y440.000
G01 X359.019 Y440.784
G01 X359.019 Y441.568
G01 X359.019 Y442.353
G01 X359.019 Y443.137
G01 X359.019 Y443.921
G01 X359.019 Y444.706
G01 X359.019 Y445.490
G01 X359.019 Y446.274
G01 X359.019 Y447.058
G01 X358.235 Y447.843
G01 X358.235 Y448.627
G01 X358.235 Y449.411
G01 X358.235 Y450.196
G01 X358.235 Y450.980
G01 X357.451 Y451.764
G01 X357.451 Y452.549
G01 X357.451 Y453.333
G01 X356.666 Y454.117
G01 X356.666 Y454.902
G01 X356.666 Y455.686
G01 X355.882 Y456.470
G01 X355.882 Y457.255
G01 X355.098 Y458.039
G01 X355.098 Y458.823
G01 X354.314 Y459.607
G01 X354.313 Y460.392
G01 X354.314 Y461.176
G01 X354.314 Y461.960
G01 X354.314 Y462.745
G01 X355.098 Y463.529
G01 X355.098 Y464.313
G01 X355.882 Y465.098
G01 X355.882 Y465.882
G01 X356.666 Y465.882
G01 X357.451 Y465.882
G01 X358.235 Y465.882
G01 X359.019 Y465.882
G01 X359.804 Y465.882
G01 X359.804 Y466.666
G01 X360.588 Y467.451
G01 X361.372 Y468.235
G01 X362.157 Y469.019
G01 X362.941 Y469.804
G01 X363.725 Y470.588
G01 X364.510 Y471.372
G01 X365.294 Y471.372
G01 X366.078 Y471.372
G01 X366.078 Y472.156
G01 X365.294 Y471.372
G01 X366.078 Y472.156
G01 X366.862 Y472.941
G01 X367.647 Y473.725
G01 X368.431 Y473.725
G01 X368.431 Y474.509
G01 X368.431 Y475.294
G01 X368.431 Y476.078
G01 X369.215 Y476.078
G01 X368.431 Y476.078
G01 X368.431 Y476.862
G01 X367.647 Y477.647
G01 X366.862 Y478.431
G01 X366.078 Y479.215
G01 X365.294 Y480.000
G01 X364.510 Y480.784
G01 X363.725 Y481.568
G01 X362.941 Y482.353
G01 X362.157 Y483.137
G01 X361.372 Y483.921
G01 X360.588 Y484.705
G01 X359.804 Y485.490
G01 X359.019 Y485.490
G01 X358.235 Y486.274
G01 X357.451 Y486.274
G01 X356.666 Y487.058
G01 X355.882 Y487.058
G01 X355.098 Y487.843
G01 X354.314 Y487.843
G01 X353.529 Y487.843
G01 X352.745 Y487.843
G01 X351.961 Y488.627
G01 X351.176 Y488.627
G01 X350.392 Y488.627
G01 X349.608 Y488.627
G01 X348.823 Y488.627
G01 X348.039 Y488.627
G01 X347.255 Y489.411
G01 X346.470 Y489.411
G01 X345.686 Y489.411
G01 X344.902 Y489.411
G01 X344.117 Y489.411
G01 X343.333 Y489.411
G01 X342.549 Y489.411
G01 X341.765 Y488.627
G01 X340.980 Y488.627
G01 X340.196 Y488.627
G01 X339.412 Y488.627
G01 X338.627 Y488.627
G01 X337.843 Y488.627
G01 X337.059 Y488.627
G01 X336.274 Y487.843
G01 X335.490 Y487.843
G01 X334.706 Y487.843
G01 X333.921 Y487.843
G01 X333.137 Y487.058
G01 X332.353 Y487.058
G01 X331.568 Y487.058
G01 X330.784 Y486.274
G01 X330.000 Y486.274
G01 X329.216 Y486.274
G01 X328.431 Y485.490
G01 X327.647 Y485.490
G01 X326.863 Y484.705
G01 X326.078 Y484.705
G01 X325.294 Y484.705
G01 X324.510 Y483.921
G01 X323.725 Y483.921
G01 X322.941 Y483.137
G01 X322.157 Y482.353
G01 X322.157 Y481.568
G01 X321.372 Y481.568
G01 X321.372 Y482.353
G01 X321.372 Y481.568
G01 X320.588 Y480.784
G01 X319.804 Y480.784
G01 X319.019 Y480.000
G01 X318.235 Y480.000
G01 X317.451 Y480.000
G01 X316.667 Y479.215
G01 X315.882 Y479.215
G01 X315.098 Y479.215
G01 X314.314 Y478.431
G01 X313.529 Y478.431
G01 X312.745 Y477.647
G01 X311.961 Y477.647
G01 X312.745 Y477.647
G01 X313.529 Y478.431
G01 X314.314 Y478.431
G01 X315.098 Y479.215
G01 X315.882 Y479.215
G01 X316.667 Y479.215
G01 X317.451 Y480.000
G01 X318.235 Y480.000
G01 X319.019 Y480.000
G01 X319.804 Y480.784
G01 X320.588 Y480.784
G01 X321.372 Y481.568
G01 X322.157 Y481.568
G01 X322.157 Y482.353
G01 X321.372 Y482.353
G01 X322.157 Y482.353
G01 X322.941 Y483.137
G01 X323.725 Y483.921
G01 X324.510 Y483.921
G01 X325.294 Y484.705
G01 X326.078 Y484.705
G01 X326.863 Y484.705
G01 X327.647 Y485.490
G01 X328.431 Y485.490
G01 X329.216 Y486.274
G01 X330.000 Y486.274
G01 X330.784 Y486.274
G01 X331.568 Y487.058
G01 X332.353 Y487.058
G01 X333.137 Y487.058
G01 X333.921 Y487.843
G01 X334.706 Y487.843
G01 X335.490 Y487.843
G01 X336.274 Y487.843
G01 X337.059 Y488.627
G01 X337.843 Y488.627
G01 X338.627 Y488.627
G01 X339.412 Y488.627
G01 X340.196 Y488.627
G01 X340.980 Y488.627
G01 X341.765 Y488.627
G01 X342.549 Y489.411
G01 X343.333 Y489.411
G01 X344.117 Y489.411
G01 X344.902 Y489.411
G01 X345.686 Y489.411
G01 X346.470 Y489.411
G01 X347.255 Y489.411
G01 X348.039 Y488.627
G01 X348.823 Y488.627
G01 X349.608 Y488.627
G01 X350.392 Y488.627
G01 X351.176 Y488.627
G01 X351.961 Y488.627
G01 X352.745 Y487.843
G01 X353.529 Y487.843
G01 X354.314 Y487.843
G01 X355.098 Y487.843
G01 X355.882 Y487.058
G01 X356.666 Y487.058
G01 X357.451 Y486.274
G01 X358.235 Y486.274
G01 X359.019 Y485.490
G01 X359.804 Y485.490
G01 X360.588 Y484.705
G01 X361.372 Y483.921
G01 X362.157 Y483.137
G01 X362.941 Y482.353
G01 X363.725 Y481.568
G01 X364.510 Y480.784
G01 X365.294 Y480.000
G01 X366.078 Y479.215
G01 X366.862 Y478.431
G01 X367.647 Y477.647
G01 X368.431 Y476.862
G01 X369.215 Y476.862
G01 X369.215 Y476.078
G01 X369.215 Y476.862
G01 X370.000 Y476.862
G01 X370.784 Y477.647
G01 X371.568 Y478.431
G01 X372.353 Y479.215
G01 X373.137 Y480.000
G01 X373.921 Y480.784
G01 X374.706 Y481.568
G01 X375.490 Y482.353
G01 X376.274 Y483.137
G01 X377.059 Y483.921
G01 X377.843 Y484.705
G01 X378.627 Y485.490
G01 X379.411 Y486.274
G01 X379.411 Y487.058
G01 X380.196 Y487.843
G01 X380.980 Y488.627
G01 X381.764 Y489.411
G01 X382.549 Y490.196
G01 X383.333 Y490.980
G01 X384.117 Y490.980
G01 X384.902 Y490.196
G01 X384.902 Y489.411
G01 X384.902 Y488.627
G01 X385.686 Y487.843
G01 X385.686 Y487.058
G01 X385.686 Y486.274
G01 X385.686 Y485.490
G01 X385.686 Y484.705
G01 X386.470 Y483.921
G01 X386.470 Y483.137
G01 X386.470 Y482.353
G01 X386.470 Y481.568
G01 X386.470 Y480.784
G01 X386.470 Y480.000
G01 X387.255 Y479.215
G01 X387.255 Y478.431
G01 X387.255 Y477.647
G01 X387.255 Y476.862
G01 X387.255 Y476.078
G01 X387.255 Y475.294
G01 X388.039 Y474.509
G01 X388.039 Y473.725
G01 X388.039 Y472.941
G01 X388.039 Y472.156
G01 X388.039 Y471.372
G01 X388.039 Y470.588
G01 X388.039 Y469.804
G01 X388.039 Y469.019
G01 X388.823 Y468.235
G01 X388.823 Y467.451
G01 X388.823 Y466.666
G01 X388.823 Y465.882
G01 X388.823 Y465.098
G01 X388.823 Y464.313
G01 X388.823 Y463.529
G01 X389.608 Y462.745
G01 X389.608 Y461.960
G01 X389.608 Y461.176
G01 X389.608 Y460.392
G01 X389.608 Y459.607
G01 X389.608 Y458.823
G01 X389.608 Y458.039
G01 X389.608 Y457.255
G01 X389.608 Y456.470
G01 X390.392 Y455.686
G01 X390.392 Y454.902
G01 X390.392 Y454.117
G01 X390.392 Y453.333
G01 X390.392 Y452.549
G01 X390.392 Y451.764
G01 X390.392 Y450.980
G01 X390.392 Y450.196
G01 X390.392 Y449.411
G01 X390.392 Y448.627
G01 X391.176 Y447.843
G01 X391.176 Y447.058
G01 X391.176 Y446.274
G01 X391.176 Y445.490
G01 X391.176 Y444.706
G01 X391.176 Y443.921
G01 X391.176 Y443.137
G01 X391.176 Y442.353
G01 X391.176 Y441.568
G01 X391.176 Y440.784
G01 X391.960 Y440.000
G01 X391.960 Y439.215
G01 X391.960 Y438.431
G01 X391.960 Y437.647
G01 X391.960 Y438.431
G01 X391.960 Y439.215
G01 X391.960 Y440.000
G01 X391.176 Y440.784
G01 X391.176 Y441.568
G01 X391.176 Y442.353
G01 X391.176 Y443.137
G01 X391.176 Y443.921
G01 X391.176 Y444.706
G01 X391.176 Y445.490
G01 X391.176 Y446.274
G01 X391.176 Y447.058
G01 X391.176 Y447.843
G01 X390.392 Y448.627
G01 X390.392 Y449.411
G01 X390.392 Y450.196
G01 X390.392 Y450.980
G01 X390.392 Y451.764
G01 X390.392 Y452.549
G01 X390.392 Y453.333
G01 X390.392 Y454.117
G01 X390.392 Y454.902
G01 X390.392 Y455.686
G01 X389.608 Y456.470
G01 X389.608 Y457.255
G01 X389.608 Y458.039
G01 X389.608 Y458.823
G01 X389.608 Y459.607
G01 X389.608 Y460.392
G01 X389.608 Y461.176
G01 X389.608 Y461.960
G01 X389.608 Y462.745
G01 X388.823 Y463.529
G01 X388.823 Y464.313
G01 X388.823 Y465.098
G01 X388.823 Y465.882
G01 X388.823 Y466.666
G01 X388.823 Y467.451
G01 X388.823 Y468.235
G01 X388.039 Y469.019
G01 X388.039 Y469.804
G01 X388.039 Y470.588
G01 X388.039 Y471.372
G01 X388.039 Y472.156
G01 X388.039 Y472.941
G01 X388.039 Y473.725
G01 X388.039 Y474.509
G01 X387.255 Y475.294
G01 X387.255 Y476.078
G01 X387.255 Y476.862
G01 X387.255 Y477.647
G01 X387.255 Y478.431
G01 X387.255 Y479.215
G01 X386.470 Y480.000
G01 X386.470 Y480.784
G01 X386.470 Y481.568
G01 X386.470 Y482.353
G01 X386.470 Y483.137
G01 X386.470 Y483.921
G01 X385.686 Y484.705
G01 X385.686 Y485.490
G01 X385.686 Y486.274
G01 X385.686 Y487.058
G01 X385.686 Y487.843
G01 X384.902 Y488.627
G01 X384.902 Y489.411
G01 X384.902 Y490.196
G01 X384.117 Y490.980
G01 X383.333 Y490.980
G01 X382.549 Y490.196
G01 X381.764 Y489.411
G01 X380.980 Y488.627
G01 X380.196 Y487.843
G01 X379.411 Y487.058
G01 X379.411 Y486.274
G01 X378.627 Y485.490
G01 X377.843 Y484.705
G01 X377.059 Y483.921
G01 X376.274 Y483.137
G01 X375.490 Y482.353
G01 X374.706 Y481.568
G01 X373.921 Y480.784
G01 X373.137 Y480.000
G01 X372.353 Y479.215
G01 X371.568 Y478.431
G01 X370.784 Y477.647
G01 X370.000 Y476.862
G01 X369.215 Y476.862
G01 X370.000 Y476.862
G01 X370.784 Y477.647
G01 X371.568 Y478.431
G01 X372.353 Y479.215
G01 X373.137 Y480.000
G01 X373.921 Y480.784
G01 X374.706 Y481.568
G01 X375.490 Y482.353
G01 X376.274 Y483.137
G01 X377.059 Y483.921
G01 X377.843 Y484.705
G01 X378.627 Y485.490
G01 X379.411 Y486.274
G01 X379.411 Y487.058
G01 X380.196 Y487.843
G01 X380.980 Y488.627
G01 X381.764 Y489.411
G01 X382.549 Y490.196
G01 X383.333 Y490.980

