;  Created by Sandify
;  https://sandify.org
;  Version: 0.2.6
;
;  Machine type: Rectangular
;    Min X (mm): 0
;    Max X (mm): 500
;    Min Y (mm): 0
;    Max Y (mm): 500
;  Content type: shape
;  Layer:
;    Shape: FileImport
;    Name: dither_strangthang.thr
;    From file:: dither_strangthang.thr
;    Aspect Ratio: true
;    Comments: 
;    Visible: true
;    Initial width: 10
;    Initial height: 10
;    X offset: 0
;    Y offset: 0
;    Rotate (degrees): 0
;    Reverse path: false
;    Fine tuning:
;      Connect to next layer: line
;      Draw portion of path (%): 100
;      Backtrack at end (%): 0
;      Rotate starting point (%): 0
;  Reverse export path: false
;
; File name: 'strangthang (E) (C C)'
; File type: gcode
;

G01 X0.005 Y250.005
G01 X0.161 Y256.252
G01 X0.317 Y262.500
G01 X1.231 Y274.736
G01 X1.254 Y274.963
G01 X1.877 Y280.103
G01 X2.500 Y285.243
G01 X2.812 Y287.365
G01 X3.510 Y291.183
G01 X4.209 Y295.002
G01 X4.909 Y298.822
G01 X5.608 Y302.641
G01 X4.988 Y299.671
G01 X6.226 Y304.697
G01 X7.463 Y309.724
G01 X8.701 Y314.750
G01 X9.939 Y319.776
G01 X8.858 Y315.815
G01 X7.776 Y311.856
G01 X9.700 Y318.033
G01 X11.622 Y324.209
G01 X13.545 Y330.385
G01 X15.468 Y336.562
G01 X13.319 Y330.224
G01 X11.171 Y323.885
G01 X12.546 Y327.514
G01 X13.921 Y331.142
G01 X15.295 Y334.772
G01 X16.670 Y338.401
G01 X18.045 Y342.029
G01 X19.420 Y345.659
G01 X20.795 Y349.288
G01 X22.170 Y352.918
G01 X20.418 Y348.620
G01 X18.666 Y344.324
G01 X16.913 Y340.026
G01 X15.161 Y335.728
G01 X17.017 Y339.858
G01 X18.874 Y343.986
G01 X20.730 Y348.115
G01 X22.586 Y352.243
G01 X24.442 Y356.372
G01 X26.298 Y360.500
G01 X28.154 Y364.629
G01 X30.010 Y368.757
G01 X27.442 Y363.408
G01 X24.875 Y358.058
G01 X22.307 Y352.709
G01 X19.740 Y347.360
G01 X22.141 Y351.940
G01 X24.541 Y356.521
G01 X26.944 Y361.101
G01 X29.344 Y365.682
G01 X31.745 Y370.262
G01 X34.147 Y374.843
G01 X36.548 Y379.423
G01 X38.950 Y384.004
G01 X35.435 Y377.689
G01 X31.921 Y371.375
G01 X28.406 Y365.060
G01 X24.892 Y358.745
G01 X27.899 Y363.726
G01 X30.906 Y368.704
G01 X33.911 Y373.683
G01 X36.918 Y378.663
G01 X39.925 Y383.642
G01 X42.930 Y388.622
G01 X45.938 Y393.601
G01 X48.944 Y398.579
G01 X46.651 Y394.990
G01 X44.361 Y391.401
G01 X42.069 Y387.810
G01 X39.776 Y384.221
G01 X37.485 Y380.630
G01 X35.192 Y377.041
G01 X32.901 Y373.451
G01 X30.608 Y369.861
G01 X34.276 Y375.180
G01 X37.942 Y380.500
G01 X41.610 Y385.819
G01 X45.276 Y391.137
G01 X48.942 Y396.457
G01 X52.610 Y401.776
G01 X56.276 Y407.094
G01 X59.944 Y412.413
G01 X57.060 Y408.447
G01 X54.175 Y404.480
G01 X51.293 Y400.512
G01 X48.409 Y396.545
G01 X45.524 Y392.577
G01 X42.641 Y388.611
G01 X39.757 Y384.644
G01 X36.874 Y380.677
G01 X41.250 Y386.272
G01 X45.629 Y391.867
G01 X50.005 Y397.462
G01 X54.384 Y403.057
G01 X58.760 Y408.651
G01 X63.137 Y414.247
G01 X67.516 Y419.841
G01 X71.892 Y425.435
G01 X68.365 Y421.153
G01 X64.838 Y416.868
G01 X61.310 Y412.584
G01 X57.781 Y408.300
G01 X54.254 Y404.017
G01 X50.726 Y399.733
G01 X47.199 Y395.449
G01 X43.671 Y391.166
G01 X46.237 Y394.067
G01 X48.803 Y396.968
G01 X51.370 Y399.868
G01 X53.937 Y402.769
G01 X56.502 Y405.671
G01 X59.069 Y408.572
G01 X61.635 Y411.473
G01 X64.202 Y414.374
G01 X66.767 Y417.274
G01 X69.334 Y420.175
G01 X71.901 Y423.077
G01 X74.468 Y425.978
G01 X77.034 Y428.879
G01 X79.600 Y431.779
G01 X82.166 Y434.680
G01 X84.733 Y437.582
G01 X80.514 Y433.046
G01 X76.296 Y428.512
G01 X72.077 Y423.976
G01 X67.858 Y419.442
G01 X63.639 Y414.906
G01 X59.421 Y410.372
G01 X55.202 Y405.837
G01 X50.983 Y401.302
G01 X53.947 Y404.269
G01 X56.911 Y407.238
G01 X59.874 Y410.206
G01 X62.838 Y413.173
G01 X65.800 Y416.142
G01 X68.764 Y419.110
G01 X71.728 Y422.077
G01 X74.690 Y425.046
G01 X77.654 Y428.014
G01 X80.618 Y430.981
G01 X83.581 Y433.950
G01 X86.545 Y436.918
G01 X89.507 Y439.885
G01 X92.471 Y442.853
G01 X95.435 Y445.822
G01 X98.399 Y448.790
G01 X93.447 Y444.074
G01 X88.497 Y439.356
G01 X83.546 Y434.641
G01 X78.596 Y429.925
G01 X73.646 Y425.207
G01 X68.695 Y420.492
G01 X63.745 Y415.776
G01 X58.793 Y411.058
G01 X62.171 Y414.055
G01 X65.548 Y417.053
G01 X68.923 Y420.048
G01 X72.300 Y423.046
G01 X75.678 Y426.041
G01 X79.055 Y429.038
G01 X82.432 Y432.034
G01 X85.808 Y435.031
G01 X89.185 Y438.029
G01 X92.562 Y441.024
G01 X95.938 Y444.022
G01 X99.315 Y447.017
G01 X102.692 Y450.014
G01 X106.069 Y453.010
G01 X109.445 Y456.007
G01 X112.822 Y459.004
G01 X107.105 Y454.180
G01 X101.387 Y449.356
G01 X95.670 Y444.533
G01 X89.952 Y439.709
G01 X84.235 Y434.885
G01 X78.517 Y430.062
G01 X72.800 Y425.238
G01 X67.082 Y420.415
G01 X70.885 Y423.399
G01 X74.689 Y426.385
G01 X78.492 Y429.370
G01 X82.295 Y432.355
G01 X86.098 Y435.339
G01 X89.901 Y438.325
G01 X93.704 Y441.310
G01 X97.507 Y444.295
G01 X101.310 Y447.279
G01 X105.113 Y450.264
G01 X108.916 Y453.250
G01 X112.719 Y456.233
G01 X116.522 Y459.219
G01 X120.325 Y462.204
G01 X124.128 Y465.189
G01 X127.931 Y468.173
G01 X124.675 Y465.748
G01 X121.418 Y463.320
G01 X118.161 Y460.894
G01 X114.904 Y458.466
G01 X111.649 Y456.040
G01 X108.392 Y453.613
G01 X105.135 Y451.185
G01 X101.880 Y448.759
G01 X98.623 Y446.332
G01 X95.367 Y443.904
G01 X92.110 Y441.478
G01 X88.853 Y439.052
G01 X85.598 Y436.625
G01 X82.341 Y434.197
G01 X79.084 Y431.771
G01 X75.827 Y429.344
G01 X80.067 Y432.276
G01 X84.305 Y435.207
G01 X88.545 Y438.139
G01 X92.784 Y441.072
G01 X97.022 Y444.004
G01 X101.260 Y446.935
G01 X105.500 Y449.867
G01 X109.738 Y452.798
G01 X113.978 Y455.731
G01 X118.216 Y458.663
G01 X122.456 Y461.594
G01 X126.695 Y464.526
G01 X130.933 Y467.459
G01 X135.171 Y470.389
G01 X139.411 Y473.322
G01 X143.649 Y476.254
G01 X139.985 Y473.851
G01 X136.320 Y471.450
G01 X132.654 Y469.048
G01 X128.990 Y466.647
G01 X125.325 Y464.245
G01 X121.659 Y461.843
G01 X117.995 Y459.440
G01 X114.329 Y457.038
G01 X110.665 Y454.637
G01 X106.999 Y452.236
G01 X103.334 Y449.834
G01 X99.668 Y447.432
G01 X96.005 Y445.031
G01 X92.339 Y442.629
G01 X88.673 Y440.226
G01 X85.009 Y437.825
G01 X89.690 Y440.661
G01 X94.370 Y443.497
G01 X99.050 Y446.332
G01 X103.731 Y449.168
G01 X108.413 Y452.005
G01 X113.094 Y454.841
G01 X117.774 Y457.678
G01 X122.455 Y460.514
G01 X127.135 Y463.350
G01 X131.815 Y466.185
G01 X136.497 Y469.022
G01 X141.178 Y471.858
G01 X145.858 Y474.695
G01 X150.538 Y477.531
G01 X155.219 Y480.367
G01 X159.901 Y483.202
G01 X155.820 Y480.867
G01 X151.738 Y478.531
G01 X147.656 Y476.197
G01 X143.576 Y473.861
G01 X139.495 Y471.526
G01 X135.413 Y469.190
G01 X131.332 Y466.855
G01 X127.252 Y464.519
G01 X123.170 Y462.183
G01 X119.089 Y459.849
G01 X115.007 Y457.514
G01 X110.927 Y455.178
G01 X106.846 Y452.843
G01 X102.764 Y450.507
G01 X98.683 Y448.171
G01 X94.603 Y445.837
G01 X99.728 Y448.534
G01 X104.851 Y451.230
G01 X109.976 Y453.927
G01 X115.101 Y456.624
G01 X120.226 Y459.320
G01 X125.352 Y462.017
G01 X130.476 Y464.714
G01 X135.601 Y467.411
G01 X140.726 Y470.108
G01 X145.851 Y472.805
G01 X150.976 Y475.502
G01 X156.101 Y478.199
G01 X161.226 Y480.896
G01 X166.351 Y483.591
G01 X171.476 Y486.288
G01 X176.601 Y488.986
G01 X172.101 Y486.759
G01 X167.600 Y484.533
G01 X163.099 Y482.305
G01 X158.596 Y480.079
G01 X154.096 Y477.853
G01 X149.594 Y475.625
G01 X145.094 Y473.399
G01 X140.593 Y471.173
G01 X136.091 Y468.945
G01 X131.591 Y466.719
G01 X127.090 Y464.492
G01 X122.589 Y462.266
G01 X118.088 Y460.038
G01 X113.587 Y457.812
G01 X109.084 Y455.586
G01 X104.584 Y453.358
G01 X110.151 Y455.873
G01 X115.719 Y458.385
G01 X121.288 Y460.899
G01 X126.856 Y463.413
G01 X132.423 Y465.925
G01 X137.990 Y468.440
G01 X143.558 Y470.952
G01 X149.127 Y473.466
G01 X154.695 Y475.980
G01 X160.262 Y478.493
G01 X165.831 Y481.007
G01 X171.397 Y483.521
G01 X176.966 Y486.034
G01 X182.534 Y488.548
G01 X188.101 Y491.062
G01 X193.670 Y493.575
G01 X188.748 Y491.500
G01 X183.827 Y489.425
G01 X178.906 Y487.349
G01 X173.985 Y485.274
G01 X169.062 Y483.199
G01 X164.142 Y481.124
G01 X159.221 Y479.048
G01 X154.298 Y476.974
G01 X149.377 Y474.899
G01 X144.457 Y472.824
G01 X139.536 Y470.748
G01 X134.615 Y468.673
G01 X129.692 Y466.598
G01 X124.772 Y464.522
G01 X119.851 Y462.447
G01 X114.928 Y460.373
G01 X120.935 Y462.659
G01 X126.941 Y464.944
G01 X132.945 Y467.230
G01 X138.952 Y469.516
G01 X144.957 Y471.802
G01 X150.963 Y474.088
G01 X156.969 Y476.374
G01 X162.974 Y478.659
G01 X168.980 Y480.945
G01 X174.985 Y483.231
G01 X180.990 Y485.517
G01 X186.997 Y487.803
G01 X193.002 Y490.089
G01 X199.007 Y492.375
G01 X205.012 Y494.661
G01 X211.019 Y496.945
G01 X205.680 Y495.065
G01 X200.343 Y493.185
G01 X195.005 Y491.305
G01 X189.666 Y489.425
G01 X184.329 Y487.545
G01 X178.992 Y485.663
G01 X173.654 Y483.784
G01 X168.315 Y481.904
G01 X162.978 Y480.022
G01 X157.639 Y478.142
G01 X152.302 Y476.262
G01 X146.964 Y474.382
G01 X141.625 Y472.502
G01 X136.288 Y470.622
G01 X130.950 Y468.740
G01 X125.612 Y466.861
G01 X132.046 Y468.875
G01 X138.481 Y470.889
G01 X144.916 Y472.903
G01 X151.350 Y474.916
G01 X157.784 Y476.930
G01 X164.219 Y478.944
G01 X170.653 Y480.957
G01 X177.088 Y482.971
G01 X183.522 Y484.986
G01 X189.957 Y487.000
G01 X196.391 Y489.014
G01 X202.826 Y491.028
G01 X209.260 Y493.041
G01 X215.695 Y495.055
G01 X222.129 Y497.070
G01 X228.562 Y499.084
G01 X222.815 Y497.440
G01 X217.069 Y495.798
G01 X211.320 Y494.156
G01 X205.574 Y492.514
G01 X199.827 Y490.872
G01 X194.079 Y489.230
G01 X188.332 Y487.587
G01 X182.584 Y485.945
G01 X176.837 Y484.303
G01 X171.089 Y482.661
G01 X165.343 Y481.017
G01 X159.594 Y479.375
G01 X153.848 Y477.733
G01 X148.101 Y476.091
G01 X142.353 Y474.449
G01 X136.606 Y472.807
G01 X143.457 Y474.505
G01 X150.307 Y476.202
G01 X157.158 Y477.901
G01 X164.007 Y479.599
G01 X170.858 Y481.296
G01 X177.709 Y482.995
G01 X184.560 Y484.694
G01 X191.409 Y486.392
G01 X198.260 Y488.089
G01 X205.111 Y489.788
G01 X211.962 Y491.486
G01 X218.812 Y493.183
G01 X225.663 Y494.882
G01 X232.514 Y496.579
G01 X239.364 Y498.278
G01 X246.215 Y499.976
G01 X240.069 Y498.615
G01 X233.923 Y497.254
G01 X227.778 Y495.892
G01 X221.632 Y494.531
G01 X215.486 Y493.170
G01 X209.339 Y491.808
G01 X203.195 Y490.447
G01 X197.048 Y489.086
G01 X190.903 Y487.725
G01 X184.757 Y486.363
G01 X178.612 Y485.002
G01 X172.466 Y483.641
G01 X166.320 Y482.279
G01 X160.175 Y480.918
G01 X154.029 Y479.557
G01 X147.882 Y478.195
G01 X155.132 Y479.534
G01 X162.382 Y480.874
G01 X169.632 Y482.213
G01 X176.884 Y483.552
G01 X184.134 Y484.891
G01 X191.384 Y486.230
G01 X198.634 Y487.569
G01 X205.884 Y488.908
G01 X213.134 Y490.247
G01 X220.384 Y491.586
G01 X227.634 Y492.925
G01 X234.885 Y494.262
G01 X242.135 Y495.601
G01 X249.385 Y496.940
G01 X256.635 Y498.279
G01 X263.885 Y499.618
G01 X257.356 Y498.582
G01 X250.827 Y497.543
G01 X244.297 Y496.505
G01 X237.767 Y495.468
G01 X231.238 Y494.430
G01 X224.709 Y493.392
G01 X218.180 Y492.355
G01 X211.649 Y491.317
G01 X205.120 Y490.279
G01 X198.591 Y489.242
G01 X192.062 Y488.204
G01 X185.533 Y487.166
G01 X179.004 Y486.127
G01 X172.474 Y485.089
G01 X165.945 Y484.053
G01 X159.416 Y483.014
G01 X163.230 Y483.483
G01 X167.045 Y483.952
G01 X170.860 Y484.421
G01 X174.673 Y484.889
G01 X178.488 Y485.358
G01 X182.303 Y485.827
G01 X186.118 Y486.296
G01 X189.933 Y486.764
G01 X193.748 Y487.233
G01 X197.562 Y487.702
G01 X201.377 Y488.171
G01 X205.192 Y488.639
G01 X209.007 Y489.108
G01 X212.820 Y489.577
G01 X216.635 Y490.046
G01 X220.451 Y490.514
G01 X224.266 Y490.983
G01 X228.079 Y491.452
G01 X231.894 Y491.921
G01 X235.709 Y492.389
G01 X239.524 Y492.858
G01 X243.339 Y493.327
G01 X247.154 Y493.796
G01 X250.969 Y494.264
G01 X254.783 Y494.733
G01 X258.598 Y495.202
G01 X262.413 Y495.671
G01 X266.227 Y496.139
G01 X270.042 Y496.608
G01 X273.857 Y497.077
G01 X277.671 Y497.546
G01 X281.486 Y498.014
G01 X274.591 Y497.341
G01 X267.697 Y496.670
G01 X260.803 Y495.997
G01 X253.908 Y495.324
G01 X247.014 Y494.651
G01 X240.118 Y493.978
G01 X233.225 Y493.305
G01 X226.329 Y492.632
G01 X219.435 Y491.959
G01 X212.541 Y491.288
G01 X205.647 Y490.615
G01 X198.752 Y489.942
G01 X191.858 Y489.269
G01 X184.963 Y488.596
G01 X178.069 Y487.923
G01 X171.173 Y487.250
G01 X175.166 Y487.499
G01 X179.159 Y487.745
G01 X183.151 Y487.993
G01 X187.144 Y488.240
G01 X191.135 Y488.488
G01 X195.129 Y488.736
G01 X199.120 Y488.983
G01 X203.113 Y489.231
G01 X207.106 Y489.478
G01 X211.098 Y489.726
G01 X215.089 Y489.974
G01 X219.082 Y490.221
G01 X223.075 Y490.468
G01 X227.067 Y490.716
G01 X231.060 Y490.964
G01 X235.052 Y491.211
G01 X239.043 Y491.459
G01 X243.037 Y491.706
G01 X247.029 Y491.952
G01 X251.021 Y492.201
G01 X255.014 Y492.449
G01 X259.006 Y492.695
G01 X262.999 Y492.944
G01 X266.990 Y493.190
G01 X270.983 Y493.438
G01 X274.976 Y493.685
G01 X278.968 Y493.933
G01 X282.960 Y494.180
G01 X286.953 Y494.428
G01 X290.945 Y494.675
G01 X294.937 Y494.923
G01 X298.930 Y495.171
G01 X291.692 Y494.904
G01 X284.454 Y494.635
G01 X277.216 Y494.368
G01 X269.980 Y494.101
G01 X262.742 Y493.834
G01 X255.505 Y493.567
G01 X248.268 Y493.300
G01 X241.029 Y493.033
G01 X233.793 Y492.764
G01 X226.555 Y492.498
G01 X219.317 Y492.231
G01 X212.079 Y491.964
G01 X204.843 Y491.695
G01 X197.605 Y491.428
G01 X190.368 Y491.161
G01 X183.130 Y490.894
G01 X187.286 Y490.901
G01 X191.442 Y490.908
G01 X195.599 Y490.913
G01 X199.755 Y490.920
G01 X203.911 Y490.927
G01 X208.067 Y490.933
G01 X212.224 Y490.940
G01 X216.380 Y490.945
G01 X220.536 Y490.952
G01 X224.692 Y490.959
G01 X228.848 Y490.966
G01 X233.005 Y490.971
G01 X237.161 Y490.978
G01 X241.317 Y490.985
G01 X245.473 Y490.992
G01 X249.630 Y490.998
G01 X253.786 Y491.005
G01 X257.942 Y491.010
G01 X262.098 Y491.017
G01 X266.254 Y491.024
G01 X270.411 Y491.029
G01 X274.567 Y491.036
G01 X278.723 Y491.043
G01 X282.879 Y491.050
G01 X287.035 Y491.057
G01 X291.192 Y491.062
G01 X295.348 Y491.069
G01 X299.504 Y491.076
G01 X303.660 Y491.082
G01 X307.817 Y491.089
G01 X311.973 Y491.094
G01 X316.129 Y491.101
G01 X312.352 Y491.190
G01 X308.574 Y491.279
G01 X304.797 Y491.367
G01 X301.019 Y491.456
G01 X297.242 Y491.545
G01 X293.465 Y491.632
G01 X289.687 Y491.721
G01 X285.910 Y491.810
G01 X282.132 Y491.899
G01 X278.355 Y491.987
G01 X274.578 Y492.076
G01 X270.800 Y492.163
G01 X267.023 Y492.252
G01 X263.246 Y492.341
G01 X259.468 Y492.430
G01 X255.691 Y492.519
G01 X251.914 Y492.606
G01 X248.136 Y492.695
G01 X244.359 Y492.784
G01 X240.582 Y492.873
G01 X236.803 Y492.962
G01 X233.026 Y493.050
G01 X229.249 Y493.139
G01 X225.471 Y493.226
G01 X221.695 Y493.315
G01 X217.916 Y493.404
G01 X214.139 Y493.493
G01 X210.363 Y493.581
G01 X206.584 Y493.670
G01 X202.808 Y493.759
G01 X199.031 Y493.846
G01 X195.252 Y493.935
G01 X199.558 Y493.682
G01 X203.862 Y493.428
G01 X208.166 Y493.175
G01 X212.471 Y492.921
G01 X216.776 Y492.668
G01 X221.079 Y492.415
G01 X225.385 Y492.161
G01 X229.689 Y491.909
G01 X233.993 Y491.654
G01 X238.298 Y491.401
G01 X242.603 Y491.149
G01 X246.907 Y490.894
G01 X251.212 Y490.642
G01 X255.516 Y490.387
G01 X259.821 Y490.135
G01 X264.125 Y489.882
G01 X268.430 Y489.627
G01 X272.734 Y489.375
G01 X277.038 Y489.120
G01 X281.344 Y488.868
G01 X285.648 Y488.615
G01 X289.953 Y488.361
G01 X294.257 Y488.108
G01 X298.561 Y487.853
G01 X302.865 Y487.601
G01 X307.171 Y487.348
G01 X311.475 Y487.094
G01 X315.780 Y486.841
G01 X320.084 Y486.588
G01 X324.389 Y486.334
G01 X328.692 Y486.081
G01 X332.998 Y485.827
G01 X329.076 Y486.156
G01 X325.155 Y486.486
G01 X321.233 Y486.815
G01 X317.312 Y487.144
G01 X313.391 Y487.474
G01 X309.469 Y487.803
G01 X305.548 Y488.132
G01 X301.627 Y488.462
G01 X297.704 Y488.791
G01 X293.784 Y489.120
G01 X289.862 Y489.451
G01 X285.941 Y489.779
G01 X282.019 Y490.108
G01 X278.098 Y490.439
G01 X274.177 Y490.767
G01 X270.255 Y491.098
G01 X266.334 Y491.427
G01 X262.413 Y491.755
G01 X258.490 Y492.086
G01 X254.570 Y492.415
G01 X250.648 Y492.743
G01 X246.727 Y493.074
G01 X242.806 Y493.403
G01 X238.884 Y493.731
G01 X234.963 Y494.062
G01 X231.041 Y494.391
G01 X227.120 Y494.721
G01 X223.199 Y495.050
G01 X219.276 Y495.379
G01 X215.356 Y495.709
G01 X211.435 Y496.038
G01 X207.512 Y496.367
G01 X211.949 Y495.837
G01 X216.384 Y495.305
G01 X220.820 Y494.774
G01 X225.255 Y494.243
G01 X229.690 Y493.712
G01 X234.127 Y493.180
G01 X238.562 Y492.649
G01 X242.998 Y492.118
G01 X247.433 Y491.588
G01 X251.869 Y491.057
G01 X256.304 Y490.526
G01 X260.740 Y489.995
G01 X265.175 Y489.464
G01 X269.611 Y488.933
G01 X274.047 Y488.401
G01 X278.482 Y487.870
G01 X282.918 Y487.339
G01 X287.353 Y486.808
G01 X291.788 Y486.278
G01 X296.225 Y485.747
G01 X300.660 Y485.216
G01 X305.096 Y484.685
G01 X309.531 Y484.154
G01 X313.966 Y483.623
G01 X318.403 Y483.091
G01 X322.838 Y482.560
G01 X327.274 Y482.029
G01 X331.709 Y481.499
G01 X336.144 Y480.968
G01 X340.579 Y480.437
G01 X345.016 Y479.906
G01 X349.452 Y479.375
G01 X345.401 Y479.962
G01 X341.353 Y480.550
G01 X337.304 Y481.137
G01 X333.255 Y481.726
G01 X329.206 Y482.312
G01 X325.156 Y482.901
G01 X321.108 Y483.488
G01 X317.058 Y484.077
G01 X313.009 Y484.665
G01 X308.960 Y485.252
G01 X304.911 Y485.839
G01 X300.862 Y486.428
G01 X296.812 Y487.016
G01 X292.764 Y487.603
G01 X288.714 Y488.190
G01 X284.665 Y488.779
G01 X280.615 Y489.367
G01 X276.567 Y489.954
G01 X272.518 Y490.541
G01 X268.469 Y491.130
G01 X264.420 Y491.718
G01 X260.371 Y492.305
G01 X256.321 Y492.892
G01 X252.272 Y493.481
G01 X248.223 Y494.069
G01 X244.174 Y494.656
G01 X240.125 Y495.243
G01 X236.076 Y495.832
G01 X232.026 Y496.420
G01 X227.976 Y497.007
G01 X223.928 Y497.596
G01 X219.879 Y498.183
G01 X224.427 Y497.358
G01 X228.975 Y496.533
G01 X233.522 Y495.707
G01 X238.070 Y494.882
G01 X242.618 Y494.057
G01 X247.166 Y493.231
G01 X251.714 Y492.406
G01 X256.261 Y491.581
G01 X260.809 Y490.755
G01 X265.357 Y489.930
G01 X269.905 Y489.106
G01 X274.453 Y488.279
G01 X279.000 Y487.454
G01 X283.548 Y486.630
G01 X288.096 Y485.803
G01 X292.644 Y484.978
G01 X297.192 Y484.154
G01 X301.739 Y483.329
G01 X306.287 Y482.502
G01 X310.835 Y481.678
G01 X315.382 Y480.853
G01 X319.930 Y480.028
G01 X324.478 Y479.202
G01 X329.026 Y478.377
G01 X333.574 Y477.552
G01 X338.122 Y476.726
G01 X342.668 Y475.901
G01 X347.216 Y475.076
G01 X351.764 Y474.250
G01 X356.312 Y473.425
G01 X360.861 Y472.601
G01 X365.408 Y471.774
G01 X361.249 Y472.637
G01 X357.090 Y473.500
G01 X352.930 Y474.363
G01 X348.772 Y475.226
G01 X344.613 Y476.088
G01 X340.454 Y476.951
G01 X336.295 Y477.814
G01 X332.136 Y478.675
G01 X327.977 Y479.538
G01 X323.817 Y480.401
G01 X319.659 Y481.264
G01 X315.500 Y482.127
G01 X311.341 Y482.988
G01 X307.182 Y483.851
G01 X303.023 Y484.714
G01 X298.864 Y485.577
G01 X294.706 Y486.440
G01 X290.547 Y487.302
G01 X286.387 Y488.165
G01 X282.228 Y489.026
G01 X278.069 Y489.889
G01 X273.911 Y490.752
G01 X269.752 Y491.615
G01 X265.593 Y492.478
G01 X261.434 Y493.341
G01 X257.274 Y494.202
G01 X253.116 Y495.065
G01 X248.957 Y495.928
G01 X244.797 Y496.791
G01 X240.639 Y497.653
G01 X236.480 Y498.516
G01 X232.320 Y499.379
G01 X236.960 Y498.243
G01 X241.600 Y497.108
G01 X246.240 Y495.975
G01 X250.879 Y494.839
G01 X255.519 Y493.704
G01 X260.158 Y492.570
G01 X264.798 Y491.435
G01 X269.438 Y490.300
G01 X274.077 Y489.166
G01 X278.716 Y488.031
G01 X283.357 Y486.897
G01 X287.996 Y485.762
G01 X292.636 Y484.627
G01 X297.275 Y483.493
G01 X301.915 Y482.358
G01 X306.555 Y481.223
G01 X311.194 Y480.089
G01 X315.834 Y478.954
G01 X320.473 Y477.819
G01 X325.113 Y476.683
G01 X329.752 Y475.550
G01 X334.392 Y474.415
G01 X339.031 Y473.279
G01 X343.672 Y472.144
G01 X348.311 Y471.010
G01 X352.951 Y469.875
G01 X357.590 Y468.740
G01 X362.230 Y467.606
G01 X366.870 Y466.471
G01 X371.509 Y465.337
G01 X376.149 Y464.202
G01 X380.788 Y463.067
G01 X376.538 Y464.219
G01 X372.290 Y465.373
G01 X368.040 Y466.524
G01 X363.791 Y467.678
G01 X359.541 Y468.831
G01 X355.292 Y469.983
G01 X351.042 Y471.135
G01 X346.793 Y472.288
G01 X342.543 Y473.440
G01 X338.293 Y474.594
G01 X334.043 Y475.745
G01 X329.795 Y476.899
G01 X325.546 Y478.052
G01 X321.296 Y479.204
G01 X317.047 Y480.356
G01 X312.797 Y481.509
G01 X308.548 Y482.661
G01 X304.298 Y483.814
G01 X300.049 Y484.966
G01 X295.800 Y486.120
G01 X291.550 Y487.272
G01 X287.300 Y488.425
G01 X283.050 Y489.577
G01 X278.802 Y490.730
G01 X274.552 Y491.882
G01 X270.303 Y493.034
G01 X266.053 Y494.188
G01 X261.804 Y495.339
G01 X257.554 Y496.493
G01 X253.305 Y497.646
G01 X249.056 Y498.798
G01 X244.806 Y499.951
G01 X249.516 Y498.493
G01 X254.226 Y497.034
G01 X258.935 Y495.577
G01 X263.644 Y494.118
G01 X268.353 Y492.661
G01 X273.064 Y491.202
G01 X277.774 Y489.745
G01 X282.483 Y488.286
G01 X287.192 Y486.829
G01 X291.903 Y485.370
G01 X296.612 Y483.913
G01 X301.322 Y482.454
G01 X306.031 Y480.997
G01 X310.740 Y479.538
G01 X315.451 Y478.081
G01 X320.160 Y476.623
G01 X324.870 Y475.165
G01 X329.579 Y473.707
G01 X334.288 Y472.249
G01 X338.999 Y470.791
G01 X343.709 Y469.332
G01 X348.418 Y467.875
G01 X353.127 Y466.416
G01 X357.838 Y464.959
G01 X362.547 Y463.500
G01 X367.257 Y462.043
G01 X371.966 Y460.584
G01 X376.676 Y459.127
G01 X381.385 Y457.668
G01 X386.096 Y456.211
G01 X390.805 Y454.752
G01 X395.514 Y453.295
G01 X391.196 Y454.750
G01 X386.877 Y456.207
G01 X382.558 Y457.663
G01 X378.238 Y459.120
G01 X373.918 Y460.577
G01 X369.600 Y462.033
G01 X365.281 Y463.490
G01 X360.962 Y464.945
G01 X356.643 Y466.401
G01 X352.324 Y467.858
G01 X348.005 Y469.315
G01 X343.686 Y470.771
G01 X339.367 Y472.228
G01 X335.048 Y473.683
G01 X330.728 Y475.139
G01 X326.410 Y476.596
G01 X322.091 Y478.053
G01 X317.772 Y479.509
G01 X313.453 Y480.966
G01 X309.132 Y482.421
G01 X304.814 Y483.879
G01 X300.495 Y485.334
G01 X296.175 Y486.791
G01 X291.857 Y488.248
G01 X287.538 Y489.704
G01 X283.219 Y491.159
G01 X278.900 Y492.617
G01 X274.581 Y494.072
G01 X270.262 Y495.529
G01 X265.942 Y496.986
G01 X261.624 Y498.442
G01 X257.305 Y499.897
G01 X262.061 Y498.105
G01 X266.817 Y496.310
G01 X271.574 Y494.517
G01 X276.331 Y492.724
G01 X281.087 Y490.930
G01 X285.844 Y489.137
G01 X290.601 Y487.344
G01 X295.357 Y485.550
G01 X300.114 Y483.757
G01 X304.870 Y481.963
G01 X309.627 Y480.170
G01 X314.382 Y478.377
G01 X319.139 Y476.582
G01 X323.896 Y474.788
G01 X328.653 Y472.995
G01 X333.409 Y471.202
G01 X338.166 Y469.409
G01 X342.922 Y467.615
G01 X347.679 Y465.822
G01 X352.436 Y464.029
G01 X357.192 Y462.235
G01 X361.949 Y460.442
G01 X366.704 Y458.647
G01 X371.462 Y456.853
G01 X376.218 Y455.060
G01 X380.975 Y453.267
G01 X385.731 Y451.474
G01 X390.488 Y449.680
G01 X395.245 Y447.887
G01 X400.000 Y446.094
G01 X404.757 Y444.300
G01 X409.514 Y442.507
G01 X405.147 Y444.279
G01 X400.781 Y446.050
G01 X396.413 Y447.824
G01 X392.048 Y449.596
G01 X387.680 Y451.368
G01 X383.315 Y453.141
G01 X378.947 Y454.913
G01 X374.582 Y456.685
G01 X370.215 Y458.457
G01 X365.849 Y460.230
G01 X361.482 Y462.002
G01 X357.115 Y463.774
G01 X352.749 Y465.546
G01 X348.382 Y467.319
G01 X344.016 Y469.091
G01 X339.649 Y470.863
G01 X335.283 Y472.635
G01 X330.917 Y474.408
G01 X326.550 Y476.180
G01 X322.183 Y477.952
G01 X317.817 Y479.725
G01 X313.450 Y481.498
G01 X309.084 Y483.269
G01 X304.716 Y485.041
G01 X300.351 Y486.815
G01 X295.984 Y488.587
G01 X291.618 Y490.360
G01 X287.251 Y492.132
G01 X282.885 Y493.904
G01 X278.518 Y495.677
G01 X274.151 Y497.449
G01 X269.785 Y499.221
G01 X274.564 Y497.082
G01 X279.343 Y494.942
G01 X284.122 Y492.803
G01 X288.901 Y490.663
G01 X293.680 Y488.524
G01 X298.460 Y486.384
G01 X303.239 Y484.243
G01 X308.018 Y482.105
G01 X312.797 Y479.964
G01 X317.576 Y477.826
G01 X322.355 Y475.685
G01 X327.134 Y473.546
G01 X331.913 Y471.406
G01 X336.692 Y469.267
G01 X341.471 Y467.127
G01 X346.251 Y464.988
G01 X351.030 Y462.849
G01 X355.809 Y460.709
G01 X360.588 Y458.570
G01 X365.367 Y456.430
G01 X370.146 Y454.291
G01 X374.925 Y452.151
G01 X379.704 Y450.012
G01 X384.483 Y447.872
G01 X389.262 Y445.733
G01 X394.041 Y443.593
G01 X398.821 Y441.454
G01 X403.600 Y439.314
G01 X408.379 Y437.175
G01 X413.158 Y435.034
G01 X417.937 Y432.894
G01 X422.716 Y430.755
G01 X418.325 Y432.855
G01 X413.935 Y434.954
G01 X409.543 Y437.053
G01 X405.153 Y439.151
G01 X400.762 Y441.250
G01 X396.372 Y443.349
G01 X391.981 Y445.447
G01 X387.591 Y447.546
G01 X383.200 Y449.646
G01 X378.810 Y451.745
G01 X374.418 Y453.844
G01 X370.028 Y455.942
G01 X365.638 Y458.041
G01 X361.247 Y460.141
G01 X356.857 Y462.240
G01 X352.466 Y464.339
G01 X348.076 Y466.438
G01 X343.685 Y468.536
G01 X339.293 Y470.635
G01 X334.903 Y472.733
G01 X330.513 Y474.832
G01 X326.122 Y476.932
G01 X321.732 Y479.031
G01 X317.341 Y481.130
G01 X312.950 Y483.228
G01 X308.560 Y485.327
G01 X304.168 Y487.427
G01 X299.778 Y489.526
G01 X295.388 Y491.624
G01 X290.997 Y493.723
G01 X286.607 Y495.822
G01 X282.216 Y497.921
G01 X286.992 Y495.427
G01 X291.768 Y492.932
G01 X296.545 Y490.438
G01 X301.321 Y487.944
G01 X306.097 Y485.450
G01 X310.873 Y482.954
G01 X315.649 Y480.461
G01 X320.425 Y477.966
G01 X325.202 Y475.471
G01 X329.978 Y472.978
G01 X334.754 Y470.483
G01 X339.531 Y467.988
G01 X344.307 Y465.495
G01 X349.083 Y463.000
G01 X353.859 Y460.505
G01 X358.635 Y458.012
G01 X363.412 Y455.517
G01 X368.188 Y453.022
G01 X372.964 Y450.528
G01 X377.740 Y448.034
G01 X382.515 Y445.540
G01 X387.293 Y443.045
G01 X392.068 Y440.550
G01 X396.845 Y438.057
G01 X401.620 Y435.562
G01 X406.397 Y433.067
G01 X411.173 Y430.574
G01 X415.950 Y428.079
G01 X420.726 Y425.584
G01 X425.502 Y423.091
G01 X430.278 Y420.596
G01 X435.055 Y418.101
G01 X430.664 Y420.536
G01 X426.274 Y422.971
G01 X421.884 Y425.404
G01 X417.494 Y427.839
G01 X413.103 Y430.274
G01 X408.712 Y432.707
G01 X404.322 Y435.142
G01 X399.933 Y437.577
G01 X395.542 Y440.010
G01 X391.151 Y442.445
G01 X386.762 Y444.880
G01 X382.372 Y447.314
G01 X377.981 Y449.749
G01 X373.591 Y452.183
G01 X369.201 Y454.617
G01 X364.811 Y457.052
G01 X360.420 Y459.486
G01 X356.030 Y461.920
G01 X351.639 Y464.355
G01 X347.250 Y466.788
G01 X342.859 Y469.223
G01 X338.469 Y471.658
G01 X334.079 Y474.091
G01 X329.688 Y476.526
G01 X325.298 Y478.961
G01 X320.908 Y481.394
G01 X316.518 Y483.829
G01 X312.127 Y486.264
G01 X307.737 Y488.697
G01 X303.347 Y491.132
G01 X298.957 Y493.567
G01 X294.566 Y496.002
G01 X299.312 Y493.146
G01 X304.060 Y490.288
G01 X308.807 Y487.433
G01 X313.554 Y484.577
G01 X318.300 Y481.721
G01 X323.048 Y478.865
G01 X327.795 Y476.009
G01 X332.542 Y473.153
G01 X337.288 Y470.296
G01 X342.036 Y467.440
G01 X346.783 Y464.584
G01 X351.530 Y461.728
G01 X356.276 Y458.873
G01 X361.024 Y456.017
G01 X365.771 Y453.161
G01 X370.518 Y450.305
G01 X375.264 Y447.449
G01 X380.010 Y444.593
G01 X384.757 Y441.736
G01 X389.505 Y438.880
G01 X394.252 Y436.024
G01 X398.999 Y433.168
G01 X403.745 Y430.312
G01 X408.493 Y427.456
G01 X413.240 Y424.600
G01 X417.986 Y421.743
G01 X422.733 Y418.887
G01 X427.481 Y416.031
G01 X432.228 Y413.175
G01 X436.975 Y410.320
G01 X441.721 Y407.464
G01 X446.469 Y404.608
G01 X442.103 Y407.385
G01 X437.740 Y410.161
G01 X433.375 Y412.939
G01 X429.010 Y415.714
G01 X424.646 Y418.492
G01 X420.281 Y421.269
G01 X415.917 Y424.046
G01 X411.553 Y426.822
G01 X407.188 Y429.599
G01 X402.824 Y432.375
G01 X398.459 Y435.153
G01 X394.095 Y437.930
G01 X389.730 Y440.707
G01 X385.365 Y443.483
G01 X381.000 Y446.260
G01 X376.637 Y449.036
G01 X372.272 Y451.814
G01 X367.908 Y454.591
G01 X363.543 Y457.368
G01 X359.179 Y460.144
G01 X354.815 Y462.921
G01 X350.450 Y465.697
G01 X346.086 Y468.475
G01 X341.721 Y471.252
G01 X337.357 Y474.029
G01 X332.992 Y476.805
G01 X328.627 Y479.582
G01 X324.263 Y482.360
G01 X319.899 Y485.137
G01 X315.534 Y487.913
G01 X311.170 Y490.690
G01 X306.805 Y493.466
G01 X311.496 Y490.243
G01 X316.186 Y487.022
G01 X320.877 Y483.798
G01 X325.567 Y480.576
G01 X330.257 Y477.353
G01 X334.948 Y474.130
G01 X339.639 Y470.908
G01 X344.329 Y467.685
G01 X349.019 Y464.463
G01 X353.710 Y461.240
G01 X358.401 Y458.017
G01 X363.091 Y454.795
G01 X367.781 Y451.572
G01 X372.471 Y448.349
G01 X377.163 Y445.127
G01 X381.853 Y441.904
G01 X386.543 Y438.680
G01 X391.233 Y435.459
G01 X395.923 Y432.236
G01 X400.615 Y429.012
G01 X405.305 Y425.790
G01 X409.995 Y422.567
G01 X414.685 Y419.344
G01 X419.377 Y416.122
G01 X424.067 Y412.899
G01 X428.757 Y409.677
G01 X433.447 Y406.454
G01 X438.139 Y403.231
G01 X442.829 Y400.009
G01 X447.519 Y396.786
G01 X452.209 Y393.564
G01 X456.901 Y390.341
G01 X452.587 Y393.464
G01 X448.276 Y396.589
G01 X443.962 Y399.714
G01 X439.651 Y402.839
G01 X435.339 Y405.963
G01 X431.026 Y409.088
G01 X426.714 Y412.212
G01 X422.401 Y415.337
G01 X418.089 Y418.461
G01 X413.776 Y421.584
G01 X409.464 Y424.709
G01 X405.151 Y427.834
G01 X400.839 Y430.959
G01 X396.526 Y434.082
G01 X392.214 Y437.207
G01 X387.901 Y440.332
G01 X383.589 Y443.457
G01 X379.276 Y446.581
G01 X374.964 Y449.706
G01 X370.651 Y452.829
G01 X366.339 Y455.954
G01 X362.026 Y459.079
G01 X357.715 Y462.204
G01 X353.401 Y465.327
G01 X349.090 Y468.452
G01 X344.776 Y471.577
G01 X340.465 Y474.702
G01 X336.151 Y477.826
G01 X331.840 Y480.950
G01 X327.526 Y484.075
G01 X323.215 Y487.199
G01 X318.901 Y490.324
G01 X323.509 Y486.731
G01 X328.115 Y483.139
G01 X332.721 Y479.546
G01 X337.327 Y475.954
G01 X341.933 Y472.363
G01 X346.538 Y468.769
G01 X351.144 Y465.178
G01 X355.751 Y461.586
G01 X360.358 Y457.993
G01 X364.964 Y454.401
G01 X369.570 Y450.808
G01 X374.176 Y447.216
G01 X378.781 Y443.625
G01 X383.387 Y440.033
G01 X387.994 Y436.440
G01 X392.600 Y432.848
G01 X397.207 Y429.255
G01 X401.812 Y425.663
G01 X406.418 Y422.070
G01 X411.024 Y418.478
G01 X415.630 Y414.887
G01 X420.236 Y411.295
G01 X424.842 Y407.702
G01 X429.450 Y404.110
G01 X434.055 Y400.517
G01 X438.661 Y396.925
G01 X443.268 Y393.334
G01 X447.874 Y389.742
G01 X452.480 Y386.149
G01 X457.086 Y382.557
G01 X461.692 Y378.964
G01 X466.298 Y375.373
G01 X462.065 Y378.848
G01 X457.832 Y382.322
G01 X453.598 Y385.798
G01 X449.365 Y389.274
G01 X445.130 Y392.749
G01 X440.898 Y396.224
G01 X436.663 Y399.699
G01 X432.430 Y403.175
G01 X428.197 Y406.649
G01 X423.964 Y410.125
G01 X419.730 Y413.600
G01 X415.497 Y417.075
G01 X411.262 Y420.550
G01 X407.029 Y424.026
G01 X402.796 Y427.500
G01 X398.562 Y430.976
G01 X394.329 Y434.452
G01 X390.096 Y437.927
G01 X385.861 Y441.401
G01 X381.629 Y444.877
G01 X377.396 Y448.351
G01 X373.162 Y451.827
G01 X368.929 Y455.303
G01 X364.695 Y458.778
G01 X360.462 Y462.252
G01 X356.228 Y465.728
G01 X351.995 Y469.204
G01 X347.761 Y472.678
G01 X343.528 Y476.154
G01 X339.293 Y479.630
G01 X335.061 Y483.105
G01 X330.827 Y486.579
G01 X335.321 Y482.618
G01 X339.814 Y478.654
G01 X344.307 Y474.692
G01 X348.800 Y470.730
G01 X353.293 Y466.767
G01 X357.788 Y462.805
G01 X362.281 Y458.841
G01 X366.774 Y454.879
G01 X371.268 Y450.916
G01 X375.761 Y446.954
G01 X380.255 Y442.992
G01 X384.748 Y439.029
G01 X389.240 Y435.067
G01 X393.735 Y431.103
G01 X398.228 Y427.141
G01 X402.721 Y423.178
G01 X407.214 Y419.216
G01 X411.707 Y415.254
G01 X416.201 Y411.291
G01 X420.695 Y407.329
G01 X425.188 Y403.365
G01 X429.682 Y399.404
G01 X434.175 Y395.440
G01 X438.668 Y391.478
G01 X443.161 Y387.516
G01 X447.654 Y383.553
G01 X452.149 Y379.591
G01 X456.642 Y375.627
G01 X461.135 Y371.666
G01 X465.629 Y367.702
G01 X470.121 Y363.740
G01 X474.615 Y359.778
G01 X470.489 Y363.605
G01 X466.361 Y367.432
G01 X462.235 Y371.259
G01 X458.106 Y375.086
G01 X453.980 Y378.913
G01 X449.853 Y382.740
G01 X445.726 Y386.567
G01 X441.599 Y390.394
G01 X437.471 Y394.221
G01 X433.345 Y398.048
G01 X429.217 Y401.875
G01 X425.091 Y405.702
G01 X420.964 Y409.529
G01 X416.837 Y413.356
G01 X412.709 Y417.183
G01 X408.582 Y421.012
G01 X404.456 Y424.839
G01 X400.329 Y428.666
G01 X396.202 Y432.493
G01 X392.075 Y436.320
G01 X387.947 Y440.147
G01 X383.820 Y443.974
G01 X379.692 Y447.800
G01 X375.566 Y451.627
G01 X371.439 Y455.454
G01 X367.312 Y459.281
G01 X363.185 Y463.108
G01 X359.058 Y466.937
G01 X354.930 Y470.764
G01 X350.804 Y474.591
G01 X346.677 Y478.418
G01 X342.550 Y482.245
G01 X346.901 Y477.913
G01 X351.254 Y473.582
G01 X355.606 Y469.250
G01 X359.958 Y464.918
G01 X364.309 Y460.587
G01 X368.661 Y456.255
G01 X373.013 Y451.923
G01 X377.365 Y447.591
G01 X381.716 Y443.260
G01 X386.068 Y438.928
G01 X390.421 Y434.598
G01 X394.773 Y430.266
G01 X399.124 Y425.933
G01 X403.476 Y421.603
G01 X407.827 Y417.271
G01 X412.180 Y412.940
G01 X416.531 Y408.608
G01 X420.884 Y404.276
G01 X425.236 Y399.945
G01 X429.587 Y395.613
G01 X433.938 Y391.281
G01 X438.291 Y386.950
G01 X442.643 Y382.618
G01 X446.995 Y378.286
G01 X451.346 Y373.956
G01 X455.699 Y369.624
G01 X460.050 Y365.291
G01 X464.403 Y360.961
G01 X468.754 Y356.629
G01 X473.106 Y352.298
G01 X477.457 Y347.966
G01 X481.810 Y343.634
G01 X477.817 Y347.812
G01 X473.823 Y351.990
G01 X469.832 Y356.168
G01 X465.839 Y360.346
G01 X461.846 Y364.524
G01 X457.853 Y368.702
G01 X453.861 Y372.880
G01 X449.868 Y377.058
G01 X445.875 Y381.236
G01 X441.882 Y385.413
G01 X437.889 Y389.591
G01 X433.897 Y393.769
G01 X429.904 Y397.947
G01 X425.911 Y402.125
G01 X421.918 Y406.303
G01 X417.925 Y410.481
G01 X413.933 Y414.659
G01 X409.940 Y418.838
G01 X405.947 Y423.016
G01 X401.954 Y427.194
G01 X397.962 Y431.372
G01 X393.969 Y435.550
G01 X389.976 Y439.728
G01 X385.983 Y443.906
G01 X381.990 Y448.084
G01 X377.998 Y452.262
G01 X374.005 Y456.439
G01 X370.013 Y460.618
G01 X366.019 Y464.796
G01 X362.026 Y468.974
G01 X358.034 Y473.151
G01 X354.041 Y477.329
G01 X358.223 Y472.632
G01 X362.404 Y467.935
G01 X366.586 Y463.238
G01 X370.767 Y458.541
G01 X374.947 Y453.844
G01 X379.130 Y449.147
G01 X383.310 Y444.450
G01 X387.491 Y439.752
G01 X391.673 Y435.055
G01 X395.855 Y430.358
G01 X400.036 Y425.661
G01 X404.217 Y420.964
G01 X408.399 Y416.267
G01 X412.581 Y411.570
G01 X416.762 Y406.873
G01 X420.943 Y402.175
G01 X425.125 Y397.478
G01 X429.305 Y392.781
G01 X433.488 Y388.084
G01 X437.668 Y383.387
G01 X441.851 Y378.690
G01 X446.031 Y373.993
G01 X450.212 Y369.296
G01 X454.394 Y364.600
G01 X458.576 Y359.903
G01 X462.757 Y355.204
G01 X466.938 Y350.509
G01 X471.120 Y345.810
G01 X475.302 Y341.113
G01 X479.483 Y336.416
G01 X483.663 Y331.719
G01 X487.846 Y327.022
G01 X484.014 Y331.548
G01 X480.185 Y336.074
G01 X476.355 Y340.600
G01 X472.524 Y345.125
G01 X468.693 Y349.651
G01 X464.863 Y354.177
G01 X461.033 Y358.702
G01 X457.202 Y363.228
G01 X453.371 Y367.754
G01 X449.542 Y372.279
G01 X445.711 Y376.805
G01 X441.880 Y381.332
G01 X438.050 Y385.856
G01 X434.220 Y390.382
G01 X430.389 Y394.909
G01 X426.558 Y399.433
G01 X422.728 Y403.959
G01 X418.899 Y408.486
G01 X415.067 Y413.010
G01 X411.238 Y417.536
G01 X407.406 Y422.062
G01 X403.577 Y426.589
G01 X399.747 Y431.113
G01 X395.916 Y435.639
G01 X392.086 Y440.166
G01 X388.255 Y444.690
G01 X384.425 Y449.216
G01 X380.595 Y453.743
G01 X376.764 Y458.269
G01 X372.934 Y462.793
G01 X369.103 Y467.320
G01 X365.273 Y471.846
G01 X369.255 Y466.788
G01 X373.237 Y461.731
G01 X377.219 Y456.675
G01 X381.200 Y451.618
G01 X385.183 Y446.560
G01 X389.163 Y441.505
G01 X393.146 Y436.447
G01 X397.127 Y431.391
G01 X401.110 Y426.334
G01 X405.091 Y421.276
G01 X409.074 Y416.219
G01 X413.055 Y411.163
G01 X417.036 Y406.106
G01 X421.019 Y401.050
G01 X425.000 Y395.993
G01 X428.983 Y390.935
G01 X432.964 Y385.879
G01 X436.947 Y380.822
G01 X440.928 Y375.766
G01 X444.909 Y370.709
G01 X448.892 Y365.651
G01 X452.874 Y360.594
G01 X456.856 Y355.538
G01 X460.837 Y350.481
G01 X464.820 Y345.425
G01 X468.802 Y340.368
G01 X472.784 Y335.310
G01 X476.764 Y330.254
G01 X480.746 Y325.197
G01 X484.728 Y320.139
G01 X488.711 Y315.082
G01 X492.692 Y310.026
G01 X489.053 Y314.894
G01 X485.413 Y319.762
G01 X481.773 Y324.630
G01 X478.132 Y329.499
G01 X474.493 Y334.367
G01 X470.853 Y339.236
G01 X467.214 Y344.103
G01 X463.574 Y348.971
G01 X459.933 Y353.839
G01 X456.293 Y358.707
G01 X452.654 Y363.576
G01 X449.014 Y368.444
G01 X445.374 Y373.312
G01 X441.733 Y378.180
G01 X438.094 Y383.048
G01 X434.454 Y387.916
G01 X430.815 Y392.784
G01 X427.175 Y397.653
G01 X423.534 Y402.522
G01 X419.894 Y407.389
G01 X416.255 Y412.257
G01 X412.615 Y417.125
G01 X408.975 Y421.993
G01 X405.336 Y426.862
G01 X401.696 Y431.730
G01 X398.055 Y436.599
G01 X394.416 Y441.466
G01 X390.776 Y446.334
G01 X387.135 Y451.202
G01 X383.495 Y456.070
G01 X379.856 Y460.939
G01 X376.216 Y465.807
G01 X379.970 Y460.399
G01 X383.723 Y454.990
G01 X387.476 Y449.582
G01 X391.230 Y444.173
G01 X394.983 Y438.764
G01 X398.736 Y433.355
G01 X402.490 Y427.947
G01 X406.244 Y422.538
G01 X409.997 Y417.129
G01 X413.750 Y411.721
G01 X417.504 Y406.312
G01 X421.257 Y400.904
G01 X425.010 Y395.495
G01 X428.764 Y390.086
G01 X432.518 Y384.678
G01 X436.272 Y379.269
G01 X440.024 Y373.860
G01 X443.779 Y368.452
G01 X447.531 Y363.043
G01 X451.286 Y357.634
G01 X455.038 Y352.226
G01 X458.792 Y346.817
G01 X462.546 Y341.408
G01 X466.298 Y336.000
G01 X470.053 Y330.591
G01 X473.805 Y325.182
G01 X477.560 Y319.774
G01 X481.312 Y314.365
G01 X485.067 Y308.957
G01 X488.820 Y303.548
G01 X492.573 Y298.139
G01 X496.327 Y292.730
G01 X492.906 Y297.933
G01 X489.483 Y303.137
G01 X486.062 Y308.339
G01 X482.642 Y313.543
G01 X479.220 Y318.745
G01 X475.798 Y323.949
G01 X472.377 Y329.151
G01 X468.956 Y334.355
G01 X465.534 Y339.558
G01 X462.114 Y344.760
G01 X458.692 Y349.964
G01 X455.270 Y355.168
G01 X451.850 Y360.370
G01 X448.428 Y365.574
G01 X445.007 Y370.776
G01 X441.586 Y375.980
G01 X438.163 Y381.183
G01 X434.743 Y386.385
G01 X431.322 Y391.589
G01 X427.899 Y396.791
G01 X424.478 Y401.995
G01 X421.058 Y407.199
G01 X417.635 Y412.401
G01 X414.214 Y417.605
G01 X410.793 Y422.808
G01 X407.372 Y428.010
G01 X403.951 Y433.214
G01 X400.529 Y438.418
G01 X397.108 Y443.620
G01 X393.687 Y448.824
G01 X390.264 Y454.026
G01 X386.844 Y459.230
G01 X390.341 Y453.478
G01 X393.837 Y447.728
G01 X397.332 Y441.978
G01 X400.829 Y436.228
G01 X404.326 Y430.478
G01 X407.822 Y424.728
G01 X411.318 Y418.978
G01 X414.816 Y413.228
G01 X418.312 Y407.476
G01 X421.808 Y401.726
G01 X425.305 Y395.976
G01 X428.800 Y390.226
G01 X432.298 Y384.476
G01 X435.793 Y378.726
G01 X439.291 Y372.975
G01 X442.786 Y367.225
G01 X446.284 Y361.475
G01 X449.779 Y355.725
G01 X453.276 Y349.974
G01 X456.773 Y344.224
G01 X460.269 Y338.474
G01 X463.765 Y332.724
G01 X467.262 Y326.973
G01 X470.759 Y321.223
G01 X474.255 Y315.471
G01 X477.750 Y309.721
G01 X481.248 Y303.971
G01 X484.744 Y298.221
G01 X488.240 Y292.471
G01 X491.736 Y286.721
G01 X495.234 Y280.971
G01 X498.730 Y275.219
G01 X495.555 Y280.749
G01 X492.380 Y286.276
G01 X489.204 Y291.805
G01 X486.029 Y297.334
G01 X482.855 Y302.863
G01 X479.680 Y308.391
G01 X476.505 Y313.918
G01 X473.329 Y319.447
G01 X470.154 Y324.976
G01 X466.980 Y330.505
G01 X463.805 Y336.033
G01 X460.630 Y341.560
G01 X457.454 Y347.089
G01 X454.279 Y352.618
G01 X451.105 Y358.147
G01 X447.930 Y363.675
G01 X444.755 Y369.202
G01 X441.579 Y374.731
G01 X438.404 Y380.260
G01 X435.230 Y385.788
G01 X432.055 Y391.317
G01 X428.880 Y396.844
G01 X425.704 Y402.374
G01 X422.529 Y407.901
G01 X419.355 Y413.430
G01 X416.180 Y418.959
G01 X413.005 Y424.487
G01 X409.829 Y430.016
G01 X406.654 Y435.543
G01 X403.480 Y441.072
G01 X400.305 Y446.601
G01 X397.130 Y452.129
G01 X400.341 Y446.050
G01 X403.553 Y439.969
G01 X406.764 Y433.891
G01 X409.975 Y427.810
G01 X413.185 Y421.731
G01 X416.398 Y415.651
G01 X419.608 Y409.572
G01 X422.820 Y403.493
G01 X426.031 Y397.413
G01 X429.241 Y391.334
G01 X432.454 Y385.254
G01 X435.664 Y379.175
G01 X438.875 Y373.094
G01 X442.087 Y367.016
G01 X445.298 Y360.937
G01 X448.510 Y354.856
G01 X451.721 Y348.776
G01 X454.933 Y342.697
G01 X458.144 Y336.618
G01 X461.355 Y330.538
G01 X464.566 Y324.459
G01 X467.778 Y318.380
G01 X470.989 Y312.300
G01 X474.200 Y306.221
G01 X477.411 Y300.141
G01 X480.621 Y294.062
G01 X483.834 Y287.981
G01 X487.044 Y281.903
G01 X490.255 Y275.822
G01 X493.467 Y269.743
G01 X496.678 Y263.663
G01 X499.889 Y257.584
G01 X496.989 Y263.427
G01 X494.087 Y269.267
G01 X491.186 Y275.110
G01 X488.284 Y280.952
G01 X485.384 Y286.793
G01 X482.481 Y292.635
G01 X479.581 Y298.478
G01 X476.680 Y304.319
G01 X473.778 Y310.161
G01 X470.877 Y316.002
G01 X467.976 Y321.844
G01 X465.074 Y327.687
G01 X462.173 Y333.529
G01 X459.272 Y339.370
G01 X456.370 Y345.212
G01 X453.469 Y351.053
G01 X450.567 Y356.896
G01 X447.667 Y362.738
G01 X444.764 Y368.579
G01 X441.864 Y374.421
G01 X438.962 Y380.262
G01 X436.060 Y386.105
G01 X433.159 Y391.947
G01 X430.259 Y397.788
G01 X427.356 Y403.630
G01 X424.456 Y409.471
G01 X421.555 Y415.314
G01 X418.653 Y421.156
G01 X415.752 Y426.998
G01 X412.851 Y432.839
G01 X409.950 Y438.682
G01 X407.048 Y444.522
G01 X409.947 Y438.129
G01 X412.845 Y431.735
G01 X415.744 Y425.341
G01 X418.642 Y418.947
G01 X421.541 Y412.553
G01 X424.438 Y406.159
G01 X427.337 Y399.764
G01 X430.236 Y393.370
G01 X433.135 Y386.976
G01 X436.034 Y380.582
G01 X438.932 Y374.188
G01 X441.831 Y367.793
G01 X444.728 Y361.399
G01 X447.627 Y355.005
G01 X450.526 Y348.611
G01 X453.425 Y342.216
G01 X456.322 Y335.822
G01 X459.221 Y329.428
G01 X462.120 Y323.034
G01 X465.019 Y316.641
G01 X467.917 Y310.245
G01 X470.816 Y303.851
G01 X473.714 Y297.457
G01 X476.613 Y291.064
G01 X479.510 Y284.670
G01 X482.409 Y278.276
G01 X485.308 Y271.882
G01 X488.207 Y265.487
G01 X491.106 Y259.093
G01 X494.004 Y252.698
G01 X496.903 Y246.304
G01 X499.800 Y239.910
G01 X497.200 Y246.051
G01 X494.599 Y252.192
G01 X491.999 Y258.334
G01 X489.398 Y264.476
G01 X486.797 Y270.617
G01 X484.196 Y276.757
G01 X481.595 Y282.899
G01 X478.994 Y289.041
G01 X476.394 Y295.182
G01 X473.793 Y301.324
G01 X471.192 Y307.464
G01 X468.591 Y313.606
G01 X465.990 Y319.747
G01 X463.389 Y325.889
G01 X460.788 Y332.029
G01 X458.187 Y338.171
G01 X455.587 Y344.312
G01 X452.986 Y350.454
G01 X450.385 Y356.594
G01 X447.784 Y362.736
G01 X445.183 Y368.877
G01 X442.582 Y375.019
G01 X439.981 Y381.159
G01 X437.380 Y387.300
G01 X434.779 Y393.442
G01 X432.178 Y399.584
G01 X429.577 Y405.725
G01 X426.976 Y411.865
G01 X424.375 Y418.007
G01 X421.774 Y424.149
G01 X419.175 Y430.290
G01 X416.574 Y436.430
G01 X419.132 Y429.740
G01 X421.692 Y423.048
G01 X424.250 Y416.355
G01 X426.810 Y409.663
G01 X429.369 Y402.971
G01 X431.928 Y396.279
G01 X434.486 Y389.587
G01 X437.046 Y382.894
G01 X439.605 Y376.204
G01 X442.163 Y369.512
G01 X444.724 Y362.819
G01 X447.283 Y356.127
G01 X449.841 Y349.435
G01 X452.401 Y342.743
G01 X454.959 Y336.052
G01 X457.519 Y329.360
G01 X460.077 Y322.668
G01 X462.637 Y315.976
G01 X465.196 Y309.284
G01 X467.755 Y302.591
G01 X470.313 Y295.899
G01 X472.873 Y289.207
G01 X475.432 Y282.514
G01 X477.990 Y275.824
G01 X480.550 Y269.132
G01 X483.108 Y262.440
G01 X485.668 Y255.748
G01 X488.228 Y249.055
G01 X490.787 Y242.363
G01 X493.346 Y235.671
G01 X495.904 Y228.979
G01 X498.464 Y222.287
G01 X496.188 Y228.712
G01 X493.914 Y235.137
G01 X491.640 Y241.560
G01 X489.365 Y247.985
G01 X487.091 Y254.409
G01 X484.817 Y260.834
G01 X482.543 Y267.259
G01 X480.269 Y273.683
G01 X477.994 Y280.108
G01 X475.720 Y286.533
G01 X473.445 Y292.957
G01 X471.171 Y299.382
G01 X468.897 Y305.807
G01 X466.621 Y312.231
G01 X464.348 Y318.656
G01 X462.072 Y325.081
G01 X459.798 Y331.505
G01 X457.524 Y337.930
G01 X455.250 Y344.353
G01 X452.976 Y350.779
G01 X450.702 Y357.202
G01 X448.427 Y363.627
G01 X446.153 Y370.053
G01 X443.877 Y376.476
G01 X441.603 Y382.901
G01 X439.329 Y389.326
G01 X437.055 Y395.750
G01 X434.781 Y402.175
G01 X432.505 Y408.600
G01 X430.231 Y415.024
G01 X427.957 Y421.449
G01 X425.683 Y427.874
G01 X427.877 Y420.901
G01 X430.071 Y413.932
G01 X432.264 Y406.961
G01 X434.457 Y399.990
G01 X436.651 Y393.019
G01 X438.846 Y386.048
G01 X441.039 Y379.077
G01 X443.233 Y372.106
G01 X445.427 Y365.135
G01 X447.620 Y358.163
G01 X449.815 Y351.192
G01 X452.009 Y344.221
G01 X454.202 Y337.250
G01 X456.395 Y330.279
G01 X458.590 Y323.308
G01 X460.784 Y316.338
G01 X462.978 Y309.367
G01 X465.171 Y302.396
G01 X467.365 Y295.425
G01 X469.558 Y288.454
G01 X471.752 Y281.483
G01 X473.947 Y274.512
G01 X476.140 Y267.541
G01 X478.334 Y260.570
G01 X480.528 Y253.599
G01 X482.721 Y246.628
G01 X484.914 Y239.657
G01 X487.108 Y232.686
G01 X489.303 Y225.716
G01 X491.496 Y218.745
G01 X493.691 Y211.774
G01 X495.885 Y204.803
G01 X493.962 Y211.491
G01 X492.038 Y218.181
G01 X490.115 Y224.871
G01 X488.192 Y231.560
G01 X486.269 Y238.250
G01 X484.347 Y244.940
G01 X482.425 Y251.630
G01 X480.502 Y258.320
G01 X478.579 Y265.009
G01 X476.656 Y271.699
G01 X474.733 Y278.389
G01 X472.810 Y285.077
G01 X470.888 Y291.767
G01 X468.965 Y298.457
G01 X467.042 Y305.147
G01 X465.119 Y311.837
G01 X463.196 Y318.526
G01 X461.273 Y325.216
G01 X459.350 Y331.906
G01 X457.427 Y338.596
G01 X455.505 Y345.284
G01 X453.582 Y351.975
G01 X451.659 Y358.663
G01 X449.736 Y365.353
G01 X447.812 Y372.043
G01 X445.889 Y378.733
G01 X443.966 Y385.423
G01 X442.044 Y392.112
G01 X440.121 Y398.802
G01 X438.199 Y405.492
G01 X436.276 Y412.180
G01 X434.353 Y418.870
G01 X436.156 Y411.642
G01 X437.961 Y404.413
G01 X439.764 Y397.183
G01 X441.568 Y389.954
G01 X443.371 Y382.726
G01 X445.175 Y375.497
G01 X446.980 Y368.267
G01 X448.784 Y361.038
G01 X450.587 Y353.810
G01 X452.392 Y346.581
G01 X454.196 Y339.351
G01 X455.999 Y332.123
G01 X457.803 Y324.894
G01 X459.606 Y317.666
G01 X461.411 Y310.435
G01 X463.215 Y303.207
G01 X465.019 Y295.978
G01 X466.822 Y288.750
G01 X468.625 Y281.521
G01 X470.430 Y274.291
G01 X472.233 Y267.062
G01 X474.038 Y259.834
G01 X475.841 Y252.605
G01 X477.645 Y245.375
G01 X479.450 Y238.147
G01 X481.252 Y230.918
G01 X483.057 Y223.688
G01 X484.861 Y216.459
G01 X486.664 Y209.231
G01 X488.469 Y202.002
G01 X490.273 Y194.772
G01 X492.077 Y187.543
G01 X490.529 Y194.478
G01 X488.981 Y201.412
G01 X487.435 Y208.346
G01 X485.887 Y215.281
G01 X484.340 Y222.216
G01 X482.793 Y229.150
G01 X481.245 Y236.084
G01 X479.697 Y243.019
G01 X478.151 Y249.954
G01 X476.603 Y256.887
G01 X475.055 Y263.822
G01 X473.509 Y270.757
G01 X471.962 Y277.692
G01 X470.413 Y284.625
G01 X468.866 Y291.560
G01 X467.320 Y298.495
G01 X465.772 Y305.430
G01 X464.225 Y312.363
G01 X462.678 Y319.298
G01 X461.130 Y326.233
G01 X459.582 Y333.168
G01 X458.036 Y340.101
G01 X456.488 Y347.036
G01 X454.941 Y353.971
G01 X453.394 Y360.904
G01 X451.846 Y367.839
G01 X450.298 Y374.774
G01 X448.752 Y381.709
G01 X447.204 Y388.642
G01 X445.656 Y395.577
G01 X444.110 Y402.512
G01 X442.562 Y409.445
G01 X443.257 Y405.714
G01 X443.952 Y401.981
G01 X444.648 Y398.250
G01 X445.344 Y394.517
G01 X446.038 Y390.786
G01 X446.733 Y387.053
G01 X447.428 Y383.322
G01 X448.125 Y379.589
G01 X448.820 Y375.858
G01 X449.514 Y372.125
G01 X450.209 Y368.394
G01 X450.906 Y364.661
G01 X451.601 Y360.930
G01 X452.296 Y357.197
G01 X452.990 Y353.466
G01 X453.687 Y349.733
G01 X454.382 Y346.002
G01 X455.077 Y342.269
G01 X455.772 Y338.538
G01 X456.467 Y334.805
G01 X457.163 Y331.074
G01 X457.858 Y327.341
G01 X458.553 Y323.610
G01 X459.249 Y319.877
G01 X459.943 Y316.146
G01 X460.639 Y312.413
G01 X461.334 Y308.682
G01 X462.029 Y304.950
G01 X462.725 Y301.218
G01 X463.419 Y297.486
G01 X464.115 Y293.754
G01 X464.810 Y290.022
G01 X465.505 Y286.290
G01 X466.201 Y282.558
G01 X466.895 Y278.826
G01 X467.591 Y275.094
G01 X468.287 Y271.362
G01 X468.981 Y267.630
G01 X469.677 Y263.897
G01 X470.373 Y260.166
G01 X471.067 Y256.433
G01 X471.763 Y252.702
G01 X472.457 Y248.970
G01 X473.154 Y245.238
G01 X473.849 Y241.505
G01 X474.543 Y237.774
G01 X475.239 Y234.041
G01 X475.935 Y230.310
G01 X476.630 Y226.577
G01 X477.325 Y222.844
G01 X478.019 Y219.113
G01 X478.716 Y215.382
G01 X479.411 Y211.649
G01 X480.106 Y207.916
G01 X480.800 Y204.185
G01 X481.496 Y200.452
G01 X482.192 Y196.721
G01 X482.887 Y192.988
G01 X483.582 Y189.257
G01 X484.278 Y185.524
G01 X484.972 Y181.793
G01 X485.668 Y178.060
G01 X486.363 Y174.329
G01 X487.058 Y170.596
G01 X485.909 Y177.753
G01 X484.760 Y184.911
G01 X483.611 Y192.068
G01 X482.462 Y199.226
G01 X481.313 Y206.382
G01 X480.164 Y213.539
G01 X479.015 Y220.697
G01 X477.866 Y227.853
G01 X476.717 Y235.010
G01 X475.568 Y242.168
G01 X474.419 Y249.325
G01 X473.270 Y256.481
G01 X472.121 Y263.639
G01 X470.972 Y270.796
G01 X469.823 Y277.952
G01 X468.675 Y285.110
G01 X467.526 Y292.267
G01 X466.377 Y299.423
G01 X465.228 Y306.582
G01 X464.079 Y313.738
G01 X462.930 Y320.896
G01 X461.781 Y328.053
G01 X460.632 Y335.209
G01 X459.483 Y342.367
G01 X458.334 Y349.524
G01 X457.185 Y356.680
G01 X456.036 Y363.838
G01 X454.887 Y370.995
G01 X453.738 Y378.151
G01 X452.589 Y385.308
G01 X451.440 Y392.466
G01 X450.291 Y399.623
G01 X450.768 Y395.786
G01 X451.245 Y391.949
G01 X451.723 Y388.112
G01 X452.201 Y384.274
G01 X452.678 Y380.438
G01 X453.156 Y376.601
G01 X453.634 Y372.764
G01 X454.111 Y368.925
G01 X454.589 Y365.089
G01 X455.067 Y361.252
G01 X455.543 Y357.415
G01 X456.022 Y353.577
G01 X456.499 Y349.740
G01 X456.976 Y345.903
G01 X457.454 Y342.067
G01 X457.932 Y338.228
G01 X458.409 Y334.392
G01 X458.887 Y330.555
G01 X459.365 Y326.718
G01 X459.841 Y322.880
G01 X460.320 Y319.043
G01 X460.798 Y315.207
G01 X461.274 Y311.368
G01 X461.752 Y307.531
G01 X462.230 Y303.695
G01 X462.707 Y299.858
G01 X463.185 Y296.021
G01 X463.663 Y292.183
G01 X464.140 Y288.346
G01 X464.618 Y284.510
G01 X465.096 Y280.671
G01 X465.572 Y276.834
G01 X466.050 Y272.998
G01 X466.529 Y269.161
G01 X467.005 Y265.324
G01 X467.483 Y261.487
G01 X467.961 Y257.649
G01 X468.438 Y253.812
G01 X468.916 Y249.976
G01 X469.394 Y246.138
G01 X469.871 Y242.300
G01 X470.349 Y238.464
G01 X470.827 Y234.627
G01 X471.303 Y230.789
G01 X471.781 Y226.952
G01 X472.260 Y223.115
G01 X472.736 Y219.279
G01 X473.215 Y215.442
G01 X473.692 Y211.603
G01 X474.169 Y207.767
G01 X474.647 Y203.930
G01 X475.125 Y200.092
G01 X475.601 Y196.255
G01 X476.079 Y192.418
G01 X476.558 Y188.582
G01 X477.034 Y184.743
G01 X477.513 Y180.906
G01 X477.990 Y177.070
G01 X478.467 Y173.233
G01 X478.946 Y169.395
G01 X479.423 Y165.558
G01 X479.901 Y161.721
G01 X480.377 Y157.885
G01 X480.856 Y154.048
G01 X480.127 Y161.402
G01 X479.397 Y168.758
G01 X478.668 Y176.113
G01 X477.938 Y183.469
G01 X477.209 Y190.825
G01 X476.480 Y198.180
G01 X475.750 Y205.536
G01 X475.020 Y212.892
G01 X474.292 Y220.248
G01 X473.562 Y227.603
G01 X472.834 Y234.959
G01 X472.103 Y242.315
G01 X471.375 Y249.669
G01 X470.645 Y257.026
G01 X469.916 Y264.380
G01 X469.187 Y271.737
G01 X468.457 Y279.091
G01 X467.728 Y286.447
G01 X466.999 Y293.803
G01 X466.269 Y301.159
G01 X465.541 Y308.514
G01 X464.810 Y315.870
G01 X464.082 Y323.226
G01 X463.353 Y330.582
G01 X462.623 Y337.937
G01 X461.894 Y345.293
G01 X461.164 Y352.647
G01 X460.435 Y360.004
G01 X459.706 Y367.358
G01 X458.976 Y374.714
G01 X458.246 Y382.070
G01 X457.518 Y389.425
G01 X457.768 Y385.497
G01 X458.018 Y381.567
G01 X458.267 Y377.639
G01 X458.517 Y373.711
G01 X458.767 Y369.781
G01 X459.015 Y365.853
G01 X459.265 Y361.923
G01 X459.515 Y357.995
G01 X459.765 Y354.065
G01 X460.014 Y350.137
G01 X460.264 Y346.207
G01 X460.514 Y342.279
G01 X460.764 Y338.351
G01 X461.014 Y334.421
G01 X461.264 Y330.493
G01 X461.513 Y326.564
G01 X461.763 Y322.635
G01 X462.013 Y318.706
G01 X462.263 Y314.776
G01 X462.512 Y310.848
G01 X462.762 Y306.918
G01 X463.012 Y302.990
G01 X463.262 Y299.062
G01 X463.510 Y295.132
G01 X463.760 Y291.204
G01 X464.010 Y287.274
G01 X464.260 Y283.346
G01 X464.510 Y279.416
G01 X464.760 Y275.488
G01 X465.010 Y271.560
G01 X465.259 Y267.630
G01 X465.509 Y263.702
G01 X465.757 Y259.772
G01 X466.007 Y255.844
G01 X466.257 Y251.915
G01 X466.507 Y247.986
G01 X466.757 Y244.056
G01 X467.007 Y240.127
G01 X467.257 Y236.200
G01 X467.505 Y232.270
G01 X467.755 Y228.341
G01 X468.005 Y224.412
G01 X468.255 Y220.483
G01 X468.505 Y216.555
G01 X468.755 Y212.625
G01 X469.005 Y208.697
G01 X469.254 Y204.767
G01 X469.504 Y200.839
G01 X469.754 Y196.911
G01 X470.004 Y192.981
G01 X470.252 Y189.053
G01 X470.502 Y185.123
G01 X470.752 Y181.195
G01 X471.002 Y177.265
G01 X471.252 Y173.337
G01 X471.502 Y169.407
G01 X471.750 Y165.479
G01 X472.000 Y161.550
G01 X472.250 Y157.621
G01 X472.500 Y153.692
G01 X472.750 Y149.763
G01 X473.000 Y145.834
G01 X473.250 Y141.906
G01 X473.499 Y137.976
G01 X473.355 Y141.740
G01 X473.209 Y145.505
G01 X473.065 Y149.269
G01 X472.919 Y153.034
G01 X472.774 Y156.798
G01 X472.630 Y160.561
G01 X472.485 Y164.325
G01 X472.340 Y168.089
G01 X472.196 Y171.853
G01 X472.050 Y175.618
G01 X471.906 Y179.382
G01 X471.760 Y183.147
G01 X471.615 Y186.911
G01 X471.471 Y190.674
G01 X471.326 Y194.438
G01 X471.180 Y198.202
G01 X471.037 Y201.966
G01 X470.892 Y205.731
G01 X470.746 Y209.495
G01 X470.601 Y213.260
G01 X470.457 Y217.024
G01 X470.312 Y220.787
G01 X470.167 Y224.551
G01 X470.022 Y228.315
G01 X469.877 Y232.079
G01 X469.733 Y235.844
G01 X469.587 Y239.608
G01 X469.442 Y243.373
G01 X469.298 Y247.137
G01 X469.153 Y250.900
G01 X469.007 Y254.665
G01 X468.863 Y258.428
G01 X468.717 Y262.192
G01 X468.572 Y265.957
G01 X468.428 Y269.721
G01 X468.284 Y273.485
G01 X468.139 Y277.250
G01 X467.994 Y281.014
G01 X467.849 Y284.778
G01 X467.704 Y288.541
G01 X467.558 Y292.305
G01 X467.413 Y296.070
G01 X467.269 Y299.834
G01 X467.125 Y303.598
G01 X466.980 Y307.362
G01 X466.834 Y311.127
G01 X466.690 Y314.891
G01 X466.544 Y318.654
G01 X466.399 Y322.418
G01 X466.255 Y326.183
G01 X466.111 Y329.947
G01 X465.966 Y333.711
G01 X465.821 Y337.475
G01 X465.675 Y341.238
G01 X465.531 Y345.004
G01 X465.385 Y348.767
G01 X465.240 Y352.531
G01 X465.096 Y356.296
G01 X464.951 Y360.060
G01 X464.805 Y363.824
G01 X464.661 Y367.588
G01 X464.517 Y371.351
G01 X464.371 Y375.117
G01 X464.226 Y378.880
G01 X464.240 Y374.874
G01 X464.252 Y370.868
G01 X464.264 Y366.861
G01 X464.276 Y362.855
G01 X464.288 Y358.848
G01 X464.302 Y354.841
G01 X464.313 Y350.834
G01 X464.327 Y346.829
G01 X464.340 Y342.822
G01 X464.351 Y338.815
G01 X464.364 Y334.810
G01 X464.377 Y330.803
G01 X464.389 Y326.796
G01 X464.401 Y322.790
G01 X464.413 Y318.784
G01 X464.427 Y314.776
G01 X464.438 Y310.771
G01 X464.452 Y306.764
G01 X464.464 Y302.757
G01 X464.476 Y298.750
G01 X464.489 Y294.745
G01 X464.502 Y290.738
G01 X464.514 Y286.731
G01 X464.526 Y282.725
G01 X464.538 Y278.719
G01 X464.552 Y274.713
G01 X464.563 Y270.706
G01 X464.577 Y266.700
G01 X464.589 Y262.692
G01 X464.601 Y258.687
G01 X464.614 Y254.680
G01 X464.625 Y250.674
G01 X464.639 Y246.667
G01 X464.651 Y242.661
G01 X464.663 Y238.654
G01 X464.675 Y234.648
G01 X464.688 Y230.640
G01 X464.701 Y226.635
G01 X464.714 Y222.627
G01 X464.726 Y218.621
G01 X464.739 Y214.615
G01 X464.752 Y210.608
G01 X464.764 Y206.603
G01 X464.776 Y202.596
G01 X464.788 Y198.589
G01 X464.800 Y194.582
G01 X464.813 Y190.577
G01 X464.826 Y186.570
G01 X464.839 Y182.563
G01 X464.851 Y178.556
G01 X464.864 Y174.550
G01 X464.875 Y170.544
G01 X464.889 Y166.537
G01 X464.901 Y162.531
G01 X464.913 Y158.524
G01 X464.925 Y154.519
G01 X464.938 Y150.512
G01 X464.951 Y146.505
G01 X464.962 Y142.498
G01 X464.976 Y138.493
G01 X464.989 Y134.486
G01 X465.000 Y130.479
G01 X465.014 Y126.472
G01 X465.026 Y122.466
G01 X465.110 Y126.303
G01 X465.193 Y130.139
G01 X465.278 Y133.976
G01 X465.361 Y137.813
G01 X465.446 Y141.649
G01 X465.529 Y145.486
G01 X465.614 Y149.322
G01 X465.697 Y153.159
G01 X465.781 Y156.996
G01 X465.865 Y160.832
G01 X465.950 Y164.669
G01 X466.034 Y168.507
G01 X466.118 Y172.342
G01 X466.202 Y176.180
G01 X466.286 Y180.017
G01 X466.370 Y183.853
G01 X466.454 Y187.690
G01 X466.536 Y191.526
G01 X466.621 Y195.363
G01 X466.706 Y199.200
G01 X466.789 Y203.036
G01 X466.873 Y206.873
G01 X466.957 Y210.709
G01 X467.041 Y214.546
G01 X467.125 Y218.382
G01 X467.209 Y222.219
G01 X467.293 Y226.056
G01 X467.377 Y229.892
G01 X467.461 Y233.729
G01 X467.544 Y237.567
G01 X467.629 Y241.402
G01 X467.712 Y245.240
G01 X467.797 Y249.077
G01 X467.880 Y252.912
G01 X467.965 Y256.750
G01 X468.048 Y260.587
G01 X468.132 Y264.423
G01 X468.216 Y268.260
G01 X468.300 Y272.096
G01 X468.385 Y275.933
G01 X468.469 Y279.769
G01 X468.553 Y283.606
G01 X468.637 Y287.442
G01 X468.721 Y291.279
G01 X468.805 Y295.115
G01 X468.889 Y298.952
G01 X468.972 Y302.790
G01 X469.057 Y306.625
G01 X469.140 Y310.463
G01 X469.225 Y314.300
G01 X469.308 Y318.137
G01 X469.393 Y321.973
G01 X469.476 Y325.810
G01 X469.561 Y329.647
G01 X469.644 Y333.483
G01 X469.728 Y337.320
G01 X469.812 Y341.156
G01 X469.897 Y344.993
G01 X469.980 Y348.829
G01 X470.065 Y352.666
G01 X470.148 Y356.502
G01 X470.231 Y360.339
G01 X470.316 Y364.175
G01 X470.399 Y368.012
G01 X470.167 Y363.944
G01 X469.933 Y359.875
G01 X469.701 Y355.805
G01 X469.467 Y351.737
G01 X469.235 Y347.668
G01 X469.000 Y343.599
G01 X468.768 Y339.529
G01 X468.534 Y335.461
G01 X468.302 Y331.392
G01 X468.068 Y327.322
G01 X467.836 Y323.252
G01 X467.603 Y319.183
G01 X467.369 Y315.115
G01 X467.135 Y311.046
G01 X466.903 Y306.976
G01 X466.669 Y302.908
G01 X466.437 Y298.839
G01 X466.202 Y294.769
G01 X465.970 Y290.701
G01 X465.736 Y286.632
G01 X465.504 Y282.562
G01 X465.270 Y278.493
G01 X465.038 Y274.425
G01 X464.803 Y270.356
G01 X464.571 Y266.286
G01 X464.337 Y262.218
G01 X464.105 Y258.149
G01 X463.871 Y254.079
G01 X463.638 Y250.010
G01 X463.406 Y245.942
G01 X463.172 Y241.871
G01 X462.938 Y237.803
G01 X462.706 Y233.733
G01 X462.473 Y229.664
G01 X462.240 Y225.596
G01 X462.005 Y221.526
G01 X461.773 Y217.457
G01 X461.539 Y213.388
G01 X461.307 Y209.320
G01 X461.074 Y205.250
G01 X460.841 Y201.181
G01 X460.606 Y197.113
G01 X460.374 Y193.043
G01 X460.140 Y188.974
G01 X459.908 Y184.906
G01 X459.675 Y180.837
G01 X459.442 Y176.767
G01 X459.209 Y172.698
G01 X458.975 Y168.630
G01 X458.741 Y164.560
G01 X458.509 Y160.491
G01 X458.276 Y156.421
G01 X458.043 Y152.353
G01 X457.808 Y148.284
G01 X457.577 Y144.216
G01 X457.342 Y140.145
G01 X457.110 Y136.077
G01 X456.877 Y132.007
G01 X456.644 Y127.938
G01 X456.409 Y123.869
G01 X456.177 Y119.800
G01 X455.943 Y115.732
G01 X455.711 Y111.663
G01 X455.478 Y107.594
G01 X455.798 Y111.488
G01 X456.120 Y115.382
G01 X456.441 Y119.278
G01 X456.762 Y123.172
G01 X457.082 Y127.066
G01 X457.404 Y130.962
G01 X457.725 Y134.856
G01 X458.046 Y138.750
G01 X458.366 Y142.645
G01 X458.688 Y146.539
G01 X459.009 Y150.435
G01 X459.329 Y154.329
G01 X459.651 Y158.224
G01 X459.971 Y162.118
G01 X460.293 Y166.012
G01 X460.614 Y169.907
G01 X460.935 Y173.803
G01 X461.255 Y177.697
G01 X461.577 Y181.591
G01 X461.898 Y185.486
G01 X462.219 Y189.380
G01 X462.539 Y193.275
G01 X462.861 Y197.171
G01 X463.182 Y201.065
G01 X463.502 Y204.959
G01 X463.824 Y208.853
G01 X464.144 Y212.748
G01 X464.466 Y216.644
G01 X464.786 Y220.537
G01 X465.108 Y224.433
G01 X465.428 Y228.327
G01 X465.750 Y232.221
G01 X466.071 Y236.117
G01 X466.392 Y240.011
G01 X466.712 Y243.906
G01 X467.034 Y247.800
G01 X467.355 Y251.695
G01 X467.677 Y255.590
G01 X467.996 Y259.485
G01 X468.317 Y263.379
G01 X468.639 Y267.274
G01 X468.961 Y271.168
G01 X469.281 Y275.062
G01 X469.603 Y278.957
G01 X469.923 Y282.851
G01 X470.245 Y286.747
G01 X470.566 Y290.642
G01 X470.887 Y294.536
G01 X471.207 Y298.430
G01 X471.529 Y302.326
G01 X471.850 Y306.219
G01 X472.171 Y310.115
G01 X472.491 Y314.009
G01 X472.812 Y317.904
G01 X473.134 Y321.798
G01 X473.454 Y325.692
G01 X473.776 Y329.588
G01 X474.096 Y333.481
G01 X474.418 Y337.377
G01 X474.739 Y341.272
G01 X475.060 Y345.166
G01 X475.380 Y349.060
G01 X475.702 Y352.956
G01 X476.023 Y356.850
G01 X475.537 Y352.733
G01 X475.050 Y348.618
G01 X474.563 Y344.502
G01 X474.077 Y340.387
G01 X473.591 Y336.271
G01 X473.105 Y332.154
G01 X472.619 Y328.038
G01 X472.132 Y323.923
G01 X471.647 Y319.807
G01 X471.159 Y315.690
G01 X470.673 Y311.575
G01 X470.188 Y307.459
G01 X469.702 Y303.344
G01 X469.215 Y299.228
G01 X468.728 Y295.112
G01 X468.243 Y290.995
G01 X467.757 Y286.880
G01 X467.269 Y282.764
G01 X466.784 Y278.647
G01 X466.298 Y274.531
G01 X465.812 Y270.416
G01 X465.325 Y266.300
G01 X464.839 Y262.185
G01 X464.353 Y258.069
G01 X463.866 Y253.953
G01 X463.380 Y249.837
G01 X462.894 Y245.721
G01 X462.408 Y241.605
G01 X461.922 Y237.489
G01 X461.435 Y233.373
G01 X460.949 Y229.257
G01 X460.462 Y225.142
G01 X459.976 Y221.025
G01 X459.490 Y216.909
G01 X459.004 Y212.793
G01 X458.518 Y208.678
G01 X458.031 Y204.561
G01 X457.544 Y200.445
G01 X457.058 Y196.329
G01 X456.572 Y192.214
G01 X456.087 Y188.099
G01 X455.600 Y183.983
G01 X455.114 Y179.866
G01 X454.627 Y175.750
G01 X454.142 Y171.635
G01 X453.654 Y167.519
G01 X453.168 Y163.402
G01 X452.683 Y159.286
G01 X452.197 Y155.171
G01 X451.709 Y151.055
G01 X451.224 Y146.938
G01 X450.738 Y142.823
G01 X450.252 Y138.707
G01 X449.764 Y134.591
G01 X449.279 Y130.476
G01 X448.793 Y126.359
G01 X448.307 Y122.243
G01 X447.820 Y118.127
G01 X447.334 Y114.012
G01 X446.848 Y109.897
G01 X446.361 Y105.781
G01 X445.875 Y101.665
G01 X445.389 Y97.548
G01 X444.903 Y93.433
G01 X445.467 Y97.370
G01 X446.033 Y101.308
G01 X446.599 Y105.245
G01 X447.163 Y109.182
G01 X447.728 Y113.119
G01 X448.293 Y117.057
G01 X448.860 Y120.994
G01 X449.425 Y124.930
G01 X449.990 Y128.868
G01 X450.555 Y132.805
G01 X451.120 Y136.743
G01 X451.685 Y140.680
G01 X452.252 Y144.618
G01 X452.817 Y148.555
G01 X453.382 Y152.493
G01 X453.947 Y156.430
G01 X454.513 Y160.366
G01 X455.077 Y164.303
G01 X455.643 Y168.241
G01 X456.207 Y172.178
G01 X456.774 Y176.115
G01 X457.339 Y180.053
G01 X457.904 Y183.990
G01 X458.469 Y187.928
G01 X459.034 Y191.865
G01 X459.600 Y195.803
G01 X460.164 Y199.740
G01 X460.731 Y203.678
G01 X461.296 Y207.615
G01 X461.861 Y211.551
G01 X462.425 Y215.488
G01 X462.991 Y219.426
G01 X463.557 Y223.363
G01 X464.121 Y227.300
G01 X464.687 Y231.238
G01 X465.252 Y235.175
G01 X465.817 Y239.113
G01 X466.382 Y243.050
G01 X466.949 Y246.988
G01 X467.514 Y250.924
G01 X468.079 Y254.862
G01 X468.644 Y258.800
G01 X469.209 Y262.737
G01 X469.774 Y266.673
G01 X470.340 Y270.612
G01 X470.904 Y274.548
G01 X471.471 Y278.486
G01 X472.036 Y282.423
G01 X472.601 Y286.361
G01 X473.167 Y290.298
G01 X473.731 Y294.236
G01 X474.297 Y298.173
G01 X474.861 Y302.110
G01 X475.428 Y306.046
G01 X475.993 Y309.985
G01 X476.558 Y313.921
G01 X477.123 Y317.858
G01 X477.688 Y321.796
G01 X478.254 Y325.733
G01 X478.818 Y329.671
G01 X479.385 Y333.608
G01 X479.950 Y337.546
G01 X480.514 Y341.483
G01 X481.079 Y345.420
G01 X480.334 Y341.274
G01 X479.589 Y337.127
G01 X478.842 Y332.981
G01 X478.097 Y328.834
G01 X477.351 Y324.689
G01 X476.606 Y320.543
G01 X475.860 Y316.396
G01 X475.115 Y312.250
G01 X474.369 Y308.103
G01 X473.623 Y303.957
G01 X472.877 Y299.810
G01 X472.132 Y295.663
G01 X471.385 Y291.517
G01 X470.639 Y287.372
G01 X469.894 Y283.225
G01 X469.149 Y279.079
G01 X468.403 Y274.933
G01 X467.656 Y270.786
G01 X466.911 Y266.639
G01 X466.166 Y262.493
G01 X465.419 Y258.346
G01 X464.673 Y254.201
G01 X463.928 Y250.055
G01 X463.183 Y245.907
G01 X462.437 Y241.762
G01 X461.692 Y237.615
G01 X460.946 Y233.469
G01 X460.200 Y229.322
G01 X459.454 Y225.175
G01 X458.709 Y221.029
G01 X457.962 Y216.883
G01 X457.216 Y212.738
G01 X456.471 Y208.591
G01 X455.726 Y204.445
G01 X454.980 Y200.298
G01 X454.233 Y196.151
G01 X453.489 Y192.005
G01 X452.743 Y187.858
G01 X451.996 Y183.712
G01 X451.250 Y179.567
G01 X450.505 Y175.419
G01 X449.760 Y171.274
G01 X449.014 Y167.127
G01 X448.268 Y162.981
G01 X447.523 Y158.834
G01 X446.776 Y154.688
G01 X446.031 Y150.541
G01 X445.284 Y146.395
G01 X444.539 Y142.250
G01 X443.793 Y138.103
G01 X443.048 Y133.957
G01 X442.303 Y129.810
G01 X441.557 Y125.663
G01 X440.810 Y121.518
G01 X440.065 Y117.370
G01 X439.320 Y113.225
G01 X438.574 Y109.079
G01 X437.827 Y104.932
G01 X437.082 Y100.786
G01 X436.337 Y96.639
G01 X435.591 Y92.493
G01 X434.845 Y88.346
G01 X434.100 Y84.201
G01 X433.353 Y80.054
G01 X434.170 Y84.018
G01 X434.985 Y87.982
G01 X435.800 Y91.946
G01 X436.616 Y95.910
G01 X437.432 Y99.874
G01 X438.248 Y103.838
G01 X439.063 Y107.802
G01 X439.880 Y111.766
G01 X440.695 Y115.731
G01 X441.510 Y119.695
G01 X442.327 Y123.658
G01 X443.143 Y127.622
G01 X443.957 Y131.587
G01 X444.774 Y135.550
G01 X445.590 Y139.514
G01 X446.404 Y143.478
G01 X447.221 Y147.442
G01 X448.036 Y151.406
G01 X448.853 Y155.370
G01 X449.668 Y159.334
G01 X450.483 Y163.298
G01 X451.300 Y167.262
G01 X452.115 Y171.226
G01 X452.930 Y175.190
G01 X453.746 Y179.154
G01 X454.562 Y183.118
G01 X455.379 Y187.082
G01 X456.193 Y191.046
G01 X457.010 Y195.010
G01 X457.826 Y198.974
G01 X458.640 Y202.938
G01 X459.457 Y206.902
G01 X460.273 Y210.866
G01 X461.089 Y214.830
G01 X461.904 Y218.794
G01 X462.720 Y222.758
G01 X463.536 Y226.722
G01 X464.351 Y230.688
G01 X465.167 Y234.651
G01 X465.983 Y238.615
G01 X466.798 Y242.579
G01 X467.614 Y246.543
G01 X468.430 Y250.507
G01 X469.245 Y254.472
G01 X470.062 Y258.435
G01 X470.877 Y262.399
G01 X471.692 Y266.363
G01 X472.509 Y270.327
G01 X473.323 Y274.291
G01 X474.139 Y278.255
G01 X474.956 Y282.219
G01 X475.772 Y286.183
G01 X476.587 Y290.147
G01 X477.403 Y294.112
G01 X478.219 Y298.076
G01 X479.034 Y302.040
G01 X479.850 Y306.004
G01 X480.666 Y309.968
G01 X481.481 Y313.932
G01 X482.298 Y317.896
G01 X483.113 Y321.860
G01 X483.928 Y325.824
G01 X484.745 Y329.788
G01 X485.561 Y333.752
G01 X484.549 Y329.593
G01 X483.538 Y325.433
G01 X482.529 Y321.272
G01 X481.518 Y317.113
G01 X480.507 Y312.952
G01 X479.496 Y308.793
G01 X478.486 Y304.634
G01 X477.476 Y300.474
G01 X476.466 Y296.314
G01 X475.456 Y292.154
G01 X474.445 Y287.995
G01 X473.433 Y283.834
G01 X472.423 Y279.675
G01 X471.413 Y275.514
G01 X470.403 Y271.355
G01 X469.392 Y267.195
G01 X468.382 Y263.036
G01 X467.370 Y258.875
G01 X466.361 Y254.716
G01 X465.350 Y250.555
G01 X464.340 Y246.395
G01 X463.329 Y242.237
G01 X462.318 Y238.077
G01 X461.308 Y233.916
G01 X460.298 Y229.757
G01 X459.286 Y225.596
G01 X458.276 Y221.438
G01 X457.265 Y217.277
G01 X456.255 Y213.118
G01 X455.245 Y208.957
G01 X454.235 Y204.798
G01 X453.224 Y200.638
G01 X452.214 Y196.478
G01 X451.202 Y192.318
G01 X450.192 Y188.159
G01 X449.182 Y183.998
G01 X448.172 Y179.839
G01 X447.161 Y175.680
G01 X446.151 Y171.519
G01 X445.139 Y167.359
G01 X444.130 Y163.200
G01 X443.119 Y159.041
G01 X442.108 Y154.880
G01 X441.098 Y150.721
G01 X440.087 Y146.560
G01 X439.077 Y142.401
G01 X438.067 Y138.241
G01 X437.055 Y134.082
G01 X436.046 Y129.921
G01 X435.034 Y125.761
G01 X434.024 Y121.603
G01 X433.014 Y117.442
G01 X432.004 Y113.283
G01 X430.993 Y109.123
G01 X429.983 Y104.963
G01 X428.971 Y100.803
G01 X427.962 Y96.644
G01 X426.951 Y92.483
G01 X425.941 Y88.324
G01 X424.930 Y84.163
G01 X423.920 Y80.005
G01 X422.909 Y75.845
G01 X421.899 Y71.685
G01 X420.887 Y67.524
G01 X421.959 Y71.499
G01 X423.031 Y75.473
G01 X424.101 Y79.447
G01 X425.173 Y83.422
G01 X426.245 Y87.396
G01 X427.316 Y91.370
G01 X428.387 Y95.345
G01 X429.459 Y99.319
G01 X430.529 Y103.293
G01 X431.601 Y107.267
G01 X432.673 Y111.240
G01 X433.744 Y115.216
G01 X434.815 Y119.190
G01 X435.885 Y123.163
G01 X436.957 Y127.137
G01 X438.029 Y131.111
G01 X439.100 Y135.087
G01 X440.172 Y139.060
G01 X441.243 Y143.034
G01 X442.313 Y147.008
G01 X443.385 Y150.983
G01 X444.457 Y154.957
G01 X445.528 Y158.931
G01 X446.600 Y162.906
G01 X447.671 Y166.880
G01 X448.741 Y170.854
G01 X449.812 Y174.829
G01 X450.885 Y178.803
G01 X451.956 Y182.776
G01 X453.026 Y186.752
G01 X454.099 Y190.726
G01 X455.169 Y194.700
G01 X456.240 Y198.673
G01 X457.312 Y202.649
G01 X458.384 Y206.623
G01 X459.454 Y210.596
G01 X460.526 Y214.570
G01 X461.598 Y218.544
G01 X462.668 Y222.519
G01 X463.740 Y226.493
G01 X464.812 Y230.467
G01 X465.882 Y234.442
G01 X466.954 Y238.416
G01 X468.026 Y242.391
G01 X469.096 Y246.365
G01 X470.168 Y250.339
G01 X471.240 Y254.312
G01 X472.311 Y258.286
G01 X473.382 Y262.262
G01 X474.452 Y266.236
G01 X475.524 Y270.209
G01 X476.596 Y274.183
G01 X477.667 Y278.158
G01 X478.739 Y282.132
G01 X479.810 Y286.106
G01 X480.880 Y290.081
G01 X481.952 Y294.055
G01 X483.024 Y298.029
G01 X484.095 Y302.004
G01 X485.166 Y305.978
G01 X486.238 Y309.952
G01 X487.308 Y313.925
G01 X488.380 Y317.901
G01 X489.452 Y321.875
G01 X488.172 Y317.719
G01 X486.893 Y313.564
G01 X485.613 Y309.408
G01 X484.334 Y305.252
G01 X483.055 Y301.096
G01 X481.774 Y296.940
G01 X480.495 Y292.784
G01 X479.216 Y288.629
G01 X477.937 Y284.473
G01 X476.656 Y280.317
G01 X475.377 Y276.161
G01 X474.099 Y272.005
G01 X472.818 Y267.850
G01 X471.539 Y263.695
G01 X470.260 Y259.538
G01 X468.981 Y255.382
G01 X467.702 Y251.227
G01 X466.422 Y247.072
G01 X465.143 Y242.916
G01 X463.863 Y238.760
G01 X462.584 Y234.603
G01 X461.303 Y230.448
G01 X460.024 Y226.293
G01 X458.745 Y222.137
G01 X457.466 Y217.981
G01 X456.187 Y213.825
G01 X454.906 Y209.669
G01 X453.627 Y205.513
G01 X452.348 Y201.358
G01 X451.068 Y197.202
G01 X449.789 Y193.046
G01 X448.510 Y188.890
G01 X447.231 Y184.736
G01 X445.951 Y180.579
G01 X444.672 Y176.423
G01 X443.393 Y172.267
G01 X442.113 Y168.113
G01 X440.832 Y163.957
G01 X439.553 Y159.800
G01 X438.274 Y155.645
G01 X436.995 Y151.490
G01 X435.716 Y147.334
G01 X434.437 Y143.178
G01 X433.156 Y139.022
G01 X431.877 Y134.866
G01 X430.598 Y130.710
G01 X429.318 Y126.554
G01 X428.038 Y122.399
G01 X426.760 Y118.244
G01 X425.480 Y114.088
G01 X424.201 Y109.932
G01 X422.922 Y105.776
G01 X421.642 Y101.620
G01 X420.363 Y97.464
G01 X419.082 Y93.309
G01 X417.803 Y89.154
G01 X416.524 Y84.998
G01 X415.245 Y80.841
G01 X413.966 Y76.687
G01 X412.685 Y72.531
G01 X411.406 Y68.375
G01 X410.127 Y64.219
G01 X408.848 Y60.064
G01 X407.568 Y55.907
G01 X408.899 Y59.875
G01 X410.230 Y63.841
G01 X411.560 Y67.810
G01 X412.892 Y71.776
G01 X414.223 Y75.745
G01 X415.553 Y79.712
G01 X416.885 Y83.679
G01 X418.216 Y87.647
G01 X419.546 Y91.613
G01 X420.877 Y95.581
G01 X422.207 Y99.548
G01 X423.538 Y103.516
G01 X424.870 Y107.483
G01 X426.201 Y111.450
G01 X427.531 Y115.418
G01 X428.863 Y119.385
G01 X430.193 Y123.352
G01 X431.524 Y127.319
G01 X432.855 Y131.286
G01 X434.185 Y135.255
G01 X435.517 Y139.221
G01 X436.848 Y143.188
G01 X438.178 Y147.156
G01 X439.510 Y151.123
G01 X440.840 Y155.091
G01 X442.171 Y159.058
G01 X443.502 Y163.025
G01 X444.832 Y166.993
G01 X446.163 Y170.960
G01 X447.495 Y174.928
G01 X448.826 Y178.895
G01 X450.156 Y182.863
G01 X451.486 Y186.829
G01 X452.817 Y190.796
G01 X454.149 Y194.764
G01 X455.480 Y198.731
G01 X456.810 Y202.700
G01 X458.142 Y206.666
G01 X459.473 Y210.633
G01 X460.803 Y214.601
G01 X462.134 Y218.568
G01 X463.465 Y222.536
G01 X464.796 Y226.502
G01 X466.127 Y230.471
G01 X467.457 Y234.438
G01 X468.788 Y238.406
G01 X470.120 Y242.373
G01 X471.450 Y246.340
G01 X472.781 Y250.308
G01 X474.111 Y254.275
G01 X475.442 Y258.242
G01 X476.774 Y262.209
G01 X478.105 Y266.177
G01 X479.436 Y270.144
G01 X480.767 Y274.112
G01 X482.096 Y278.079
G01 X483.428 Y282.046
G01 X484.759 Y286.014
G01 X486.090 Y289.981
G01 X487.421 Y293.947
G01 X488.752 Y297.916
G01 X490.082 Y301.882
G01 X491.413 Y305.850
G01 X492.744 Y309.817
G01 X491.192 Y305.683
G01 X489.642 Y301.550
G01 X488.090 Y297.416
G01 X486.538 Y293.283
G01 X484.988 Y289.149
G01 X483.437 Y285.014
G01 X481.885 Y280.882
G01 X480.334 Y276.748
G01 X478.783 Y272.613
G01 X477.231 Y268.481
G01 X475.680 Y264.346
G01 X474.129 Y260.213
G01 X472.577 Y256.079
G01 X471.026 Y251.946
G01 X469.475 Y247.811
G01 X467.923 Y243.678
G01 X466.373 Y239.544
G01 X464.821 Y235.411
G01 X463.269 Y231.276
G01 X461.719 Y227.144
G01 X460.167 Y223.010
G01 X458.615 Y218.875
G01 X457.065 Y214.743
G01 X455.513 Y210.608
G01 X453.962 Y206.474
G01 X452.411 Y202.341
G01 X450.858 Y198.207
G01 X449.308 Y194.073
G01 X447.757 Y189.940
G01 X446.206 Y185.806
G01 X444.654 Y181.673
G01 X443.103 Y177.538
G01 X441.552 Y173.406
G01 X440.000 Y169.272
G01 X438.449 Y165.137
G01 X436.898 Y161.003
G01 X435.346 Y156.870
G01 X433.795 Y152.736
G01 X432.244 Y148.603
G01 X430.692 Y144.469
G01 X429.140 Y140.335
G01 X427.589 Y136.202
G01 X426.038 Y132.068
G01 X424.486 Y127.934
G01 X422.935 Y123.800
G01 X421.385 Y119.667
G01 X419.834 Y115.534
G01 X418.281 Y111.399
G01 X416.731 Y107.266
G01 X415.180 Y103.132
G01 X413.627 Y98.999
G01 X412.077 Y94.865
G01 X410.526 Y90.732
G01 X408.975 Y86.598
G01 X407.423 Y82.464
G01 X405.872 Y78.329
G01 X404.321 Y74.197
G01 X402.769 Y70.062
G01 X401.217 Y65.929
G01 X399.667 Y61.796
G01 X398.115 Y57.661
G01 X396.563 Y53.528
G01 X395.012 Y49.394
G01 X393.462 Y45.261
G01 X395.055 Y49.204
G01 X396.648 Y53.147
G01 X398.240 Y57.090
G01 X399.834 Y61.032
G01 X401.428 Y64.976
G01 X403.021 Y68.918
G01 X404.613 Y72.862
G01 X406.207 Y76.805
G01 X407.800 Y80.748
G01 X409.394 Y84.690
G01 X410.988 Y88.632
G01 X412.581 Y92.576
G01 X414.173 Y96.519
G01 X415.767 Y100.462
G01 X417.360 Y104.405
G01 X418.954 Y108.348
G01 X420.547 Y112.291
G01 X422.139 Y116.233
G01 X423.733 Y120.177
G01 X425.327 Y124.119
G01 X426.920 Y128.062
G01 X428.512 Y132.005
G01 X430.106 Y135.948
G01 X431.700 Y139.892
G01 X433.293 Y143.834
G01 X434.887 Y147.777
G01 X436.480 Y151.721
G01 X438.072 Y155.663
G01 X439.666 Y159.606
G01 X441.260 Y163.549
G01 X442.853 Y167.493
G01 X444.446 Y171.435
G01 X446.038 Y175.378
G01 X447.632 Y179.322
G01 X449.226 Y183.264
G01 X450.818 Y187.207
G01 X452.411 Y191.150
G01 X454.005 Y195.094
G01 X455.599 Y199.036
G01 X457.192 Y202.979
G01 X458.786 Y206.923
G01 X460.379 Y210.865
G01 X461.971 Y214.808
G01 X463.565 Y218.752
G01 X465.158 Y222.695
G01 X466.752 Y226.637
G01 X468.345 Y230.579
G01 X469.938 Y234.522
G01 X471.531 Y238.466
G01 X473.125 Y242.409
G01 X474.717 Y246.352
G01 X476.311 Y250.294
G01 X477.904 Y254.238
G01 X479.498 Y258.180
G01 X481.091 Y262.124
G01 X482.683 Y266.067
G01 X484.278 Y270.010
G01 X485.870 Y273.952
G01 X487.464 Y277.896
G01 X489.057 Y281.839
G01 X490.651 Y285.781
G01 X492.244 Y289.725
G01 X493.837 Y293.668
G01 X495.430 Y297.611
G01 X493.606 Y293.517
G01 X491.781 Y289.423
G01 X489.956 Y285.331
G01 X488.130 Y281.238
G01 X486.305 Y277.144
G01 X484.481 Y273.050
G01 X482.656 Y268.957
G01 X480.831 Y264.863
G01 X479.007 Y260.771
G01 X477.182 Y256.678
G01 X475.356 Y252.584
G01 X473.531 Y248.490
G01 X471.707 Y244.398
G01 X469.882 Y240.303
G01 X468.057 Y236.210
G01 X466.231 Y232.118
G01 X464.406 Y228.024
G01 X462.582 Y223.930
G01 X460.757 Y219.837
G01 X458.933 Y215.743
G01 X457.108 Y211.650
G01 X455.283 Y207.556
G01 X453.457 Y203.464
G01 X451.632 Y199.370
G01 X449.808 Y195.276
G01 X447.983 Y191.183
G01 X446.158 Y187.091
G01 X444.332 Y182.996
G01 X442.509 Y178.904
G01 X440.683 Y174.810
G01 X438.858 Y170.716
G01 X437.034 Y166.623
G01 X435.209 Y162.531
G01 X433.384 Y158.436
G01 X431.558 Y154.344
G01 X429.733 Y150.250
G01 X427.909 Y146.156
G01 X426.084 Y142.063
G01 X424.260 Y137.971
G01 X422.435 Y133.877
G01 X420.610 Y129.784
G01 X418.784 Y125.691
G01 X416.959 Y121.596
G01 X415.135 Y117.504
G01 X413.310 Y113.410
G01 X411.485 Y109.317
G01 X409.661 Y105.224
G01 X407.836 Y101.130
G01 X406.010 Y97.036
G01 X404.185 Y92.944
G01 X402.361 Y88.850
G01 X400.536 Y84.757
G01 X398.711 Y80.663
G01 X396.885 Y76.570
G01 X395.062 Y72.476
G01 X393.236 Y68.384
G01 X391.411 Y64.290
G01 X389.587 Y60.197
G01 X387.762 Y56.103
G01 X385.937 Y52.010
G01 X384.111 Y47.917
G01 X382.286 Y43.824
G01 X380.462 Y39.730
G01 X378.637 Y35.637
G01 X380.495 Y39.538
G01 X382.351 Y43.438
G01 X384.209 Y47.339
G01 X386.067 Y51.240
G01 X387.923 Y55.141
G01 X389.781 Y59.042
G01 X391.637 Y62.942
G01 X393.495 Y66.843
G01 X395.353 Y70.744
G01 X397.209 Y74.644
G01 X399.067 Y78.545
G01 X400.925 Y82.446
G01 X402.781 Y86.346
G01 X404.639 Y90.247
G01 X406.497 Y94.148
G01 X408.353 Y98.048
G01 X410.211 Y101.950
G01 X412.067 Y105.851
G01 X413.925 Y109.750
G01 X415.783 Y113.651
G01 X417.639 Y117.553
G01 X419.498 Y121.454
G01 X421.355 Y125.353
G01 X423.212 Y129.255
G01 X425.068 Y133.156
G01 X426.927 Y137.056
G01 X428.784 Y140.957
G01 X430.640 Y144.858
G01 X432.499 Y148.758
G01 X434.356 Y152.659
G01 X436.212 Y156.560
G01 X438.070 Y160.460
G01 X439.928 Y164.361
G01 X441.784 Y168.262
G01 X443.642 Y172.163
G01 X445.499 Y176.063
G01 X447.356 Y179.964
G01 X449.214 Y183.865
G01 X451.071 Y187.765
G01 X452.928 Y191.666
G01 X454.786 Y195.567
G01 X456.643 Y199.469
G01 X458.500 Y203.370
G01 X460.358 Y207.269
G01 X462.215 Y211.171
G01 X464.072 Y215.072
G01 X465.928 Y218.972
G01 X467.786 Y222.873
G01 X469.644 Y226.774
G01 X471.500 Y230.674
G01 X473.358 Y234.575
G01 X475.216 Y238.476
G01 X477.072 Y242.377
G01 X478.930 Y246.277
G01 X480.788 Y250.179
G01 X482.644 Y254.079
G01 X484.502 Y257.980
G01 X486.358 Y261.880
G01 X488.216 Y265.781
G01 X490.073 Y269.682
G01 X491.930 Y273.582
G01 X493.788 Y277.483
G01 X495.645 Y281.385
G01 X497.502 Y285.284
G01 X495.404 Y281.250
G01 X493.305 Y277.216
G01 X491.206 Y273.182
G01 X489.106 Y269.147
G01 X487.007 Y265.113
G01 X484.909 Y261.079
G01 X482.811 Y257.045
G01 X480.711 Y253.010
G01 X478.613 Y248.976
G01 X476.514 Y244.942
G01 X474.414 Y240.906
G01 X472.316 Y236.873
G01 X470.216 Y232.837
G01 X468.118 Y228.803
G01 X466.019 Y224.769
G01 X463.919 Y220.734
G01 X461.821 Y216.700
G01 X459.721 Y212.666
G01 X457.623 Y208.632
G01 X455.524 Y204.597
G01 X453.425 Y200.562
G01 X451.326 Y196.529
G01 X449.226 Y192.495
G01 X447.127 Y188.459
G01 X445.029 Y184.425
G01 X442.930 Y180.390
G01 X440.832 Y176.356
G01 X438.733 Y172.322
G01 X436.634 Y168.287
G01 X434.534 Y164.253
G01 X432.435 Y160.219
G01 X430.337 Y156.185
G01 X428.238 Y152.150
G01 X426.139 Y148.115
G01 X424.039 Y144.082
G01 X421.941 Y140.046
G01 X419.841 Y136.012
G01 X417.743 Y131.978
G01 X415.644 Y127.943
G01 X413.545 Y123.909
G01 X411.446 Y119.875
G01 X409.346 Y115.841
G01 X407.248 Y111.807
G01 X405.149 Y107.772
G01 X403.050 Y103.738
G01 X400.952 Y99.704
G01 X398.853 Y95.668
G01 X396.754 Y91.635
G01 X394.654 Y87.600
G01 X392.555 Y83.566
G01 X390.457 Y79.531
G01 X388.358 Y75.497
G01 X386.259 Y71.463
G01 X384.159 Y67.428
G01 X382.060 Y63.394
G01 X379.962 Y59.359
G01 X377.863 Y55.325
G01 X375.764 Y51.291
G01 X373.664 Y47.256
G01 X371.565 Y43.221
G01 X369.466 Y39.188
G01 X367.368 Y35.153
G01 X365.269 Y31.119
G01 X363.171 Y27.084
G01 X365.291 Y30.925
G01 X367.413 Y34.764
G01 X369.536 Y38.606
G01 X371.656 Y42.446
G01 X373.779 Y46.286
G01 X375.900 Y50.127
G01 X378.022 Y53.968
G01 X380.144 Y57.808
G01 X382.264 Y61.648
G01 X384.387 Y65.488
G01 X386.509 Y69.329
G01 X388.630 Y73.170
G01 X390.752 Y77.010
G01 X392.874 Y80.850
G01 X394.995 Y84.691
G01 X397.116 Y88.531
G01 X399.238 Y92.372
G01 X401.361 Y96.212
G01 X403.481 Y100.052
G01 X405.603 Y103.893
G01 X407.726 Y107.733
G01 X409.846 Y111.574
G01 X411.969 Y115.413
G01 X414.091 Y119.255
G01 X416.212 Y123.094
G01 X418.334 Y126.935
G01 X420.456 Y130.775
G01 X422.577 Y134.615
G01 X424.699 Y138.457
G01 X426.821 Y142.296
G01 X428.942 Y146.137
G01 X431.063 Y149.978
G01 X433.185 Y153.817
G01 X435.307 Y157.659
G01 X437.428 Y161.498
G01 X439.550 Y165.339
G01 X441.672 Y169.180
G01 X443.793 Y173.020
G01 X445.914 Y176.861
G01 X448.036 Y180.700
G01 X450.159 Y184.541
G01 X452.279 Y188.382
G01 X454.401 Y192.222
G01 X456.524 Y196.062
G01 X458.645 Y199.904
G01 X460.767 Y203.743
G01 X462.889 Y207.584
G01 X465.010 Y211.424
G01 X467.132 Y215.264
G01 X469.254 Y219.106
G01 X471.375 Y222.945
G01 X473.496 Y226.786
G01 X475.619 Y230.627
G01 X477.740 Y234.466
G01 X479.861 Y238.308
G01 X481.983 Y242.147
G01 X484.105 Y245.988
G01 X486.226 Y249.828
G01 X488.349 Y253.669
G01 X490.470 Y257.510
G01 X492.591 Y261.350
G01 X494.714 Y265.190
G01 X496.835 Y269.031
G01 X498.957 Y272.872
G01 X496.585 Y268.915
G01 X494.212 Y264.957
G01 X491.841 Y261.002
G01 X489.467 Y257.045
G01 X487.096 Y253.087
G01 X484.724 Y249.131
G01 X482.351 Y245.174
G01 X479.980 Y241.217
G01 X477.608 Y237.262
G01 X475.235 Y233.305
G01 X472.863 Y229.347
G01 X470.490 Y225.392
G01 X468.119 Y221.435
G01 X465.746 Y217.478
G01 X463.374 Y213.522
G01 X461.002 Y209.565
G01 X458.630 Y205.608
G01 X456.257 Y201.651
G01 X453.885 Y197.695
G01 X451.514 Y193.738
G01 X449.140 Y189.781
G01 X446.769 Y185.825
G01 X444.397 Y181.868
G01 X442.024 Y177.911
G01 X439.653 Y173.955
G01 X437.281 Y169.998
G01 X434.908 Y166.041
G01 X432.536 Y162.085
G01 X430.163 Y158.128
G01 X427.792 Y154.171
G01 X425.420 Y150.216
G01 X423.048 Y146.258
G01 X420.675 Y142.301
G01 X418.303 Y138.346
G01 X415.930 Y134.388
G01 X413.558 Y130.431
G01 X411.187 Y126.475
G01 X408.815 Y122.518
G01 X406.442 Y118.562
G01 X404.070 Y114.606
G01 X401.697 Y110.649
G01 X399.326 Y106.692
G01 X396.954 Y102.736
G01 X394.582 Y98.779
G01 X392.209 Y94.822
G01 X389.837 Y90.865
G01 X387.464 Y86.909
G01 X385.092 Y82.952
G01 X382.721 Y78.995
G01 X380.349 Y75.038
G01 X377.976 Y71.083
G01 X375.603 Y67.125
G01 X373.231 Y63.168
G01 X370.859 Y59.213
G01 X368.488 Y55.256
G01 X366.115 Y51.298
G01 X363.743 Y47.343
G01 X361.370 Y43.386
G01 X358.998 Y39.429
G01 X356.627 Y35.473
G01 X354.255 Y31.516
G01 X351.882 Y27.560
G01 X349.510 Y23.603
G01 X347.137 Y19.645
G01 X349.522 Y23.407
G01 X351.907 Y27.169
G01 X354.293 Y30.931
G01 X356.678 Y34.692
G01 X359.063 Y38.454
G01 X361.448 Y42.216
G01 X363.834 Y45.978
G01 X366.219 Y49.740
G01 X368.604 Y53.502
G01 X370.990 Y57.264
G01 X373.375 Y61.026
G01 X375.760 Y64.788
G01 X378.144 Y68.548
G01 X380.531 Y72.310
G01 X382.916 Y76.072
G01 X385.300 Y79.834
G01 X387.685 Y83.596
G01 X390.071 Y87.358
G01 X392.456 Y91.120
G01 X394.841 Y94.882
G01 X397.226 Y98.644
G01 X399.611 Y102.406
G01 X401.997 Y106.167
G01 X404.382 Y109.929
G01 X406.767 Y113.691
G01 X409.153 Y117.452
G01 X411.538 Y121.214
G01 X413.923 Y124.975
G01 X416.308 Y128.738
G01 X418.692 Y132.500
G01 X421.077 Y136.262
G01 X423.464 Y140.022
G01 X425.849 Y143.784
G01 X428.233 Y147.546
G01 X430.619 Y151.308
G01 X433.004 Y155.070
G01 X435.389 Y158.832
G01 X437.774 Y162.594
G01 X440.159 Y166.356
G01 X442.544 Y170.118
G01 X444.930 Y173.880
G01 X447.315 Y177.640
G01 X449.700 Y181.402
G01 X452.084 Y185.164
G01 X454.471 Y188.926
G01 X456.856 Y192.688
G01 X459.240 Y196.450
G01 X461.625 Y200.212
G01 X464.010 Y203.974
G01 X466.397 Y207.736
G01 X468.781 Y211.496
G01 X471.167 Y215.258
G01 X473.552 Y219.020
G01 X475.937 Y222.782
G01 X478.322 Y226.544
G01 X480.707 Y230.305
G01 X483.092 Y234.067
G01 X485.478 Y237.829
G01 X487.863 Y241.591
G01 X490.248 Y245.352
G01 X492.632 Y249.114
G01 X495.018 Y252.876
G01 X497.404 Y256.639
G01 X499.788 Y260.401
G01 X497.145 Y256.541
G01 X494.502 Y252.680
G01 X491.858 Y248.820
G01 X489.216 Y244.959
G01 X486.572 Y241.101
G01 X483.928 Y237.240
G01 X481.286 Y233.380
G01 X478.643 Y229.519
G01 X476.000 Y225.659
G01 X473.356 Y221.799
G01 X470.712 Y217.940
G01 X468.070 Y214.079
G01 X465.425 Y210.219
G01 X462.783 Y206.359
G01 X460.139 Y202.500
G01 X457.496 Y198.639
G01 X454.853 Y194.779
G01 X452.209 Y190.919
G01 X449.567 Y187.060
G01 X446.923 Y183.200
G01 X444.279 Y179.339
G01 X441.637 Y175.479
G01 X438.994 Y171.620
G01 X436.351 Y167.760
G01 X433.707 Y163.899
G01 X431.063 Y160.039
G01 X428.421 Y156.180
G01 X425.776 Y152.320
G01 X423.134 Y148.459
G01 X420.490 Y144.599
G01 X417.848 Y140.740
G01 X415.204 Y136.880
G01 X412.560 Y133.019
G01 X409.918 Y129.159
G01 X407.274 Y125.299
G01 X404.630 Y121.440
G01 X401.988 Y117.579
G01 X399.345 Y113.720
G01 X396.702 Y109.860
G01 X394.058 Y106.000
G01 X391.414 Y102.139
G01 X388.772 Y98.280
G01 X386.129 Y94.420
G01 X383.485 Y90.560
G01 X380.841 Y86.700
G01 X378.199 Y82.839
G01 X375.554 Y78.980
G01 X372.911 Y75.120
G01 X370.269 Y71.260
G01 X367.625 Y67.399
G01 X364.981 Y63.540
G01 X362.339 Y59.679
G01 X359.695 Y55.819
G01 X357.053 Y51.959
G01 X354.409 Y48.100
G01 X351.765 Y44.239
G01 X349.123 Y40.379
G01 X346.479 Y36.519
G01 X343.835 Y32.659
G01 X341.192 Y28.799
G01 X338.549 Y24.939
G01 X335.906 Y21.079
G01 X333.262 Y17.219
G01 X330.620 Y13.358
G01 X333.267 Y17.024
G01 X335.912 Y20.689
G01 X338.560 Y24.353
G01 X341.205 Y28.018
G01 X343.853 Y31.683
G01 X346.498 Y35.348
G01 X349.144 Y39.012
G01 X351.791 Y42.677
G01 X354.438 Y46.341
G01 X357.084 Y50.007
G01 X359.731 Y53.672
G01 X362.377 Y57.336
G01 X365.024 Y61.001
G01 X367.671 Y64.666
G01 X370.317 Y68.331
G01 X372.964 Y71.995
G01 X375.611 Y75.660
G01 X378.257 Y79.325
G01 X380.904 Y82.990
G01 X383.550 Y86.654
G01 X386.197 Y90.319
G01 X388.842 Y93.983
G01 X391.488 Y97.649
G01 X394.135 Y101.312
G01 X396.783 Y104.978
G01 X399.428 Y108.643
G01 X402.076 Y112.308
G01 X404.721 Y115.971
G01 X407.369 Y119.637
G01 X410.014 Y123.301
G01 X412.661 Y126.966
G01 X415.308 Y130.630
G01 X417.954 Y134.296
G01 X420.601 Y137.960
G01 X423.248 Y141.625
G01 X425.894 Y145.291
G01 X428.541 Y148.954
G01 X431.187 Y152.620
G01 X433.834 Y156.284
G01 X436.480 Y159.948
G01 X439.127 Y163.613
G01 X441.773 Y167.279
G01 X444.419 Y170.943
G01 X447.066 Y174.608
G01 X449.712 Y178.272
G01 X452.358 Y181.938
G01 X455.005 Y185.603
G01 X457.651 Y189.267
G01 X460.298 Y192.931
G01 X462.945 Y196.596
G01 X465.591 Y200.262
G01 X468.238 Y203.926
G01 X470.885 Y207.591
G01 X473.531 Y211.255
G01 X476.178 Y214.921
G01 X478.823 Y218.585
G01 X481.471 Y222.250
G01 X484.116 Y225.914
G01 X486.764 Y229.579
G01 X489.409 Y233.245
G01 X492.057 Y236.909
G01 X494.702 Y240.573
G01 X497.350 Y244.238
G01 X499.995 Y247.903
G01 X497.085 Y244.158
G01 X494.173 Y240.414
G01 X491.264 Y236.669
G01 X488.353 Y232.925
G01 X485.442 Y229.180
G01 X482.531 Y225.436
G01 X479.620 Y221.692
G01 X476.709 Y217.947
G01 X473.798 Y214.202
G01 X470.887 Y210.459
G01 X467.976 Y206.714
G01 X465.066 Y202.969
G01 X462.154 Y199.224
G01 X459.244 Y195.479
G01 X456.332 Y191.736
G01 X453.422 Y187.991
G01 X450.510 Y184.246
G01 X447.600 Y180.502
G01 X444.688 Y176.757
G01 X441.778 Y173.012
G01 X438.866 Y169.269
G01 X435.957 Y165.524
G01 X433.046 Y161.779
G01 X430.135 Y158.036
G01 X427.224 Y154.291
G01 X424.312 Y150.546
G01 X421.401 Y146.801
G01 X418.490 Y143.058
G01 X415.579 Y139.312
G01 X412.668 Y135.567
G01 X409.759 Y131.823
G01 X406.848 Y128.079
G01 X403.937 Y124.334
G01 X401.026 Y120.589
G01 X398.115 Y116.846
G01 X395.204 Y113.101
G01 X392.293 Y109.357
G01 X389.382 Y105.612
G01 X386.471 Y101.868
G01 X383.560 Y98.123
G01 X380.649 Y94.379
G01 X377.738 Y90.634
G01 X374.827 Y86.889
G01 X371.916 Y83.144
G01 X369.005 Y79.401
G01 X366.094 Y75.656
G01 X363.183 Y71.911
G01 X360.272 Y68.167
G01 X357.361 Y64.423
G01 X354.452 Y60.678
G01 X351.541 Y56.934
G01 X348.630 Y53.189
G01 X345.719 Y49.445
G01 X342.808 Y45.700
G01 X339.897 Y41.956
G01 X336.986 Y38.211
G01 X334.075 Y34.466
G01 X331.164 Y30.721
G01 X328.253 Y26.978
G01 X325.342 Y23.233
G01 X322.431 Y19.489
G01 X319.520 Y15.744
G01 X316.609 Y11.999
G01 X313.698 Y8.255
G01 X316.603 Y11.804
G01 X319.507 Y15.353
G01 X322.411 Y18.903
G01 X325.317 Y22.452
G01 X328.221 Y26.002
G01 X331.125 Y29.550
G01 X334.029 Y33.100
G01 X336.933 Y36.650
G01 X339.837 Y40.199
G01 X342.743 Y43.748
G01 X345.647 Y47.298
G01 X348.551 Y50.846
G01 X351.455 Y54.395
G01 X354.359 Y57.946
G01 X357.264 Y61.495
G01 X360.168 Y65.043
G01 X363.073 Y68.594
G01 X365.978 Y72.143
G01 X368.882 Y75.692
G01 X371.786 Y79.242
G01 X374.690 Y82.791
G01 X377.594 Y86.339
G01 X380.500 Y89.889
G01 X383.404 Y93.439
G01 X386.308 Y96.988
G01 X389.212 Y100.538
G01 X392.116 Y104.087
G01 X395.022 Y107.636
G01 X397.925 Y111.185
G01 X400.829 Y114.735
G01 X403.735 Y118.284
G01 X406.639 Y121.834
G01 X409.543 Y125.382
G01 X412.447 Y128.931
G01 X415.351 Y132.481
G01 X418.255 Y136.031
G01 X421.161 Y139.579
G01 X424.065 Y143.128
G01 X426.969 Y146.678
G01 X429.874 Y150.228
G01 X432.778 Y153.776
G01 X435.683 Y157.327
G01 X438.587 Y160.875
G01 X441.490 Y164.425
G01 X444.395 Y167.974
G01 X447.300 Y171.524
G01 X450.204 Y175.072
G01 X453.108 Y178.623
G01 X456.013 Y182.171
G01 X458.918 Y185.721
G01 X461.822 Y189.270
G01 X464.726 Y192.820
G01 X467.630 Y196.368
G01 X470.534 Y199.918
G01 X473.438 Y203.467
G01 X476.344 Y207.017
G01 X479.248 Y210.567
G01 X482.151 Y214.115
G01 X485.057 Y217.664
G01 X487.961 Y221.214
G01 X490.865 Y224.763
G01 X493.769 Y228.312
G01 X496.673 Y231.863
G01 X499.579 Y235.411
G01 X496.404 Y231.801
G01 X493.231 Y228.192
G01 X490.057 Y224.580
G01 X486.884 Y220.971
G01 X483.709 Y217.361
G01 X480.536 Y213.750
G01 X477.363 Y210.140
G01 X474.188 Y206.529
G01 X471.014 Y202.919
G01 X467.841 Y199.310
G01 X464.668 Y195.700
G01 X461.494 Y192.089
G01 X458.320 Y188.478
G01 X455.145 Y184.868
G01 X451.973 Y181.258
G01 X448.798 Y177.649
G01 X445.625 Y174.038
G01 X442.452 Y170.428
G01 X439.278 Y166.817
G01 X436.103 Y163.207
G01 X432.930 Y159.597
G01 X429.757 Y155.986
G01 X426.582 Y152.377
G01 X423.409 Y148.767
G01 X420.235 Y145.156
G01 X417.062 Y141.546
G01 X413.887 Y137.935
G01 X410.714 Y134.325
G01 X407.539 Y130.716
G01 X404.366 Y127.105
G01 X401.192 Y123.495
G01 X398.019 Y119.885
G01 X394.846 Y116.274
G01 X391.672 Y112.665
G01 X388.498 Y109.055
G01 X385.324 Y105.445
G01 X382.151 Y101.834
G01 X378.976 Y98.224
G01 X375.803 Y94.613
G01 X372.630 Y91.004
G01 X369.455 Y87.394
G01 X366.281 Y83.783
G01 X363.108 Y80.173
G01 X359.935 Y76.562
G01 X356.760 Y72.952
G01 X353.587 Y69.343
G01 X350.412 Y65.733
G01 X347.240 Y62.121
G01 X344.065 Y58.512
G01 X340.892 Y54.901
G01 X337.717 Y51.292
G01 X334.544 Y47.681
G01 X331.370 Y44.071
G01 X328.197 Y40.461
G01 X325.024 Y36.851
G01 X321.849 Y33.240
G01 X318.675 Y29.631
G01 X315.502 Y26.019
G01 X312.329 Y22.410
G01 X309.154 Y18.800
G01 X305.981 Y15.190
G01 X302.806 Y11.579
G01 X299.633 Y7.969
G01 X296.459 Y4.359
G01 X299.616 Y7.775
G01 X302.774 Y11.190
G01 X305.931 Y14.606
G01 X309.089 Y18.020
G01 X312.246 Y21.436
G01 X315.404 Y24.852
G01 X318.561 Y28.268
G01 X321.719 Y31.684
G01 X324.877 Y35.099
G01 X328.034 Y38.514
G01 X331.192 Y41.930
G01 X334.349 Y45.346
G01 X337.507 Y48.762
G01 X340.664 Y52.177
G01 X343.822 Y55.593
G01 X346.978 Y59.008
G01 X350.137 Y62.423
G01 X353.293 Y65.839
G01 X356.452 Y69.255
G01 X359.608 Y72.671
G01 X362.767 Y76.087
G01 X365.923 Y79.502
G01 X369.082 Y82.918
G01 X372.238 Y86.333
G01 X375.397 Y89.749
G01 X378.553 Y93.163
G01 X381.711 Y96.579
G01 X384.869 Y99.995
G01 X388.026 Y103.411
G01 X391.183 Y106.827
G01 X394.341 Y110.242
G01 X397.499 Y113.658
G01 X400.656 Y117.074
G01 X403.813 Y120.488
G01 X406.971 Y123.904
G01 X410.129 Y127.319
G01 X413.286 Y130.736
G01 X416.442 Y134.151
G01 X419.601 Y137.567
G01 X422.757 Y140.983
G01 X425.916 Y144.397
G01 X429.072 Y147.813
G01 X432.231 Y151.228
G01 X435.387 Y154.644
G01 X438.546 Y158.060
G01 X441.702 Y161.476
G01 X444.861 Y164.892
G01 X448.018 Y168.306
G01 X451.175 Y171.722
G01 X454.332 Y175.137
G01 X457.490 Y178.553
G01 X460.648 Y181.969
G01 X463.805 Y185.385
G01 X466.962 Y188.800
G01 X470.120 Y192.216
G01 X473.278 Y195.632
G01 X476.435 Y199.048
G01 X479.592 Y202.462
G01 X482.750 Y205.878
G01 X485.908 Y209.293
G01 X489.065 Y212.709
G01 X492.222 Y216.125
G01 X495.380 Y219.541
G01 X498.537 Y222.957
G01 X495.106 Y219.498
G01 X491.675 Y216.041
G01 X488.245 Y212.584
G01 X484.816 Y209.127
G01 X481.385 Y205.669
G01 X477.954 Y202.212
G01 X474.524 Y198.755
G01 X471.094 Y195.298
G01 X467.663 Y191.841
G01 X464.233 Y188.383
G01 X460.802 Y184.926
G01 X457.371 Y181.469
G01 X453.942 Y178.012
G01 X450.510 Y174.555
G01 X447.081 Y171.096
G01 X443.649 Y167.639
G01 X440.220 Y164.183
G01 X436.788 Y160.726
G01 X433.358 Y157.267
G01 X429.928 Y153.810
G01 X426.498 Y150.353
G01 X423.067 Y146.897
G01 X419.637 Y143.438
G01 X416.207 Y139.981
G01 X412.776 Y136.524
G01 X409.346 Y133.067
G01 X405.914 Y129.609
G01 X402.485 Y126.152
G01 X399.053 Y122.694
G01 X395.624 Y119.238
G01 X392.192 Y115.781
G01 X388.762 Y112.324
G01 X385.332 Y108.867
G01 X381.901 Y105.409
G01 X378.471 Y101.952
G01 X375.041 Y98.495
G01 X371.611 Y95.036
G01 X368.180 Y91.579
G01 X364.750 Y88.123
G01 X361.318 Y84.665
G01 X357.888 Y81.208
G01 X354.457 Y77.750
G01 X351.027 Y74.293
G01 X347.597 Y70.836
G01 X344.166 Y67.379
G01 X340.736 Y63.922
G01 X337.305 Y60.464
G01 X333.875 Y57.007
G01 X330.445 Y53.550
G01 X327.014 Y50.093
G01 X323.584 Y46.635
G01 X320.154 Y43.178
G01 X316.724 Y39.721
G01 X313.293 Y36.264
G01 X309.863 Y32.805
G01 X306.431 Y29.349
G01 X303.002 Y25.892
G01 X299.570 Y22.434
G01 X296.140 Y18.977
G01 X292.709 Y15.519
G01 X289.279 Y12.062
G01 X285.849 Y8.605
G01 X282.418 Y5.148
G01 X278.988 Y1.691
G01 X282.392 Y4.954
G01 X285.798 Y8.218
G01 X289.202 Y11.482
G01 X292.606 Y14.745
G01 X296.010 Y18.008
G01 X299.414 Y21.273
G01 X302.820 Y24.537
G01 X306.224 Y27.800
G01 X309.628 Y31.064
G01 X313.032 Y34.328
G01 X316.438 Y37.591
G01 X319.841 Y40.855
G01 X323.246 Y44.119
G01 X326.650 Y47.382
G01 X330.055 Y50.647
G01 X333.459 Y53.910
G01 X336.865 Y57.173
G01 X340.269 Y60.438
G01 X343.673 Y63.702
G01 X347.077 Y66.964
G01 X350.483 Y70.228
G01 X353.887 Y73.493
G01 X357.291 Y76.756
G01 X360.695 Y80.019
G01 X364.099 Y83.284
G01 X367.505 Y86.548
G01 X370.909 Y89.810
G01 X374.313 Y93.075
G01 X377.717 Y96.339
G01 X381.123 Y99.601
G01 X384.526 Y102.865
G01 X387.932 Y106.130
G01 X391.336 Y109.394
G01 X394.740 Y112.656
G01 X398.144 Y115.921
G01 X401.550 Y119.185
G01 X404.954 Y122.448
G01 X408.358 Y125.711
G01 X411.762 Y128.976
G01 X415.167 Y132.240
G01 X418.572 Y135.502
G01 X421.976 Y138.767
G01 X425.380 Y142.031
G01 X428.786 Y145.293
G01 X432.190 Y148.558
G01 X435.594 Y151.822
G01 X438.999 Y155.085
G01 X442.403 Y158.349
G01 X445.808 Y161.613
G01 X449.212 Y164.877
G01 X452.616 Y168.140
G01 X456.020 Y171.404
G01 X459.425 Y174.668
G01 X462.829 Y177.931
G01 X466.235 Y181.195
G01 X469.639 Y184.459
G01 X473.043 Y187.722
G01 X476.447 Y190.986
G01 X479.853 Y194.250
G01 X483.257 Y197.513
G01 X486.662 Y200.777
G01 X490.066 Y204.041
G01 X493.470 Y207.305
G01 X496.875 Y210.568
G01 X493.195 Y207.282
G01 X489.515 Y203.996
G01 X485.836 Y200.710
G01 X482.156 Y197.424
G01 X478.476 Y194.138
G01 X474.797 Y190.853
G01 X471.116 Y187.567
G01 X467.437 Y184.281
G01 X463.757 Y180.995
G01 X460.077 Y177.709
G01 X456.398 Y174.423
G01 X452.717 Y171.137
G01 X449.038 Y167.851
G01 X445.358 Y164.565
G01 X441.678 Y161.279
G01 X437.999 Y157.993
G01 X434.320 Y154.707
G01 X430.639 Y151.421
G01 X426.959 Y148.135
G01 X423.279 Y144.849
G01 X419.601 Y141.562
G01 X415.921 Y138.275
G01 X412.240 Y134.990
G01 X408.562 Y131.704
G01 X404.882 Y128.418
G01 X401.202 Y125.131
G01 X397.522 Y121.846
G01 X393.842 Y118.560
G01 X390.163 Y115.274
G01 X386.483 Y111.988
G01 X382.803 Y108.702
G01 X379.124 Y105.416
G01 X375.443 Y102.130
G01 X371.763 Y98.844
G01 X368.084 Y95.558
G01 X364.404 Y92.272
G01 X360.724 Y88.986
G01 X357.044 Y85.700
G01 X353.365 Y82.413
G01 X349.685 Y79.127
G01 X346.005 Y75.841
G01 X342.325 Y72.555
G01 X338.647 Y69.269
G01 X334.966 Y65.983
G01 X331.286 Y62.697
G01 X327.606 Y59.411
G01 X323.928 Y56.126
G01 X320.248 Y52.840
G01 X316.567 Y49.554
G01 X312.888 Y46.268
G01 X309.209 Y42.982
G01 X305.529 Y39.696
G01 X301.849 Y36.410
G01 X298.169 Y33.124
G01 X294.490 Y29.838
G01 X290.810 Y26.552
G01 X287.130 Y23.266
G01 X283.450 Y19.980
G01 X279.770 Y16.694
G01 X276.091 Y13.407
G01 X272.411 Y10.121
G01 X268.731 Y6.835
G01 X265.051 Y3.549
G01 X261.371 Y0.263
G01 X265.015 Y3.358
G01 X268.661 Y6.452
G01 X272.305 Y9.546
G01 X275.948 Y12.639
G01 X279.592 Y15.733
G01 X283.236 Y18.828
G01 X286.880 Y21.922
G01 X290.524 Y25.016
G01 X294.168 Y28.109
G01 X297.813 Y31.204
G01 X301.457 Y34.298
G01 X305.101 Y37.392
G01 X308.745 Y40.486
G01 X312.389 Y43.579
G01 X316.034 Y46.673
G01 X319.678 Y49.768
G01 X323.322 Y52.862
G01 X326.966 Y55.956
G01 X330.609 Y59.050
G01 X334.255 Y62.144
G01 X337.899 Y65.238
G01 X341.543 Y68.332
G01 X345.186 Y71.425
G01 X348.830 Y74.519
G01 X352.474 Y77.613
G01 X356.118 Y80.708
G01 X359.762 Y83.802
G01 X363.407 Y86.896
G01 X367.051 Y89.990
G01 X370.695 Y93.084
G01 X374.339 Y96.178
G01 X377.983 Y99.272
G01 X381.627 Y102.365
G01 X385.272 Y105.459
G01 X388.916 Y108.554
G01 X392.560 Y111.648
G01 X396.204 Y114.742
G01 X399.849 Y117.836
G01 X403.493 Y120.930
G01 X407.137 Y124.023
G01 X410.781 Y127.117
G01 X414.425 Y130.212
G01 X418.068 Y133.305
G01 X421.712 Y136.399
G01 X425.356 Y139.493
G01 X429.002 Y142.587
G01 X432.646 Y145.681
G01 X436.289 Y148.775
G01 X439.933 Y151.870
G01 X443.577 Y154.964
G01 X447.221 Y158.058
G01 X450.865 Y161.151
G01 X454.510 Y164.245
G01 X458.154 Y167.339
G01 X461.798 Y170.433
G01 X465.442 Y173.527
G01 X469.087 Y176.621
G01 X472.731 Y179.716
G01 X476.375 Y182.810
G01 X480.019 Y185.904
G01 X483.663 Y188.998
G01 X487.307 Y192.091
G01 X490.951 Y195.185
G01 X494.596 Y198.279
G01 X490.674 Y195.183
G01 X486.755 Y192.085
G01 X482.834 Y188.990
G01 X478.914 Y185.892
G01 X474.994 Y182.796
G01 X471.073 Y179.698
G01 X467.154 Y176.603
G01 X463.233 Y173.505
G01 X459.312 Y170.409
G01 X455.393 Y167.311
G01 X451.473 Y164.214
G01 X447.552 Y161.118
G01 X443.632 Y158.022
G01 X439.712 Y154.924
G01 X435.792 Y151.827
G01 X431.872 Y148.731
G01 X427.951 Y145.633
G01 X424.031 Y142.537
G01 X420.111 Y139.440
G01 X416.190 Y136.344
G01 X412.269 Y133.246
G01 X408.350 Y130.149
G01 X404.430 Y127.053
G01 X400.509 Y123.956
G01 X396.589 Y120.860
G01 X392.668 Y117.762
G01 X388.749 Y114.666
G01 X384.829 Y111.569
G01 X380.908 Y108.473
G01 X376.988 Y105.375
G01 X373.067 Y102.279
G01 X369.147 Y99.182
G01 X365.226 Y96.084
G01 X361.306 Y92.988
G01 X357.387 Y89.892
G01 X353.466 Y86.795
G01 X349.546 Y83.697
G01 X345.625 Y80.601
G01 X341.705 Y77.505
G01 X337.784 Y74.408
G01 X333.865 Y71.310
G01 X329.945 Y68.214
G01 X326.024 Y65.117
G01 X322.103 Y62.020
G01 X318.183 Y58.923
G01 X314.263 Y55.827
G01 X310.344 Y52.730
G01 X306.423 Y49.632
G01 X302.502 Y46.536
G01 X298.582 Y43.440
G01 X294.662 Y40.343
G01 X290.741 Y37.245
G01 X286.822 Y34.149
G01 X282.901 Y31.053
G01 X278.981 Y27.956
G01 X275.060 Y24.858
G01 X271.140 Y21.762
G01 X267.221 Y18.665
G01 X263.300 Y15.567
G01 X259.380 Y12.472
G01 X255.459 Y9.375
G01 X251.539 Y6.278
G01 X247.618 Y3.180
G01 X243.698 Y0.085
G01 X247.573 Y2.990
G01 X251.448 Y5.898
G01 X255.324 Y8.805
G01 X259.200 Y11.712
G01 X263.075 Y14.619
G01 X266.950 Y17.525
G01 X270.825 Y20.431
G01 X274.700 Y23.339
G01 X278.575 Y26.245
G01 X282.450 Y29.153
G01 X286.325 Y32.059
G01 X290.200 Y34.966
G01 X294.075 Y37.873
G01 X297.950 Y40.780
G01 X301.825 Y43.687
G01 X305.700 Y46.593
G01 X309.575 Y49.500
G01 X313.450 Y52.406
G01 X317.325 Y55.314
G01 X321.200 Y58.221
G01 X325.075 Y61.127
G01 X328.950 Y64.034
G01 X332.825 Y66.941
G01 X336.700 Y69.848
G01 X340.575 Y72.755
G01 X344.450 Y75.661
G01 X348.327 Y78.567
G01 X352.202 Y81.475
G01 X356.077 Y84.382
G01 X359.952 Y87.288
G01 X363.827 Y90.196
G01 X367.702 Y93.101
G01 X371.577 Y96.009
G01 X375.452 Y98.916
G01 X379.327 Y101.822
G01 X383.202 Y104.730
G01 X387.077 Y107.637
G01 X390.952 Y110.543
G01 X394.827 Y113.450
G01 X398.702 Y116.357
G01 X402.577 Y119.264
G01 X406.452 Y122.169
G01 X410.327 Y125.076
G01 X414.202 Y127.983
G01 X418.077 Y130.890
G01 X421.952 Y133.798
G01 X425.827 Y136.704
G01 X429.702 Y139.611
G01 X433.579 Y142.517
G01 X437.454 Y145.424
G01 X441.329 Y148.332
G01 X445.204 Y151.238
G01 X449.079 Y154.144
G01 X452.954 Y157.051
G01 X456.829 Y159.959
G01 X460.704 Y162.865
G01 X464.579 Y165.772
G01 X468.454 Y168.678
G01 X472.329 Y171.585
G01 X476.204 Y174.493
G01 X480.079 Y177.399
G01 X483.954 Y180.306
G01 X487.829 Y183.212
G01 X491.704 Y186.120
G01 X487.553 Y183.229
G01 X483.403 Y180.339
G01 X479.252 Y177.450
G01 X475.101 Y174.560
G01 X470.951 Y171.669
G01 X466.800 Y168.779
G01 X462.649 Y165.889
G01 X458.499 Y163.000
G01 X454.348 Y160.109
G01 X450.197 Y157.219
G01 X446.047 Y154.329
G01 X441.895 Y151.438
G01 X437.745 Y148.548
G01 X433.594 Y145.659
G01 X429.443 Y142.769
G01 X425.293 Y139.878
G01 X421.142 Y136.988
G01 X416.991 Y134.099
G01 X412.841 Y131.209
G01 X408.690 Y128.317
G01 X404.538 Y125.427
G01 X400.389 Y122.537
G01 X396.238 Y119.648
G01 X392.087 Y116.757
G01 X387.935 Y113.868
G01 X383.786 Y110.978
G01 X379.635 Y108.088
G01 X375.483 Y105.197
G01 X371.332 Y102.308
G01 X367.183 Y99.417
G01 X363.031 Y96.526
G01 X358.880 Y93.637
G01 X354.731 Y90.747
G01 X350.579 Y87.857
G01 X346.428 Y84.966
G01 X342.277 Y82.077
G01 X338.127 Y79.187
G01 X333.976 Y76.297
G01 X329.825 Y73.406
G01 X325.674 Y70.517
G01 X321.524 Y67.627
G01 X317.373 Y64.736
G01 X313.222 Y61.846
G01 X309.072 Y58.956
G01 X304.921 Y56.066
G01 X300.770 Y53.175
G01 X296.620 Y50.286
G01 X292.469 Y47.395
G01 X288.318 Y44.506
G01 X284.168 Y41.615
G01 X280.017 Y38.726
G01 X275.866 Y35.836
G01 X271.716 Y32.946
G01 X267.565 Y30.055
G01 X263.413 Y27.165
G01 X259.263 Y24.275
G01 X255.113 Y21.385
G01 X250.962 Y18.495
G01 X246.810 Y15.605
G01 X242.661 Y12.715
G01 X238.510 Y9.825
G01 X234.358 Y6.935
G01 X230.207 Y4.044
G01 X226.058 Y1.155
G01 X230.154 Y3.857
G01 X234.250 Y6.560
G01 X238.346 Y9.262
G01 X242.442 Y11.965
G01 X246.537 Y14.668
G01 X250.635 Y17.370
G01 X254.731 Y20.073
G01 X258.827 Y22.775
G01 X262.923 Y25.478
G01 X267.019 Y28.180
G01 X271.115 Y30.882
G01 X275.210 Y33.586
G01 X279.306 Y36.288
G01 X283.404 Y38.990
G01 X287.500 Y41.692
G01 X291.596 Y44.395
G01 X295.692 Y47.099
G01 X299.787 Y49.800
G01 X303.883 Y52.504
G01 X307.979 Y55.206
G01 X312.075 Y57.909
G01 X316.171 Y60.612
G01 X320.269 Y63.314
G01 X324.365 Y66.017
G01 X328.460 Y68.719
G01 X332.556 Y71.422
G01 X336.652 Y74.124
G01 X340.748 Y76.827
G01 X344.844 Y79.529
G01 X348.940 Y82.232
G01 X353.037 Y84.935
G01 X357.133 Y87.637
G01 X361.229 Y90.339
G01 X365.325 Y93.042
G01 X369.421 Y95.745
G01 X373.517 Y98.447
G01 X377.613 Y101.149
G01 X381.709 Y103.853
G01 X385.807 Y106.555
G01 X389.903 Y109.257
G01 X393.999 Y111.961
G01 X398.095 Y114.663
G01 X402.191 Y117.365
G01 X406.286 Y120.069
G01 X410.382 Y122.770
G01 X414.478 Y125.473
G01 X418.576 Y128.175
G01 X422.672 Y130.878
G01 X426.768 Y133.580
G01 X430.863 Y136.284
G01 X434.959 Y138.986
G01 X439.055 Y141.688
G01 X443.151 Y144.392
G01 X447.248 Y147.094
G01 X451.345 Y149.796
G01 X455.441 Y152.498
G01 X459.536 Y155.202
G01 X463.632 Y157.904
G01 X467.728 Y160.606
G01 X471.825 Y163.310
G01 X475.921 Y166.012
G01 X480.017 Y168.714
G01 X484.114 Y171.418
G01 X488.210 Y174.120
G01 X483.840 Y171.454
G01 X479.470 Y168.786
G01 X475.100 Y166.120
G01 X470.730 Y163.454
G01 X466.360 Y160.787
G01 X461.990 Y158.121
G01 X457.620 Y155.454
G01 X453.250 Y152.788
G01 X448.880 Y150.121
G01 X444.510 Y147.455
G01 X440.140 Y144.788
G01 X435.771 Y142.123
G01 X431.401 Y139.455
G01 X427.031 Y136.789
G01 X422.661 Y134.123
G01 X418.291 Y131.457
G01 X413.921 Y128.791
G01 X409.550 Y126.123
G01 X405.182 Y123.457
G01 X400.812 Y120.792
G01 X396.442 Y118.125
G01 X392.072 Y115.459
G01 X387.702 Y112.792
G01 X383.332 Y110.125
G01 X378.962 Y107.459
G01 X374.591 Y104.793
G01 X370.221 Y102.125
G01 X365.851 Y99.459
G01 X361.481 Y96.793
G01 X357.113 Y94.127
G01 X352.743 Y91.461
G01 X348.373 Y88.793
G01 X344.002 Y86.127
G01 X339.632 Y83.461
G01 X335.262 Y80.795
G01 X330.892 Y78.129
G01 X326.522 Y75.462
G01 X322.152 Y72.796
G01 X317.782 Y70.129
G01 X313.412 Y67.463
G01 X309.043 Y64.796
G01 X304.673 Y62.130
G01 X300.303 Y59.464
G01 X295.933 Y56.797
G01 X291.563 Y54.131
G01 X287.193 Y51.464
G01 X282.823 Y48.798
G01 X278.454 Y46.131
G01 X274.084 Y43.465
G01 X269.714 Y40.798
G01 X265.344 Y38.132
G01 X260.974 Y35.466
G01 X256.604 Y32.798
G01 X252.234 Y30.132
G01 X247.865 Y27.466
G01 X243.495 Y24.800
G01 X239.125 Y22.132
G01 X234.755 Y19.466
G01 X230.385 Y16.800
G01 X226.014 Y14.133
G01 X221.646 Y11.468
G01 X217.276 Y8.800
G01 X212.906 Y6.135
G01 X208.536 Y3.468
G01 X212.841 Y5.950
G01 X217.147 Y8.431
G01 X221.454 Y10.913
G01 X225.760 Y13.395
G01 X230.065 Y15.877
G01 X234.372 Y18.359
G01 X238.678 Y20.841
G01 X242.983 Y23.323
G01 X247.290 Y25.805
G01 X251.596 Y28.287
G01 X255.901 Y30.769
G01 X260.207 Y33.251
G01 X264.513 Y35.733
G01 X268.820 Y38.215
G01 X273.125 Y40.697
G01 X277.431 Y43.179
G01 X281.738 Y45.661
G01 X286.043 Y48.143
G01 X290.349 Y50.624
G01 X294.656 Y53.106
G01 X298.962 Y55.588
G01 X303.267 Y58.070
G01 X307.573 Y60.552
G01 X311.880 Y63.034
G01 X316.185 Y65.516
G01 X320.491 Y67.998
G01 X324.798 Y70.478
G01 X329.103 Y72.962
G01 X333.409 Y75.442
G01 X337.716 Y77.925
G01 X342.022 Y80.406
G01 X346.327 Y82.889
G01 X350.633 Y85.370
G01 X354.940 Y87.853
G01 X359.245 Y90.334
G01 X363.550 Y92.817
G01 X367.858 Y95.298
G01 X372.163 Y97.780
G01 X376.469 Y100.262
G01 X380.776 Y102.744
G01 X385.082 Y105.226
G01 X389.387 Y107.708
G01 X393.692 Y110.190
G01 X398.000 Y112.672
G01 X402.305 Y115.154
G01 X406.611 Y117.636
G01 X410.917 Y120.117
G01 X415.223 Y122.598
G01 X419.529 Y125.080
G01 X423.836 Y127.562
G01 X428.140 Y130.044
G01 X432.447 Y132.526
G01 X436.752 Y135.008
G01 X441.058 Y137.490
G01 X445.365 Y139.972
G01 X449.671 Y142.454
G01 X453.976 Y144.936
G01 X458.283 Y147.418
G01 X462.589 Y149.899
G01 X466.894 Y152.382
G01 X471.201 Y154.863
G01 X475.507 Y157.346
G01 X479.812 Y159.827
G01 X484.119 Y162.310
G01 X479.543 Y159.882
G01 X474.966 Y157.457
G01 X470.389 Y155.029
G01 X465.812 Y152.603
G01 X461.236 Y150.176
G01 X456.659 Y147.750
G01 X452.084 Y145.323
G01 X447.507 Y142.897
G01 X442.930 Y140.471
G01 X438.353 Y138.044
G01 X433.776 Y135.618
G01 X429.201 Y133.192
G01 X424.624 Y130.764
G01 X420.048 Y128.339
G01 X415.471 Y125.911
G01 X410.894 Y123.485
G01 X406.317 Y121.059
G01 X401.741 Y118.632
G01 X397.164 Y116.206
G01 X392.589 Y113.780
G01 X388.012 Y111.353
G01 X383.435 Y108.927
G01 X378.858 Y106.500
G01 X374.283 Y104.074
G01 X369.705 Y101.648
G01 X365.130 Y99.221
G01 X360.553 Y96.793
G01 X355.976 Y94.368
G01 X351.399 Y91.942
G01 X346.822 Y89.514
G01 X342.246 Y87.089
G01 X337.669 Y84.661
G01 X333.094 Y82.236
G01 X328.517 Y79.809
G01 X323.940 Y77.382
G01 X319.363 Y74.956
G01 X314.787 Y72.529
G01 X310.210 Y70.103
G01 X305.635 Y67.677
G01 X301.058 Y65.250
G01 X296.481 Y62.824
G01 X291.904 Y60.397
G01 X287.327 Y57.971
G01 X282.752 Y55.543
G01 X278.174 Y53.118
G01 X273.599 Y50.691
G01 X269.022 Y48.264
G01 X264.445 Y45.838
G01 X259.868 Y43.411
G01 X255.293 Y40.984
G01 X250.716 Y38.559
G01 X246.139 Y36.132
G01 X241.562 Y33.706
G01 X236.987 Y31.279
G01 X232.409 Y28.853
G01 X227.832 Y26.425
G01 X223.257 Y24.000
G01 X218.680 Y21.573
G01 X214.103 Y19.147
G01 X209.526 Y16.720
G01 X204.951 Y14.293
G01 X200.374 Y11.867
G01 X195.798 Y9.441
G01 X191.221 Y7.014
G01 X195.725 Y9.260
G01 X200.228 Y11.505
G01 X204.731 Y13.750
G01 X209.235 Y15.995
G01 X213.738 Y18.240
G01 X218.242 Y20.487
G01 X222.745 Y22.732
G01 X227.249 Y24.977
G01 X231.752 Y27.222
G01 X236.255 Y29.468
G01 X240.759 Y31.713
G01 X245.263 Y33.959
G01 X249.766 Y36.204
G01 X254.269 Y38.449
G01 X258.772 Y40.695
G01 X263.276 Y42.940
G01 X267.779 Y45.185
G01 X272.284 Y47.430
G01 X276.786 Y49.677
G01 X281.291 Y51.922
G01 X285.793 Y54.167
G01 X290.298 Y56.413
G01 X294.800 Y58.657
G01 X299.305 Y60.903
G01 X303.808 Y63.149
G01 X308.311 Y65.394
G01 X312.815 Y67.639
G01 X317.318 Y69.885
G01 X321.822 Y72.130
G01 X326.325 Y74.375
G01 X330.829 Y76.620
G01 X335.332 Y78.865
G01 X339.835 Y81.112
G01 X344.339 Y83.357
G01 X348.842 Y85.601
G01 X353.346 Y87.848
G01 X357.849 Y90.093
G01 X362.353 Y92.339
G01 X366.856 Y94.584
G01 X371.359 Y96.829
G01 X375.863 Y99.075
G01 X380.366 Y101.320
G01 X384.870 Y103.566
G01 X389.374 Y105.810
G01 X393.877 Y108.055
G01 X398.380 Y110.302
G01 X402.885 Y112.547
G01 X407.387 Y114.792
G01 X411.892 Y117.038
G01 X416.394 Y119.283
G01 X420.899 Y121.528
G01 X425.401 Y123.773
G01 X429.906 Y126.018
G01 X434.409 Y128.264
G01 X438.913 Y130.510
G01 X443.416 Y132.755
G01 X447.919 Y135.000
G01 X452.423 Y137.245
G01 X456.925 Y139.491
G01 X461.430 Y141.736
G01 X465.933 Y143.981
G01 X470.437 Y146.228
G01 X474.940 Y148.472
G01 X479.443 Y150.717
G01 X474.673 Y148.546
G01 X469.904 Y146.375
G01 X465.135 Y144.205
G01 X460.365 Y142.034
G01 X455.596 Y139.863
G01 X450.827 Y137.692
G01 X446.058 Y135.522
G01 X441.288 Y133.351
G01 X436.519 Y131.178
G01 X431.750 Y129.007
G01 X426.980 Y126.836
G01 X422.211 Y124.666
G01 X417.441 Y122.494
G01 X412.672 Y120.325
G01 X407.901 Y118.154
G01 X403.132 Y115.982
G01 X398.363 Y113.812
G01 X393.594 Y111.641
G01 X388.825 Y109.470
G01 X384.055 Y107.298
G01 X379.286 Y105.127
G01 X374.515 Y102.957
G01 X369.746 Y100.786
G01 X364.978 Y98.615
G01 X360.207 Y96.444
G01 X355.438 Y94.273
G01 X350.668 Y92.101
G01 X345.899 Y89.930
G01 X341.130 Y87.760
G01 X336.361 Y85.589
G01 X331.591 Y83.418
G01 X326.822 Y81.245
G01 X322.053 Y79.076
G01 X317.282 Y76.905
G01 X312.513 Y74.733
G01 X307.743 Y72.562
G01 X302.974 Y70.392
G01 X298.205 Y68.221
G01 X293.435 Y66.050
G01 X288.666 Y63.879
G01 X283.897 Y61.708
G01 X279.127 Y59.536
G01 X274.358 Y57.365
G01 X269.589 Y55.195
G01 X264.820 Y53.024
G01 X260.049 Y50.853
G01 X255.281 Y48.681
G01 X250.511 Y46.511
G01 X245.742 Y44.340
G01 X240.971 Y42.168
G01 X236.202 Y39.998
G01 X231.433 Y37.827
G01 X226.663 Y35.656
G01 X221.894 Y33.484
G01 X217.125 Y31.314
G01 X212.356 Y29.143
G01 X207.586 Y26.971
G01 X202.817 Y24.800
G01 X198.048 Y22.630
G01 X193.278 Y20.459
G01 X188.509 Y18.288
G01 X183.738 Y16.117
G01 X178.969 Y13.946
G01 X174.200 Y11.775
G01 X178.887 Y13.769
G01 X183.575 Y15.762
G01 X188.262 Y17.756
G01 X192.950 Y19.750
G01 X197.637 Y21.744
G01 X202.325 Y23.737
G01 X207.012 Y25.731
G01 X211.700 Y27.725
G01 X216.387 Y29.718
G01 X221.074 Y31.712
G01 X225.762 Y33.706
G01 X230.449 Y35.700
G01 X235.137 Y37.694
G01 X239.824 Y39.687
G01 X244.512 Y41.680
G01 X249.198 Y43.675
G01 X253.886 Y45.668
G01 X258.573 Y47.661
G01 X263.260 Y49.656
G01 X267.948 Y51.650
G01 X272.635 Y53.644
G01 X277.322 Y55.637
G01 X282.010 Y57.631
G01 X286.697 Y59.625
G01 X291.385 Y61.619
G01 X296.072 Y63.612
G01 X300.760 Y65.606
G01 X305.447 Y67.600
G01 X310.135 Y69.594
G01 X314.822 Y71.588
G01 X319.510 Y73.581
G01 X324.197 Y75.575
G01 X328.885 Y77.569
G01 X333.572 Y79.562
G01 X338.260 Y81.555
G01 X342.947 Y83.550
G01 X347.635 Y85.543
G01 X352.322 Y87.538
G01 X357.008 Y89.531
G01 X361.697 Y91.524
G01 X366.383 Y93.519
G01 X371.072 Y95.512
G01 X375.759 Y97.506
G01 X380.447 Y99.500
G01 X385.134 Y101.494
G01 X389.821 Y103.488
G01 X394.509 Y105.481
G01 X399.196 Y107.475
G01 X403.884 Y109.469
G01 X408.571 Y111.463
G01 X413.257 Y113.457
G01 X417.946 Y115.450
G01 X422.632 Y117.444
G01 X427.321 Y119.438
G01 X432.007 Y121.432
G01 X436.696 Y123.424
G01 X441.382 Y125.418
G01 X446.070 Y127.412
G01 X450.757 Y129.406
G01 X455.445 Y131.399
G01 X460.132 Y133.394
G01 X464.820 Y135.387
G01 X469.507 Y137.382
G01 X474.195 Y139.375
G01 X469.246 Y137.474
G01 X464.300 Y135.573
G01 X459.353 Y133.673
G01 X454.404 Y131.772
G01 X449.457 Y129.871
G01 X444.510 Y127.970
G01 X439.562 Y126.069
G01 X434.615 Y124.168
G01 X429.668 Y122.268
G01 X424.720 Y120.368
G01 X419.773 Y118.466
G01 X414.826 Y116.566
G01 X409.877 Y114.665
G01 X404.930 Y112.764
G01 X399.983 Y110.863
G01 X395.036 Y108.963
G01 X390.087 Y107.062
G01 X385.140 Y105.161
G01 X380.192 Y103.261
G01 X375.245 Y101.360
G01 X370.298 Y99.459
G01 X365.351 Y97.558
G01 X360.402 Y95.658
G01 X355.455 Y93.757
G01 X350.508 Y91.856
G01 X345.560 Y89.954
G01 X340.613 Y88.054
G01 X335.666 Y86.154
G01 X330.719 Y84.252
G01 X325.772 Y82.351
G01 X320.823 Y80.451
G01 X315.877 Y78.550
G01 X310.928 Y76.649
G01 X305.981 Y74.749
G01 X301.034 Y72.848
G01 X296.087 Y70.947
G01 X291.138 Y69.047
G01 X286.192 Y67.146
G01 X281.245 Y65.245
G01 X276.296 Y63.344
G01 X271.349 Y61.444
G01 X266.401 Y59.543
G01 X261.454 Y57.642
G01 X256.507 Y55.740
G01 X251.560 Y53.840
G01 X246.612 Y51.940
G01 X241.665 Y50.038
G01 X236.718 Y48.138
G01 X231.769 Y46.238
G01 X226.822 Y44.337
G01 X221.875 Y42.435
G01 X216.928 Y40.535
G01 X211.980 Y38.633
G01 X207.033 Y36.733
G01 X202.086 Y34.833
G01 X197.137 Y32.931
G01 X192.190 Y31.031
G01 X187.243 Y29.130
G01 X182.296 Y27.230
G01 X177.348 Y25.329
G01 X172.401 Y23.428
G01 X167.452 Y21.526
G01 X162.505 Y19.626
G01 X157.558 Y17.726
G01 X162.415 Y19.454
G01 X167.272 Y21.180
G01 X172.127 Y22.909
G01 X176.985 Y24.637
G01 X181.841 Y26.365
G01 X186.697 Y28.093
G01 X191.555 Y29.821
G01 X196.411 Y31.549
G01 X201.267 Y33.276
G01 X206.125 Y35.004
G01 X210.981 Y36.732
G01 X215.838 Y38.459
G01 X220.695 Y40.188
G01 X225.552 Y41.916
G01 X230.409 Y43.644
G01 X235.264 Y45.371
G01 X240.122 Y47.099
G01 X244.978 Y48.827
G01 X249.835 Y50.555
G01 X254.692 Y52.282
G01 X259.548 Y54.011
G01 X264.404 Y55.739
G01 X269.262 Y57.466
G01 X274.118 Y59.194
G01 X278.974 Y60.922
G01 X283.832 Y62.650
G01 X288.688 Y64.377
G01 X293.544 Y66.106
G01 X298.401 Y67.834
G01 X303.258 Y69.562
G01 X308.115 Y71.288
G01 X312.971 Y73.017
G01 X317.829 Y74.745
G01 X322.685 Y76.473
G01 X327.541 Y78.201
G01 X332.399 Y79.929
G01 X337.255 Y81.656
G01 X342.111 Y83.385
G01 X346.969 Y85.112
G01 X351.825 Y86.839
G01 X356.681 Y88.567
G01 X361.538 Y90.296
G01 X366.394 Y92.024
G01 X371.252 Y93.752
G01 X376.108 Y95.480
G01 X380.964 Y97.207
G01 X385.822 Y98.935
G01 X390.678 Y100.663
G01 X395.536 Y102.391
G01 X400.392 Y104.119
G01 X405.249 Y105.846
G01 X410.105 Y107.575
G01 X414.962 Y109.302
G01 X419.818 Y111.030
G01 X424.675 Y112.757
G01 X429.531 Y114.486
G01 X434.389 Y116.214
G01 X439.245 Y117.942
G01 X444.101 Y119.670
G01 X448.959 Y121.397
G01 X453.816 Y123.124
G01 X458.672 Y124.852
G01 X463.529 Y126.580
G01 X468.385 Y128.308
G01 X463.276 Y126.691
G01 X458.166 Y125.074
G01 X453.057 Y123.458
G01 X447.947 Y121.841
G01 X442.837 Y120.225
G01 X437.728 Y118.608
G01 X432.619 Y116.992
G01 X427.510 Y115.375
G01 X422.399 Y113.757
G01 X417.291 Y112.141
G01 X412.180 Y110.524
G01 X407.072 Y108.908
G01 X401.962 Y107.291
G01 X396.853 Y105.675
G01 X391.743 Y104.058
G01 X386.634 Y102.441
G01 X381.524 Y100.824
G01 X376.414 Y99.208
G01 X371.305 Y97.591
G01 X366.195 Y95.974
G01 X361.085 Y94.358
G01 X355.976 Y92.740
G01 X350.866 Y91.124
G01 X345.757 Y89.507
G01 X340.647 Y87.889
G01 X335.538 Y86.274
G01 X330.428 Y84.656
G01 X325.320 Y83.040
G01 X320.209 Y81.423
G01 X315.101 Y79.807
G01 X309.991 Y78.190
G01 X304.882 Y76.572
G01 X299.772 Y74.957
G01 X294.662 Y73.339
G01 X289.553 Y71.723
G01 X284.443 Y70.106
G01 X279.334 Y68.490
G01 X274.224 Y66.873
G01 X269.115 Y65.256
G01 X264.005 Y63.639
G01 X258.897 Y62.023
G01 X253.787 Y60.406
G01 X248.678 Y58.788
G01 X243.567 Y57.172
G01 X238.459 Y55.555
G01 X233.349 Y53.939
G01 X228.240 Y52.322
G01 X223.130 Y50.706
G01 X218.021 Y49.089
G01 X212.911 Y47.471
G01 X207.802 Y45.855
G01 X202.692 Y44.239
G01 X197.582 Y42.621
G01 X192.473 Y41.005
G01 X187.363 Y39.388
G01 X182.254 Y37.772
G01 X177.144 Y36.155
G01 X172.034 Y34.538
G01 X166.925 Y32.921
G01 X161.815 Y31.305
G01 X156.707 Y29.688
G01 X151.596 Y28.071
G01 X146.488 Y26.454
G01 X141.377 Y24.838
G01 X146.389 Y26.286
G01 X151.399 Y27.734
G01 X156.409 Y29.183
G01 X161.418 Y30.632
G01 X166.428 Y32.081
G01 X171.440 Y33.529
G01 X176.450 Y34.978
G01 X181.459 Y36.425
G01 X186.469 Y37.875
G01 X191.480 Y39.322
G01 X196.490 Y40.772
G01 X201.500 Y42.221
G01 X206.510 Y43.668
G01 X211.521 Y45.118
G01 X216.531 Y46.566
G01 X221.541 Y48.014
G01 X226.552 Y49.464
G01 X231.562 Y50.911
G01 X236.572 Y52.361
G01 X241.582 Y53.809
G01 X246.591 Y55.257
G01 X251.603 Y56.706
G01 X256.613 Y58.155
G01 X261.623 Y59.603
G01 X266.632 Y61.052
G01 X271.642 Y62.501
G01 X276.652 Y63.949
G01 X281.663 Y65.398
G01 X286.673 Y66.846
G01 X291.683 Y68.295
G01 X296.693 Y69.744
G01 X301.704 Y71.192
G01 X306.714 Y72.641
G01 X311.724 Y74.089
G01 X316.734 Y75.538
G01 X321.745 Y76.986
G01 X326.755 Y78.435
G01 X331.764 Y79.884
G01 X336.775 Y81.332
G01 X341.786 Y82.781
G01 X346.796 Y84.228
G01 X351.805 Y85.678
G01 X356.815 Y87.125
G01 X361.827 Y88.575
G01 X366.837 Y90.024
G01 X371.846 Y91.471
G01 X376.856 Y92.921
G01 X381.866 Y94.369
G01 X386.877 Y95.817
G01 X391.887 Y97.266
G01 X396.898 Y98.714
G01 X401.908 Y100.163
G01 X406.918 Y101.612
G01 X411.928 Y103.060
G01 X416.938 Y104.509
G01 X421.949 Y105.958
G01 X426.959 Y107.406
G01 X431.969 Y108.855
G01 X436.978 Y110.304
G01 X441.989 Y111.752
G01 X447.000 Y113.201
G01 X452.010 Y114.649
G01 X457.019 Y116.098
G01 X462.029 Y117.546
G01 X456.776 Y116.226
G01 X451.520 Y114.906
G01 X446.267 Y113.587
G01 X441.012 Y112.267
G01 X435.757 Y110.947
G01 X430.502 Y109.627
G01 X425.249 Y108.307
G01 X419.994 Y106.988
G01 X414.740 Y105.668
G01 X409.485 Y104.348
G01 X404.231 Y103.028
G01 X398.976 Y101.708
G01 X393.721 Y100.387
G01 X388.466 Y99.067
G01 X383.212 Y97.749
G01 X377.957 Y96.429
G01 X372.703 Y95.108
G01 X367.448 Y93.788
G01 X362.193 Y92.469
G01 X356.940 Y91.149
G01 X351.685 Y89.829
G01 X346.430 Y88.509
G01 X341.176 Y87.189
G01 X335.921 Y85.870
G01 X330.668 Y84.550
G01 X325.412 Y83.230
G01 X320.159 Y81.910
G01 X314.904 Y80.589
G01 X309.649 Y79.269
G01 X304.394 Y77.950
G01 X299.139 Y76.631
G01 X293.885 Y75.310
G01 X288.630 Y73.990
G01 X283.377 Y72.671
G01 X278.121 Y71.351
G01 X272.868 Y70.031
G01 X267.613 Y68.711
G01 X262.358 Y67.392
G01 X257.103 Y66.072
G01 X251.850 Y64.752
G01 X246.595 Y63.431
G01 X241.341 Y62.112
G01 X236.086 Y60.792
G01 X230.832 Y59.473
G01 X225.577 Y58.153
G01 X220.322 Y56.833
G01 X215.067 Y55.513
G01 X209.814 Y54.192
G01 X204.558 Y52.873
G01 X199.305 Y51.553
G01 X194.050 Y50.233
G01 X188.796 Y48.913
G01 X183.541 Y47.594
G01 X178.286 Y46.274
G01 X173.031 Y44.954
G01 X167.778 Y43.633
G01 X162.522 Y42.314
G01 X157.269 Y40.994
G01 X152.014 Y39.673
G01 X146.760 Y38.355
G01 X141.505 Y37.035
G01 X136.250 Y35.715
G01 X130.995 Y34.394
G01 X125.742 Y33.075
G01 X130.889 Y34.232
G01 X136.034 Y35.389
G01 X141.182 Y36.546
G01 X146.329 Y37.703
G01 X151.476 Y38.858
G01 X156.623 Y40.016
G01 X161.769 Y41.173
G01 X166.916 Y42.329
G01 X172.064 Y43.487
G01 X177.211 Y44.644
G01 X182.358 Y45.800
G01 X187.505 Y46.958
G01 X192.651 Y48.115
G01 X197.798 Y49.270
G01 X202.945 Y50.428
G01 X208.093 Y51.584
G01 X213.238 Y52.742
G01 X218.385 Y53.899
G01 X223.533 Y55.055
G01 X228.680 Y56.213
G01 X233.827 Y57.369
G01 X238.974 Y58.526
G01 X244.121 Y59.683
G01 X249.268 Y60.840
G01 X254.415 Y61.996
G01 X259.561 Y63.154
G01 X264.709 Y64.310
G01 X269.856 Y65.468
G01 X275.002 Y66.624
G01 X280.149 Y67.781
G01 X285.296 Y68.938
G01 X290.442 Y70.095
G01 X295.589 Y71.252
G01 X300.736 Y72.409
G01 X305.883 Y73.566
G01 X311.031 Y74.723
G01 X316.178 Y75.879
G01 X321.325 Y77.036
G01 X326.471 Y78.192
G01 X331.618 Y79.350
G01 X336.765 Y80.507
G01 X341.912 Y81.663
G01 X347.060 Y82.821
G01 X352.207 Y83.978
G01 X357.353 Y85.135
G01 X362.500 Y86.291
G01 X367.647 Y87.447
G01 X372.793 Y88.605
G01 X377.940 Y89.762
G01 X383.087 Y90.918
G01 X388.235 Y92.076
G01 X393.382 Y93.233
G01 X398.529 Y94.389
G01 X403.675 Y95.547
G01 X408.822 Y96.702
G01 X413.970 Y97.860
G01 X419.116 Y99.017
G01 X424.264 Y100.173
G01 X429.411 Y101.331
G01 X434.557 Y102.488
G01 X439.704 Y103.644
G01 X444.851 Y104.802
G01 X449.998 Y105.958
G01 X455.144 Y107.115
G01 X449.764 Y106.103
G01 X444.382 Y105.093
G01 X439.000 Y104.081
G01 X433.619 Y103.070
G01 X428.236 Y102.059
G01 X422.856 Y101.048
G01 X417.474 Y100.036
G01 X412.092 Y99.024
G01 X406.711 Y98.014
G01 X401.329 Y97.002
G01 X395.947 Y95.992
G01 X390.567 Y94.980
G01 X385.185 Y93.969
G01 X379.803 Y92.958
G01 X374.421 Y91.947
G01 X369.039 Y90.935
G01 X363.659 Y89.923
G01 X358.276 Y88.913
G01 X352.894 Y87.901
G01 X347.513 Y86.891
G01 X342.132 Y85.879
G01 X336.750 Y84.868
G01 X331.368 Y83.857
G01 X325.988 Y82.846
G01 X320.606 Y81.834
G01 X315.224 Y80.822
G01 X309.842 Y79.812
G01 X304.462 Y78.800
G01 X299.079 Y77.790
G01 X293.697 Y76.778
G01 X288.317 Y75.767
G01 X282.935 Y74.756
G01 X277.553 Y73.745
G01 X272.171 Y72.733
G01 X266.791 Y71.721
G01 X261.409 Y70.711
G01 X256.027 Y69.700
G01 X250.645 Y68.689
G01 X245.264 Y67.677
G01 X239.882 Y66.666
G01 X234.500 Y65.655
G01 X229.120 Y64.644
G01 X223.738 Y63.632
G01 X218.356 Y62.620
G01 X212.975 Y61.609
G01 X207.594 Y60.599
G01 X202.212 Y59.587
G01 X196.831 Y58.576
G01 X191.449 Y57.565
G01 X186.067 Y56.554
G01 X180.685 Y55.543
G01 X175.303 Y54.531
G01 X169.923 Y53.519
G01 X164.541 Y52.508
G01 X159.159 Y51.498
G01 X153.778 Y50.486
G01 X148.396 Y49.475
G01 X143.014 Y48.464
G01 X137.632 Y47.453
G01 X132.252 Y46.442
G01 X126.870 Y45.430
G01 X121.488 Y44.418
G01 X116.106 Y43.407
G01 X110.726 Y42.397
G01 X115.992 Y43.250
G01 X121.257 Y44.103
G01 X126.522 Y44.958
G01 X131.788 Y45.812
G01 X137.055 Y46.666
G01 X142.320 Y47.519
G01 X147.587 Y48.373
G01 X152.853 Y49.227
G01 X158.118 Y50.081
G01 X163.385 Y50.935
G01 X168.651 Y51.788
G01 X173.916 Y52.642
G01 X179.183 Y53.495
G01 X184.449 Y54.350
G01 X189.714 Y55.204
G01 X194.981 Y56.058
G01 X200.247 Y56.911
G01 X205.512 Y57.764
G01 X210.779 Y58.619
G01 X216.045 Y59.473
G01 X221.310 Y60.327
G01 X226.577 Y61.180
G01 X231.843 Y62.034
G01 X237.108 Y62.888
G01 X242.375 Y63.742
G01 X247.641 Y64.596
G01 X252.906 Y65.450
G01 X258.173 Y66.303
G01 X263.438 Y67.156
G01 X268.704 Y68.011
G01 X273.971 Y68.865
G01 X279.236 Y69.719
G01 X284.502 Y70.572
G01 X289.767 Y71.425
G01 X295.034 Y72.280
G01 X300.299 Y73.134
G01 X305.565 Y73.988
G01 X310.832 Y74.841
G01 X316.097 Y75.695
G01 X321.363 Y76.548
G01 X326.630 Y77.403
G01 X331.895 Y78.257
G01 X337.161 Y79.111
G01 X342.428 Y79.964
G01 X347.693 Y80.819
G01 X352.959 Y81.672
G01 X358.226 Y82.526
G01 X363.491 Y83.380
G01 X368.757 Y84.233
G01 X374.024 Y85.087
G01 X379.289 Y85.941
G01 X384.555 Y86.795
G01 X389.822 Y87.649
G01 X395.087 Y88.502
G01 X400.353 Y89.357
G01 X405.619 Y90.209
G01 X410.885 Y91.064
G01 X416.151 Y91.918
G01 X421.417 Y92.772
G01 X426.683 Y93.625
G01 X431.949 Y94.480
G01 X437.215 Y95.333
G01 X442.481 Y96.187
G01 X447.746 Y97.041
G01 X442.257 Y96.349
G01 X436.768 Y95.656
G01 X431.278 Y94.964
G01 X425.788 Y94.273
G01 X420.298 Y93.581
G01 X414.808 Y92.889
G01 X409.318 Y92.197
G01 X403.829 Y91.505
G01 X398.339 Y90.812
G01 X392.850 Y90.122
G01 X387.361 Y89.429
G01 X381.870 Y88.738
G01 X376.380 Y88.045
G01 X370.890 Y87.353
G01 X365.401 Y86.661
G01 X359.911 Y85.970
G01 X354.421 Y85.278
G01 X348.931 Y84.586
G01 X343.442 Y83.894
G01 X337.952 Y83.202
G01 X332.462 Y82.510
G01 X326.974 Y81.817
G01 X321.483 Y81.125
G01 X315.993 Y80.434
G01 X310.505 Y79.742
G01 X305.014 Y79.050
G01 X299.524 Y78.358
G01 X294.034 Y77.666
G01 X288.546 Y76.974
G01 X283.055 Y76.281
G01 X277.565 Y75.589
G01 X272.077 Y74.898
G01 X266.587 Y74.207
G01 X261.096 Y73.514
G01 X255.607 Y72.822
G01 X250.118 Y72.131
G01 X244.627 Y71.439
G01 X239.137 Y70.747
G01 X233.649 Y70.055
G01 X228.159 Y69.363
G01 X222.668 Y68.671
G01 X217.178 Y67.978
G01 X211.690 Y67.286
G01 X206.200 Y66.595
G01 X200.709 Y65.903
G01 X195.221 Y65.211
G01 X189.731 Y64.519
G01 X184.240 Y63.827
G01 X178.750 Y63.135
G01 X173.262 Y62.442
G01 X167.772 Y61.751
G01 X162.281 Y61.059
G01 X156.791 Y60.367
G01 X151.303 Y59.675
G01 X145.812 Y58.983
G01 X140.322 Y58.292
G01 X134.834 Y57.599
G01 X129.344 Y56.906
G01 X123.853 Y56.216
G01 X118.365 Y55.524
G01 X112.875 Y54.832
G01 X107.385 Y54.139
G01 X101.894 Y53.447
G01 X96.406 Y52.756
G01 X101.772 Y53.296
G01 X107.139 Y53.837
G01 X112.505 Y54.377
G01 X117.870 Y54.918
G01 X123.237 Y55.458
G01 X128.603 Y55.999
G01 X133.971 Y56.540
G01 X139.337 Y57.079
G01 X144.702 Y57.620
G01 X150.070 Y58.161
G01 X155.435 Y58.701
G01 X160.802 Y59.242
G01 X166.168 Y59.782
G01 X171.534 Y60.322
G01 X176.901 Y60.863
G01 X182.267 Y61.404
G01 X187.635 Y61.945
G01 X193.000 Y62.484
G01 X198.367 Y63.026
G01 X203.733 Y63.566
G01 X209.100 Y64.107
G01 X214.466 Y64.647
G01 X219.832 Y65.188
G01 X225.199 Y65.728
G01 X230.565 Y66.269
G01 X235.932 Y66.809
G01 X241.298 Y67.350
G01 X246.665 Y67.889
G01 X252.031 Y68.430
G01 X257.397 Y68.971
G01 X262.763 Y69.512
G01 X268.130 Y70.053
G01 X273.496 Y70.593
G01 X278.863 Y71.132
G01 X284.229 Y71.673
G01 X289.596 Y72.214
G01 X294.962 Y72.755
G01 X300.329 Y73.295
G01 X305.695 Y73.836
G01 X311.061 Y74.377
G01 X316.428 Y74.917
G01 X321.794 Y75.458
G01 X327.161 Y75.998
G01 X332.526 Y76.538
G01 X337.894 Y77.079
G01 X343.260 Y77.620
G01 X348.625 Y78.160
G01 X353.993 Y78.701
G01 X359.358 Y79.240
G01 X364.726 Y79.781
G01 X370.091 Y80.322
G01 X375.457 Y80.863
G01 X380.825 Y81.403
G01 X386.191 Y81.944
G01 X391.558 Y82.483
G01 X396.923 Y83.024
G01 X402.289 Y83.565
G01 X407.656 Y84.106
G01 X413.023 Y84.647
G01 X418.389 Y85.187
G01 X423.755 Y85.728
G01 X429.122 Y86.268
G01 X434.488 Y86.809
G01 X439.855 Y87.349
G01 X434.276 Y86.986
G01 X428.699 Y86.623
G01 X423.120 Y86.259
G01 X417.543 Y85.896
G01 X411.964 Y85.533
G01 X406.385 Y85.168
G01 X400.808 Y84.805
G01 X395.230 Y84.442
G01 X389.651 Y84.079
G01 X384.074 Y83.716
G01 X378.495 Y83.353
G01 X372.916 Y82.990
G01 X367.339 Y82.627
G01 X361.760 Y82.262
G01 X356.183 Y81.899
G01 X350.604 Y81.536
G01 X345.026 Y81.173
G01 X339.448 Y80.810
G01 X333.870 Y80.447
G01 X328.291 Y80.084
G01 X322.714 Y79.721
G01 X317.135 Y79.357
G01 X311.558 Y78.994
G01 X305.979 Y78.631
G01 X300.401 Y78.268
G01 X294.822 Y77.905
G01 X289.245 Y77.541
G01 X283.666 Y77.178
G01 X278.089 Y76.815
G01 X272.510 Y76.451
G01 X266.931 Y76.088
G01 X261.353 Y75.725
G01 X255.775 Y75.362
G01 X250.198 Y74.998
G01 X244.620 Y74.635
G01 X239.041 Y74.272
G01 X233.464 Y73.909
G01 X227.885 Y73.545
G01 X222.307 Y73.182
G01 X216.728 Y72.819
G01 X211.151 Y72.456
G01 X205.572 Y72.091
G01 X199.995 Y71.728
G01 X194.416 Y71.365
G01 X188.838 Y71.002
G01 X183.260 Y70.639
G01 X177.682 Y70.276
G01 X172.103 Y69.913
G01 X166.526 Y69.550
G01 X160.947 Y69.185
G01 X155.370 Y68.822
G01 X149.791 Y68.459
G01 X144.213 Y68.096
G01 X138.635 Y67.733
G01 X133.057 Y67.370
G01 X127.478 Y67.007
G01 X121.901 Y66.643
G01 X116.322 Y66.280
G01 X110.743 Y65.917
G01 X105.166 Y65.554
G01 X99.588 Y65.191
G01 X94.010 Y64.827
G01 X88.432 Y64.464
G01 X82.853 Y64.101
G01 X88.300 Y64.319
G01 X93.748 Y64.536
G01 X99.195 Y64.755
G01 X104.642 Y64.974
G01 X110.091 Y65.192
G01 X115.538 Y65.410
G01 X120.985 Y65.627
G01 X126.432 Y65.846
G01 X131.880 Y66.064
G01 X137.327 Y66.281
G01 X142.774 Y66.500
G01 X148.223 Y66.719
G01 X153.670 Y66.937
G01 X159.117 Y67.155
G01 X164.565 Y67.373
G01 X170.012 Y67.591
G01 X175.459 Y67.810
G01 X180.906 Y68.028
G01 X186.355 Y68.245
G01 X191.802 Y68.464
G01 X197.249 Y68.682
G01 X202.697 Y68.899
G01 X208.144 Y69.119
G01 X213.591 Y69.337
G01 X219.038 Y69.555
G01 X224.487 Y69.773
G01 X229.933 Y69.990
G01 X235.380 Y70.209
G01 X240.829 Y70.428
G01 X246.275 Y70.646
G01 X251.724 Y70.863
G01 X257.171 Y71.082
G01 X262.618 Y71.300
G01 X268.065 Y71.519
G01 X273.512 Y71.737
G01 X278.960 Y71.954
G01 X284.407 Y72.173
G01 X289.856 Y72.391
G01 X295.303 Y72.610
G01 X300.750 Y72.827
G01 X306.197 Y73.046
G01 X311.644 Y73.264
G01 X317.092 Y73.482
G01 X322.539 Y73.700
G01 X327.986 Y73.918
G01 X333.435 Y74.137
G01 X338.882 Y74.355
G01 X344.329 Y74.572
G01 X349.776 Y74.791
G01 X355.224 Y75.010
G01 X360.671 Y75.228
G01 X366.118 Y75.446
G01 X371.567 Y75.663
G01 X377.014 Y75.882
G01 X382.462 Y76.100
G01 X387.909 Y76.317
G01 X393.356 Y76.536
G01 X398.803 Y76.755
G01 X404.250 Y76.973
G01 X409.699 Y77.191
G01 X415.146 Y77.409
G01 X420.594 Y77.627
G01 X426.041 Y77.846
G01 X431.488 Y78.064
G01 X425.842 Y78.038
G01 X420.196 Y78.011
G01 X414.550 Y77.985
G01 X408.904 Y77.958
G01 X403.257 Y77.932
G01 X397.611 Y77.906
G01 X391.966 Y77.879
G01 X386.320 Y77.853
G01 X380.673 Y77.826
G01 X375.026 Y77.800
G01 X369.380 Y77.774
G01 X363.734 Y77.747
G01 X358.089 Y77.721
G01 X352.442 Y77.694
G01 X346.796 Y77.668
G01 X341.150 Y77.642
G01 X335.503 Y77.615
G01 X329.858 Y77.589
G01 X324.212 Y77.562
G01 X318.565 Y77.536
G01 X312.919 Y77.510
G01 X307.274 Y77.483
G01 X301.627 Y77.457
G01 X295.981 Y77.430
G01 X290.335 Y77.404
G01 X284.688 Y77.377
G01 X279.043 Y77.351
G01 X273.397 Y77.325
G01 X267.750 Y77.298
G01 X262.104 Y77.272
G01 X256.459 Y77.245
G01 X250.812 Y77.219
G01 X245.167 Y77.192
G01 X239.519 Y77.167
G01 X233.874 Y77.139
G01 X228.228 Y77.113
G01 X222.582 Y77.087
G01 X216.935 Y77.060
G01 X211.290 Y77.035
G01 X205.644 Y77.007
G01 X199.998 Y76.982
G01 X194.351 Y76.956
G01 X188.704 Y76.929
G01 X183.058 Y76.903
G01 X177.413 Y76.875
G01 X171.767 Y76.850
G01 X166.120 Y76.824
G01 X160.475 Y76.797
G01 X154.829 Y76.771
G01 X149.183 Y76.744
G01 X143.536 Y76.718
G01 X137.889 Y76.692
G01 X132.243 Y76.665
G01 X126.598 Y76.639
G01 X120.952 Y76.612
G01 X115.305 Y76.586
G01 X109.659 Y76.560
G01 X104.012 Y76.533
G01 X98.367 Y76.507
G01 X92.721 Y76.480
G01 X87.075 Y76.454
G01 X81.428 Y76.428
G01 X75.783 Y76.401
G01 X70.137 Y76.375
G01 X75.644 Y76.262
G01 X81.153 Y76.151
G01 X86.661 Y76.038
G01 X92.170 Y75.927
G01 X97.678 Y75.815
G01 X103.187 Y75.702
G01 X108.695 Y75.591
G01 X114.202 Y75.478
G01 X119.712 Y75.367
G01 X125.219 Y75.255
G01 X130.728 Y75.143
G01 X136.236 Y75.031
G01 X141.745 Y74.918
G01 X147.252 Y74.807
G01 X152.760 Y74.695
G01 X158.269 Y74.583
G01 X163.778 Y74.471
G01 X169.286 Y74.358
G01 X174.795 Y74.247
G01 X180.303 Y74.135
G01 X185.810 Y74.023
G01 X191.320 Y73.911
G01 X196.827 Y73.798
G01 X202.336 Y73.687
G01 X207.844 Y73.576
G01 X213.353 Y73.463
G01 X218.861 Y73.351
G01 X224.368 Y73.238
G01 X229.877 Y73.127
G01 X235.385 Y73.014
G01 X240.894 Y72.904
G01 X246.401 Y72.792
G01 X251.911 Y72.680
G01 X257.418 Y72.567
G01 X262.926 Y72.456
G01 X268.435 Y72.344
G01 X273.943 Y72.232
G01 X279.452 Y72.120
G01 X284.960 Y72.007
G01 X290.469 Y71.896
G01 X295.976 Y71.784
G01 X301.486 Y71.672
G01 X306.993 Y71.560
G01 X312.502 Y71.447
G01 X318.010 Y71.336
G01 X323.519 Y71.224
G01 X329.026 Y71.112
G01 X334.534 Y71.000
G01 X340.043 Y70.887
G01 X345.551 Y70.776
G01 X351.060 Y70.663
G01 X356.568 Y70.552
G01 X362.077 Y70.440
G01 X367.584 Y70.327
G01 X373.092 Y70.216
G01 X378.601 Y70.103
G01 X384.110 Y69.992
G01 X389.618 Y69.880
G01 X395.127 Y69.768
G01 X400.635 Y69.656
G01 X406.143 Y69.543
G01 X411.651 Y69.432
G01 X417.159 Y69.320
G01 X422.668 Y69.208
G01 X416.975 Y69.526
G01 X411.281 Y69.843
G01 X405.589 Y70.160
G01 X399.896 Y70.478
G01 X394.202 Y70.795
G01 X388.510 Y71.112
G01 X382.817 Y71.430
G01 X377.125 Y71.747
G01 X371.430 Y72.064
G01 X365.738 Y72.382
G01 X360.046 Y72.699
G01 X354.353 Y73.016
G01 X348.659 Y73.334
G01 X342.966 Y73.651
G01 X337.274 Y73.968
G01 X331.580 Y74.285
G01 X325.887 Y74.603
G01 X320.195 Y74.920
G01 X314.502 Y75.237
G01 X308.808 Y75.555
G01 X303.115 Y75.872
G01 X297.423 Y76.189
G01 X291.729 Y76.507
G01 X286.036 Y76.824
G01 X280.344 Y77.141
G01 X274.650 Y77.459
G01 X268.957 Y77.776
G01 X263.264 Y78.093
G01 X257.572 Y78.411
G01 X251.880 Y78.728
G01 X246.186 Y79.045
G01 X240.493 Y79.363
G01 X234.800 Y79.680
G01 X229.108 Y79.997
G01 X223.415 Y80.314
G01 X217.721 Y80.632
G01 X212.029 Y80.949
G01 X206.336 Y81.266
G01 X200.642 Y81.584
G01 X194.950 Y81.901
G01 X189.257 Y82.219
G01 X183.564 Y82.536
G01 X177.870 Y82.853
G01 X172.178 Y83.170
G01 X166.485 Y83.488
G01 X160.791 Y83.805
G01 X155.099 Y84.122
G01 X149.406 Y84.440
G01 X143.713 Y84.757
G01 X138.019 Y85.074
G01 X132.327 Y85.392
G01 X126.634 Y85.709
G01 X120.940 Y86.026
G01 X115.249 Y86.344
G01 X109.555 Y86.661
G01 X103.863 Y86.978
G01 X98.170 Y87.296
G01 X92.476 Y87.613
G01 X86.784 Y87.930
G01 X81.091 Y88.247
G01 X75.397 Y88.565
G01 X69.704 Y88.882
G01 X64.012 Y89.199
G01 X58.319 Y89.517
G01 X63.867 Y89.067
G01 X69.416 Y88.620
G01 X74.964 Y88.171
G01 X80.512 Y87.721
G01 X86.060 Y87.274
G01 X91.608 Y86.825
G01 X97.158 Y86.375
G01 X102.706 Y85.928
G01 X108.254 Y85.478
G01 X113.803 Y85.031
G01 X119.351 Y84.582
G01 X124.899 Y84.132
G01 X130.447 Y83.685
G01 X135.997 Y83.236
G01 X141.545 Y82.786
G01 X147.093 Y82.339
G01 X152.642 Y81.889
G01 X158.190 Y81.441
G01 X163.738 Y80.993
G01 X169.286 Y80.543
G01 X174.834 Y80.096
G01 X180.384 Y79.647
G01 X185.932 Y79.197
G01 X191.480 Y78.750
G01 X197.029 Y78.300
G01 X202.577 Y77.853
G01 X208.125 Y77.404
G01 X213.673 Y76.954
G01 X219.223 Y76.507
G01 X224.771 Y76.058
G01 X230.319 Y75.608
G01 X235.868 Y75.161
G01 X241.416 Y74.712
G01 X246.965 Y74.264
G01 X252.513 Y73.815
G01 X258.060 Y73.365
G01 X263.609 Y72.918
G01 X269.157 Y72.469
G01 X274.707 Y72.019
G01 X280.255 Y71.572
G01 X285.803 Y71.123
G01 X291.351 Y70.675
G01 X296.899 Y70.226
G01 X302.447 Y69.776
G01 X307.996 Y69.329
G01 X313.544 Y68.880
G01 X319.094 Y68.430
G01 X324.642 Y67.983
G01 X330.190 Y67.534
G01 X335.738 Y67.084
G01 X341.286 Y66.637
G01 X346.835 Y66.188
G01 X352.383 Y65.740
G01 X357.931 Y65.291
G01 X363.481 Y64.841
G01 X369.029 Y64.394
G01 X374.577 Y63.945
G01 X380.125 Y63.495
G01 X385.673 Y63.048
G01 X391.223 Y62.599
G01 X396.771 Y62.151
G01 X402.318 Y61.702
G01 X407.868 Y61.252
G01 X413.416 Y60.805
G01 X407.697 Y61.471
G01 X401.980 Y62.138
G01 X396.262 Y62.804
G01 X390.543 Y63.471
G01 X384.826 Y64.137
G01 X379.108 Y64.804
G01 X373.389 Y65.470
G01 X367.671 Y66.137
G01 X361.954 Y66.803
G01 X356.236 Y67.470
G01 X350.517 Y68.136
G01 X344.798 Y68.803
G01 X339.080 Y69.469
G01 X333.363 Y70.136
G01 X327.644 Y70.802
G01 X321.926 Y71.469
G01 X316.209 Y72.135
G01 X310.490 Y72.802
G01 X304.772 Y73.468
G01 X299.055 Y74.135
G01 X293.337 Y74.800
G01 X287.618 Y75.468
G01 X281.900 Y76.134
G01 X276.183 Y76.800
G01 X270.464 Y77.466
G01 X264.745 Y78.134
G01 X259.027 Y78.800
G01 X253.310 Y79.466
G01 X247.591 Y80.132
G01 X241.874 Y80.800
G01 X236.156 Y81.466
G01 X230.438 Y82.132
G01 X224.719 Y82.798
G01 X219.002 Y83.466
G01 X213.284 Y84.132
G01 X207.565 Y84.798
G01 X201.846 Y85.464
G01 X196.129 Y86.132
G01 X190.411 Y86.798
G01 X184.692 Y87.464
G01 X178.975 Y88.131
G01 X173.257 Y88.798
G01 X167.538 Y89.464
G01 X161.820 Y90.131
G01 X156.103 Y90.797
G01 X150.385 Y91.464
G01 X144.666 Y92.130
G01 X138.947 Y92.797
G01 X133.231 Y93.463
G01 X127.511 Y94.130
G01 X121.793 Y94.796
G01 X116.076 Y95.463
G01 X110.358 Y96.129
G01 X104.639 Y96.796
G01 X98.921 Y97.462
G01 X93.204 Y98.129
G01 X87.486 Y98.795
G01 X81.767 Y99.462
G01 X76.050 Y100.127
G01 X70.332 Y100.795
G01 X64.613 Y101.461
G01 X58.894 Y102.127
G01 X53.177 Y102.793
G01 X47.459 Y103.461
G01 X53.026 Y102.670
G01 X58.594 Y101.880
G01 X64.161 Y101.089
G01 X69.728 Y100.298
G01 X75.295 Y99.509
G01 X80.862 Y98.718
G01 X86.428 Y97.928
G01 X91.995 Y97.137
G01 X97.562 Y96.346
G01 X103.130 Y95.555
G01 X108.697 Y94.766
G01 X114.264 Y93.976
G01 X119.832 Y93.185
G01 X125.398 Y92.394
G01 X130.966 Y91.603
G01 X136.534 Y90.814
G01 X142.101 Y90.024
G01 X147.668 Y89.233
G01 X153.235 Y88.442
G01 X158.802 Y87.651
G01 X164.368 Y86.862
G01 X169.935 Y86.072
G01 X175.502 Y85.281
G01 X181.070 Y84.490
G01 X186.637 Y83.700
G01 X192.204 Y82.910
G01 X197.772 Y82.120
G01 X203.339 Y81.329
G01 X208.906 Y80.538
G01 X214.473 Y79.748
G01 X220.040 Y78.958
G01 X225.608 Y78.167
G01 X231.175 Y77.377
G01 X236.742 Y76.587
G01 X242.308 Y75.796
G01 X247.876 Y75.006
G01 X253.442 Y74.214
G01 X259.010 Y73.425
G01 X264.577 Y72.634
G01 X270.144 Y71.844
G01 X275.712 Y71.054
G01 X281.279 Y70.262
G01 X286.846 Y69.473
G01 X292.412 Y68.682
G01 X297.981 Y67.892
G01 X303.548 Y67.101
G01 X309.115 Y66.310
G01 X314.681 Y65.521
G01 X320.248 Y64.730
G01 X325.815 Y63.940
G01 X331.382 Y63.150
G01 X336.950 Y62.358
G01 X342.517 Y61.569
G01 X348.084 Y60.778
G01 X353.651 Y59.988
G01 X359.219 Y59.197
G01 X364.786 Y58.406
G01 X370.353 Y57.617
G01 X375.919 Y56.826
G01 X381.488 Y56.036
G01 X387.055 Y55.245
G01 X392.622 Y54.454
G01 X398.188 Y53.663
G01 X403.755 Y52.874
G01 X398.034 Y53.894
G01 X392.313 Y54.913
G01 X386.592 Y55.933
G01 X380.872 Y56.953
G01 X375.150 Y57.973
G01 X369.430 Y58.993
G01 X363.709 Y60.012
G01 X357.988 Y61.031
G01 X352.267 Y62.052
G01 X346.546 Y63.071
G01 X340.825 Y64.091
G01 X335.103 Y65.111
G01 X329.382 Y66.131
G01 X323.661 Y67.149
G01 X317.940 Y68.170
G01 X312.219 Y69.190
G01 X306.498 Y70.209
G01 X300.777 Y71.228
G01 X295.056 Y72.249
G01 X289.335 Y73.269
G01 X283.615 Y74.288
G01 X277.894 Y75.308
G01 X272.173 Y76.327
G01 X266.452 Y77.348
G01 X260.731 Y78.368
G01 X255.010 Y79.387
G01 X249.288 Y80.406
G01 X243.567 Y81.427
G01 X237.846 Y82.447
G01 X232.125 Y83.466
G01 X226.404 Y84.486
G01 X220.683 Y85.506
G01 X214.963 Y86.524
G01 X209.242 Y87.545
G01 X203.521 Y88.565
G01 X197.800 Y89.584
G01 X192.079 Y90.603
G01 X186.358 Y91.624
G01 X180.637 Y92.644
G01 X174.916 Y93.663
G01 X169.195 Y94.683
G01 X163.474 Y95.702
G01 X157.752 Y96.723
G01 X152.031 Y97.742
G01 X146.310 Y98.762
G01 X140.589 Y99.781
G01 X134.868 Y100.802
G01 X129.147 Y101.821
G01 X123.427 Y102.841
G01 X117.706 Y103.861
G01 X111.985 Y104.881
G01 X106.264 Y105.899
G01 X100.543 Y106.920
G01 X94.822 Y107.940
G01 X89.101 Y108.959
G01 X83.380 Y109.978
G01 X77.659 Y110.999
G01 X71.938 Y112.019
G01 X66.216 Y113.038
G01 X60.495 Y114.058
G01 X54.774 Y115.077
G01 X49.053 Y116.098
G01 X43.332 Y117.117
G01 X37.612 Y118.137
G01 X43.175 Y117.000
G01 X48.740 Y115.865
G01 X54.303 Y114.728
G01 X59.868 Y113.593
G01 X65.432 Y112.457
G01 X70.995 Y111.321
G01 X76.560 Y110.185
G01 X82.124 Y109.050
G01 X87.688 Y107.913
G01 X93.252 Y106.778
G01 X98.815 Y105.642
G01 X104.380 Y104.506
G01 X109.945 Y103.370
G01 X115.509 Y102.233
G01 X121.072 Y101.098
G01 X126.636 Y99.962
G01 X132.201 Y98.826
G01 X137.764 Y97.690
G01 X143.329 Y96.554
G01 X148.892 Y95.418
G01 X154.457 Y94.281
G01 X160.021 Y93.146
G01 X165.584 Y92.010
G01 X171.149 Y90.874
G01 X176.713 Y89.738
G01 X182.276 Y88.601
G01 X187.841 Y87.466
G01 X193.404 Y86.329
G01 X198.969 Y85.195
G01 X204.534 Y84.059
G01 X210.098 Y82.923
G01 X215.661 Y81.786
G01 X221.226 Y80.651
G01 X226.790 Y79.514
G01 X232.353 Y78.379
G01 X237.918 Y77.243
G01 X243.481 Y76.107
G01 X249.046 Y74.971
G01 X254.609 Y73.834
G01 X260.173 Y72.699
G01 X265.738 Y71.562
G01 X271.301 Y70.427
G01 X276.865 Y69.291
G01 X282.430 Y68.155
G01 X287.993 Y67.019
G01 X293.558 Y65.882
G01 X299.123 Y64.747
G01 X304.685 Y63.611
G01 X310.250 Y62.475
G01 X315.815 Y61.339
G01 X321.378 Y60.204
G01 X326.942 Y59.067
G01 X332.507 Y57.931
G01 X338.070 Y56.794
G01 X343.635 Y55.660
G01 X349.198 Y54.524
G01 X354.762 Y53.388
G01 X360.327 Y52.252
G01 X365.890 Y51.115
G01 X371.454 Y49.980
G01 X377.019 Y48.844
G01 X382.582 Y47.708
G01 X388.147 Y46.572
G01 X393.711 Y45.435
G01 X388.010 Y46.812
G01 X382.308 Y48.187
G01 X376.607 Y49.562
G01 X370.906 Y50.938
G01 X365.204 Y52.314
G01 X359.503 Y53.690
G01 X353.801 Y55.065
G01 X348.101 Y56.441
G01 X342.399 Y57.816
G01 X336.697 Y59.192
G01 X330.996 Y60.567
G01 X325.294 Y61.942
G01 X319.594 Y63.319
G01 X313.892 Y64.694
G01 X308.190 Y66.070
G01 X302.490 Y67.445
G01 X296.788 Y68.821
G01 X291.087 Y70.196
G01 X285.385 Y71.572
G01 X279.685 Y72.947
G01 X273.983 Y74.322
G01 X268.281 Y75.699
G01 X262.580 Y77.074
G01 X256.878 Y78.450
G01 X251.178 Y79.825
G01 X245.477 Y81.201
G01 X239.774 Y82.576
G01 X234.074 Y83.952
G01 X228.373 Y85.327
G01 X222.671 Y86.702
G01 X216.969 Y88.079
G01 X211.269 Y89.454
G01 X205.567 Y90.829
G01 X199.865 Y92.206
G01 X194.165 Y93.581
G01 X188.463 Y94.957
G01 X182.762 Y96.332
G01 X177.060 Y97.708
G01 X171.358 Y99.083
G01 X165.658 Y100.459
G01 X159.957 Y101.834
G01 X154.255 Y103.209
G01 X148.553 Y104.586
G01 X142.853 Y105.961
G01 X137.151 Y107.337
G01 X131.450 Y108.712
G01 X125.749 Y110.088
G01 X120.046 Y111.464
G01 X114.346 Y112.839
G01 X108.644 Y114.214
G01 X102.942 Y115.589
G01 X97.242 Y116.966
G01 X91.541 Y118.341
G01 X85.839 Y119.716
G01 X80.137 Y121.093
G01 X74.437 Y122.468
G01 X68.735 Y123.844
G01 X63.034 Y125.219
G01 X57.332 Y126.595
G01 X51.630 Y127.970
G01 X45.930 Y129.346
G01 X40.228 Y130.722
G01 X34.526 Y132.097
G01 X28.826 Y133.473
G01 X34.365 Y131.989
G01 X39.903 Y130.505
G01 X45.442 Y129.021
G01 X50.981 Y127.537
G01 X56.519 Y126.054
G01 X62.058 Y124.570
G01 X67.596 Y123.086
G01 X73.135 Y121.601
G01 X78.675 Y120.118
G01 X84.214 Y118.635
G01 X89.752 Y117.151
G01 X95.291 Y115.667
G01 X100.829 Y114.183
G01 X106.368 Y112.699
G01 X111.908 Y111.216
G01 X117.445 Y109.732
G01 X122.985 Y108.248
G01 X128.524 Y106.764
G01 X134.062 Y105.280
G01 X139.601 Y103.797
G01 X145.139 Y102.312
G01 X150.678 Y100.829
G01 X156.218 Y99.345
G01 X161.757 Y97.861
G01 X167.295 Y96.377
G01 X172.834 Y94.894
G01 X178.373 Y93.410
G01 X183.911 Y91.925
G01 X189.450 Y90.442
G01 X194.988 Y88.959
G01 X200.528 Y87.475
G01 X206.067 Y85.990
G01 X211.605 Y84.507
G01 X217.144 Y83.023
G01 X222.683 Y81.540
G01 X228.221 Y80.055
G01 X233.760 Y78.572
G01 X239.298 Y77.088
G01 X244.838 Y75.605
G01 X250.377 Y74.120
G01 X255.916 Y72.637
G01 X261.454 Y71.153
G01 X266.993 Y69.668
G01 X272.531 Y68.185
G01 X278.070 Y66.702
G01 X283.609 Y65.218
G01 X289.149 Y63.733
G01 X294.686 Y62.250
G01 X300.226 Y60.766
G01 X305.764 Y59.282
G01 X311.303 Y57.798
G01 X316.841 Y56.315
G01 X322.380 Y54.831
G01 X327.919 Y53.346
G01 X333.459 Y51.864
G01 X338.996 Y50.380
G01 X344.536 Y48.895
G01 X350.075 Y47.411
G01 X355.613 Y45.928
G01 X361.152 Y44.444
G01 X366.690 Y42.961
G01 X372.229 Y41.477
G01 X377.769 Y39.993
G01 X383.308 Y38.508
G01 X377.649 Y40.242
G01 X371.990 Y41.974
G01 X366.330 Y43.707
G01 X360.673 Y45.439
G01 X355.013 Y47.172
G01 X349.354 Y48.904
G01 X343.695 Y50.637
G01 X338.036 Y52.369
G01 X332.378 Y54.102
G01 X326.719 Y55.834
G01 X321.060 Y57.567
G01 X315.401 Y59.300
G01 X309.743 Y61.031
G01 X304.084 Y62.764
G01 X298.425 Y64.497
G01 X292.767 Y66.230
G01 X287.108 Y67.962
G01 X281.450 Y69.695
G01 X275.791 Y71.427
G01 X270.132 Y73.160
G01 X264.472 Y74.892
G01 X258.813 Y76.625
G01 X253.156 Y78.357
G01 X247.496 Y80.089
G01 X241.838 Y81.822
G01 X236.178 Y83.555
G01 X230.521 Y85.286
G01 X224.862 Y87.019
G01 X219.202 Y88.752
G01 X213.543 Y90.485
G01 X207.885 Y92.216
G01 X202.226 Y93.950
G01 X196.567 Y95.683
G01 X190.909 Y97.415
G01 X185.250 Y99.148
G01 X179.591 Y100.880
G01 X173.933 Y102.613
G01 X168.274 Y104.345
G01 X162.615 Y106.077
G01 X156.956 Y107.810
G01 X151.296 Y109.543
G01 X145.639 Y111.274
G01 X139.980 Y113.007
G01 X134.320 Y114.740
G01 X128.661 Y116.473
G01 X123.004 Y118.204
G01 X117.344 Y119.938
G01 X111.685 Y121.670
G01 X106.026 Y123.403
G01 X100.368 Y125.135
G01 X94.709 Y126.868
G01 X89.050 Y128.600
G01 X83.392 Y130.333
G01 X77.733 Y132.065
G01 X72.074 Y133.798
G01 X66.416 Y135.530
G01 X60.757 Y137.263
G01 X55.098 Y138.995
G01 X49.439 Y140.728
G01 X43.779 Y142.460
G01 X38.122 Y144.192
G01 X32.463 Y145.925
G01 X26.803 Y147.658
G01 X21.144 Y149.391
G01 X26.635 Y147.558
G01 X32.127 Y145.726
G01 X37.618 Y143.893
G01 X43.110 Y142.061
G01 X48.601 Y140.228
G01 X54.091 Y138.396
G01 X59.582 Y136.562
G01 X65.074 Y134.731
G01 X70.564 Y132.898
G01 X76.055 Y131.066
G01 X81.546 Y129.233
G01 X87.038 Y127.401
G01 X92.529 Y125.568
G01 X98.019 Y123.736
G01 X103.510 Y121.903
G01 X109.002 Y120.071
G01 X114.493 Y118.238
G01 X119.983 Y116.406
G01 X125.475 Y114.572
G01 X130.966 Y112.740
G01 X136.457 Y110.908
G01 X141.947 Y109.076
G01 X147.439 Y107.243
G01 X152.930 Y105.411
G01 X158.421 Y103.577
G01 X163.911 Y101.745
G01 X169.403 Y99.913
G01 X174.894 Y98.081
G01 X180.385 Y96.248
G01 X185.875 Y94.416
G01 X191.367 Y92.583
G01 X196.858 Y90.750
G01 X202.349 Y88.918
G01 X207.839 Y87.086
G01 X213.331 Y85.252
G01 X218.822 Y83.421
G01 X224.312 Y81.588
G01 X229.803 Y79.756
G01 X235.295 Y77.923
G01 X240.786 Y76.091
G01 X246.276 Y74.259
G01 X251.768 Y72.425
G01 X257.258 Y70.594
G01 X262.750 Y68.761
G01 X268.240 Y66.929
G01 X273.731 Y65.096
G01 X279.222 Y63.263
G01 X284.714 Y61.430
G01 X290.204 Y59.599
G01 X295.695 Y57.766
G01 X301.186 Y55.934
G01 X306.678 Y54.101
G01 X312.168 Y52.269
G01 X317.659 Y50.435
G01 X323.151 Y48.603
G01 X328.642 Y46.770
G01 X334.133 Y44.939
G01 X339.625 Y43.106
G01 X345.115 Y41.274
G01 X350.606 Y39.441
G01 X356.097 Y37.608
G01 X361.587 Y35.776
G01 X367.079 Y33.944
G01 X372.570 Y32.111
G01 X366.978 Y34.201
G01 X361.383 Y36.290
G01 X355.791 Y38.377
G01 X350.197 Y40.468
G01 X344.604 Y42.556
G01 X339.012 Y44.645
G01 X333.418 Y46.734
G01 X327.825 Y48.824
G01 X322.231 Y50.913
G01 X316.638 Y53.002
G01 X311.046 Y55.091
G01 X305.452 Y57.180
G01 X299.859 Y59.269
G01 X294.267 Y61.358
G01 X288.673 Y63.447
G01 X283.079 Y65.536
G01 X277.486 Y67.625
G01 X271.894 Y69.714
G01 X266.300 Y71.804
G01 X260.707 Y73.893
G01 X255.114 Y75.982
G01 X249.520 Y78.071
G01 X243.928 Y80.160
G01 X238.334 Y82.249
G01 X232.742 Y84.338
G01 X227.149 Y86.427
G01 X221.555 Y88.516
G01 X215.962 Y90.605
G01 X210.368 Y92.694
G01 X204.776 Y94.783
G01 X199.183 Y96.872
G01 X193.589 Y98.961
G01 X187.997 Y101.050
G01 X182.403 Y103.139
G01 X176.810 Y105.228
G01 X171.216 Y107.317
G01 X165.624 Y109.406
G01 X160.031 Y111.495
G01 X154.438 Y113.584
G01 X148.844 Y115.673
G01 X143.250 Y117.762
G01 X137.658 Y119.851
G01 X132.065 Y121.941
G01 X126.471 Y124.030
G01 X120.879 Y126.119
G01 X115.284 Y128.208
G01 X109.692 Y130.297
G01 X104.099 Y132.386
G01 X98.505 Y134.475
G01 X92.913 Y136.564
G01 X87.320 Y138.653
G01 X81.726 Y140.742
G01 X76.132 Y142.832
G01 X70.540 Y144.921
G01 X64.947 Y147.010
G01 X59.353 Y149.099
G01 X53.760 Y151.188
G01 X48.168 Y153.276
G01 X42.574 Y155.365
G01 X36.981 Y157.454
G01 X31.387 Y159.543
G01 X25.795 Y161.632
G01 X20.202 Y163.722
G01 X14.608 Y165.811
G01 X20.029 Y163.631
G01 X25.450 Y161.450
G01 X30.870 Y159.269
G01 X36.291 Y157.089
G01 X41.712 Y154.909
G01 X47.132 Y152.728
G01 X52.553 Y150.548
G01 X57.974 Y148.367
G01 X63.394 Y146.187
G01 X68.815 Y144.006
G01 X74.235 Y141.826
G01 X79.656 Y139.644
G01 X85.076 Y137.464
G01 X90.497 Y135.284
G01 X95.918 Y133.103
G01 X101.338 Y130.923
G01 X106.759 Y128.742
G01 X112.178 Y126.562
G01 X117.600 Y124.381
G01 X123.021 Y122.201
G01 X128.440 Y120.019
G01 X133.862 Y117.839
G01 X139.283 Y115.659
G01 X144.702 Y113.478
G01 X150.124 Y111.298
G01 X155.543 Y109.118
G01 X160.964 Y106.937
G01 X166.385 Y104.757
G01 X171.805 Y102.576
G01 X177.226 Y100.396
G01 X182.647 Y98.214
G01 X188.067 Y96.035
G01 X193.488 Y93.853
G01 X198.909 Y91.673
G01 X204.329 Y89.493
G01 X209.750 Y87.312
G01 X215.171 Y85.132
G01 X220.591 Y82.951
G01 X226.012 Y80.771
G01 X231.433 Y78.589
G01 X236.853 Y76.410
G01 X242.274 Y74.228
G01 X247.695 Y72.048
G01 X253.115 Y69.868
G01 X258.536 Y67.688
G01 X263.955 Y65.507
G01 X269.377 Y63.327
G01 X274.798 Y61.145
G01 X280.217 Y58.966
G01 X285.638 Y56.785
G01 X291.058 Y54.605
G01 X296.479 Y52.423
G01 X301.900 Y50.244
G01 X307.320 Y48.062
G01 X312.741 Y45.882
G01 X318.161 Y43.702
G01 X323.582 Y41.520
G01 X329.003 Y39.341
G01 X334.423 Y37.160
G01 X339.844 Y34.980
G01 X345.265 Y32.798
G01 X350.685 Y30.619
G01 X356.106 Y28.438
G01 X361.526 Y26.257
G01 X356.022 Y28.702
G01 X350.519 Y31.144
G01 X345.013 Y33.589
G01 X339.510 Y36.032
G01 X334.005 Y38.476
G01 X328.500 Y40.919
G01 X322.996 Y43.364
G01 X317.491 Y45.806
G01 X311.988 Y48.251
G01 X306.483 Y50.694
G01 X300.978 Y53.138
G01 X295.474 Y55.582
G01 X289.971 Y58.026
G01 X284.466 Y60.469
G01 X278.962 Y62.913
G01 X273.457 Y65.357
G01 X267.952 Y67.800
G01 X262.448 Y70.244
G01 X256.943 Y72.688
G01 X251.440 Y75.131
G01 X245.936 Y77.575
G01 X240.430 Y80.019
G01 X234.927 Y82.462
G01 X229.423 Y84.906
G01 X223.918 Y87.350
G01 X218.413 Y89.793
G01 X212.909 Y92.237
G01 X207.404 Y94.680
G01 X201.901 Y97.124
G01 X196.397 Y99.567
G01 X190.892 Y102.012
G01 X185.387 Y104.454
G01 X179.884 Y106.899
G01 X174.379 Y109.343
G01 X168.875 Y111.786
G01 X163.370 Y114.230
G01 X157.865 Y116.673
G01 X152.362 Y119.117
G01 X146.856 Y121.560
G01 X141.353 Y124.005
G01 X135.849 Y126.448
G01 X130.344 Y128.892
G01 X124.839 Y131.336
G01 X119.336 Y133.779
G01 X113.831 Y136.223
G01 X108.327 Y138.667
G01 X102.822 Y141.111
G01 X97.317 Y143.554
G01 X91.814 Y145.998
G01 X86.308 Y148.441
G01 X80.805 Y150.885
G01 X75.300 Y153.329
G01 X69.796 Y155.773
G01 X64.291 Y158.216
G01 X58.788 Y160.660
G01 X53.283 Y163.103
G01 X47.779 Y165.547
G01 X42.274 Y167.990
G01 X36.769 Y170.435
G01 X31.266 Y172.877
G01 X25.760 Y175.322
G01 X20.257 Y177.766
G01 X14.752 Y180.209
G01 X9.249 Y182.653
G01 X14.576 Y180.126
G01 X19.903 Y177.600
G01 X25.231 Y175.074
G01 X30.558 Y172.547
G01 X35.885 Y170.021
G01 X41.213 Y167.494
G01 X46.540 Y164.968
G01 X51.868 Y162.442
G01 X57.195 Y159.915
G01 X62.522 Y157.389
G01 X67.850 Y154.863
G01 X73.178 Y152.336
G01 X78.505 Y149.810
G01 X83.832 Y147.283
G01 X89.159 Y144.757
G01 X94.488 Y142.231
G01 X99.815 Y139.704
G01 X105.142 Y137.178
G01 X110.469 Y134.651
G01 X115.798 Y132.125
G01 X121.125 Y129.599
G01 X126.451 Y127.072
G01 X131.779 Y124.546
G01 X137.106 Y122.020
G01 X142.435 Y119.493
G01 X147.762 Y116.966
G01 X153.089 Y114.440
G01 X158.416 Y111.913
G01 X163.743 Y109.387
G01 X169.072 Y106.861
G01 X174.399 Y104.334
G01 X179.726 Y101.808
G01 X185.053 Y99.281
G01 X190.382 Y96.755
G01 X195.709 Y94.228
G01 X201.036 Y91.702
G01 X206.363 Y89.175
G01 X211.692 Y86.649
G01 X217.019 Y84.124
G01 X222.346 Y81.596
G01 X227.673 Y79.071
G01 X233.000 Y76.543
G01 X238.329 Y74.018
G01 X243.656 Y71.492
G01 X248.984 Y68.964
G01 X254.311 Y66.439
G01 X259.638 Y63.911
G01 X264.966 Y61.386
G01 X270.293 Y58.859
G01 X275.620 Y56.333
G01 X280.947 Y53.806
G01 X286.275 Y51.280
G01 X291.603 Y48.754
G01 X296.930 Y46.228
G01 X302.257 Y43.701
G01 X307.585 Y41.175
G01 X312.912 Y38.648
G01 X318.240 Y36.121
G01 X323.567 Y33.596
G01 X328.894 Y31.069
G01 X334.222 Y28.543
G01 X339.549 Y26.016
G01 X344.877 Y23.490
G01 X350.204 Y20.964
G01 X344.812 Y23.757
G01 X339.421 Y26.553
G01 X334.027 Y29.347
G01 X328.635 Y32.143
G01 X323.243 Y34.938
G01 X317.851 Y37.732
G01 X312.457 Y40.526
G01 X307.065 Y43.322
G01 X301.673 Y46.117
G01 X296.281 Y48.911
G01 X290.888 Y51.706
G01 X285.495 Y54.501
G01 X280.103 Y57.296
G01 X274.712 Y60.091
G01 X269.318 Y62.886
G01 X263.926 Y65.680
G01 X258.534 Y68.475
G01 X253.142 Y71.269
G01 X247.750 Y74.065
G01 X242.356 Y76.860
G01 X236.964 Y79.655
G01 X231.572 Y82.449
G01 X226.180 Y85.244
G01 X220.788 Y88.038
G01 X215.394 Y90.834
G01 X210.002 Y93.629
G01 X204.610 Y96.423
G01 X199.218 Y99.218
G01 X193.826 Y102.012
G01 X188.433 Y104.808
G01 X183.041 Y107.603
G01 X177.649 Y110.397
G01 X172.255 Y113.192
G01 X166.863 Y115.987
G01 X161.471 Y118.781
G01 X156.079 Y121.577
G01 X150.685 Y124.371
G01 X145.293 Y127.166
G01 X139.901 Y129.960
G01 X134.509 Y132.756
G01 X129.117 Y135.550
G01 X123.724 Y138.345
G01 X118.332 Y141.139
G01 X112.940 Y143.935
G01 X107.546 Y146.730
G01 X102.154 Y149.524
G01 X96.762 Y152.319
G01 X91.370 Y155.114
G01 X85.978 Y157.909
G01 X80.584 Y160.704
G01 X75.192 Y163.499
G01 X69.800 Y166.293
G01 X64.408 Y169.088
G01 X59.016 Y171.882
G01 X53.623 Y174.678
G01 X48.231 Y177.473
G01 X42.838 Y180.267
G01 X37.445 Y183.062
G01 X32.053 Y185.857
G01 X26.661 Y188.651
G01 X21.269 Y191.447
G01 X15.875 Y194.242
G01 X10.483 Y197.036
G01 X5.091 Y199.831
G01 X10.303 Y196.962
G01 X15.514 Y194.094
G01 X20.726 Y191.225
G01 X25.938 Y188.357
G01 X31.149 Y185.488
G01 X36.361 Y182.620
G01 X41.572 Y179.751
G01 X46.784 Y176.882
G01 X51.995 Y174.014
G01 X57.207 Y171.144
G01 X62.418 Y168.276
G01 X67.630 Y165.408
G01 X72.841 Y162.540
G01 X78.053 Y159.671
G01 X83.264 Y156.802
G01 X88.476 Y153.934
G01 X93.688 Y151.065
G01 X98.899 Y148.197
G01 X104.112 Y145.328
G01 X109.322 Y142.459
G01 X114.534 Y139.591
G01 X119.745 Y136.722
G01 X124.957 Y133.853
G01 X130.168 Y130.985
G01 X135.380 Y128.117
G01 X140.593 Y125.248
G01 X145.803 Y122.379
G01 X151.016 Y119.511
G01 X156.226 Y116.642
G01 X161.439 Y113.774
G01 X166.649 Y110.905
G01 X171.862 Y108.036
G01 X177.074 Y105.168
G01 X182.284 Y102.298
G01 X187.497 Y99.430
G01 X192.707 Y96.562
G01 X197.920 Y93.694
G01 X203.132 Y90.825
G01 X208.343 Y87.957
G01 X213.555 Y85.088
G01 X218.766 Y82.219
G01 X223.978 Y79.351
G01 X229.189 Y76.482
G01 X234.401 Y73.613
G01 X239.613 Y70.745
G01 X244.823 Y67.875
G01 X250.036 Y65.007
G01 X255.246 Y62.139
G01 X260.459 Y59.270
G01 X265.671 Y56.401
G01 X270.882 Y53.534
G01 X276.094 Y50.665
G01 X281.305 Y47.796
G01 X286.517 Y44.928
G01 X291.728 Y42.059
G01 X296.940 Y39.191
G01 X302.151 Y36.322
G01 X307.363 Y33.453
G01 X312.575 Y30.584
G01 X317.786 Y27.716
G01 X322.998 Y24.847
G01 X328.209 Y21.978
G01 X333.421 Y19.111
G01 X338.632 Y16.242
G01 X333.375 Y19.382
G01 X328.118 Y22.524
G01 X322.859 Y25.665
G01 X317.603 Y28.805
G01 X312.344 Y31.946
G01 X307.087 Y35.087
G01 X301.830 Y38.228
G01 X296.572 Y41.369
G01 X291.315 Y44.510
G01 X286.058 Y47.651
G01 X280.800 Y50.792
G01 X275.543 Y53.933
G01 X270.286 Y57.074
G01 X265.029 Y60.215
G01 X259.772 Y63.356
G01 X254.513 Y66.495
G01 X249.257 Y69.637
G01 X243.999 Y72.778
G01 X238.742 Y75.918
G01 X233.485 Y79.060
G01 X228.226 Y82.201
G01 X222.969 Y85.341
G01 X217.712 Y88.483
G01 X212.454 Y91.624
G01 X207.197 Y94.764
G01 X201.940 Y97.906
G01 X196.683 Y101.046
G01 X191.425 Y104.187
G01 X186.168 Y107.327
G01 X180.911 Y110.469
G01 X175.653 Y113.610
G01 X170.396 Y116.750
G01 X165.137 Y119.892
G01 X159.880 Y123.033
G01 X154.624 Y126.174
G01 X149.365 Y129.315
G01 X144.108 Y132.454
G01 X138.851 Y135.596
G01 X133.594 Y138.737
G01 X128.336 Y141.877
G01 X123.079 Y145.019
G01 X117.822 Y148.160
G01 X112.564 Y151.300
G01 X107.307 Y154.442
G01 X102.048 Y157.583
G01 X96.791 Y160.724
G01 X91.534 Y163.865
G01 X86.276 Y167.005
G01 X81.019 Y170.146
G01 X75.762 Y173.287
G01 X70.505 Y176.428
G01 X65.247 Y179.569
G01 X59.990 Y182.710
G01 X54.733 Y185.851
G01 X49.475 Y188.992
G01 X44.218 Y192.132
G01 X38.961 Y195.274
G01 X33.702 Y198.413
G01 X28.445 Y201.555
G01 X23.188 Y204.696
G01 X17.930 Y207.837
G01 X12.673 Y210.978
G01 X7.416 Y214.119
G01 X2.159 Y217.260
G01 X7.231 Y214.055
G01 X12.305 Y210.849
G01 X17.377 Y207.643
G01 X22.451 Y204.438
G01 X27.524 Y201.232
G01 X32.596 Y198.026
G01 X37.670 Y194.821
G01 X42.743 Y191.615
G01 X47.817 Y188.410
G01 X52.889 Y185.204
G01 X57.963 Y181.999
G01 X63.036 Y178.793
G01 X68.108 Y175.588
G01 X73.183 Y172.382
G01 X78.255 Y169.177
G01 X83.329 Y165.971
G01 X88.401 Y162.766
G01 X93.475 Y159.560
G01 X98.548 Y156.353
G01 X103.620 Y153.149
G01 X108.694 Y149.942
G01 X113.767 Y146.738
G01 X118.841 Y143.531
G01 X123.913 Y140.327
G01 X128.987 Y137.121
G01 X134.060 Y133.916
G01 X139.132 Y130.710
G01 X144.206 Y127.504
G01 X149.279 Y124.299
G01 X154.351 Y121.093
G01 X159.425 Y117.887
G01 X164.499 Y114.682
G01 X169.572 Y111.476
G01 X174.644 Y108.271
G01 X179.718 Y105.066
G01 X184.791 Y101.860
G01 X189.863 Y98.655
G01 X194.937 Y95.449
G01 X200.010 Y92.243
G01 X205.084 Y89.038
G01 X210.156 Y85.832
G01 X215.230 Y82.627
G01 X220.303 Y79.421
G01 X225.375 Y76.216
G01 X230.449 Y73.010
G01 X235.522 Y69.805
G01 X240.594 Y66.599
G01 X245.668 Y63.393
G01 X250.742 Y60.188
G01 X255.815 Y56.982
G01 X260.887 Y53.776
G01 X265.960 Y50.571
G01 X271.034 Y47.365
G01 X276.106 Y44.160
G01 X281.180 Y40.954
G01 X286.253 Y37.749
G01 X291.327 Y34.543
G01 X296.399 Y31.338
G01 X301.472 Y28.132
G01 X306.546 Y24.927
G01 X311.618 Y21.721
G01 X316.692 Y18.516
G01 X321.764 Y15.310
G01 X326.837 Y12.105
G01 X321.738 Y15.585
G01 X316.638 Y19.066
G01 X311.539 Y22.546
G01 X306.440 Y26.026
G01 X301.341 Y29.507
G01 X296.240 Y32.987
G01 X291.140 Y36.468
G01 X286.041 Y39.947
G01 X280.942 Y43.429
G01 X275.842 Y46.909
G01 X270.743 Y50.389
G01 X265.644 Y53.870
G01 X260.543 Y57.350
G01 X255.444 Y60.831
G01 X250.345 Y64.310
G01 X245.245 Y67.792
G01 X240.144 Y71.272
G01 X235.046 Y74.752
G01 X229.945 Y78.233
G01 X224.846 Y81.713
G01 X219.747 Y85.194
G01 X214.647 Y88.673
G01 X209.548 Y92.155
G01 X204.447 Y95.635
G01 X199.349 Y99.115
G01 X194.249 Y102.596
G01 X189.149 Y106.076
G01 X184.050 Y109.557
G01 X178.950 Y113.036
G01 X173.851 Y116.518
G01 X168.750 Y119.998
G01 X163.651 Y123.479
G01 X158.552 Y126.959
G01 X153.452 Y130.440
G01 X148.353 Y133.919
G01 X143.252 Y137.400
G01 X138.154 Y140.881
G01 X133.053 Y144.361
G01 X127.954 Y147.841
G01 X122.855 Y151.322
G01 X117.755 Y154.803
G01 X112.656 Y158.283
G01 X107.555 Y161.763
G01 X102.456 Y165.244
G01 X97.356 Y168.724
G01 X92.257 Y172.204
G01 X87.158 Y175.685
G01 X82.058 Y179.166
G01 X76.957 Y182.646
G01 X71.858 Y186.126
G01 X66.759 Y189.607
G01 X61.659 Y193.087
G01 X56.560 Y196.567
G01 X51.461 Y200.048
G01 X46.361 Y203.529
G01 X41.260 Y207.009
G01 X36.161 Y210.490
G01 X31.062 Y213.970
G01 X25.963 Y217.450
G01 X20.863 Y220.930
G01 X15.762 Y224.411
G01 X10.663 Y227.892
G01 X5.564 Y231.372
G01 X0.464 Y234.852
G01 X5.377 Y231.317
G01 X10.288 Y227.781
G01 X15.202 Y224.245
G01 X20.113 Y220.709
G01 X25.026 Y217.174
G01 X29.938 Y213.638
G01 X34.851 Y210.102
G01 X39.762 Y206.566
G01 X44.675 Y203.031
G01 X49.588 Y199.495
G01 X54.500 Y195.959
G01 X59.411 Y192.423
G01 X64.325 Y188.887
G01 X69.237 Y185.352
G01 X74.149 Y181.816
G01 X79.062 Y178.280
G01 X83.974 Y174.744
G01 X88.885 Y171.208
G01 X93.798 Y167.672
G01 X98.711 Y164.137
G01 X103.623 Y160.601
G01 X108.534 Y157.065
G01 X113.447 Y153.529
G01 X118.360 Y149.994
G01 X123.272 Y146.458
G01 X128.185 Y142.922
G01 X133.096 Y139.386
G01 X138.009 Y135.850
G01 X142.921 Y132.315
G01 X147.834 Y128.779
G01 X152.745 Y125.243
G01 X157.659 Y121.707
G01 X162.570 Y118.171
G01 X167.483 Y114.636
G01 X172.394 Y111.100
G01 X177.308 Y107.564
G01 X182.219 Y104.028
G01 X187.132 Y100.492
G01 X192.045 Y96.957
G01 X196.957 Y93.421
G01 X201.868 Y89.885
G01 X206.781 Y86.349
G01 X211.694 Y82.812
G01 X216.606 Y79.278
G01 X221.519 Y75.742
G01 X226.430 Y72.206
G01 X231.343 Y68.670
G01 X236.255 Y65.135
G01 X241.168 Y61.599
G01 X246.079 Y58.062
G01 X250.992 Y54.526
G01 X255.905 Y50.990
G01 X260.817 Y47.456
G01 X265.728 Y43.919
G01 X270.642 Y40.383
G01 X275.553 Y36.848
G01 X280.466 Y33.312
G01 X285.378 Y29.776
G01 X290.291 Y26.240
G01 X295.202 Y22.704
G01 X300.115 Y19.168
G01 X305.027 Y15.632
G01 X309.940 Y12.097
G01 X314.851 Y8.561
G01 X309.933 Y12.374
G01 X305.013 Y16.186
G01 X300.094 Y19.996
G01 X295.174 Y23.809
G01 X290.255 Y27.620
G01 X285.337 Y31.433
G01 X280.416 Y35.245
G01 X275.498 Y39.056
G01 X270.579 Y42.868
G01 X265.659 Y46.680
G01 X260.740 Y50.492
G01 X255.821 Y54.304
G01 X250.901 Y58.115
G01 X245.982 Y61.928
G01 X241.062 Y65.740
G01 X236.144 Y69.552
G01 X231.224 Y73.363
G01 X226.305 Y77.175
G01 X221.385 Y80.987
G01 X216.466 Y84.798
G01 X211.546 Y88.611
G01 X206.627 Y92.423
G01 X201.709 Y96.235
G01 X196.788 Y100.046
G01 X191.870 Y103.858
G01 X186.951 Y107.670
G01 X182.031 Y111.482
G01 X177.112 Y115.293
G01 X172.192 Y119.106
G01 X167.274 Y122.918
G01 X162.353 Y126.729
G01 X157.435 Y130.541
G01 X152.516 Y134.353
G01 X147.596 Y138.165
G01 X142.677 Y141.977
G01 X137.757 Y145.788
G01 X132.839 Y149.601
G01 X127.918 Y153.413
G01 X123.000 Y157.224
G01 X118.081 Y161.036
G01 X113.161 Y164.848
G01 X108.242 Y168.660
G01 X103.322 Y172.472
G01 X98.403 Y176.284
G01 X93.483 Y180.096
G01 X88.565 Y183.906
G01 X83.646 Y187.719
G01 X78.726 Y191.531
G01 X73.807 Y195.343
G01 X68.887 Y199.155
G01 X63.969 Y202.966
G01 X59.048 Y206.778
G01 X54.130 Y210.590
G01 X49.211 Y214.401
G01 X44.291 Y218.214
G01 X39.372 Y222.026
G01 X34.452 Y225.838
G01 X29.533 Y229.650
G01 X24.613 Y233.462
G01 X19.695 Y237.274
G01 X14.776 Y241.085
G01 X9.856 Y244.897
G01 X4.937 Y248.709
G01 X0.017 Y252.521
G01 X4.747 Y248.663
G01 X9.476 Y244.805
G01 X14.206 Y240.947
G01 X18.935 Y237.090
G01 X23.665 Y233.232
G01 X28.394 Y229.374
G01 X33.124 Y225.516
G01 X37.853 Y221.659
G01 X42.582 Y217.800
G01 X47.312 Y213.942
G01 X52.041 Y210.085
G01 X56.771 Y206.228
G01 X61.500 Y202.370
G01 X66.230 Y198.512
G01 X70.959 Y194.654
G01 X75.689 Y190.796
G01 X80.418 Y186.939
G01 X85.147 Y183.081
G01 X89.877 Y179.223
G01 X94.606 Y175.365
G01 X99.337 Y171.507
G01 X104.065 Y167.650
G01 X108.796 Y163.792
G01 X113.524 Y159.934
G01 X118.255 Y156.076
G01 X122.983 Y152.218
G01 X127.713 Y148.361
G01 X132.442 Y144.502
G01 X137.173 Y140.644
G01 X141.901 Y136.787
G01 X146.632 Y132.930
G01 X151.361 Y129.072
G01 X156.089 Y125.214
G01 X160.820 Y121.356
G01 X165.548 Y117.498
G01 X170.279 Y113.641
G01 X175.007 Y109.783
G01 X179.738 Y105.925
G01 X184.466 Y102.067
G01 X189.197 Y98.209
G01 X193.925 Y94.351
G01 X198.656 Y90.494
G01 X203.385 Y86.636
G01 X208.115 Y82.778
G01 X212.844 Y78.921
G01 X217.574 Y75.062
G01 X222.303 Y71.204
G01 X227.033 Y67.346
G01 X231.762 Y63.489
G01 X236.492 Y59.632
G01 X241.221 Y55.774
G01 X245.951 Y51.916
G01 X250.680 Y48.058
G01 X255.409 Y44.200
G01 X260.138 Y40.343
G01 X264.868 Y36.484
G01 X269.597 Y32.627
G01 X274.327 Y28.769
G01 X279.056 Y24.912
G01 X283.786 Y21.054
G01 X288.515 Y17.196
G01 X293.245 Y13.338
G01 X297.974 Y9.480
G01 X302.704 Y5.623
G01 X297.986 Y9.756
G01 X293.269 Y13.889
G01 X288.553 Y18.023
G01 X283.837 Y22.156
G01 X279.118 Y26.291
G01 X274.402 Y30.424
G01 X269.685 Y34.558
G01 X264.969 Y38.692
G01 X260.252 Y42.825
G01 X255.535 Y46.959
G01 X250.817 Y51.093
G01 X246.101 Y55.226
G01 X241.384 Y59.359
G01 X236.666 Y63.494
G01 X231.950 Y67.627
G01 X227.233 Y71.761
G01 X222.516 Y75.894
G01 X217.798 Y80.028
G01 X213.082 Y84.161
G01 X208.365 Y88.296
G01 X203.647 Y92.429
G01 X198.932 Y96.562
G01 X194.214 Y100.697
G01 X189.498 Y104.829
G01 X184.781 Y108.964
G01 X180.064 Y113.098
G01 X175.346 Y117.231
G01 X170.630 Y121.365
G01 X165.913 Y125.499
G01 X161.195 Y129.632
G01 X156.478 Y133.766
G01 X151.762 Y137.900
G01 X147.045 Y142.032
G01 X142.327 Y146.167
G01 X137.611 Y150.300
G01 X132.894 Y154.434
G01 X128.178 Y158.567
G01 X123.461 Y162.702
G01 X118.743 Y166.835
G01 X114.026 Y170.969
G01 X109.310 Y175.102
G01 X104.593 Y179.236
G01 X99.875 Y183.370
G01 X95.159 Y187.502
G01 X90.442 Y191.637
G01 X85.725 Y195.770
G01 X81.007 Y199.904
G01 X76.291 Y204.037
G01 X71.574 Y208.172
G01 X66.856 Y212.305
G01 X62.139 Y216.439
G01 X57.423 Y220.573
G01 X52.706 Y224.706
G01 X47.988 Y228.840
G01 X43.272 Y232.974
G01 X38.555 Y237.107
G01 X33.839 Y241.240
G01 X29.122 Y245.375
G01 X24.404 Y249.507
G01 X19.688 Y253.642
G01 X14.971 Y257.776
G01 X10.254 Y261.909
G01 X5.536 Y266.043
G01 X0.820 Y270.177
G01 X5.344 Y266.007
G01 X9.870 Y261.837
G01 X14.394 Y257.666
G01 X18.920 Y253.496
G01 X23.445 Y249.326
G01 X27.969 Y245.156
G01 X32.495 Y240.986
G01 X37.021 Y236.816
G01 X41.546 Y232.646
G01 X46.070 Y228.476
G01 X50.596 Y224.305
G01 X55.120 Y220.136
G01 X59.646 Y215.966
G01 X64.171 Y211.796
G01 X68.695 Y207.626
G01 X73.221 Y203.456
G01 X77.745 Y199.286
G01 X82.271 Y195.115
G01 X86.796 Y190.946
G01 X91.322 Y186.775
G01 X95.846 Y182.606
G01 X100.370 Y178.436
G01 X104.897 Y174.266
G01 X109.421 Y170.096
G01 X113.947 Y165.925
G01 X118.471 Y161.756
G01 X122.997 Y157.586
G01 X127.522 Y153.416
G01 X132.046 Y149.246
G01 X136.572 Y145.075
G01 X141.096 Y140.905
G01 X145.622 Y136.734
G01 X150.147 Y132.565
G01 X154.671 Y128.394
G01 X159.197 Y124.225
G01 X163.721 Y120.055
G01 X168.248 Y115.885
G01 X172.772 Y111.714
G01 X177.298 Y107.545
G01 X181.822 Y103.375
G01 X186.348 Y99.204
G01 X190.873 Y95.035
G01 X195.397 Y90.865
G01 X199.923 Y86.695
G01 X204.447 Y82.524
G01 X208.973 Y78.355
G01 X213.498 Y74.185
G01 X218.022 Y70.014
G01 X222.548 Y65.845
G01 X227.072 Y61.675
G01 X231.598 Y57.505
G01 X236.123 Y53.334
G01 X240.649 Y49.165
G01 X245.174 Y44.994
G01 X249.698 Y40.824
G01 X254.224 Y36.654
G01 X258.748 Y32.483
G01 X263.274 Y28.314
G01 X267.798 Y24.144
G01 X272.323 Y19.974
G01 X276.849 Y15.804
G01 X281.373 Y11.633
G01 X285.899 Y7.464
G01 X290.423 Y3.293
G01 X285.930 Y7.738
G01 X281.438 Y12.183
G01 X276.945 Y16.627
G01 X272.452 Y21.071
G01 X267.959 Y25.516
G01 X263.466 Y29.959
G01 X258.972 Y34.404
G01 X254.480 Y38.849
G01 X249.987 Y43.293
G01 X245.494 Y47.737
G01 X241.000 Y52.181
G01 X236.507 Y56.626
G01 X232.014 Y61.070
G01 X227.521 Y65.514
G01 X223.028 Y69.959
G01 X218.534 Y74.403
G01 X214.041 Y78.848
G01 X209.548 Y83.292
G01 X205.055 Y87.736
G01 X200.562 Y92.180
G01 X196.070 Y96.625
G01 X191.577 Y101.069
G01 X187.084 Y105.514
G01 X182.591 Y109.958
G01 X178.098 Y114.401
G01 X173.605 Y118.846
G01 X169.111 Y123.291
G01 X164.618 Y127.735
G01 X160.125 Y132.180
G01 X155.632 Y136.624
G01 X151.139 Y141.067
G01 X146.646 Y145.513
G01 X142.153 Y149.957
G01 X137.659 Y154.401
G01 X133.166 Y158.846
G01 X128.673 Y163.290
G01 X124.180 Y167.735
G01 X119.688 Y172.179
G01 X115.195 Y176.623
G01 X110.702 Y181.067
G01 X106.207 Y185.512
G01 X101.714 Y189.956
G01 X97.221 Y194.400
G01 X92.728 Y198.845
G01 X88.236 Y203.288
G01 X83.743 Y207.734
G01 X79.250 Y212.178
G01 X74.757 Y216.622
G01 X70.264 Y221.066
G01 X65.771 Y225.511
G01 X61.278 Y229.954
G01 X56.784 Y234.400
G01 X52.291 Y238.844
G01 X47.798 Y243.287
G01 X43.305 Y247.733
G01 X38.812 Y252.177
G01 X34.319 Y256.620
G01 X29.826 Y261.065
G01 X25.332 Y265.510
G01 X20.839 Y269.954
G01 X16.346 Y274.399
G01 X11.853 Y278.843
G01 X7.361 Y283.286
G01 X2.868 Y287.731
G01 X7.168 Y283.260
G01 X11.466 Y278.788
G01 X15.767 Y274.317
G01 X20.067 Y269.846
G01 X24.365 Y265.375
G01 X28.666 Y260.904
G01 X32.964 Y256.433
G01 X37.264 Y251.963
G01 X41.564 Y247.492
G01 X45.863 Y243.020
G01 X50.163 Y238.549
G01 X54.463 Y234.079
G01 X58.762 Y229.608
G01 X63.062 Y225.136
G01 X67.362 Y220.665
G01 X71.661 Y216.194
G01 X75.961 Y211.722
G01 X80.260 Y207.252
G01 X84.560 Y202.781
G01 X88.860 Y198.310
G01 X93.159 Y193.839
G01 X97.459 Y189.368
G01 X101.759 Y184.897
G01 X106.058 Y180.425
G01 X110.358 Y175.954
G01 X114.658 Y171.483
G01 X118.957 Y167.012
G01 X123.257 Y162.541
G01 X127.557 Y158.070
G01 X131.856 Y153.599
G01 X136.156 Y149.127
G01 X140.456 Y144.656
G01 X144.755 Y140.186
G01 X149.055 Y135.715
G01 X153.353 Y131.244
G01 X157.654 Y126.773
G01 X161.954 Y122.302
G01 X166.252 Y117.829
G01 X170.553 Y113.358
G01 X174.853 Y108.887
G01 X179.151 Y104.417
G01 X183.452 Y99.946
G01 X187.750 Y95.475
G01 X192.050 Y91.004
G01 X196.351 Y86.533
G01 X200.649 Y82.062
G01 X204.950 Y77.591
G01 X209.250 Y73.120
G01 X213.548 Y68.649
G01 X217.849 Y64.177
G01 X222.147 Y59.706
G01 X226.447 Y55.234
G01 X230.748 Y50.764
G01 X235.046 Y46.293
G01 X239.346 Y41.822
G01 X243.646 Y37.351
G01 X247.946 Y32.880
G01 X252.246 Y28.409
G01 X256.544 Y23.938
G01 X260.844 Y19.466
G01 X265.144 Y14.995
G01 X269.443 Y10.524
G01 X273.743 Y6.053
G01 X278.043 Y1.582
G01 X273.794 Y6.325
G01 X269.546 Y11.067
G01 X265.298 Y15.810
G01 X261.049 Y20.552
G01 X256.801 Y25.294
G01 X252.553 Y30.037
G01 X248.305 Y34.779
G01 X244.056 Y39.522
G01 X239.808 Y44.264
G01 X235.560 Y49.007
G01 X231.312 Y53.749
G01 X227.062 Y58.490
G01 X222.815 Y63.233
G01 X218.567 Y67.976
G01 X214.319 Y72.719
G01 X210.070 Y77.461
G01 X205.822 Y82.204
G01 X201.574 Y86.946
G01 X197.325 Y91.689
G01 X193.077 Y96.430
G01 X188.829 Y101.173
G01 X184.579 Y105.916
G01 X180.332 Y110.658
G01 X176.084 Y115.401
G01 X171.834 Y120.143
G01 X167.587 Y124.886
G01 X163.339 Y129.627
G01 X159.089 Y134.371
G01 X154.841 Y139.113
G01 X150.594 Y143.855
G01 X146.344 Y148.597
G01 X142.096 Y153.340
G01 X137.849 Y158.083
G01 X133.601 Y162.825
G01 X129.351 Y167.567
G01 X125.103 Y172.310
G01 X120.856 Y177.052
G01 X116.606 Y181.795
G01 X112.358 Y186.537
G01 X108.111 Y191.280
G01 X103.862 Y196.022
G01 X99.613 Y200.763
G01 X95.365 Y205.507
G01 X91.117 Y210.249
G01 X86.868 Y214.992
G01 X82.620 Y219.734
G01 X78.372 Y224.477
G01 X74.124 Y229.219
G01 X69.875 Y233.960
G01 X65.627 Y238.704
G01 X61.379 Y243.446
G01 X57.130 Y248.189
G01 X52.882 Y252.930
G01 X48.634 Y257.673
G01 X44.385 Y262.416
G01 X40.137 Y267.159
G01 X35.889 Y271.901
G01 X31.641 Y276.642
G01 X27.392 Y281.385
G01 X23.144 Y286.127
G01 X18.896 Y290.870
G01 X14.647 Y295.613
G01 X10.399 Y300.356
G01 X6.151 Y305.098
G01 X10.204 Y300.338
G01 X14.259 Y295.579
G01 X18.312 Y290.819
G01 X22.365 Y286.060
G01 X26.420 Y281.300
G01 X30.474 Y276.541
G01 X34.526 Y271.781
G01 X38.581 Y267.022
G01 X42.635 Y262.262
G01 X46.689 Y257.502
G01 X50.743 Y252.744
G01 X54.796 Y247.984
G01 X58.850 Y243.225
G01 X62.904 Y238.465
G01 X66.957 Y233.706
G01 X71.010 Y228.946
G01 X75.065 Y224.186
G01 X79.118 Y219.427
G01 X83.173 Y214.668
G01 X87.226 Y209.907
G01 X91.279 Y205.149
G01 X95.334 Y200.388
G01 X99.387 Y195.630
G01 X103.442 Y190.870
G01 X107.495 Y186.111
G01 X111.548 Y181.352
G01 X115.603 Y176.591
G01 X119.656 Y171.833
G01 X123.709 Y167.073
G01 X127.764 Y162.314
G01 X131.817 Y157.554
G01 X135.870 Y152.794
G01 X139.925 Y148.035
G01 X143.978 Y143.275
G01 X148.033 Y138.516
G01 X152.087 Y133.757
G01 X156.141 Y128.996
G01 X160.194 Y124.238
G01 X164.248 Y119.478
G01 X168.302 Y114.719
G01 X172.356 Y109.959
G01 X176.409 Y105.200
G01 X180.463 Y100.441
G01 X184.517 Y95.680
G01 X188.570 Y90.921
G01 X192.624 Y86.161
G01 X196.678 Y81.403
G01 X200.731 Y76.643
G01 X204.786 Y71.884
G01 X208.839 Y67.124
G01 X212.892 Y62.365
G01 X216.947 Y57.605
G01 X221.000 Y52.846
G01 X225.055 Y48.086
G01 X229.108 Y43.327
G01 X233.161 Y38.567
G01 X237.216 Y33.808
G01 X241.269 Y29.048
G01 X245.322 Y24.288
G01 X249.377 Y19.529
G01 X253.430 Y14.769
G01 X257.484 Y10.010
G01 X261.538 Y5.251
G01 X265.591 Y0.490
G01 X261.608 Y5.518
G01 X257.625 Y10.543
G01 X253.642 Y15.571
G01 X249.659 Y20.597
G01 X245.674 Y25.624
G01 X241.692 Y30.650
G01 X237.707 Y35.677
G01 X233.725 Y40.704
G01 X229.740 Y45.730
G01 X225.757 Y50.757
G01 X221.774 Y55.782
G01 X217.791 Y60.810
G01 X213.808 Y65.836
G01 X209.824 Y70.863
G01 X205.841 Y75.889
G01 X201.856 Y80.916
G01 X197.874 Y85.942
G01 X193.891 Y90.969
G01 X189.906 Y95.995
G01 X185.923 Y101.022
G01 X181.940 Y106.048
G01 X177.957 Y111.075
G01 X173.973 Y116.101
G01 X169.990 Y121.127
G01 X166.007 Y126.155
G01 X162.022 Y131.180
G01 X158.040 Y136.207
G01 X154.055 Y141.234
G01 X150.072 Y146.261
G01 X146.089 Y151.287
G01 X142.106 Y156.314
G01 X138.122 Y161.340
G01 X134.139 Y166.367
G01 X130.156 Y171.393
G01 X126.171 Y176.420
G01 X122.189 Y181.446
G01 X118.204 Y186.472
G01 X114.221 Y191.499
G01 X110.238 Y196.525
G01 X106.255 Y201.552
G01 X102.272 Y206.579
G01 X98.288 Y211.605
G01 X94.305 Y216.632
G01 X90.320 Y221.659
G01 X86.338 Y226.685
G01 X82.355 Y231.712
G01 X78.370 Y236.738
G01 X74.387 Y241.764
G01 X70.404 Y246.791
G01 X66.421 Y251.817
G01 X62.437 Y256.844
G01 X58.454 Y261.870
G01 X54.471 Y266.897
G01 X50.487 Y271.923
G01 X46.504 Y276.950
G01 X42.519 Y281.976
G01 X38.536 Y287.002
G01 X34.553 Y292.029
G01 X30.570 Y297.055
G01 X26.587 Y302.082
G01 X22.603 Y307.108
G01 X18.620 Y312.135
G01 X14.635 Y317.163
G01 X10.653 Y322.189
G01 X14.440 Y317.154
G01 X18.228 Y312.120
G01 X22.017 Y307.088
G01 X25.805 Y302.053
G01 X29.594 Y297.019
G01 X33.382 Y291.986
G01 X37.171 Y286.952
G01 X40.959 Y281.918
G01 X44.747 Y276.885
G01 X48.534 Y271.851
G01 X52.324 Y266.817
G01 X56.112 Y261.783
G01 X59.899 Y256.749
G01 X63.689 Y251.716
G01 X67.476 Y246.681
G01 X71.264 Y241.648
G01 X75.053 Y236.614
G01 X78.841 Y231.579
G01 X82.630 Y226.546
G01 X86.418 Y221.513
G01 X90.207 Y216.478
G01 X93.995 Y211.445
G01 X97.783 Y206.411
G01 X101.570 Y201.377
G01 X105.360 Y196.343
G01 X109.147 Y191.310
G01 X112.935 Y186.275
G01 X116.725 Y181.242
G01 X120.512 Y176.208
G01 X124.300 Y171.174
G01 X128.089 Y166.139
G01 X131.877 Y161.107
G01 X135.666 Y156.073
G01 X139.454 Y151.038
G01 X143.242 Y146.005
G01 X147.031 Y140.971
G01 X150.819 Y135.938
G01 X154.606 Y130.904
G01 X158.394 Y125.870
G01 X162.183 Y120.836
G01 X165.971 Y115.802
G01 X169.760 Y110.768
G01 X173.548 Y105.735
G01 X177.337 Y100.701
G01 X181.125 Y95.667
G01 X184.913 Y90.632
G01 X188.702 Y85.599
G01 X192.490 Y80.566
G01 X196.278 Y75.531
G01 X200.065 Y70.498
G01 X203.855 Y65.464
G01 X207.642 Y60.430
G01 X211.430 Y55.395
G01 X215.219 Y50.362
G01 X219.007 Y45.329
G01 X222.796 Y40.294
G01 X226.584 Y35.261
G01 X230.373 Y30.227
G01 X234.161 Y25.192
G01 X237.949 Y20.159
G01 X241.737 Y15.126
G01 X245.525 Y10.091
G01 X249.313 Y5.058
G01 X253.101 Y0.024
G01 X249.402 Y5.319
G01 X245.703 Y10.615
G01 X242.004 Y15.910
G01 X238.305 Y21.204
G01 X234.606 Y26.500
G01 X230.906 Y31.796
G01 X227.207 Y37.091
G01 X223.507 Y42.386
G01 X219.808 Y47.680
G01 X216.110 Y52.977
G01 X212.411 Y58.272
G01 X208.711 Y63.567
G01 X205.012 Y68.862
G01 X201.312 Y74.156
G01 X197.613 Y79.452
G01 X193.913 Y84.748
G01 X190.214 Y90.043
G01 X186.516 Y95.339
G01 X182.817 Y100.634
G01 X179.117 Y105.929
G01 X175.418 Y111.224
G01 X171.719 Y116.519
G01 X168.019 Y121.815
G01 X164.320 Y127.110
G01 X160.620 Y132.405
G01 X156.921 Y137.700
G01 X153.223 Y142.996
G01 X149.524 Y148.291
G01 X145.824 Y153.585
G01 X142.125 Y158.881
G01 X138.425 Y164.175
G01 X134.726 Y169.472
G01 X131.026 Y174.767
G01 X127.327 Y180.062
G01 X123.629 Y185.357
G01 X119.930 Y190.653
G01 X116.230 Y195.948
G01 X112.531 Y201.243
G01 X108.832 Y206.537
G01 X105.132 Y211.834
G01 X101.433 Y217.129
G01 X97.733 Y222.424
G01 X94.034 Y227.719
G01 X90.336 Y233.014
G01 X86.635 Y238.310
G01 X82.937 Y243.605
G01 X79.238 Y248.900
G01 X75.538 Y254.195
G01 X71.839 Y259.490
G01 X68.139 Y264.786
G01 X64.440 Y270.081
G01 X60.742 Y275.377
G01 X57.041 Y280.671
G01 X53.343 Y285.966
G01 X49.644 Y291.262
G01 X45.945 Y296.557
G01 X42.245 Y301.853
G01 X38.546 Y307.147
G01 X34.846 Y312.442
G01 X31.147 Y317.738
G01 X27.449 Y323.034
G01 X23.749 Y328.329
G01 X20.050 Y333.624
G01 X16.351 Y338.918
G01 X19.855 Y333.627
G01 X23.358 Y328.334
G01 X26.863 Y323.041
G01 X30.367 Y317.748
G01 X33.870 Y312.454
G01 X37.375 Y307.163
G01 X40.879 Y301.870
G01 X44.382 Y296.577
G01 X47.885 Y291.284
G01 X51.391 Y285.992
G01 X54.894 Y280.699
G01 X58.397 Y275.406
G01 X61.901 Y270.113
G01 X65.406 Y264.820
G01 X68.909 Y259.528
G01 X72.413 Y254.234
G01 X75.918 Y248.942
G01 X79.421 Y243.649
G01 X82.925 Y238.357
G01 X86.430 Y233.064
G01 X89.933 Y227.770
G01 X93.438 Y222.478
G01 X96.942 Y217.185
G01 X100.445 Y211.893
G01 X103.950 Y206.600
G01 X107.454 Y201.306
G01 X110.957 Y196.013
G01 X114.462 Y190.722
G01 X117.966 Y185.429
G01 X121.469 Y180.136
G01 X124.974 Y174.843
G01 X128.478 Y169.550
G01 X131.981 Y164.257
G01 X135.486 Y158.965
G01 X138.990 Y153.672
G01 X142.493 Y148.380
G01 X145.998 Y143.087
G01 X149.502 Y137.793
G01 X153.005 Y132.501
G01 X156.509 Y127.208
G01 X160.012 Y121.916
G01 X163.517 Y116.623
G01 X167.021 Y111.329
G01 X170.524 Y106.036
G01 X174.029 Y100.744
G01 X177.533 Y95.452
G01 X181.036 Y90.159
G01 X184.541 Y84.865
G01 X188.045 Y79.572
G01 X191.548 Y74.281
G01 X195.053 Y68.988
G01 X198.557 Y63.695
G01 X202.060 Y58.401
G01 X205.565 Y53.109
G01 X209.069 Y47.817
G01 X212.572 Y42.524
G01 X216.077 Y37.231
G01 X219.581 Y31.938
G01 X223.084 Y26.645
G01 X226.589 Y21.353
G01 X230.093 Y16.060
G01 X233.596 Y10.767
G01 X237.100 Y5.475
G01 X240.603 Y0.181
G01 X237.207 Y5.728
G01 X233.810 Y11.276
G01 X230.415 Y16.823
G01 X227.017 Y22.370
G01 X223.620 Y27.918
G01 X220.224 Y33.465
G01 X216.827 Y39.013
G01 X213.430 Y44.560
G01 X210.034 Y50.107
G01 X206.637 Y55.654
G01 X203.240 Y61.201
G01 X199.844 Y66.749
G01 X196.447 Y72.296
G01 X193.050 Y77.843
G01 X189.654 Y83.389
G01 X186.257 Y88.938
G01 X182.861 Y94.485
G01 X179.464 Y100.031
G01 X176.067 Y105.579
G01 X172.671 Y111.127
G01 X169.274 Y116.673
G01 X165.877 Y122.221
G01 X162.481 Y127.768
G01 X159.084 Y133.315
G01 X155.687 Y138.863
G01 X152.291 Y144.410
G01 X148.894 Y149.957
G01 X145.497 Y155.505
G01 X142.101 Y161.052
G01 X138.704 Y166.599
G01 X135.307 Y172.145
G01 X131.911 Y177.694
G01 X128.514 Y183.240
G01 X125.117 Y188.787
G01 X121.721 Y194.335
G01 X118.324 Y199.882
G01 X114.927 Y205.430
G01 X111.531 Y210.977
G01 X108.134 Y216.524
G01 X104.737 Y222.071
G01 X101.341 Y227.619
G01 X97.944 Y233.166
G01 X94.546 Y238.713
G01 X91.149 Y244.260
G01 X87.754 Y249.808
G01 X84.356 Y255.355
G01 X80.959 Y260.901
G01 X77.564 Y266.449
G01 X74.166 Y271.997
G01 X70.769 Y277.543
G01 X67.374 Y283.091
G01 X63.976 Y288.637
G01 X60.579 Y294.185
G01 X57.183 Y299.733
G01 X53.786 Y305.279
G01 X50.389 Y310.827
G01 X46.993 Y316.374
G01 X43.596 Y321.921
G01 X40.200 Y327.469
G01 X36.803 Y333.016
G01 X33.406 Y338.564
G01 X30.010 Y344.111
G01 X26.613 Y349.658
G01 X23.216 Y355.204
G01 X26.418 Y349.670
G01 X29.620 Y344.135
G01 X32.822 Y338.600
G01 X36.024 Y333.065
G01 X39.226 Y327.529
G01 X42.427 Y321.995
G01 X45.629 Y316.459
G01 X48.831 Y310.925
G01 X52.033 Y305.389
G01 X55.233 Y299.855
G01 X58.435 Y294.320
G01 X61.637 Y288.784
G01 X64.839 Y283.250
G01 X68.041 Y277.714
G01 X71.243 Y272.180
G01 X74.445 Y266.644
G01 X77.647 Y261.110
G01 X80.849 Y255.575
G01 X84.050 Y250.040
G01 X87.252 Y244.505
G01 X90.454 Y238.970
G01 X93.656 Y233.435
G01 X96.858 Y227.900
G01 X100.058 Y222.365
G01 X103.260 Y216.829
G01 X106.463 Y211.294
G01 X109.663 Y205.760
G01 X112.865 Y200.225
G01 X116.067 Y194.690
G01 X119.269 Y189.155
G01 X122.471 Y183.620
G01 X125.673 Y178.085
G01 X128.875 Y172.550
G01 X132.077 Y167.014
G01 X135.279 Y161.478
G01 X138.480 Y155.944
G01 X141.682 Y150.409
G01 X144.884 Y144.874
G01 X148.086 Y139.339
G01 X151.288 Y133.804
G01 X154.488 Y128.269
G01 X157.690 Y122.734
G01 X160.892 Y117.199
G01 X164.094 Y111.663
G01 X167.296 Y106.129
G01 X170.498 Y100.594
G01 X173.700 Y95.059
G01 X176.901 Y89.524
G01 X180.103 Y83.988
G01 X183.305 Y78.454
G01 X186.507 Y72.918
G01 X189.709 Y67.384
G01 X192.911 Y61.849
G01 X196.112 Y56.314
G01 X199.314 Y50.779
G01 X202.516 Y45.244
G01 X205.718 Y39.709
G01 X208.920 Y34.173
G01 X212.120 Y28.639
G01 X215.322 Y23.103
G01 X218.524 Y17.569
G01 X221.726 Y12.034
G01 X224.928 Y6.499
G01 X228.130 Y0.964
G01 X225.053 Y6.745
G01 X221.976 Y12.526
G01 X218.899 Y18.308
G01 X215.822 Y24.089
G01 X212.745 Y29.870
G01 X209.670 Y35.651
G01 X206.593 Y41.433
G01 X203.516 Y47.214
G01 X200.439 Y52.995
G01 X197.362 Y58.776
G01 X194.286 Y64.558
G01 X191.209 Y70.339
G01 X188.132 Y76.120
G01 X185.055 Y81.901
G01 X181.978 Y87.683
G01 X178.901 Y93.464
G01 X175.825 Y99.245
G01 X172.748 Y105.026
G01 X169.671 Y110.808
G01 X166.594 Y116.589
G01 X163.517 Y122.370
G01 X160.440 Y128.151
G01 X157.363 Y133.933
G01 X154.286 Y139.714
G01 X151.211 Y145.496
G01 X148.134 Y151.276
G01 X145.057 Y157.058
G01 X141.980 Y162.839
G01 X138.903 Y168.621
G01 X135.827 Y174.401
G01 X132.750 Y180.183
G01 X129.673 Y185.965
G01 X126.596 Y191.746
G01 X123.519 Y197.526
G01 X120.442 Y203.308
G01 X117.365 Y209.090
G01 X114.288 Y214.871
G01 X111.212 Y220.651
G01 X108.135 Y226.433
G01 X105.058 Y232.215
G01 X101.981 Y237.996
G01 X98.904 Y243.776
G01 X95.827 Y249.559
G01 X92.752 Y255.340
G01 X89.675 Y261.120
G01 X86.598 Y266.901
G01 X83.521 Y272.683
G01 X80.445 Y278.464
G01 X77.368 Y284.245
G01 X74.291 Y290.026
G01 X71.214 Y295.808
G01 X68.137 Y301.589
G01 X65.060 Y307.370
G01 X61.983 Y313.151
G01 X58.906 Y318.933
G01 X55.829 Y324.714
G01 X52.754 Y330.495
G01 X49.677 Y336.278
G01 X46.600 Y342.058
G01 X43.522 Y347.839
G01 X40.445 Y353.622
G01 X37.370 Y359.403
G01 X34.293 Y365.183
G01 X31.216 Y370.964
G01 X34.099 Y365.206
G01 X36.981 Y359.447
G01 X39.863 Y353.687
G01 X42.747 Y347.928
G01 X45.630 Y342.168
G01 X48.512 Y336.409
G01 X51.394 Y330.649
G01 X54.278 Y324.891
G01 X57.161 Y319.130
G01 X60.043 Y313.372
G01 X62.925 Y307.613
G01 X65.808 Y301.853
G01 X68.692 Y296.094
G01 X71.574 Y290.334
G01 X74.457 Y284.575
G01 X77.339 Y278.815
G01 X80.221 Y273.057
G01 X83.105 Y267.296
G01 X85.988 Y261.538
G01 X88.870 Y255.779
G01 X91.752 Y250.019
G01 X94.635 Y244.260
G01 X97.519 Y238.501
G01 X100.401 Y232.740
G01 X103.284 Y226.982
G01 X106.166 Y221.222
G01 X109.050 Y215.463
G01 X111.932 Y209.704
G01 X114.815 Y203.945
G01 X117.697 Y198.185
G01 X120.581 Y192.425
G01 X123.463 Y186.667
G01 X126.346 Y180.906
G01 X129.228 Y175.148
G01 X132.112 Y169.389
G01 X134.993 Y163.629
G01 X137.877 Y157.870
G01 X140.760 Y152.111
G01 X143.642 Y146.352
G01 X146.524 Y140.591
G01 X149.408 Y134.833
G01 X152.291 Y129.073
G01 X155.173 Y123.314
G01 X158.055 Y117.555
G01 X160.939 Y111.796
G01 X163.822 Y106.036
G01 X166.704 Y100.276
G01 X169.587 Y94.518
G01 X172.469 Y88.757
G01 X175.351 Y82.999
G01 X178.235 Y77.240
G01 X181.118 Y71.480
G01 X184.000 Y65.721
G01 X186.882 Y59.962
G01 X189.766 Y54.202
G01 X192.649 Y48.442
G01 X195.531 Y42.684
G01 X198.413 Y36.923
G01 X201.296 Y31.165
G01 X204.180 Y25.406
G01 X207.062 Y19.645
G01 X209.945 Y13.887
G01 X212.827 Y8.127
G01 X215.711 Y2.368
G01 X212.969 Y8.365
G01 X210.228 Y14.361
G01 X207.488 Y20.357
G01 X204.748 Y26.353
G01 X202.007 Y32.349
G01 X199.267 Y38.345
G01 X196.526 Y44.341
G01 X193.784 Y50.337
G01 X191.045 Y56.334
G01 X188.303 Y62.329
G01 X185.562 Y68.326
G01 X182.822 Y74.322
G01 X180.082 Y80.317
G01 X177.341 Y86.314
G01 X174.601 Y92.310
G01 X171.860 Y98.307
G01 X169.120 Y104.303
G01 X166.379 Y110.298
G01 X163.637 Y116.295
G01 X160.897 Y122.291
G01 X158.156 Y128.287
G01 X155.416 Y134.282
G01 X152.675 Y140.279
G01 X149.935 Y146.275
G01 X147.194 Y152.272
G01 X144.454 Y158.268
G01 X141.713 Y164.263
G01 X138.971 Y170.260
G01 X136.231 Y176.256
G01 X133.490 Y182.252
G01 X130.750 Y188.249
G01 X128.010 Y194.242
G01 X128.010 Y194.245
G01 X125.269 Y200.238
G01 X125.269 Y200.240
G01 X122.528 Y206.237
G01 X119.788 Y212.233
G01 X117.046 Y218.228
G01 X114.305 Y224.225
G01 X111.565 Y230.221
G01 X108.825 Y236.218
G01 X106.084 Y242.214
G01 X103.344 Y248.210
G01 X100.603 Y254.206
G01 X97.863 Y260.202
G01 X95.122 Y266.197
G01 X92.380 Y272.194
G01 X89.641 Y278.190
G01 X86.899 Y284.187
G01 X84.159 Y290.183
G01 X81.418 Y296.178
G01 X78.678 Y302.175
G01 X75.937 Y308.171
G01 X73.197 Y314.166
G01 X70.456 Y320.163
G01 X67.714 Y326.159
G01 X64.975 Y332.156
G01 X62.233 Y338.151
G01 X59.493 Y344.147
G01 X56.752 Y350.144
G01 X54.012 Y356.139
G01 X51.272 Y362.135
G01 X48.531 Y368.132
G01 X45.790 Y374.129
G01 X43.050 Y380.125
G01 X40.308 Y386.120
G01 X42.856 Y380.156
G01 X45.404 Y374.192
G01 X47.952 Y368.226
G01 X50.500 Y362.262
G01 X53.048 Y356.298
G01 X55.596 Y350.334
G01 X58.144 Y344.368
G01 X60.692 Y338.404
G01 X63.240 Y332.440
G01 X65.788 Y326.476
G01 X68.336 Y320.510
G01 X70.884 Y314.546
G01 X73.432 Y308.582
G01 X75.980 Y302.618
G01 X78.528 Y296.653
G01 X81.076 Y290.689
G01 X83.624 Y284.724
G01 X86.171 Y278.760
G01 X88.719 Y272.795
G01 X91.267 Y266.831
G01 X93.815 Y260.865
G01 X96.363 Y254.900
G01 X98.911 Y248.936
G01 X101.459 Y242.972
G01 X104.007 Y237.007
G01 X106.555 Y231.043
G01 X109.103 Y225.079
G01 X111.651 Y219.114
G01 X114.199 Y213.150
G01 X116.747 Y207.185
G01 X119.295 Y201.221
G01 X121.843 Y195.256
G01 X124.391 Y189.292
G01 X126.939 Y183.327
G01 X129.487 Y177.363
G01 X132.034 Y171.398
G01 X134.582 Y165.434
G01 X137.130 Y159.469
G01 X139.678 Y153.505
G01 X142.226 Y147.540
G01 X144.774 Y141.576
G01 X147.322 Y135.611
G01 X149.870 Y129.647
G01 X152.418 Y123.682
G01 X154.966 Y117.718
G01 X157.514 Y111.752
G01 X160.062 Y105.788
G01 X162.610 Y99.824
G01 X165.158 Y93.858
G01 X167.706 Y87.894
G01 X170.254 Y81.930
G01 X172.800 Y75.966
G01 X175.349 Y70.002
G01 X177.897 Y64.036
G01 X180.445 Y58.072
G01 X182.993 Y52.108
G01 X185.541 Y46.143
G01 X188.089 Y40.179
G01 X190.637 Y34.214
G01 X193.185 Y28.250
G01 X195.733 Y22.285
G01 X198.281 Y16.321
G01 X200.829 Y10.356
G01 X203.377 Y4.392
G01 X200.987 Y10.582
G01 X198.598 Y16.773
G01 X196.207 Y22.964
G01 X193.819 Y29.155
G01 X191.428 Y35.345
G01 X189.040 Y41.536
G01 X186.649 Y47.727
G01 X184.260 Y53.917
G01 X181.870 Y60.108
G01 X179.481 Y66.298
G01 X177.091 Y72.488
G01 X174.702 Y78.680
G01 X172.312 Y84.870
G01 X169.923 Y91.062
G01 X167.534 Y97.252
G01 X165.144 Y103.442
G01 X162.755 Y109.634
G01 X160.365 Y115.824
G01 X157.976 Y122.015
G01 X155.587 Y128.206
G01 X153.197 Y134.395
G01 X150.808 Y140.587
G01 X148.418 Y146.778
G01 X146.029 Y152.968
G01 X143.639 Y159.159
G01 X141.250 Y165.350
G01 X138.861 Y171.540
G01 X136.471 Y177.731
G01 X134.082 Y183.922
G01 X131.711 Y190.060
G01 X131.692 Y190.113
G01 X129.343 Y196.190
G01 X129.303 Y196.303
G01 X126.964 Y202.349
G01 X126.913 Y202.494
G01 X124.576 Y208.540
G01 X124.524 Y208.685
G01 X122.175 Y214.761
G01 X122.134 Y214.875
G01 X119.764 Y221.013
G01 X119.745 Y221.066
G01 X117.355 Y227.257
G01 X114.966 Y233.447
G01 X112.576 Y239.638
G01 X110.187 Y245.829
G01 X107.796 Y252.019
G01 X105.408 Y258.209
G01 X103.017 Y264.401
G01 X100.629 Y270.591
G01 X98.238 Y276.781
G01 X95.850 Y282.973
G01 X93.459 Y289.163
G01 X91.070 Y295.353
G01 X88.682 Y301.545
G01 X86.291 Y307.736
G01 X83.901 Y313.925
G01 X81.512 Y320.117
G01 X79.124 Y326.308
G01 X76.733 Y332.499
G01 X74.344 Y338.689
G01 X71.954 Y344.880
G01 X69.565 Y351.070
G01 X67.175 Y357.260
G01 X64.786 Y363.452
G01 X62.397 Y369.642
G01 X60.007 Y375.832
G01 X57.618 Y382.024
G01 X55.228 Y388.214
G01 X52.839 Y394.404
G01 X50.450 Y400.596
G01 X52.647 Y394.447
G01 X54.846 Y388.296
G01 X57.045 Y382.147
G01 X59.243 Y375.998
G01 X61.442 Y369.849
G01 X63.641 Y363.699
G01 X65.839 Y357.550
G01 X68.038 Y351.399
G01 X70.237 Y345.250
G01 X72.435 Y339.101
G01 X74.634 Y332.952
G01 X76.832 Y326.802
G01 X79.031 Y320.653
G01 X81.230 Y314.502
G01 X83.428 Y308.353
G01 X85.627 Y302.204
G01 X87.826 Y296.055
G01 X90.024 Y289.904
G01 X92.223 Y283.755
G01 X94.421 Y277.606
G01 X96.620 Y271.457
G01 X98.819 Y265.308
G01 X101.017 Y259.158
G01 X103.216 Y253.008
G01 X105.413 Y246.859
G01 X107.613 Y240.710
G01 X109.812 Y234.560
G01 X112.010 Y228.411
G01 X114.209 Y222.261
G01 X116.406 Y216.112
G01 X118.606 Y209.962
G01 X120.803 Y203.812
G01 X123.002 Y197.662
G01 X125.202 Y191.513
G01 X127.399 Y185.364
G01 X129.599 Y179.215
G01 X131.798 Y173.065
G01 X133.995 Y166.916
G01 X136.195 Y160.766
G01 X138.392 Y154.617
G01 X140.591 Y148.466
G01 X142.790 Y142.317
G01 X144.988 Y136.168
G01 X147.188 Y130.019
G01 X149.385 Y123.869
G01 X151.584 Y117.720
G01 X153.783 Y111.570
G01 X155.981 Y105.421
G01 X158.180 Y99.271
G01 X160.379 Y93.122
G01 X162.577 Y86.971
G01 X164.776 Y80.822
G01 X166.975 Y74.673
G01 X169.173 Y68.524
G01 X171.372 Y62.374
G01 X173.570 Y56.225
G01 X175.769 Y50.076
G01 X177.968 Y43.925
G01 X180.166 Y37.776
G01 X182.365 Y31.627
G01 X184.564 Y25.478
G01 X186.762 Y19.328
G01 X188.961 Y13.179
G01 X191.159 Y7.029
G01 X189.135 Y13.393
G01 X187.110 Y19.757
G01 X185.086 Y26.120
G01 X183.060 Y32.484
G01 X181.036 Y38.849
G01 X179.012 Y45.213
G01 X176.988 Y51.577
G01 X174.963 Y57.940
G01 X172.939 Y64.304
G01 X170.913 Y70.668
G01 X168.889 Y77.031
G01 X166.865 Y83.396
G01 X164.839 Y89.760
G01 X162.815 Y96.124
G01 X160.791 Y102.488
G01 X158.767 Y108.851
G01 X156.742 Y115.216
G01 X154.718 Y121.579
G01 X152.692 Y127.943
G01 X150.668 Y134.306
G01 X148.644 Y140.671
G01 X146.618 Y147.035
G01 X144.594 Y153.399
G01 X142.570 Y159.763
G01 X140.546 Y166.127
G01 X138.521 Y172.490
G01 X136.497 Y178.855
G01 X134.471 Y185.218
G01 X132.476 Y191.484
G01 X132.447 Y191.582
G01 X130.478 Y197.752
G01 X130.423 Y197.946
G01 X128.474 Y204.050
G01 X128.397 Y204.310
G01 X126.459 Y210.382
G01 X126.374 Y210.674
G01 X124.433 Y216.746
G01 X124.349 Y217.037
G01 X122.399 Y223.142
G01 X122.325 Y223.401
G01 X120.356 Y229.570
G01 X120.300 Y229.766
G01 X118.303 Y236.031
G01 X118.276 Y236.129
G01 X116.250 Y242.493
G01 X114.226 Y248.857
G01 X112.202 Y255.221
G01 X110.177 Y261.584
G01 X108.153 Y267.949
G01 X106.127 Y274.312
G01 X104.103 Y280.677
G01 X102.079 Y287.041
G01 X100.053 Y293.404
G01 X98.029 Y299.769
G01 X96.005 Y306.132
G01 X93.981 Y312.495
G01 X91.956 Y318.860
G01 X89.932 Y325.224
G01 X87.906 Y331.588
G01 X85.882 Y337.952
G01 X83.858 Y344.315
G01 X81.832 Y350.680
G01 X79.808 Y357.043
G01 X77.784 Y363.406
G01 X75.760 Y369.771
G01 X73.735 Y376.135
G01 X71.711 Y382.499
G01 X69.685 Y388.863
G01 X67.661 Y395.226
G01 X65.637 Y401.591
G01 X63.612 Y407.954
G01 X61.588 Y414.319
G01 X63.423 Y408.005
G01 X65.260 Y401.692
G01 X67.096 Y395.379
G01 X68.932 Y389.065
G01 X70.767 Y382.752
G01 X72.603 Y376.439
G01 X74.440 Y370.125
G01 X76.276 Y363.812
G01 X78.112 Y357.500
G01 X79.947 Y351.187
G01 X81.783 Y344.873
G01 X83.618 Y338.560
G01 X85.454 Y332.247
G01 X87.291 Y325.933
G01 X89.127 Y319.620
G01 X90.963 Y313.307
G01 X92.798 Y306.993
G01 X94.635 Y300.680
G01 X96.471 Y294.368
G01 X98.307 Y288.055
G01 X100.142 Y281.742
G01 X101.978 Y275.428
G01 X103.815 Y269.115
G01 X105.651 Y262.802
G01 X107.487 Y256.488
G01 X109.322 Y250.175
G01 X111.159 Y243.862
G01 X112.995 Y237.549
G01 X114.831 Y231.236
G01 X116.666 Y224.923
G01 X118.502 Y218.609
G01 X120.339 Y212.296
G01 X122.173 Y205.983
G01 X124.010 Y199.669
G01 X125.846 Y193.357
G01 X127.682 Y187.043
G01 X129.517 Y180.730
G01 X131.353 Y174.417
G01 X133.190 Y168.103
G01 X135.026 Y161.791
G01 X136.862 Y155.478
G01 X138.697 Y149.163
G01 X140.534 Y142.851
G01 X142.370 Y136.537
G01 X144.206 Y130.225
G01 X146.041 Y123.911
G01 X147.877 Y117.598
G01 X149.714 Y111.285
G01 X151.550 Y104.971
G01 X153.385 Y98.659
G01 X155.221 Y92.346
G01 X157.058 Y86.031
G01 X158.894 Y79.719
G01 X160.730 Y73.406
G01 X162.565 Y67.093
G01 X164.401 Y60.780
G01 X166.238 Y54.466
G01 X168.074 Y48.153
G01 X169.909 Y41.840
G01 X171.745 Y35.526
G01 X173.581 Y29.214
G01 X175.416 Y22.900
G01 X177.252 Y16.587
G01 X179.089 Y10.274
G01 X177.442 Y16.788
G01 X175.795 Y23.303
G01 X174.147 Y29.817
G01 X172.500 Y36.333
G01 X170.853 Y42.848
G01 X169.206 Y49.363
G01 X167.558 Y55.877
G01 X165.911 Y62.392
G01 X164.264 Y68.906
G01 X162.617 Y75.422
G01 X160.969 Y81.937
G01 X159.322 Y88.451
G01 X157.675 Y94.966
G01 X156.028 Y101.481
G01 X154.380 Y107.995
G01 X152.733 Y114.511
G01 X151.087 Y121.024
G01 X149.439 Y127.540
G01 X147.791 Y134.055
G01 X146.144 Y140.570
G01 X144.498 Y147.084
G01 X142.851 Y153.599
G01 X141.202 Y160.114
G01 X139.555 Y166.629
G01 X137.909 Y173.143
G01 X136.262 Y179.657
G01 X134.615 Y186.173
G01 X132.990 Y192.584
G01 X132.966 Y192.688
G01 X131.374 Y198.964
G01 X131.320 Y199.203
G01 X129.750 Y205.377
G01 X129.673 Y205.716
G01 X128.118 Y211.823
G01 X128.026 Y212.232
G01 X126.478 Y218.304
G01 X126.377 Y218.746
G01 X124.832 Y224.817
G01 X124.731 Y225.262
G01 X123.177 Y231.365
G01 X123.084 Y231.776
G01 X121.514 Y237.948
G01 X121.437 Y238.291
G01 X119.844 Y244.565
G01 X119.790 Y244.805
G01 X118.166 Y251.216
G01 X118.142 Y251.321
G01 X116.495 Y257.836
G01 X114.848 Y264.351
G01 X113.201 Y270.865
G01 X111.553 Y277.380
G01 X109.906 Y283.894
G01 X108.259 Y290.409
G01 X106.612 Y296.923
G01 X104.964 Y303.439
G01 X103.317 Y309.954
G01 X101.670 Y316.469
G01 X100.022 Y322.983
G01 X98.375 Y329.498
G01 X96.728 Y336.012
G01 X95.082 Y342.528
G01 X93.433 Y349.043
G01 X91.786 Y355.557
G01 X90.139 Y362.072
G01 X88.493 Y368.587
G01 X86.844 Y375.101
G01 X85.197 Y381.617
G01 X83.550 Y388.130
G01 X81.904 Y394.646
G01 X80.257 Y401.161
G01 X78.608 Y407.675
G01 X76.962 Y414.190
G01 X75.315 Y420.704
G01 X73.668 Y427.219
G01 X75.129 Y420.764
G01 X76.589 Y414.310
G01 X78.052 Y407.856
G01 X79.512 Y401.401
G01 X80.975 Y394.947
G01 X82.435 Y388.492
G01 X83.897 Y382.036
G01 X85.358 Y375.582
G01 X86.820 Y369.127
G01 X88.281 Y362.673
G01 X89.743 Y356.218
G01 X91.204 Y349.762
G01 X92.666 Y343.308
G01 X94.127 Y336.853
G01 X95.589 Y330.399
G01 X97.050 Y323.945
G01 X98.510 Y317.490
G01 X99.973 Y311.034
G01 X101.433 Y304.579
G01 X102.894 Y298.125
G01 X104.356 Y291.671
G01 X105.817 Y285.216
G01 X107.279 Y278.762
G01 X108.740 Y272.307
G01 X110.202 Y265.851
G01 X111.663 Y259.397
G01 X113.125 Y252.942
G01 X114.586 Y246.488
G01 X116.048 Y240.032
G01 X117.509 Y233.578
G01 X118.956 Y227.180
G01 X118.971 Y227.124
G01 X120.409 Y220.757
G01 X120.432 Y220.668
G01 X121.870 Y214.303
G01 X121.894 Y214.214
G01 X123.339 Y207.817
G01 X123.355 Y207.760
G01 X124.815 Y201.305
G01 X126.276 Y194.850
G01 X127.738 Y188.394
G01 X129.200 Y181.941
G01 X130.661 Y175.486
G01 X132.123 Y169.031
G01 X133.584 Y162.577
G01 X135.046 Y156.121
G01 X136.507 Y149.667
G01 X137.969 Y143.212
G01 X139.430 Y136.757
G01 X140.891 Y130.303
G01 X142.353 Y123.848
G01 X143.814 Y117.394
G01 X145.276 Y110.939
G01 X146.737 Y104.483
G01 X148.197 Y98.029
G01 X149.659 Y91.575
G01 X151.120 Y85.120
G01 X152.582 Y78.665
G01 X154.043 Y72.209
G01 X155.505 Y65.756
G01 X156.966 Y59.300
G01 X158.428 Y52.846
G01 X159.889 Y46.392
G01 X161.351 Y39.937
G01 X162.812 Y33.482
G01 X164.274 Y27.026
G01 X165.735 Y20.573
G01 X167.195 Y14.118
G01 X165.937 Y20.760
G01 X164.678 Y27.403
G01 X163.420 Y34.044
G01 X162.161 Y40.688
G01 X160.901 Y47.329
G01 X159.642 Y53.973
G01 X158.384 Y60.615
G01 X157.125 Y67.257
G01 X155.867 Y73.899
G01 X154.608 Y80.542
G01 X153.349 Y87.185
G01 X152.089 Y93.827
G01 X150.831 Y100.470
G01 X149.572 Y107.112
G01 X148.312 Y113.755
G01 X147.053 Y120.397
G01 X145.796 Y127.040
G01 X144.536 Y133.681
G01 X143.278 Y140.325
G01 X142.019 Y146.966
G01 X140.760 Y153.609
G01 X139.500 Y160.252
G01 X138.242 Y166.894
G01 X136.983 Y173.537
G01 X135.725 Y180.180
G01 X134.466 Y186.822
G01 X133.218 Y193.398
G01 X133.207 Y193.464
G01 X131.988 Y199.864
G01 X131.947 Y200.107
G01 X130.752 Y206.365
G01 X130.689 Y206.749
G01 X129.510 Y212.901
G01 X129.430 Y213.392
G01 X128.262 Y219.474
G01 X128.171 Y220.034
G01 X127.010 Y226.079
G01 X126.913 Y226.677
G01 X125.752 Y232.722
G01 X125.654 Y233.319
G01 X124.487 Y239.399
G01 X124.394 Y239.962
G01 X123.216 Y246.112
G01 X123.135 Y246.603
G01 X121.940 Y252.859
G01 X121.877 Y253.246
G01 X120.658 Y259.644
G01 X120.618 Y259.889
G01 X119.370 Y266.464
G01 X119.358 Y266.531
G01 X118.101 Y273.173
G01 X116.841 Y279.817
G01 X115.582 Y286.459
G01 X114.324 Y293.101
G01 X113.065 Y299.743
G01 X111.805 Y306.385
G01 X110.546 Y313.029
G01 X109.288 Y319.671
G01 X108.029 Y326.314
G01 X106.771 Y332.956
G01 X105.512 Y339.599
G01 X104.252 Y346.240
G01 X102.993 Y352.884
G01 X101.735 Y359.526
G01 X100.476 Y366.168
G01 X99.218 Y372.810
G01 X97.959 Y379.454
G01 X96.700 Y386.096
G01 X95.440 Y392.738
G01 X94.182 Y399.380
G01 X92.923 Y406.022
G01 X91.665 Y412.666
G01 X90.406 Y419.308
G01 X89.147 Y425.951
G01 X87.887 Y432.593
G01 X86.629 Y439.236
G01 X87.704 Y432.663
G01 X88.781 Y426.089
G01 X89.858 Y419.516
G01 X90.933 Y412.942
G01 X92.010 Y406.370
G01 X93.087 Y399.796
G01 X94.163 Y393.223
G01 X95.238 Y386.649
G01 X96.315 Y380.077
G01 X97.392 Y373.504
G01 X98.468 Y366.930
G01 X99.543 Y360.356
G01 X100.620 Y353.784
G01 X101.697 Y347.211
G01 X102.772 Y340.637
G01 X103.849 Y334.065
G01 X104.925 Y327.490
G01 X106.002 Y320.918
G01 X107.077 Y314.344
G01 X108.154 Y307.772
G01 X109.231 Y301.199
G01 X110.307 Y294.625
G01 X111.382 Y288.052
G01 X112.459 Y281.478
G01 X113.536 Y274.906
G01 X114.612 Y268.332
G01 X115.688 Y261.760
G01 X116.764 Y255.186
G01 X117.832 Y248.654
G01 X117.841 Y248.613
G01 X118.891 Y242.179
G01 X118.916 Y242.040
G01 X119.954 Y235.671
G01 X119.993 Y235.466
G01 X121.024 Y229.131
G01 X121.070 Y228.894
G01 X122.101 Y222.558
G01 X122.146 Y222.320
G01 X123.183 Y215.952
G01 X123.221 Y215.746
G01 X124.272 Y209.314
G01 X124.298 Y209.174
G01 X125.367 Y202.642
G01 X125.375 Y202.601
G01 X126.451 Y196.028
G01 X127.526 Y189.454
G01 X128.603 Y182.881
G01 X129.680 Y176.308
G01 X130.755 Y169.735
G01 X131.832 Y163.162
G01 X132.909 Y156.588
G01 X133.985 Y150.014
G01 X135.060 Y143.442
G01 X136.137 Y136.869
G01 X137.214 Y130.296
G01 X138.290 Y123.723
G01 X139.365 Y117.149
G01 X140.442 Y110.576
G01 X141.519 Y104.002
G01 X142.594 Y97.430
G01 X143.671 Y90.856
G01 X144.748 Y84.283
G01 X145.824 Y77.709
G01 X146.899 Y71.137
G01 X147.976 Y64.564
G01 X149.053 Y57.990
G01 X150.129 Y51.417
G01 X151.204 Y44.844
G01 X152.281 Y38.270
G01 X153.358 Y31.698
G01 X154.433 Y25.125
G01 X155.510 Y18.550
G01 X154.649 Y25.298
G01 X153.788 Y32.043
G01 X152.927 Y38.790
G01 X152.065 Y45.536
G01 X151.204 Y52.281
G01 X150.344 Y59.029
G01 X149.483 Y65.774
G01 X148.622 Y72.521
G01 X147.760 Y79.267
G01 X146.899 Y86.012
G01 X146.038 Y92.759
G01 X145.178 Y99.505
G01 X144.317 Y106.252
G01 X143.456 Y112.998
G01 X142.594 Y119.744
G01 X141.733 Y126.490
G01 X140.873 Y133.236
G01 X140.012 Y139.982
G01 X139.151 Y146.728
G01 X138.290 Y153.475
G01 X137.428 Y160.221
G01 X136.567 Y166.966
G01 X135.707 Y173.713
G01 X134.846 Y180.459
G01 X133.985 Y187.204
G01 X133.125 Y193.952
G01 X132.284 Y200.498
G01 X132.262 Y200.698
G01 X131.440 Y207.061
G01 X131.401 Y207.444
G01 X130.594 Y213.661
G01 X130.541 Y214.190
G01 X129.745 Y220.297
G01 X129.680 Y220.936
G01 X128.892 Y226.969
G01 X128.820 Y227.681
G01 X128.036 Y233.678
G01 X127.957 Y234.429
G01 X127.175 Y240.423
G01 X127.098 Y241.174
G01 X126.310 Y247.204
G01 X126.237 Y247.921
G01 X125.440 Y254.024
G01 X125.375 Y254.667
G01 X124.569 Y260.879
G01 X124.514 Y261.413
G01 X123.692 Y267.772
G01 X123.654 Y268.159
G01 X122.812 Y274.702
G01 X122.793 Y274.906
G01 X121.930 Y281.651
G01 X121.070 Y288.397
G01 X120.209 Y295.144
G01 X119.349 Y301.889
G01 X118.488 Y308.635
G01 X117.627 Y315.382
G01 X116.764 Y322.129
G01 X115.904 Y328.875
G01 X115.043 Y335.620
G01 X114.183 Y342.367
G01 X113.322 Y349.113
G01 X112.461 Y355.858
G01 X111.600 Y362.606
G01 X110.738 Y369.351
G01 X109.877 Y376.098
G01 X109.017 Y382.844
G01 X108.156 Y389.589
G01 X107.295 Y396.337
G01 X106.433 Y403.082
G01 X105.572 Y409.829
G01 X104.712 Y416.575
G01 X103.851 Y423.320
G01 X102.990 Y430.067
G01 X102.129 Y436.812
G01 X101.267 Y443.560
G01 X100.406 Y450.305
G01 X101.089 Y443.637
G01 X101.771 Y436.969
G01 X102.452 Y430.302
G01 X103.135 Y423.634
G01 X103.817 Y416.966
G01 X104.499 Y410.298
G01 X105.180 Y403.630
G01 X105.863 Y396.963
G01 X106.545 Y390.295
G01 X107.228 Y383.627
G01 X107.909 Y376.959
G01 X108.591 Y370.291
G01 X109.274 Y363.624
G01 X109.956 Y356.956
G01 X110.637 Y350.288
G01 X111.320 Y343.620
G01 X112.002 Y336.952
G01 X112.683 Y330.284
G01 X113.367 Y323.617
G01 X114.048 Y316.949
G01 X114.731 Y310.281
G01 X115.413 Y303.613
G01 X116.094 Y296.945
G01 X116.776 Y290.276
G01 X117.459 Y283.610
G01 X118.141 Y276.942
G01 X118.822 Y270.274
G01 X119.499 Y263.654
G01 X119.505 Y263.606
G01 X120.163 Y257.122
G01 X120.187 Y256.938
G01 X120.832 Y250.555
G01 X120.870 Y250.269
G01 X121.505 Y243.957
G01 X121.550 Y243.602
G01 X122.183 Y237.323
G01 X122.233 Y236.935
G01 X122.865 Y230.656
G01 X122.916 Y230.267
G01 X123.553 Y223.954
G01 X123.598 Y223.599
G01 X124.243 Y217.219
G01 X124.279 Y216.930
G01 X124.938 Y210.448
G01 X124.962 Y210.263
G01 X125.637 Y203.644
G01 X125.644 Y203.595
G01 X126.326 Y196.928
G01 X127.007 Y190.260
G01 X127.690 Y183.591
G01 X128.372 Y176.924
G01 X129.055 Y170.256
G01 X129.737 Y163.588
G01 X130.418 Y156.920
G01 X131.101 Y150.252
G01 X131.783 Y143.585
G01 X132.464 Y136.917
G01 X133.147 Y130.249
G01 X133.829 Y123.581
G01 X134.510 Y116.913
G01 X135.192 Y110.245
G01 X135.875 Y103.577
G01 X136.558 Y96.910
G01 X137.240 Y90.242
G01 X137.921 Y83.574
G01 X138.603 Y76.906
G01 X139.286 Y70.238
G01 X139.968 Y63.571
G01 X140.649 Y56.903
G01 X141.332 Y50.234
G01 X142.014 Y43.567
G01 X142.695 Y36.899
G01 X143.377 Y30.231
G01 X144.060 Y23.564
G01 X143.605 Y30.389
G01 X143.149 Y37.214
G01 X142.695 Y44.038
G01 X142.240 Y50.864
G01 X141.784 Y57.689
G01 X141.329 Y64.514
G01 X140.874 Y71.339
G01 X140.418 Y78.165
G01 X139.964 Y84.990
G01 X139.509 Y91.815
G01 X139.053 Y98.639
G01 X138.599 Y105.466
G01 X138.144 Y112.291
G01 X137.689 Y119.115
G01 X137.233 Y125.941
G01 X136.778 Y132.766
G01 X136.322 Y139.591
G01 X135.868 Y146.417
G01 X135.413 Y153.242
G01 X134.957 Y160.067
G01 X134.502 Y166.892
G01 X134.048 Y173.716
G01 X133.591 Y180.542
G01 X133.137 Y187.368
G01 X132.682 Y194.192
G01 X132.231 Y200.911
G01 X132.226 Y201.018
G01 X131.784 Y207.510
G01 X131.772 Y207.843
G01 X131.338 Y214.145
G01 X131.317 Y214.668
G01 X130.889 Y220.820
G01 X130.862 Y221.493
G01 X130.439 Y227.530
G01 X130.406 Y228.319
G01 X129.988 Y234.279
G01 X129.951 Y235.144
G01 X129.534 Y241.065
G01 X129.495 Y241.969
G01 X129.079 Y247.888
G01 X129.041 Y248.793
G01 X128.622 Y254.751
G01 X128.586 Y255.619
G01 X128.163 Y261.651
G01 X128.130 Y262.445
G01 X127.704 Y268.589
G01 X127.675 Y269.269
G01 X127.242 Y275.567
G01 X127.221 Y276.094
G01 X126.779 Y282.582
G01 X126.766 Y282.920
G01 X126.315 Y289.637
G01 X126.310 Y289.745
G01 X125.855 Y296.570
G01 X125.399 Y303.396
G01 X124.945 Y310.221
G01 X124.490 Y317.046
G01 X124.034 Y323.870
G01 X123.579 Y330.695
G01 X123.125 Y337.521
G01 X122.668 Y344.346
G01 X122.214 Y351.171
G01 X121.759 Y357.997
G01 X121.303 Y364.822
G01 X120.849 Y371.647
G01 X120.394 Y378.471
G01 X119.939 Y385.298
G01 X119.483 Y392.123
G01 X119.028 Y398.947
G01 X118.572 Y405.772
G01 X118.118 Y412.598
G01 X117.663 Y419.423
G01 X117.207 Y426.249
G01 X116.752 Y433.074
G01 X116.298 Y439.899
G01 X115.841 Y446.724
G01 X115.387 Y453.548
G01 X114.932 Y460.374
G01 X115.213 Y453.637
G01 X115.493 Y446.897
G01 X115.772 Y440.159
G01 X116.053 Y433.423
G01 X116.334 Y426.683
G01 X116.613 Y419.945
G01 X116.894 Y413.207
G01 X117.175 Y406.469
G01 X117.454 Y399.731
G01 X117.736 Y392.993
G01 X118.016 Y386.255
G01 X118.296 Y379.517
G01 X118.577 Y372.779
G01 X118.856 Y366.041
G01 X119.137 Y359.303
G01 X119.418 Y352.565
G01 X119.697 Y345.827
G01 X119.978 Y339.089
G01 X120.259 Y332.351
G01 X120.538 Y325.613
G01 X120.820 Y318.875
G01 X121.100 Y312.137
G01 X121.380 Y305.399
G01 X121.661 Y298.661
G01 X121.940 Y291.923
G01 X122.221 Y285.185
G01 X122.500 Y278.459
G01 X122.502 Y278.447
G01 X122.769 Y271.897
G01 X122.781 Y271.709
G01 X123.041 Y265.300
G01 X123.062 Y264.971
G01 X123.314 Y258.668
G01 X123.343 Y258.233
G01 X123.589 Y252.001
G01 X123.624 Y251.496
G01 X123.868 Y245.299
G01 X123.904 Y244.757
G01 X124.147 Y238.561
G01 X124.183 Y238.019
G01 X124.430 Y231.788
G01 X124.464 Y231.281
G01 X124.716 Y224.981
G01 X124.745 Y224.543
G01 X125.002 Y218.137
G01 X125.024 Y217.805
G01 X125.293 Y211.257
G01 X125.305 Y211.067
G01 X125.584 Y204.341
G01 X125.586 Y204.329
G01 X125.865 Y197.591
G01 X126.147 Y190.853
G01 X126.427 Y184.115
G01 X126.707 Y177.377
G01 X126.988 Y170.639
G01 X127.267 Y163.901
G01 X127.548 Y157.163
G01 X127.829 Y150.425
G01 X128.108 Y143.688
G01 X128.389 Y136.950
G01 X128.670 Y130.212
G01 X128.950 Y123.474
G01 X129.231 Y116.736
G01 X129.510 Y109.998
G01 X129.791 Y103.260
G01 X130.072 Y96.522
G01 X130.351 Y89.784
G01 X130.632 Y83.046
G01 X130.913 Y76.308
G01 X131.192 Y69.570
G01 X131.474 Y62.832
G01 X131.754 Y56.094
G01 X132.034 Y49.356
G01 X132.315 Y42.618
G01 X132.594 Y35.880
G01 X132.875 Y29.142
G01 X132.832 Y36.019
G01 X132.790 Y42.899
G01 X132.747 Y49.778
G01 X132.704 Y56.656
G01 X132.661 Y63.536
G01 X132.618 Y70.415
G01 X132.575 Y77.293
G01 X132.533 Y84.173
G01 X132.490 Y91.052
G01 X132.447 Y97.930
G01 X132.404 Y104.810
G01 X132.361 Y111.688
G01 X132.317 Y118.567
G01 X132.274 Y125.446
G01 X132.233 Y132.325
G01 X132.190 Y139.204
G01 X132.147 Y146.083
G01 X132.103 Y152.962
G01 X132.060 Y159.841
G01 X132.017 Y166.720
G01 X131.975 Y173.599
G01 X131.933 Y180.478
G01 X131.889 Y187.357
G01 X131.846 Y194.234
G01 X131.803 Y201.114
G01 X131.755 Y207.762
G01 X131.760 Y207.993
G01 X131.709 Y214.407
G01 X131.718 Y214.871
G01 X131.661 Y221.091
G01 X131.675 Y221.751
G01 X131.617 Y227.812
G01 X131.632 Y228.630
G01 X131.572 Y234.573
G01 X131.589 Y235.508
G01 X131.528 Y241.374
G01 X131.546 Y242.388
G01 X131.485 Y248.212
G01 X131.504 Y249.267
G01 X131.442 Y255.089
G01 X131.461 Y256.146
G01 X131.399 Y262.005
G01 X131.418 Y263.024
G01 X131.358 Y268.962
G01 X131.375 Y269.904
G01 X131.317 Y275.957
G01 X131.332 Y276.781
G01 X131.276 Y282.993
G01 X131.290 Y283.661
G01 X131.237 Y290.069
G01 X131.247 Y290.540
G01 X131.199 Y297.183
G01 X131.204 Y297.418
G01 X131.161 Y304.298
G01 X131.118 Y311.177
G01 X131.075 Y318.055
G01 X131.033 Y324.935
G01 X130.990 Y331.814
G01 X130.947 Y338.692
G01 X130.904 Y345.572
G01 X130.861 Y352.451
G01 X130.817 Y359.329
G01 X130.776 Y366.207
G01 X130.733 Y373.087
G01 X130.690 Y379.966
G01 X130.647 Y386.844
G01 X130.603 Y393.724
G01 X130.560 Y400.603
G01 X130.517 Y407.481
G01 X130.476 Y414.361
G01 X130.433 Y421.240
G01 X130.389 Y428.118
G01 X130.346 Y434.997
G01 X130.303 Y441.875
G01 X130.260 Y448.755
G01 X130.218 Y455.634
G01 X130.175 Y462.512
G01 X130.132 Y469.392
G01 X130.005 Y462.608
G01 X129.877 Y455.826
G01 X129.750 Y449.043
G01 X129.623 Y442.260
G01 X129.495 Y435.476
G01 X129.368 Y428.692
G01 X129.240 Y421.909
G01 X129.113 Y415.127
G01 X128.987 Y408.344
G01 X128.858 Y401.560
G01 X128.731 Y394.778
G01 X128.605 Y387.993
G01 X128.476 Y381.211
G01 X128.350 Y374.428
G01 X128.223 Y367.644
G01 X128.094 Y360.862
G01 X127.968 Y354.079
G01 X127.841 Y347.296
G01 X127.713 Y340.512
G01 X127.586 Y333.728
G01 X127.459 Y326.945
G01 X127.331 Y320.163
G01 X127.204 Y313.380
G01 X127.077 Y306.596
G01 X126.949 Y299.814
G01 X126.822 Y293.031
G01 X126.694 Y286.392
G01 X126.695 Y286.247
G01 X126.565 Y279.791
G01 X126.567 Y279.464
G01 X126.437 Y273.153
G01 X126.440 Y272.680
G01 X126.308 Y266.480
G01 X126.312 Y265.897
G01 X126.180 Y259.769
G01 X126.185 Y259.115
G01 X126.053 Y253.024
G01 X126.058 Y252.332
G01 X125.925 Y246.242
G01 X125.930 Y245.549
G01 X125.798 Y239.423
G01 X125.803 Y238.764
G01 X125.671 Y232.567
G01 X125.675 Y231.982
G01 X125.546 Y225.675
G01 X125.548 Y225.198
G01 X125.418 Y218.746
G01 X125.421 Y218.416
G01 X125.293 Y211.781
G01 X125.293 Y211.632
G01 X125.166 Y204.850
G01 X125.038 Y198.067
G01 X124.911 Y191.284
G01 X124.784 Y184.500
G01 X124.656 Y177.716
G01 X124.529 Y170.934
G01 X124.403 Y164.151
G01 X124.274 Y157.368
G01 X124.147 Y150.585
G01 X124.021 Y143.802
G01 X123.892 Y137.019
G01 X123.766 Y130.235
G01 X123.639 Y123.452
G01 X123.510 Y116.668
G01 X123.384 Y109.886
G01 X123.255 Y103.103
G01 X123.129 Y96.320
G01 X123.002 Y89.536
G01 X122.874 Y82.754
G01 X122.747 Y75.970
G01 X122.620 Y69.187
G01 X122.492 Y62.404
G01 X122.365 Y55.620
G01 X122.237 Y48.838
G01 X122.110 Y42.055
G01 X121.983 Y35.272
G01 X122.356 Y42.178
G01 X122.731 Y49.086
G01 X123.105 Y55.992
G01 X123.480 Y62.899
G01 X123.853 Y69.805
G01 X124.228 Y76.713
G01 X124.603 Y83.620
G01 X124.976 Y90.526
G01 X125.350 Y97.434
G01 X125.725 Y104.341
G01 X126.100 Y111.247
G01 X126.473 Y118.154
G01 X126.848 Y125.061
G01 X127.221 Y131.968
G01 X127.596 Y138.875
G01 X127.969 Y145.781
G01 X128.344 Y152.689
G01 X128.719 Y159.596
G01 X129.093 Y166.502
G01 X129.466 Y173.410
G01 X129.841 Y180.316
G01 X130.216 Y187.222
G01 X130.589 Y194.130
G01 X130.964 Y201.037
G01 X131.332 Y207.870
G01 X131.338 Y207.944
G01 X131.683 Y214.496
G01 X131.713 Y214.851
G01 X132.038 Y221.163
G01 X132.087 Y221.757
G01 X132.397 Y227.870
G01 X132.461 Y228.665
G01 X132.759 Y234.615
G01 X132.834 Y235.572
G01 X133.124 Y241.400
G01 X133.209 Y242.478
G01 X133.492 Y248.226
G01 X133.584 Y249.385
G01 X133.863 Y255.091
G01 X133.957 Y256.291
G01 X134.237 Y261.995
G01 X134.332 Y263.199
G01 X134.613 Y268.942
G01 X134.706 Y270.106
G01 X134.993 Y275.928
G01 X135.079 Y277.012
G01 X135.377 Y282.954
G01 X135.454 Y283.920
G01 X135.764 Y290.022
G01 X135.829 Y290.827
G01 X136.154 Y297.130
G01 X136.202 Y297.733
G01 X136.548 Y304.281
G01 X136.577 Y304.639
G01 X136.945 Y311.471
G01 X136.951 Y311.546
G01 X137.326 Y318.454
G01 X137.700 Y325.361
G01 X138.074 Y332.267
G01 X138.447 Y339.175
G01 X138.822 Y346.082
G01 X139.197 Y352.988
G01 X139.570 Y359.896
G01 X139.945 Y366.803
G01 X140.319 Y373.709
G01 X140.692 Y380.615
G01 X141.067 Y387.522
G01 X141.442 Y394.430
G01 X141.815 Y401.337
G01 X142.190 Y408.243
G01 X142.565 Y415.151
G01 X142.939 Y422.058
G01 X143.312 Y428.964
G01 X143.687 Y435.870
G01 X144.060 Y442.779
G01 X144.435 Y449.685
G01 X144.810 Y456.591
G01 X145.183 Y463.499
G01 X145.558 Y470.406
G01 X145.932 Y477.312
G01 X145.392 Y470.510
G01 X144.853 Y463.707
G01 X144.314 Y456.904
G01 X143.774 Y450.101
G01 X143.235 Y443.298
G01 X142.695 Y436.497
G01 X142.156 Y429.694
G01 X141.617 Y422.891
G01 X141.077 Y416.088
G01 X140.538 Y409.286
G01 X139.999 Y402.483
G01 X139.459 Y395.680
G01 X138.920 Y388.877
G01 X138.380 Y382.075
G01 X137.841 Y375.272
G01 X137.302 Y368.469
G01 X136.762 Y361.666
G01 X136.223 Y354.863
G01 X135.683 Y348.060
G01 X135.144 Y341.257
G01 X134.605 Y334.456
G01 X134.065 Y327.653
G01 X133.526 Y320.850
G01 X132.987 Y314.046
G01 X132.447 Y307.245
G01 X131.911 Y300.497
G01 X131.908 Y300.442
G01 X131.382 Y293.916
G01 X131.368 Y293.639
G01 X130.853 Y287.300
G01 X130.829 Y286.837
G01 X130.322 Y280.647
G01 X130.290 Y280.034
G01 X129.790 Y273.957
G01 X129.750 Y273.231
G01 X129.255 Y267.231
G01 X129.211 Y266.428
G01 X128.718 Y260.466
G01 X128.671 Y259.625
G01 X128.178 Y253.666
G01 X128.132 Y252.823
G01 X127.637 Y246.826
G01 X127.593 Y246.019
G01 X127.093 Y239.950
G01 X127.053 Y239.218
G01 X126.546 Y233.035
G01 X126.514 Y232.415
G01 X126.000 Y226.082
G01 X125.975 Y225.612
G01 X125.450 Y219.091
G01 X125.435 Y218.809
G01 X124.899 Y212.061
G01 X124.896 Y212.007
G01 X124.356 Y205.204
G01 X123.817 Y198.400
G01 X123.278 Y191.597
G01 X122.738 Y184.796
G01 X122.199 Y177.993
G01 X121.659 Y171.190
G01 X121.120 Y164.387
G01 X120.581 Y157.585
G01 X120.041 Y150.781
G01 X119.502 Y143.978
G01 X118.963 Y137.177
G01 X118.423 Y130.374
G01 X117.884 Y123.571
G01 X117.344 Y116.768
G01 X116.805 Y109.966
G01 X116.266 Y103.163
G01 X115.726 Y96.360
G01 X115.187 Y89.557
G01 X114.647 Y82.755
G01 X114.108 Y75.952
G01 X113.569 Y69.149
G01 X113.029 Y62.346
G01 X112.490 Y55.543
G01 X111.950 Y48.740
G01 X111.411 Y41.938
G01 X112.204 Y48.846
G01 X113.000 Y55.756
G01 X113.793 Y62.665
G01 X114.588 Y69.572
G01 X115.382 Y76.482
G01 X116.177 Y83.391
G01 X116.971 Y90.300
G01 X117.766 Y97.208
G01 X118.560 Y104.117
G01 X119.355 Y111.026
G01 X120.149 Y117.935
G01 X120.944 Y124.843
G01 X121.738 Y131.752
G01 X122.533 Y138.661
G01 X123.327 Y145.570
G01 X124.120 Y152.478
G01 X124.916 Y159.387
G01 X125.709 Y166.296
G01 X126.505 Y173.204
G01 X127.298 Y180.113
G01 X128.093 Y187.022
G01 X128.887 Y193.930
G01 X129.682 Y200.839
G01 X130.476 Y207.748
G01 X131.243 Y214.471
G01 X131.271 Y214.656
G01 X131.997 Y221.093
G01 X132.065 Y221.566
G01 X132.757 Y227.756
G01 X132.860 Y228.474
G01 X133.522 Y234.459
G01 X133.654 Y235.382
G01 X134.295 Y241.203
G01 X134.447 Y242.292
G01 X135.072 Y247.986
G01 X135.243 Y249.201
G01 X135.855 Y254.811
G01 X136.036 Y256.108
G01 X136.644 Y261.677
G01 X136.831 Y263.017
G01 X137.438 Y268.582
G01 X137.625 Y269.927
G01 X138.238 Y275.531
G01 X138.420 Y276.836
G01 X139.043 Y282.521
G01 X139.214 Y283.743
G01 X139.853 Y289.553
G01 X140.009 Y290.653
G01 X140.671 Y296.625
G01 X140.803 Y297.562
G01 X141.493 Y303.742
G01 X141.598 Y304.471
G01 X142.322 Y310.899
G01 X142.392 Y311.379
G01 X143.159 Y318.099
G01 X143.187 Y318.288
G01 X143.981 Y325.197
G01 X144.774 Y332.106
G01 X145.570 Y339.014
G01 X146.363 Y345.923
G01 X147.159 Y352.832
G01 X147.952 Y359.740
G01 X148.747 Y366.649
G01 X149.541 Y373.558
G01 X150.336 Y380.466
G01 X151.130 Y387.375
G01 X151.925 Y394.284
G01 X152.719 Y401.192
G01 X153.514 Y408.101
G01 X154.308 Y415.010
G01 X155.101 Y421.918
G01 X155.897 Y428.827
G01 X156.690 Y435.736
G01 X157.486 Y442.644
G01 X158.279 Y449.553
G01 X159.075 Y456.463
G01 X159.868 Y463.372
G01 X160.663 Y470.279
G01 X161.457 Y477.189
G01 X162.252 Y484.098
G01 X161.298 Y477.300
G01 X160.344 Y470.505
G01 X159.389 Y463.707
G01 X158.435 Y456.911
G01 X157.481 Y450.115
G01 X156.526 Y443.319
G01 X155.572 Y436.522
G01 X154.618 Y429.726
G01 X153.665 Y422.930
G01 X152.709 Y416.132
G01 X151.755 Y409.337
G01 X150.802 Y402.540
G01 X149.848 Y395.743
G01 X148.894 Y388.947
G01 X147.940 Y382.151
G01 X146.985 Y375.355
G01 X146.031 Y368.558
G01 X145.077 Y361.762
G01 X144.123 Y354.964
G01 X143.168 Y348.168
G01 X142.214 Y341.372
G01 X141.260 Y334.576
G01 X140.305 Y327.779
G01 X139.351 Y320.983
G01 X138.397 Y314.187
G01 X137.464 Y307.569
G01 X137.444 Y307.389
G01 X136.536 Y301.002
G01 X136.488 Y300.594
G01 X135.603 Y294.397
G01 X135.534 Y293.796
G01 X134.666 Y287.754
G01 X134.581 Y287.000
G01 X133.726 Y281.072
G01 X133.627 Y280.204
G01 X132.781 Y274.353
G01 X132.673 Y273.408
G01 X131.832 Y267.598
G01 X131.719 Y266.612
G01 X130.877 Y260.803
G01 X130.764 Y259.815
G01 X129.920 Y253.969
G01 X129.810 Y253.019
G01 X128.957 Y247.097
G01 X128.856 Y246.222
G01 X127.988 Y240.186
G01 X127.901 Y239.425
G01 X127.017 Y233.236
G01 X126.947 Y232.629
G01 X126.040 Y226.246
G01 X125.993 Y225.833
G01 X125.060 Y219.218
G01 X125.038 Y219.036
G01 X124.084 Y212.240
G01 X123.130 Y205.442
G01 X122.177 Y198.647
G01 X121.223 Y191.851
G01 X120.269 Y185.054
G01 X119.314 Y178.257
G01 X118.360 Y171.461
G01 X117.406 Y164.665
G01 X116.452 Y157.869
G01 X115.498 Y151.072
G01 X114.543 Y144.275
G01 X113.589 Y137.478
G01 X112.635 Y130.683
G01 X111.680 Y123.886
G01 X110.726 Y117.089
G01 X109.772 Y110.293
G01 X108.819 Y103.497
G01 X107.863 Y96.700
G01 X106.909 Y89.904
G01 X105.956 Y83.107
G01 X105.002 Y76.310
G01 X104.048 Y69.514
G01 X103.094 Y62.718
G01 X102.139 Y55.922
G01 X101.185 Y49.125
G01 X102.401 Y56.010
G01 X103.617 Y62.894
G01 X104.832 Y69.778
G01 X106.048 Y76.661
G01 X107.264 Y83.546
G01 X108.481 Y90.430
G01 X109.697 Y97.314
G01 X110.913 Y104.199
G01 X112.129 Y111.083
G01 X113.344 Y117.966
G01 X114.560 Y124.851
G01 X115.776 Y131.735
G01 X116.993 Y138.620
G01 X118.209 Y145.504
G01 X119.425 Y152.388
G01 X120.641 Y159.272
G01 X121.856 Y166.156
G01 X123.074 Y173.041
G01 X124.290 Y179.925
G01 X125.505 Y186.809
G01 X126.721 Y193.692
G01 X127.938 Y200.577
G01 X129.154 Y207.460
G01 X130.370 Y214.346
G01 X131.524 Y220.936
G01 X131.586 Y221.230
G01 X132.680 Y227.528
G01 X132.802 Y228.114
G01 X133.846 Y234.161
G01 X134.017 Y234.998
G01 X135.019 Y240.835
G01 X135.233 Y241.882
G01 X136.202 Y247.549
G01 X136.450 Y248.766
G01 X137.392 Y254.306
G01 X137.666 Y255.650
G01 X138.591 Y261.105
G01 X138.882 Y262.534
G01 X139.800 Y267.945
G01 X140.098 Y269.418
G01 X141.014 Y274.827
G01 X141.314 Y276.303
G01 X142.238 Y281.750
G01 X142.529 Y283.187
G01 X143.471 Y288.716
G01 X143.745 Y290.070
G01 X144.712 Y295.726
G01 X144.962 Y296.956
G01 X145.962 Y302.779
G01 X146.178 Y303.839
G01 X147.219 Y309.874
G01 X147.394 Y310.724
G01 X148.487 Y317.012
G01 X148.610 Y317.608
G01 X149.764 Y324.192
G01 X149.826 Y324.492
G01 X151.041 Y331.377
G01 X152.257 Y338.260
G01 X153.474 Y345.144
G01 X154.690 Y352.029
G01 X155.906 Y358.913
G01 X157.122 Y365.796
G01 X158.338 Y372.682
G01 X159.553 Y379.565
G01 X160.769 Y386.450
G01 X161.986 Y393.334
G01 X163.202 Y400.218
G01 X164.418 Y407.103
G01 X165.634 Y413.987
G01 X166.850 Y420.870
G01 X168.065 Y427.755
G01 X169.281 Y434.639
G01 X170.498 Y441.522
G01 X171.714 Y448.408
G01 X172.930 Y455.291
G01 X174.146 Y462.175
G01 X175.362 Y469.060
G01 X176.577 Y475.944
G01 X177.793 Y482.827
G01 X179.010 Y489.713
G01 X177.641 Y482.949
G01 X176.271 Y476.185
G01 X174.901 Y469.421
G01 X173.529 Y462.656
G01 X172.161 Y455.892
G01 X170.790 Y449.129
G01 X169.420 Y442.363
G01 X168.050 Y435.600
G01 X166.680 Y428.836
G01 X165.310 Y422.072
G01 X163.940 Y415.308
G01 X162.570 Y408.543
G01 X161.201 Y401.779
G01 X159.831 Y395.016
G01 X158.461 Y388.252
G01 X157.091 Y381.488
G01 X155.721 Y374.724
G01 X154.351 Y367.959
G01 X152.981 Y361.195
G01 X151.611 Y354.432
G01 X150.240 Y347.668
G01 X148.870 Y340.904
G01 X147.500 Y334.139
G01 X146.130 Y327.375
G01 X144.764 Y320.637
G01 X144.760 Y320.612
G01 X143.442 Y314.147
G01 X143.391 Y313.848
G01 X142.113 Y307.617
G01 X142.021 Y307.084
G01 X140.779 Y301.048
G01 X140.651 Y300.320
G01 X139.437 Y294.442
G01 X139.281 Y293.555
G01 X138.088 Y287.796
G01 X137.911 Y286.791
G01 X136.733 Y281.112
G01 X136.541 Y280.026
G01 X135.370 Y274.389
G01 X135.171 Y273.262
G01 X134.000 Y267.625
G01 X133.800 Y266.499
G01 X132.624 Y260.825
G01 X132.430 Y259.735
G01 X131.240 Y253.983
G01 X131.060 Y252.971
G01 X129.849 Y247.102
G01 X129.690 Y246.207
G01 X128.451 Y240.180
G01 X128.320 Y239.442
G01 X127.046 Y233.220
G01 X126.951 Y232.679
G01 X125.634 Y226.219
G01 X125.581 Y225.915
G01 X124.216 Y219.178
G01 X124.211 Y219.150
G01 X122.841 Y212.387
G01 X121.471 Y205.623
G01 X120.101 Y198.859
G01 X118.731 Y192.095
G01 X117.361 Y185.331
G01 X115.990 Y178.567
G01 X114.620 Y171.803
G01 X113.250 Y165.038
G01 X111.880 Y158.275
G01 X110.510 Y151.511
G01 X109.141 Y144.747
G01 X107.771 Y137.983
G01 X106.401 Y131.219
G01 X105.031 Y124.455
G01 X103.661 Y117.691
G01 X102.291 Y110.925
G01 X100.921 Y104.163
G01 X99.550 Y97.398
G01 X98.180 Y90.635
G01 X96.810 Y83.870
G01 X95.440 Y77.106
G01 X94.070 Y70.341
G01 X92.701 Y63.578
G01 X91.331 Y56.814
G01 X92.969 Y63.647
G01 X94.606 Y70.480
G01 X96.243 Y77.312
G01 X97.880 Y84.147
G01 X99.517 Y90.980
G01 X101.156 Y97.812
G01 X102.793 Y104.646
G01 X104.430 Y111.478
G01 X106.067 Y118.312
G01 X107.704 Y125.145
G01 X109.341 Y131.978
G01 X110.980 Y138.811
G01 X112.617 Y145.644
G01 X114.255 Y152.477
G01 X115.892 Y159.310
G01 X117.529 Y166.143
G01 X119.166 Y172.976
G01 X120.803 Y179.809
G01 X122.440 Y186.642
G01 X124.079 Y193.475
G01 X125.716 Y200.308
G01 X127.353 Y207.141
G01 X128.990 Y213.974
G01 X130.613 Y220.751
G01 X130.627 Y220.808
G01 X132.159 Y227.245
G01 X132.266 Y227.641
G01 X133.716 Y233.780
G01 X133.903 Y234.474
G01 X135.286 Y240.358
G01 X135.541 Y241.306
G01 X136.865 Y246.977
G01 X137.178 Y248.139
G01 X138.459 Y253.638
G01 X138.815 Y254.972
G01 X140.062 Y260.341
G01 X140.452 Y261.805
G01 X141.677 Y267.086
G01 X142.089 Y268.639
G01 X143.303 Y273.874
G01 X143.726 Y275.471
G01 X144.939 Y280.704
G01 X145.365 Y282.305
G01 X146.587 Y287.577
G01 X147.002 Y289.137
G01 X148.245 Y294.495
G01 X148.639 Y295.971
G01 X149.916 Y301.454
G01 X150.276 Y302.803
G01 X151.599 Y308.459
G01 X151.913 Y309.637
G01 X153.293 Y315.507
G01 X153.552 Y316.469
G01 X154.999 Y322.598
G01 X155.189 Y323.303
G01 X156.716 Y329.733
G01 X156.827 Y330.135
G01 X158.447 Y336.911
G01 X158.464 Y336.969
G01 X160.101 Y343.802
G01 X161.738 Y350.635
G01 X163.375 Y357.468
G01 X165.012 Y364.302
G01 X166.651 Y371.135
G01 X168.288 Y377.968
G01 X169.925 Y384.800
G01 X171.562 Y391.634
G01 X173.200 Y398.466
G01 X174.838 Y405.300
G01 X176.475 Y412.132
G01 X178.112 Y418.966
G01 X179.750 Y425.798
G01 X181.387 Y432.632
G01 X183.024 Y439.464
G01 X184.661 Y446.298
G01 X186.298 Y453.130
G01 X187.937 Y459.964
G01 X189.574 Y466.796
G01 X191.211 Y473.630
G01 X192.849 Y480.463
G01 X194.486 Y487.296
G01 X196.124 Y494.130
G01 X194.339 Y487.423
G01 X192.553 Y480.719
G01 X190.767 Y474.014
G01 X188.983 Y467.308
G01 X187.197 Y460.603
G01 X185.413 Y453.897
G01 X183.627 Y447.192
G01 X181.843 Y440.487
G01 X180.057 Y433.781
G01 X178.272 Y427.076
G01 X176.487 Y420.370
G01 X174.702 Y413.665
G01 X172.916 Y406.959
G01 X171.132 Y400.254
G01 X169.346 Y393.548
G01 X167.560 Y386.844
G01 X165.776 Y380.137
G01 X163.990 Y373.433
G01 X162.206 Y366.728
G01 X160.421 Y360.022
G01 X158.635 Y353.317
G01 X156.850 Y346.611
G01 X155.065 Y339.906
G01 X153.279 Y333.201
G01 X151.526 Y326.632
G01 X151.495 Y326.495
G01 X149.808 Y320.204
G01 X149.709 Y319.790
G01 X148.079 Y313.738
G01 X147.925 Y313.084
G01 X146.343 Y307.231
G01 X146.139 Y306.379
G01 X144.596 Y300.687
G01 X144.353 Y299.673
G01 X142.841 Y294.101
G01 X142.569 Y292.969
G01 X141.076 Y287.478
G01 X140.784 Y286.262
G01 X139.300 Y280.815
G01 X138.999 Y279.558
G01 X137.516 Y274.111
G01 X137.214 Y272.851
G01 X135.721 Y267.368
G01 X135.428 Y266.147
G01 X133.916 Y260.584
G01 X133.644 Y259.442
G01 X132.103 Y253.758
G01 X131.858 Y252.736
G01 X130.279 Y246.894
G01 X130.072 Y246.031
G01 X128.445 Y239.989
G01 X128.288 Y239.326
G01 X126.603 Y233.042
G01 X126.502 Y232.620
G01 X124.750 Y226.055
G01 X124.718 Y225.915
G01 X122.933 Y219.210
G01 X121.147 Y212.504
G01 X119.362 Y205.799
G01 X117.577 Y199.093
G01 X115.791 Y192.388
G01 X114.007 Y185.683
G01 X112.221 Y178.977
G01 X110.435 Y172.272
G01 X108.651 Y165.567
G01 X106.865 Y158.861
G01 X105.081 Y152.156
G01 X103.296 Y145.451
G01 X101.510 Y138.745
G01 X99.726 Y132.040
G01 X97.940 Y125.334
G01 X96.154 Y118.629
G01 X94.370 Y111.923
G01 X92.584 Y105.218
G01 X90.800 Y98.512
G01 X89.014 Y91.808
G01 X87.228 Y85.101
G01 X85.444 Y78.397
G01 X83.659 Y71.692
G01 X81.874 Y64.986
G01 X83.930 Y71.740
G01 X85.988 Y78.497
G01 X88.043 Y85.252
G01 X90.101 Y92.007
G01 X92.158 Y98.762
G01 X94.214 Y105.518
G01 X96.271 Y112.273
G01 X98.327 Y119.029
G01 X100.385 Y125.784
G01 X102.440 Y132.538
G01 X104.498 Y139.295
G01 X106.555 Y146.050
G01 X108.612 Y152.805
G01 X110.668 Y159.561
G01 X112.725 Y166.316
G01 X114.781 Y173.071
G01 X116.839 Y179.827
G01 X118.896 Y186.582
G01 X120.952 Y193.337
G01 X123.009 Y200.091
G01 X125.065 Y206.847
G01 X127.123 Y213.603
G01 X129.178 Y220.358
G01 X131.185 Y226.966
G01 X131.236 Y227.114
G01 X133.127 Y233.377
G01 X133.293 Y233.869
G01 X135.082 Y239.831
G01 X135.350 Y240.624
G01 X137.053 Y246.327
G01 X137.406 Y247.380
G01 X139.038 Y252.865
G01 X139.463 Y254.135
G01 X141.038 Y259.447
G01 X141.519 Y260.889
G01 X143.053 Y266.070
G01 X143.577 Y267.646
G01 X145.081 Y272.736
G01 X145.632 Y274.401
G01 X147.123 Y279.445
G01 X147.690 Y281.156
G01 X149.178 Y286.197
G01 X149.747 Y287.911
G01 X151.249 Y292.993
G01 X151.803 Y294.666
G01 X153.332 Y299.834
G01 X153.860 Y301.421
G01 X155.430 Y306.718
G01 X155.916 Y308.177
G01 X157.545 Y313.646
G01 X157.974 Y314.933
G01 X159.673 Y320.618
G01 X160.031 Y321.688
G01 X161.815 Y327.635
G01 X162.087 Y328.442
G01 X163.975 Y334.697
G01 X164.144 Y335.199
G01 X166.149 Y341.803
G01 X166.201 Y341.954
G01 X168.257 Y348.709
G01 X170.314 Y355.464
G01 X172.370 Y362.219
G01 X174.428 Y368.975
G01 X176.485 Y375.731
G01 X178.541 Y382.486
G01 X180.598 Y389.240
G01 X182.654 Y395.995
G01 X184.712 Y402.752
G01 X186.767 Y409.507
G01 X188.825 Y416.262
G01 X190.882 Y423.017
G01 X192.938 Y429.772
G01 X194.995 Y436.529
G01 X197.052 Y443.284
G01 X199.108 Y450.038
G01 X201.166 Y456.793
G01 X203.221 Y463.550
G01 X205.279 Y470.305
G01 X207.336 Y477.060
G01 X209.392 Y483.815
G01 X211.449 Y490.570
G01 X213.505 Y497.326
G01 X211.308 Y490.706
G01 X209.110 Y484.086
G01 X206.911 Y477.464
G01 X204.714 Y470.844
G01 X202.516 Y464.224
G01 X200.317 Y457.603
G01 X198.120 Y450.983
G01 X195.921 Y444.363
G01 X193.724 Y437.743
G01 X191.526 Y431.122
G01 X189.329 Y424.502
G01 X187.130 Y417.880
G01 X184.933 Y411.260
G01 X182.735 Y404.641
G01 X180.536 Y398.019
G01 X178.339 Y391.399
G01 X176.141 Y384.779
G01 X173.942 Y378.159
G01 X171.745 Y371.538
G01 X169.546 Y364.918
G01 X167.349 Y358.298
G01 X165.151 Y351.677
G01 X162.952 Y345.057
G01 X160.755 Y338.437
G01 X158.630 Y332.058
G01 X158.557 Y331.815
G01 X156.517 Y325.721
G01 X156.358 Y325.195
G01 X154.392 Y319.341
G01 X154.161 Y318.575
G01 X152.257 Y312.923
G01 X151.963 Y311.954
G01 X150.108 Y306.466
G01 X149.764 Y305.334
G01 X147.949 Y299.969
G01 X147.567 Y298.714
G01 X145.776 Y293.430
G01 X145.368 Y292.094
G01 X143.591 Y286.853
G01 X143.171 Y285.473
G01 X141.394 Y280.235
G01 X140.974 Y278.853
G01 X139.185 Y273.576
G01 X138.776 Y272.231
G01 X136.962 Y266.875
G01 X136.577 Y265.612
G01 X134.726 Y260.135
G01 X134.380 Y258.992
G01 X132.478 Y253.353
G01 X132.182 Y252.371
G01 X130.219 Y246.530
G01 X129.983 Y245.751
G01 X127.947 Y239.663
G01 X127.786 Y239.131
G01 X125.661 Y232.757
G01 X125.588 Y232.510
G01 X123.389 Y225.889
G01 X121.192 Y219.269
G01 X118.993 Y212.649
G01 X116.796 Y206.029
G01 X114.598 Y199.407
G01 X112.399 Y192.787
G01 X110.202 Y186.167
G01 X108.004 Y179.547
G01 X105.805 Y172.925
G01 X103.608 Y166.305
G01 X101.409 Y159.686
G01 X99.213 Y153.065
G01 X97.014 Y146.445
G01 X94.817 Y139.824
G01 X92.618 Y133.204
G01 X90.421 Y126.584
G01 X88.223 Y119.963
G01 X86.024 Y113.343
G01 X83.827 Y106.721
G01 X81.629 Y100.101
G01 X79.430 Y93.482
G01 X77.233 Y86.861
G01 X75.034 Y80.240
G01 X72.837 Y73.620
G01 X75.308 Y80.271
G01 X77.781 Y86.922
G01 X80.254 Y93.574
G01 X82.726 Y100.225
G01 X85.199 Y106.875
G01 X87.671 Y113.526
G01 X90.144 Y120.178
G01 X92.615 Y126.829
G01 X95.089 Y133.480
G01 X97.560 Y140.131
G01 X100.033 Y146.781
G01 X102.505 Y153.433
G01 X104.978 Y160.084
G01 X107.451 Y166.735
G01 X109.923 Y173.386
G01 X112.394 Y180.037
G01 X114.868 Y186.688
G01 X117.339 Y193.339
G01 X119.812 Y199.990
G01 X122.284 Y206.641
G01 X124.757 Y213.292
G01 X127.230 Y219.942
G01 X129.702 Y226.594
G01 X132.079 Y233.013
G01 X132.175 Y233.245
G01 X134.411 Y239.317
G01 X134.647 Y239.895
G01 X136.762 Y245.663
G01 X137.120 Y246.547
G01 X139.130 Y252.053
G01 X139.591 Y253.198
G01 X141.514 Y258.485
G01 X142.064 Y259.850
G01 X143.918 Y264.959
G01 X144.536 Y266.500
G01 X146.338 Y271.476
G01 X147.009 Y273.151
G01 X148.774 Y278.036
G01 X149.481 Y279.803
G01 X151.228 Y284.642
G01 X151.954 Y286.454
G01 X153.700 Y291.290
G01 X154.425 Y293.105
G01 X156.189 Y297.981
G01 X156.899 Y299.755
G01 X158.695 Y304.718
G01 X159.370 Y306.406
G01 X161.218 Y311.499
G01 X161.844 Y313.058
G01 X163.759 Y318.325
G01 X164.315 Y319.709
G01 X166.319 Y325.195
G01 X166.788 Y326.360
G01 X168.897 Y332.111
G01 X169.260 Y333.010
G01 X171.493 Y339.070
G01 X171.733 Y339.661
G01 X174.108 Y346.075
G01 X174.206 Y346.312
G01 X176.678 Y352.964
G01 X179.149 Y359.615
G01 X181.623 Y366.266
G01 X184.094 Y372.916
G01 X186.567 Y379.567
G01 X189.040 Y386.219
G01 X191.512 Y392.870
G01 X193.985 Y399.521
G01 X196.457 Y406.171
G01 X198.930 Y412.822
G01 X201.401 Y419.474
G01 X203.875 Y426.125
G01 X206.346 Y432.776
G01 X208.819 Y439.427
G01 X211.291 Y446.079
G01 X213.764 Y452.730
G01 X216.237 Y459.380
G01 X218.709 Y466.031
G01 X221.180 Y472.683
G01 X223.654 Y479.334
G01 X226.125 Y485.985
G01 X228.599 Y492.635
G01 X231.070 Y499.286
G01 X228.464 Y492.778
G01 X225.858 Y486.267
G01 X223.250 Y479.759
G01 X220.644 Y473.250
G01 X218.036 Y466.740
G01 X215.430 Y460.231
G01 X212.824 Y453.721
G01 X210.216 Y447.213
G01 X207.611 Y440.704
G01 X205.004 Y434.195
G01 X202.397 Y427.685
G01 X199.791 Y421.175
G01 X197.183 Y414.666
G01 X194.577 Y408.158
G01 X191.971 Y401.647
G01 X189.363 Y395.139
G01 X186.757 Y388.630
G01 X184.149 Y382.120
G01 X181.543 Y375.611
G01 X178.937 Y369.101
G01 X176.331 Y362.593
G01 X173.724 Y356.084
G01 X171.117 Y349.575
G01 X168.517 Y343.082
G01 X168.510 Y343.065
G01 X166.029 Y336.897
G01 X165.904 Y336.555
G01 X163.528 Y330.673
G01 X163.296 Y330.046
G01 X161.012 Y324.409
G01 X160.690 Y323.538
G01 X158.481 Y318.105
G01 X158.084 Y317.028
G01 X155.937 Y311.760
G01 X155.476 Y310.519
G01 X153.377 Y305.375
G01 X152.870 Y304.010
G01 X150.802 Y298.949
G01 X150.264 Y297.500
G01 X148.212 Y292.483
G01 X147.656 Y290.990
G01 X145.606 Y285.976
G01 X145.050 Y284.481
G01 X142.985 Y279.428
G01 X142.444 Y277.973
G01 X140.348 Y272.839
G01 X139.837 Y271.464
G01 X137.695 Y266.207
G01 X137.230 Y264.954
G01 X135.026 Y259.536
G01 X134.624 Y258.445
G01 X132.344 Y252.821
G01 X132.017 Y251.936
G01 X129.644 Y246.065
G01 X129.409 Y245.427
G01 X126.932 Y239.266
G01 X126.803 Y238.917
G01 X124.202 Y232.424
G01 X124.197 Y232.407
G01 X121.589 Y225.899
G01 X118.983 Y219.389
G01 X116.377 Y212.880
G01 X113.769 Y206.371
G01 X111.163 Y199.862
G01 X108.557 Y193.353
G01 X105.950 Y186.843
G01 X103.343 Y180.334
G01 X100.737 Y173.825
G01 X98.130 Y167.316
G01 X95.522 Y160.805
G01 X92.916 Y154.297
G01 X90.310 Y147.788
G01 X87.702 Y141.279
G01 X85.096 Y134.769
G01 X82.490 Y128.260
G01 X79.882 Y121.750
G01 X77.276 Y115.242
G01 X74.670 Y108.733
G01 X72.062 Y102.223
G01 X69.456 Y95.714
G01 X66.849 Y89.204
G01 X64.243 Y82.696
G01 X67.125 Y89.216
G01 X70.007 Y95.736
G01 X72.891 Y102.257
G01 X75.772 Y108.776
G01 X78.656 Y115.298
G01 X81.538 Y121.817
G01 X84.421 Y128.339
G01 X87.303 Y134.859
G01 X90.187 Y141.379
G01 X93.069 Y147.900
G01 X95.952 Y154.420
G01 X98.834 Y160.941
G01 X101.716 Y167.461
G01 X104.600 Y173.981
G01 X107.481 Y180.502
G01 X110.365 Y187.022
G01 X113.247 Y193.543
G01 X116.130 Y200.062
G01 X119.012 Y206.583
G01 X121.894 Y213.103
G01 X124.778 Y219.624
G01 X127.659 Y226.144
G01 X130.543 Y232.665
G01 X133.276 Y238.876
G01 X133.425 Y239.185
G01 X135.993 Y245.047
G01 X136.308 Y245.706
G01 X138.731 Y251.262
G01 X139.190 Y252.226
G01 X141.488 Y257.519
G01 X142.074 Y258.747
G01 X144.269 Y263.817
G01 X144.956 Y265.267
G01 X147.069 Y270.161
G01 X147.839 Y271.788
G01 X149.889 Y276.546
G01 X150.721 Y278.308
G01 X152.730 Y282.976
G01 X153.603 Y284.827
G01 X155.589 Y289.449
G01 X156.487 Y291.349
G01 X158.471 Y295.966
G01 X159.368 Y297.868
G01 X161.373 Y302.528
G01 X162.252 Y304.389
G01 X164.295 Y309.134
G01 X165.135 Y310.909
G01 X167.238 Y315.784
G01 X168.017 Y317.430
G01 X170.202 Y322.481
G01 X170.899 Y323.951
G01 X173.189 Y329.223
G01 X173.781 Y330.471
G01 X176.195 Y336.009
G01 X176.665 Y336.992
G01 X179.226 Y342.839
G01 X179.548 Y343.512
G01 X182.279 Y349.716
G01 X182.430 Y350.031
G01 X185.312 Y356.553
G01 X188.195 Y363.072
G01 X191.077 Y369.594
G01 X193.961 Y376.113
G01 X196.843 Y382.634
G01 X199.726 Y389.154
G01 X202.608 Y395.675
G01 X205.490 Y402.195
G01 X208.374 Y408.716
G01 X211.255 Y415.236
G01 X214.139 Y421.757
G01 X217.022 Y428.276
G01 X219.904 Y434.798
G01 X222.786 Y441.317
G01 X225.670 Y447.838
G01 X228.552 Y454.358
G01 X231.435 Y460.879
G01 X234.317 Y467.399
G01 X237.200 Y473.920
G01 X240.082 Y480.440
G01 X242.964 Y486.961
G01 X245.848 Y493.481
G01 X248.731 Y500.002
G01 X245.721 Y493.630
G01 X242.711 Y487.257
G01 X239.701 Y480.885
G01 X236.692 Y474.512
G01 X233.682 Y468.141
G01 X230.673 Y461.769
G01 X227.663 Y455.397
G01 X224.653 Y449.024
G01 X221.644 Y442.653
G01 X218.634 Y436.281
G01 X215.624 Y429.909
G01 X212.615 Y423.536
G01 X209.605 Y417.165
G01 X206.594 Y410.793
G01 X203.586 Y404.421
G01 X200.576 Y398.048
G01 X197.565 Y391.677
G01 X194.557 Y385.303
G01 X191.546 Y378.932
G01 X188.538 Y372.560
G01 X185.528 Y366.188
G01 X182.517 Y359.815
G01 X179.509 Y353.444
G01 X176.545 Y347.178
G01 X176.499 Y347.072
G01 X173.678 Y341.134
G01 X173.488 Y340.700
G01 X170.796 Y335.048
G01 X170.480 Y334.327
G01 X167.894 Y328.923
G01 X167.469 Y327.956
G01 X164.976 Y322.757
G01 X164.459 Y321.584
G01 X162.041 Y316.550
G01 X161.451 Y315.212
G01 X159.088 Y310.303
G01 X158.440 Y308.839
G01 X156.115 Y304.016
G01 X155.430 Y302.466
G01 X153.125 Y297.687
G01 X152.421 Y296.094
G01 X150.118 Y291.317
G01 X149.411 Y289.723
G01 X147.091 Y284.906
G01 X146.403 Y283.351
G01 X144.045 Y278.454
G01 X143.392 Y276.978
G01 X140.980 Y271.961
G01 X140.382 Y270.606
G01 X137.897 Y265.423
G01 X137.374 Y264.235
G01 X134.796 Y258.846
G01 X134.363 Y257.863
G01 X131.675 Y252.225
G01 X131.353 Y251.490
G01 X128.538 Y245.561
G01 X128.344 Y245.119
G01 X125.382 Y238.855
G01 X125.334 Y238.746
G01 X122.325 Y232.375
G01 X119.315 Y226.002
G01 X116.305 Y219.630
G01 X113.296 Y213.257
G01 X110.286 Y206.886
G01 X107.276 Y200.513
G01 X104.267 Y194.142
G01 X101.257 Y187.769
G01 X98.248 Y181.398
G01 X95.238 Y175.026
G01 X92.228 Y168.654
G01 X89.219 Y162.281
G01 X86.209 Y155.910
G01 X83.200 Y149.538
G01 X80.190 Y143.166
G01 X77.180 Y136.793
G01 X74.171 Y130.421
G01 X71.161 Y124.049
G01 X68.151 Y117.677
G01 X65.142 Y111.305
G01 X62.132 Y104.933
G01 X59.123 Y98.560
G01 X56.113 Y92.189
G01 X59.399 Y98.553
G01 X62.683 Y104.916
G01 X65.969 Y111.280
G01 X69.255 Y117.644
G01 X72.541 Y124.008
G01 X75.827 Y130.371
G01 X79.113 Y136.735
G01 X82.397 Y143.099
G01 X85.683 Y149.462
G01 X88.969 Y155.826
G01 X92.255 Y162.190
G01 X95.541 Y168.554
G01 X98.827 Y174.917
G01 X102.112 Y181.281
G01 X105.397 Y187.644
G01 X108.683 Y194.007
G01 X111.969 Y200.371
G01 X115.255 Y206.736
G01 X118.541 Y213.100
G01 X121.827 Y219.463
G01 X125.112 Y225.827
G01 X128.397 Y232.191
G01 X131.683 Y238.554
G01 X134.757 Y244.540
G01 X134.969 Y244.918
G01 X137.851 Y250.554
G01 X138.255 Y251.281
G01 X140.968 Y256.611
G01 X141.541 Y257.646
G01 X144.108 Y262.711
G01 X144.826 Y264.009
G01 X147.274 Y268.853
G01 X148.112 Y270.373
G01 X150.464 Y275.038
G01 X151.397 Y276.737
G01 X153.677 Y281.267
G01 X154.683 Y283.100
G01 X156.913 Y287.540
G01 X157.969 Y289.464
G01 X160.173 Y293.856
G01 X161.255 Y295.827
G01 X163.457 Y300.216
G01 X164.540 Y302.192
G01 X166.766 Y306.620
G01 X167.826 Y308.555
G01 X170.096 Y313.070
G01 X171.112 Y314.918
G01 X173.452 Y319.565
G01 X174.397 Y321.283
G01 X176.834 Y326.105
G01 X177.683 Y327.647
G01 X180.240 Y332.690
G01 X180.969 Y334.010
G01 X183.671 Y339.320
G01 X184.255 Y340.374
G01 X187.127 Y345.995
G01 X187.540 Y346.738
G01 X190.611 Y352.714
G01 X190.826 Y353.101
G01 X194.111 Y359.464
G01 X197.397 Y365.829
G01 X200.683 Y372.192
G01 X203.968 Y378.555
G01 X207.254 Y384.920
G01 X210.540 Y391.284
G01 X213.825 Y397.647
G01 X217.111 Y404.010
G01 X220.397 Y410.375
G01 X223.683 Y416.738
G01 X226.968 Y423.101
G01 X230.254 Y429.466
G01 X233.540 Y435.829
G01 X236.825 Y442.194
G01 X240.111 Y448.557
G01 X243.396 Y454.921
G01 X246.681 Y461.284
G01 X249.968 Y467.647
G01 X253.254 Y474.012
G01 X256.538 Y480.375
G01 X259.825 Y486.740
G01 X263.111 Y493.103
G01 X266.396 Y499.466
G01 X262.990 Y493.257
G01 X259.586 Y487.048
G01 X256.180 Y480.839
G01 X252.775 Y474.630
G01 X249.371 Y468.421
G01 X245.966 Y462.212
G01 X242.560 Y456.002
G01 X239.154 Y449.793
G01 X235.750 Y443.584
G01 X232.344 Y437.375
G01 X228.940 Y431.166
G01 X225.534 Y424.956
G01 X222.130 Y418.747
G01 X218.724 Y412.538
G01 X215.319 Y406.329
G01 X211.913 Y400.118
G01 X208.509 Y393.909
G01 X205.103 Y387.701
G01 X201.699 Y381.492
G01 X198.293 Y375.283
G01 X194.889 Y369.072
G01 X191.483 Y362.863
G01 X188.077 Y356.654
G01 X184.769 Y350.635
G01 X184.673 Y350.445
G01 X181.531 Y344.754
G01 X181.267 Y344.237
G01 X178.274 Y338.832
G01 X177.863 Y338.026
G01 X174.998 Y332.870
G01 X174.457 Y331.817
G01 X171.700 Y326.868
G01 X171.053 Y325.608
G01 X168.382 Y320.825
G01 X167.647 Y319.399
G01 X165.041 Y314.740
G01 X164.242 Y313.190
G01 X161.682 Y308.615
G01 X160.837 Y306.981
G01 X158.300 Y302.451
G01 X157.432 Y300.772
G01 X154.896 Y296.245
G01 X154.026 Y294.562
G01 X151.471 Y289.997
G01 X150.622 Y288.353
G01 X148.022 Y283.707
G01 X147.216 Y282.144
G01 X144.553 Y277.375
G01 X143.810 Y275.935
G01 X141.062 Y271.002
G01 X140.406 Y269.726
G01 X137.550 Y264.586
G01 X137.000 Y263.517
G01 X134.016 Y258.127
G01 X133.596 Y257.307
G01 X130.461 Y251.626
G01 X130.190 Y251.097
G01 X126.884 Y245.082
G01 X126.786 Y244.888
G01 X123.380 Y238.680
G01 X119.976 Y232.471
G01 X116.570 Y226.261
G01 X113.165 Y220.052
G01 X109.760 Y213.843
G01 X106.355 Y207.633
G01 X102.950 Y201.424
G01 X99.545 Y195.215
G01 X96.139 Y189.006
G01 X92.735 Y182.797
G01 X89.329 Y176.587
G01 X85.923 Y170.377
G01 X82.519 Y164.168
G01 X79.113 Y157.960
G01 X75.709 Y151.751
G01 X72.303 Y145.541
G01 X68.899 Y139.332
G01 X65.493 Y133.123
G01 X62.088 Y126.914
G01 X58.683 Y120.704
G01 X55.278 Y114.495
G01 X51.873 Y108.286
G01 X48.468 Y102.077
G01 X52.147 Y108.257
G01 X55.827 Y114.439
G01 X59.507 Y120.620
G01 X63.187 Y126.802
G01 X66.867 Y132.984
G01 X70.546 Y139.165
G01 X74.226 Y145.346
G01 X77.906 Y151.528
G01 X81.587 Y157.709
G01 X85.267 Y163.891
G01 X88.945 Y170.072
G01 X92.625 Y176.252
G01 X96.305 Y182.435
G01 X99.986 Y188.615
G01 X103.666 Y194.798
G01 X107.346 Y200.978
G01 X111.026 Y207.160
G01 X114.706 Y213.341
G01 X118.385 Y219.523
G01 X122.065 Y225.704
G01 X125.745 Y231.886
G01 X129.425 Y238.067
G01 X133.075 Y244.201
G01 X133.105 Y244.249
G01 X136.505 Y249.992
G01 X136.784 Y250.430
G01 X139.964 Y255.825
G01 X140.464 Y256.611
G01 X143.451 Y261.701
G01 X144.144 Y262.793
G01 X146.964 Y267.618
G01 X147.825 Y268.974
G01 X150.507 Y273.579
G01 X151.504 Y275.156
G01 X154.077 Y279.582
G01 X155.185 Y281.337
G01 X157.673 Y285.629
G01 X158.863 Y287.517
G01 X161.296 Y291.719
G01 X162.543 Y293.700
G01 X164.947 Y297.851
G01 X166.224 Y299.880
G01 X168.625 Y304.029
G01 X169.904 Y306.062
G01 X172.329 Y310.252
G01 X173.584 Y312.243
G01 X176.062 Y316.519
G01 X177.264 Y318.425
G01 X179.822 Y322.831
G01 X180.944 Y324.606
G01 X183.612 Y329.188
G01 X184.623 Y330.788
G01 X187.428 Y335.589
G01 X188.303 Y336.969
G01 X191.276 Y342.036
G01 X191.983 Y343.151
G01 X195.151 Y348.529
G01 X195.663 Y349.332
G01 X199.057 Y355.065
G01 X199.343 Y355.514
G01 X202.992 Y361.646
G01 X203.022 Y361.695
G01 X206.702 Y367.875
G01 X210.382 Y374.058
G01 X214.062 Y380.238
G01 X217.742 Y386.421
G01 X221.421 Y392.601
G01 X225.101 Y398.783
G01 X228.781 Y404.964
G01 X232.462 Y411.146
G01 X236.142 Y417.327
G01 X239.822 Y423.509
G01 X243.502 Y429.690
G01 X247.181 Y435.872
G01 X250.861 Y442.053
G01 X254.541 Y448.235
G01 X258.221 Y454.416
G01 X261.901 Y460.596
G01 X265.581 Y466.779
G01 X269.261 Y472.959
G01 X272.941 Y479.141
G01 X276.621 Y485.322
G01 X280.300 Y491.504
G01 X283.980 Y497.685
G01 X280.189 Y491.665
G01 X276.397 Y485.642
G01 X272.606 Y479.622
G01 X268.815 Y473.601
G01 X265.023 Y467.579
G01 X261.232 Y461.558
G01 X257.440 Y455.538
G01 X253.649 Y449.517
G01 X249.857 Y443.495
G01 X246.066 Y437.474
G01 X242.274 Y431.452
G01 X238.483 Y425.432
G01 X234.690 Y419.411
G01 X230.899 Y413.389
G01 X227.108 Y407.368
G01 X223.317 Y401.348
G01 X219.524 Y395.327
G01 X215.733 Y389.305
G01 X211.942 Y383.284
G01 X208.151 Y377.262
G01 X204.360 Y371.242
G01 X200.567 Y365.221
G01 X196.776 Y359.200
G01 X193.139 Y353.442
G01 X192.985 Y353.178
G01 X189.541 Y347.750
G01 X189.194 Y347.158
G01 X185.921 Y342.016
G01 X185.401 Y341.137
G01 X182.276 Y336.242
G01 X181.611 Y335.115
G01 X178.608 Y330.427
G01 X177.819 Y329.094
G01 X174.918 Y324.570
G01 X174.028 Y323.072
G01 X171.202 Y318.675
G01 X170.236 Y317.052
G01 X167.462 Y312.738
G01 X166.445 Y311.031
G01 X163.697 Y306.762
G01 X162.653 Y305.010
G01 X159.906 Y300.743
G01 X158.862 Y298.988
G01 X156.093 Y294.683
G01 X155.070 Y292.968
G01 X152.252 Y288.582
G01 X151.279 Y286.947
G01 X148.387 Y282.440
G01 X147.488 Y280.925
G01 X144.497 Y276.255
G01 X143.695 Y274.904
G01 X140.582 Y270.028
G01 X139.904 Y268.882
G01 X136.642 Y263.757
G01 X136.113 Y262.862
G01 X132.677 Y257.445
G01 X132.322 Y256.841
G01 X128.688 Y251.089
G01 X128.529 Y250.820
G01 X124.738 Y244.799
G01 X120.947 Y238.778
G01 X117.156 Y232.757
G01 X113.363 Y226.736
G01 X109.572 Y220.714
G01 X105.781 Y214.692
G01 X101.990 Y208.672
G01 X98.197 Y202.650
G01 X94.406 Y196.630
G01 X90.615 Y190.609
G01 X86.824 Y184.588
G01 X83.031 Y178.567
G01 X79.240 Y172.546
G01 X75.450 Y166.524
G01 X71.658 Y160.502
G01 X67.867 Y154.482
G01 X64.075 Y148.461
G01 X60.284 Y142.440
G01 X56.492 Y136.418
G01 X52.701 Y130.398
G01 X48.909 Y124.377
G01 X45.118 Y118.355
G01 X41.326 Y112.334
G01 X45.389 Y118.308
G01 X49.452 Y124.282
G01 X53.517 Y130.256
G01 X57.581 Y136.230
G01 X61.644 Y142.204
G01 X65.707 Y148.178
G01 X69.771 Y154.151
G01 X73.834 Y160.126
G01 X77.897 Y166.100
G01 X81.962 Y172.074
G01 X86.026 Y178.048
G01 X90.089 Y184.022
G01 X94.153 Y189.996
G01 X98.216 Y195.970
G01 X102.279 Y201.942
G01 X106.343 Y207.917
G01 X110.406 Y213.891
G01 X114.471 Y219.865
G01 X118.534 Y225.839
G01 X122.598 Y231.812
G01 X126.661 Y237.787
G01 X130.725 Y243.761
G01 X134.714 Y249.635
G01 X134.788 Y249.734
G01 X138.497 Y255.221
G01 X138.851 Y255.709
G01 X142.310 Y260.849
G01 X142.916 Y261.683
G01 X146.156 Y266.519
G01 X146.978 Y267.656
G01 X150.031 Y272.231
G01 X151.043 Y273.630
G01 X153.940 Y277.986
G01 X155.106 Y279.603
G01 X157.879 Y283.783
G01 X159.170 Y285.579
G01 X161.848 Y289.623
G01 X163.233 Y291.552
G01 X165.846 Y295.505
G01 X167.296 Y297.526
G01 X169.877 Y301.432
G01 X171.360 Y303.500
G01 X173.938 Y307.401
G01 X175.423 Y309.474
G01 X178.029 Y313.416
G01 X179.488 Y315.447
G01 X182.153 Y319.475
G01 X183.550 Y321.421
G01 X186.308 Y325.579
G01 X187.615 Y327.396
G01 X190.495 Y331.726
G01 X191.678 Y333.370
G01 X194.714 Y337.920
G01 X195.742 Y339.344
G01 X198.966 Y344.158
G01 X199.805 Y345.317
G01 X203.250 Y350.440
G01 X203.868 Y351.291
G01 X207.570 Y356.767
G01 X207.933 Y357.266
G01 X211.921 Y363.137
G01 X211.995 Y363.240
G01 X216.060 Y369.214
G01 X220.123 Y375.187
G01 X224.187 Y381.161
G01 X228.250 Y387.135
G01 X232.314 Y393.108
G01 X236.377 Y399.082
G01 X240.440 Y405.057
G01 X244.505 Y411.031
G01 X248.567 Y417.005
G01 X252.632 Y422.978
G01 X256.695 Y428.952
G01 X260.759 Y434.927
G01 X264.823 Y440.901
G01 X268.886 Y446.875
G01 X272.950 Y452.849
G01 X277.013 Y458.822
G01 X281.077 Y464.796
G01 X285.139 Y470.771
G01 X289.204 Y476.743
G01 X293.267 Y482.718
G01 X297.331 Y488.692
G01 X301.394 Y494.666
G01 X297.228 Y488.858
G01 X293.061 Y483.050
G01 X288.894 Y477.240
G01 X284.726 Y471.433
G01 X280.560 Y465.625
G01 X276.393 Y459.815
G01 X272.226 Y454.007
G01 X268.059 Y448.200
G01 X263.892 Y442.392
G01 X259.725 Y436.582
G01 X255.558 Y430.774
G01 X251.391 Y424.966
G01 X247.224 Y419.158
G01 X243.057 Y413.350
G01 X238.889 Y407.541
G01 X234.723 Y401.733
G01 X230.555 Y395.925
G01 X226.389 Y390.117
G01 X222.221 Y384.308
G01 X218.055 Y378.500
G01 X213.887 Y372.692
G01 X209.721 Y366.884
G01 X205.553 Y361.076
G01 X201.606 Y355.596
G01 X201.387 Y355.267
G01 X197.661 Y350.115
G01 X197.219 Y349.459
G01 X193.687 Y344.591
G01 X193.052 Y343.651
G01 X189.688 Y339.029
G01 X188.885 Y337.843
G01 X185.661 Y333.425
G01 X184.719 Y332.034
G01 X181.608 Y327.781
G01 X180.550 Y326.226
G01 X177.526 Y322.098
G01 X176.385 Y320.418
G01 X173.418 Y316.374
G01 X172.218 Y314.608
G01 X169.281 Y310.608
G01 X168.050 Y308.800
G01 X165.117 Y304.803
G01 X163.884 Y302.993
G01 X160.923 Y298.957
G01 X159.716 Y297.185
G01 X156.702 Y293.070
G01 X155.548 Y291.375
G01 X152.451 Y287.142
G01 X151.382 Y285.567
G01 X148.171 Y281.171
G01 X147.214 Y279.760
G01 X143.863 Y275.158
G01 X143.048 Y273.951
G01 X139.529 Y269.101
G01 X138.882 Y268.142
G01 X135.165 Y263.004
G01 X134.714 Y262.334
G01 X130.772 Y256.863
G01 X130.546 Y256.526
G01 X126.380 Y250.718
G01 X122.214 Y244.910
G01 X118.046 Y239.102
G01 X113.879 Y233.293
G01 X109.712 Y227.484
G01 X105.546 Y221.677
G01 X101.379 Y215.869
G01 X97.212 Y210.060
G01 X93.043 Y204.252
G01 X88.877 Y198.444
G01 X84.709 Y192.635
G01 X80.543 Y186.827
G01 X76.377 Y181.019
G01 X72.209 Y175.211
G01 X68.041 Y169.401
G01 X63.875 Y163.594
G01 X59.709 Y157.786
G01 X55.541 Y151.977
G01 X51.375 Y146.168
G01 X47.207 Y140.361
G01 X43.041 Y134.553
G01 X38.873 Y128.744
G01 X34.706 Y122.936
G01 X39.141 Y128.678
G01 X43.577 Y134.420
G01 X48.012 Y140.162
G01 X52.447 Y145.904
G01 X56.882 Y151.646
G01 X61.317 Y157.388
G01 X65.752 Y163.130
G01 X70.187 Y168.872
G01 X74.622 Y174.614
G01 X79.057 Y180.356
G01 X83.492 Y186.097
G01 X87.927 Y191.840
G01 X92.362 Y197.582
G01 X96.798 Y203.323
G01 X101.233 Y209.066
G01 X105.668 Y214.808
G01 X110.103 Y220.549
G01 X114.538 Y226.292
G01 X118.973 Y232.034
G01 X123.408 Y237.775
G01 X127.843 Y243.518
G01 X132.278 Y249.260
G01 X136.594 Y254.857
G01 X136.713 Y255.002
G01 X140.713 Y260.216
G01 X141.147 Y260.743
G01 X144.868 Y265.618
G01 X145.584 Y266.486
G01 X149.058 Y271.060
G01 X150.019 Y272.228
G01 X153.284 Y276.543
G01 X154.454 Y277.969
G01 X157.546 Y282.067
G01 X158.889 Y283.712
G01 X161.841 Y287.635
G01 X163.324 Y289.454
G01 X166.170 Y293.243
G01 X167.759 Y295.195
G01 X170.534 Y298.894
G01 X172.194 Y300.938
G01 X174.930 Y304.589
G01 X176.629 Y306.680
G01 X179.363 Y310.327
G01 X181.064 Y312.421
G01 X183.829 Y316.110
G01 X185.499 Y318.163
G01 X188.331 Y321.935
G01 X189.935 Y323.906
G01 X192.868 Y327.805
G01 X194.370 Y329.647
G01 X197.440 Y333.721
G01 X198.805 Y335.389
G01 X202.050 Y339.678
G01 X203.240 Y341.132
G01 X206.697 Y345.682
G01 X207.675 Y346.874
G01 X211.380 Y351.728
G01 X212.110 Y352.615
G01 X216.100 Y357.819
G01 X216.545 Y358.358
G01 X220.858 Y363.952
G01 X220.980 Y364.100
G01 X225.415 Y369.841
G01 X229.850 Y375.584
G01 X234.284 Y381.326
G01 X238.719 Y387.067
G01 X243.156 Y392.810
G01 X247.591 Y398.552
G01 X252.025 Y404.293
G01 X256.461 Y410.036
G01 X260.896 Y415.778
G01 X265.331 Y421.519
G01 X269.766 Y427.262
G01 X274.201 Y433.004
G01 X278.636 Y438.745
G01 X283.071 Y444.488
G01 X287.506 Y450.230
G01 X291.942 Y455.971
G01 X296.377 Y461.714
G01 X300.812 Y467.456
G01 X305.247 Y473.197
G01 X309.682 Y478.940
G01 X314.117 Y484.682
G01 X318.552 Y490.423
G01 X314.022 Y484.853
G01 X309.492 Y479.281
G01 X304.962 Y473.709
G01 X300.432 Y468.137
G01 X295.901 Y462.567
G01 X291.371 Y456.995
G01 X286.841 Y451.423
G01 X282.311 Y445.853
G01 X277.781 Y440.281
G01 X273.251 Y434.709
G01 X268.721 Y429.139
G01 X264.191 Y423.567
G01 X259.661 Y417.995
G01 X255.130 Y412.425
G01 X250.600 Y406.853
G01 X246.070 Y401.281
G01 X241.540 Y395.711
G01 X237.010 Y390.139
G01 X232.480 Y384.567
G01 X227.950 Y378.995
G01 X223.420 Y373.425
G01 X218.889 Y367.853
G01 X214.375 Y362.303
G01 X214.358 Y362.281
G01 X210.123 Y357.096
G01 X209.829 Y356.711
G01 X205.839 Y351.848
G01 X205.298 Y351.139
G01 X201.528 Y346.558
G01 X200.769 Y345.567
G01 X197.185 Y341.230
G01 X196.238 Y339.997
G01 X192.812 Y335.861
G01 X191.709 Y334.425
G01 X188.411 Y330.452
G01 X187.178 Y328.853
G01 X183.976 Y325.004
G01 X182.649 Y323.283
G01 X179.512 Y319.516
G01 X178.118 Y317.711
G01 X175.017 Y313.988
G01 X173.588 Y312.139
G01 X170.490 Y308.420
G01 X169.058 Y306.567
G01 X165.930 Y302.810
G01 X164.528 Y300.997
G01 X161.338 Y297.161
G01 X159.998 Y295.425
G01 X156.714 Y291.471
G01 X155.468 Y289.853
G01 X152.058 Y285.738
G01 X150.938 Y284.283
G01 X147.370 Y279.966
G01 X146.408 Y278.711
G01 X142.651 Y274.149
G01 X141.877 Y273.139
G01 X137.899 Y268.291
G01 X137.346 Y267.569
G01 X133.117 Y262.391
G01 X132.817 Y261.997
G01 X128.303 Y256.447
G01 X128.286 Y256.425
G01 X123.757 Y250.853
G01 X119.226 Y245.282
G01 X114.697 Y239.712
G01 X110.166 Y234.139
G01 X105.637 Y228.569
G01 X101.106 Y222.996
G01 X96.576 Y217.425
G01 X92.046 Y211.855
G01 X87.516 Y206.282
G01 X82.986 Y200.712
G01 X78.456 Y195.141
G01 X73.925 Y189.569
G01 X69.396 Y183.998
G01 X64.865 Y178.427
G01 X60.334 Y172.855
G01 X55.805 Y167.284
G01 X51.274 Y161.712
G01 X46.745 Y156.141
G01 X42.214 Y150.570
G01 X37.685 Y144.998
G01 X33.154 Y139.427
G01 X28.625 Y133.855
G01 X33.418 Y139.341
G01 X38.209 Y144.828
G01 X43.002 Y150.314
G01 X47.796 Y155.800
G01 X52.589 Y161.287
G01 X57.382 Y166.773
G01 X62.175 Y172.260
G01 X66.966 Y177.746
G01 X71.760 Y183.232
G01 X76.553 Y188.719
G01 X81.346 Y194.204
G01 X86.139 Y199.691
G01 X90.932 Y205.178
G01 X95.724 Y210.663
G01 X100.517 Y216.150
G01 X105.310 Y221.637
G01 X110.103 Y227.123
G01 X114.896 Y232.609
G01 X119.689 Y238.096
G01 X124.481 Y243.582
G01 X129.274 Y249.067
G01 X134.067 Y254.554
G01 X138.692 Y259.861
G01 X138.860 Y260.041
G01 X143.135 Y264.971
G01 X143.653 Y265.526
G01 X147.617 Y270.123
G01 X148.445 Y271.012
G01 X152.139 Y275.315
G01 X153.238 Y276.500
G01 X156.699 Y280.546
G01 X158.031 Y281.986
G01 X161.298 Y285.820
G01 X162.824 Y287.471
G01 X165.935 Y291.134
G01 X167.617 Y292.959
G01 X170.611 Y296.488
G01 X172.409 Y298.445
G01 X175.324 Y301.885
G01 X177.202 Y303.932
G01 X180.075 Y307.325
G01 X181.995 Y309.418
G01 X184.863 Y312.807
G01 X186.788 Y314.904
G01 X189.692 Y318.332
G01 X191.582 Y320.389
G01 X194.558 Y323.901
G01 X196.374 Y325.877
G01 X199.464 Y329.514
G01 X201.166 Y331.363
G01 X204.409 Y335.170
G01 X205.959 Y336.849
G01 X209.397 Y340.870
G01 X210.752 Y342.336
G01 X214.423 Y346.612
G01 X215.546 Y347.822
G01 X219.492 Y352.397
G01 X220.339 Y353.308
G01 X224.601 Y358.226
G01 X225.130 Y358.795
G01 X229.752 Y364.096
G01 X229.923 Y364.281
G01 X234.716 Y369.767
G01 X239.510 Y375.254
G01 X244.303 Y380.740
G01 X249.096 Y386.226
G01 X253.888 Y391.713
G01 X258.680 Y397.199
G01 X263.474 Y402.685
G01 X268.267 Y408.171
G01 X273.060 Y413.658
G01 X277.853 Y419.144
G01 X282.646 Y424.630
G01 X287.438 Y430.117
G01 X292.231 Y435.603
G01 X297.024 Y441.089
G01 X301.817 Y446.576
G01 X306.610 Y452.062
G01 X311.403 Y457.548
G01 X316.195 Y463.034
G01 X320.988 Y468.521
G01 X325.781 Y474.007
G01 X330.574 Y479.493
G01 X335.367 Y484.980
G01 X330.488 Y479.668
G01 X325.609 Y474.358
G01 X320.728 Y469.046
G01 X315.850 Y463.736
G01 X310.971 Y458.423
G01 X306.091 Y453.113
G01 X301.212 Y447.802
G01 X296.333 Y442.490
G01 X291.454 Y437.180
G01 X286.575 Y431.868
G01 X281.695 Y426.557
G01 X276.816 Y421.245
G01 X271.937 Y415.935
G01 X267.058 Y410.624
G01 X262.179 Y405.312
G01 X257.299 Y400.000
G01 X252.419 Y394.690
G01 X247.541 Y389.379
G01 X242.661 Y384.067
G01 X237.781 Y378.757
G01 X232.903 Y373.445
G01 X228.024 Y368.134
G01 X223.207 Y362.896
G01 X223.144 Y362.822
G01 X218.637 Y357.942
G01 X218.264 Y357.512
G01 X214.033 Y352.950
G01 X213.385 Y352.201
G01 X209.396 Y347.916
G01 X208.507 Y346.889
G01 X204.726 Y342.844
G01 X203.627 Y341.577
G01 X200.022 Y337.731
G01 X198.748 Y336.267
G01 X195.284 Y332.581
G01 X193.868 Y330.956
G01 X190.512 Y327.389
G01 X188.990 Y325.644
G01 X185.707 Y322.161
G01 X184.111 Y320.334
G01 X180.867 Y316.892
G01 X179.231 Y315.022
G01 X175.990 Y311.584
G01 X174.351 Y309.711
G01 X171.079 Y306.237
G01 X169.473 Y304.399
G01 X166.130 Y300.850
G01 X164.594 Y299.089
G01 X161.147 Y295.421
G01 X159.714 Y293.778
G01 X156.129 Y289.952
G01 X154.834 Y288.466
G01 X151.074 Y284.442
G01 X149.956 Y283.156
G01 X145.983 Y278.891
G01 X145.077 Y277.844
G01 X140.858 Y273.298
G01 X140.197 Y272.533
G01 X135.699 Y267.663
G01 X135.319 Y267.221
G01 X130.504 Y261.986
G01 X130.439 Y261.911
G01 X125.560 Y256.600
G01 X120.680 Y251.287
G01 X115.802 Y245.977
G01 X110.921 Y240.666
G01 X106.043 Y235.355
G01 X101.163 Y230.043
G01 X96.284 Y224.733
G01 X91.404 Y219.421
G01 X86.526 Y214.109
G01 X81.647 Y208.799
G01 X76.767 Y203.488
G01 X71.889 Y198.177
G01 X67.009 Y192.865
G01 X62.130 Y187.554
G01 X57.250 Y182.243
G01 X52.372 Y176.932
G01 X47.492 Y171.621
G01 X42.613 Y166.310
G01 X37.733 Y160.998
G01 X32.855 Y155.687
G01 X27.976 Y150.376
G01 X23.096 Y145.065
G01 X28.231 Y150.273
G01 X33.367 Y155.480
G01 X38.502 Y160.688
G01 X43.637 Y165.896
G01 X48.772 Y171.103
G01 X53.908 Y176.312
G01 X59.043 Y181.519
G01 X64.178 Y186.727
G01 X69.314 Y191.935
G01 X74.449 Y197.143
G01 X79.584 Y202.350
G01 X84.719 Y207.558
G01 X89.855 Y212.766
G01 X94.990 Y217.974
G01 X100.125 Y223.180
G01 X105.260 Y228.388
G01 X110.396 Y233.597
G01 X115.531 Y238.805
G01 X120.666 Y244.013
G01 X125.802 Y249.220
G01 X130.937 Y254.428
G01 X136.072 Y259.635
G01 X140.988 Y264.637
G01 X141.207 Y264.844
G01 X145.740 Y269.478
G01 X146.343 Y270.050
G01 X150.533 Y274.358
G01 X151.478 Y275.259
G01 X155.370 Y279.279
G01 X156.613 Y280.466
G01 X160.249 Y284.238
G01 X161.749 Y285.675
G01 X165.171 Y289.238
G01 X166.884 Y290.882
G01 X170.135 Y294.276
G01 X172.019 Y296.089
G01 X175.139 Y299.356
G01 X177.154 Y301.298
G01 X180.187 Y304.476
G01 X182.290 Y306.505
G01 X185.276 Y309.639
G01 X187.425 Y311.714
G01 X190.406 Y314.841
G01 X192.560 Y316.921
G01 X195.581 Y320.088
G01 X197.695 Y322.129
G01 X200.796 Y325.375
G01 X202.832 Y327.337
G01 X206.057 Y330.707
G01 X207.966 Y332.545
G01 X211.361 Y336.081
G01 X213.101 Y337.752
G01 X216.709 Y341.497
G01 X218.237 Y342.959
G01 X222.103 Y346.954
G01 X223.373 Y348.168
G01 X227.541 Y352.454
G01 X228.507 Y353.375
G01 X233.026 Y357.997
G01 X233.642 Y358.582
G01 X238.555 Y363.579
G01 X238.779 Y363.791
G01 X243.913 Y368.999
G01 X249.049 Y374.207
G01 X254.184 Y379.415
G01 X259.320 Y384.622
G01 X264.454 Y389.829
G01 X269.590 Y395.038
G01 X274.726 Y400.245
G01 X279.861 Y405.452
G01 X284.996 Y410.661
G01 X290.132 Y415.868
G01 X295.267 Y421.077
G01 X300.401 Y426.284
G01 X305.537 Y431.492
G01 X310.673 Y436.700
G01 X315.808 Y441.908
G01 X320.942 Y447.115
G01 X326.079 Y452.322
G01 X331.214 Y457.531
G01 X336.349 Y462.738
G01 X341.484 Y467.947
G01 X346.620 Y473.154
G01 X351.755 Y478.362
G01 X346.542 Y473.332
G01 X341.329 Y468.305
G01 X336.117 Y463.276
G01 X330.904 Y458.248
G01 X325.691 Y453.219
G01 X320.478 Y448.190
G01 X315.264 Y443.161
G01 X310.053 Y438.134
G01 X304.840 Y433.105
G01 X299.627 Y428.077
G01 X294.413 Y423.048
G01 X289.201 Y418.019
G01 X283.989 Y412.990
G01 X278.776 Y407.963
G01 X273.562 Y402.933
G01 X268.350 Y397.906
G01 X263.137 Y392.877
G01 X257.924 Y387.849
G01 X252.712 Y382.820
G01 X247.499 Y377.791
G01 X242.286 Y372.762
G01 X237.072 Y367.735
G01 X231.973 Y362.822
G01 X231.860 Y362.706
G01 X227.101 Y358.144
G01 X226.647 Y357.678
G01 X222.192 Y353.427
G01 X221.435 Y352.649
G01 X217.247 Y348.670
G01 X216.221 Y347.620
G01 X212.264 Y343.875
G01 X211.009 Y342.591
G01 X207.245 Y339.041
G01 X205.796 Y337.564
G01 X202.190 Y334.168
G01 X200.584 Y332.534
G01 X197.096 Y329.257
G01 X195.370 Y327.507
G01 X191.964 Y324.308
G01 X190.158 Y322.478
G01 X186.793 Y319.322
G01 X184.945 Y317.449
G01 X181.584 Y314.298
G01 X179.731 Y312.421
G01 X176.336 Y309.233
G01 X174.519 Y307.392
G01 X171.048 Y304.130
G01 X169.307 Y302.363
G01 X165.719 Y298.988
G01 X164.094 Y297.334
G01 X160.353 Y293.805
G01 X158.880 Y292.307
G01 X154.947 Y288.582
G01 X153.668 Y287.278
G01 X149.500 Y283.320
G01 X148.454 Y282.250
G01 X144.017 Y278.014
G01 X143.242 Y277.221
G01 X138.493 Y272.670
G01 X138.029 Y272.192
G01 X132.932 Y267.283
G01 X132.817 Y267.163
G01 X127.603 Y262.135
G01 X122.391 Y257.106
G01 X117.178 Y252.079
G01 X111.966 Y247.049
G01 X106.752 Y242.022
G01 X101.540 Y236.993
G01 X96.327 Y231.965
G01 X91.113 Y226.936
G01 X85.901 Y221.907
G01 X80.689 Y216.879
G01 X75.476 Y211.850
G01 X70.262 Y206.822
G01 X65.050 Y201.793
G01 X59.838 Y196.764
G01 X54.625 Y191.736
G01 X49.411 Y186.708
G01 X44.199 Y181.679
G01 X38.986 Y176.651
G01 X33.772 Y171.622
G01 X28.560 Y166.594
G01 X23.348 Y161.565
G01 X18.135 Y156.537
G01 X23.596 Y161.444
G01 X29.057 Y166.351
G01 X34.517 Y171.259
G01 X39.978 Y176.166
G01 X45.440 Y181.073
G01 X50.901 Y185.980
G01 X56.361 Y190.888
G01 X61.822 Y195.795
G01 X67.283 Y200.702
G01 X72.743 Y205.610
G01 X78.204 Y210.517
G01 X83.666 Y215.424
G01 X89.127 Y220.332
G01 X94.588 Y225.239
G01 X100.048 Y230.145
G01 X105.510 Y235.053
G01 X110.971 Y239.960
G01 X116.432 Y244.868
G01 X121.892 Y249.775
G01 X127.353 Y254.681
G01 X132.815 Y259.589
G01 X138.274 Y264.497
G01 X143.468 Y269.178
G01 X143.736 Y269.404
G01 X148.507 Y273.731
G01 X149.197 Y274.310
G01 X153.594 Y278.322
G01 X154.658 Y279.219
G01 X158.728 Y282.952
G01 X160.118 Y284.125
G01 X163.909 Y287.618
G01 X165.579 Y289.033
G01 X169.137 Y292.322
G01 X171.041 Y293.940
G01 X174.409 Y297.065
G01 X176.502 Y298.848
G01 X179.728 Y301.849
G01 X181.963 Y303.755
G01 X185.093 Y306.671
G01 X187.423 Y308.661
G01 X190.502 Y311.533
G01 X192.885 Y313.570
G01 X195.959 Y316.435
G01 X198.346 Y318.476
G01 X201.461 Y321.380
G01 X203.807 Y323.384
G01 X207.010 Y326.365
G01 X209.267 Y328.291
G01 X212.608 Y331.392
G01 X214.728 Y333.199
G01 X218.254 Y336.461
G01 X220.190 Y338.106
G01 X223.949 Y341.570
G01 X225.649 Y343.012
G01 X229.692 Y346.721
G01 X231.111 Y347.921
G01 X235.485 Y351.911
G01 X236.572 Y352.827
G01 X241.327 Y357.142
G01 X242.033 Y357.735
G01 X247.220 Y362.411
G01 X247.494 Y362.642
G01 X252.954 Y367.550
G01 X258.416 Y372.457
G01 X263.877 Y377.363
G01 X269.338 Y382.272
G01 X274.799 Y387.178
G01 X280.260 Y392.086
G01 X285.721 Y396.993
G01 X291.182 Y401.899
G01 X296.643 Y406.808
G01 X302.103 Y411.714
G01 X307.564 Y416.622
G01 X313.025 Y421.529
G01 X318.486 Y426.437
G01 X323.947 Y431.344
G01 X329.408 Y436.252
G01 X334.869 Y441.159
G01 X340.329 Y446.065
G01 X345.791 Y450.973
G01 X351.252 Y455.880
G01 X356.713 Y460.788
G01 X362.174 Y465.695
G01 X367.635 Y470.601
G01 X362.105 Y465.877
G01 X356.576 Y461.154
G01 X351.047 Y456.428
G01 X345.517 Y451.704
G01 X339.988 Y446.981
G01 X334.458 Y442.255
G01 X328.929 Y437.531
G01 X323.400 Y432.807
G01 X317.870 Y428.082
G01 X312.341 Y423.358
G01 X306.811 Y418.634
G01 X301.281 Y413.909
G01 X295.752 Y409.185
G01 X290.223 Y404.461
G01 X284.694 Y399.737
G01 X279.163 Y395.012
G01 X273.635 Y390.288
G01 X268.106 Y385.564
G01 X262.576 Y380.839
G01 X257.047 Y376.115
G01 X251.517 Y371.391
G01 X245.988 Y366.666
G01 X240.623 Y362.091
G01 X240.459 Y361.942
G01 X235.468 Y357.709
G01 X234.928 Y357.216
G01 X230.272 Y353.286
G01 X229.399 Y352.493
G01 X225.036 Y348.826
G01 X223.870 Y347.769
G01 X219.759 Y344.327
G01 X218.341 Y343.043
G01 X214.442 Y339.791
G01 X212.812 Y338.320
G01 X209.084 Y335.219
G01 X207.281 Y333.596
G01 X203.685 Y330.610
G01 X201.752 Y328.870
G01 X198.245 Y325.963
G01 X196.223 Y324.147
G01 X192.762 Y321.279
G01 X190.694 Y319.421
G01 X187.237 Y316.558
G01 X185.165 Y314.697
G01 X181.668 Y311.800
G01 X179.635 Y309.974
G01 X176.057 Y307.004
G01 X174.106 Y305.249
G01 X170.401 Y302.168
G01 X168.576 Y300.524
G01 X164.704 Y297.296
G01 X163.046 Y295.800
G01 X158.962 Y292.382
G01 X157.517 Y291.076
G01 X153.178 Y287.430
G01 X151.988 Y286.351
G01 X147.350 Y282.438
G01 X146.459 Y281.627
G01 X141.480 Y277.404
G01 X140.928 Y276.903
G01 X135.569 Y272.332
G01 X135.399 Y272.178
G01 X129.870 Y267.454
G01 X124.341 Y262.730
G01 X118.812 Y258.005
G01 X113.281 Y253.281
G01 X107.752 Y248.556
G01 X102.224 Y243.832
G01 X96.694 Y239.108
G01 X91.165 Y234.383
G01 X85.635 Y229.659
G01 X80.106 Y224.935
G01 X74.577 Y220.210
G01 X69.046 Y215.486
G01 X63.517 Y210.762
G01 X57.988 Y206.037
G01 X52.459 Y201.312
G01 X46.930 Y196.589
G01 X41.399 Y191.864
G01 X35.870 Y187.139
G01 X30.341 Y182.416
G01 X24.812 Y177.691
G01 X19.283 Y172.966
G01 X13.752 Y168.242
G01 X19.521 Y172.828
G01 X25.290 Y177.413
G01 X31.058 Y182.000
G01 X36.827 Y186.586
G01 X42.594 Y191.172
G01 X48.363 Y195.757
G01 X54.132 Y200.344
G01 X59.899 Y204.930
G01 X65.668 Y209.514
G01 X71.437 Y214.101
G01 X77.204 Y218.686
G01 X82.973 Y223.273
G01 X88.742 Y227.859
G01 X94.510 Y232.445
G01 X100.278 Y237.031
G01 X106.046 Y241.617
G01 X111.815 Y246.203
G01 X117.582 Y250.788
G01 X123.351 Y255.375
G01 X129.120 Y259.959
G01 X134.887 Y264.546
G01 X140.656 Y269.132
G01 X146.108 Y273.483
G01 X146.425 Y273.718
G01 X151.418 Y277.730
G01 X152.192 Y278.303
G01 X156.779 Y282.012
G01 X157.962 Y282.889
G01 X162.192 Y286.329
G01 X163.730 Y287.476
G01 X167.656 Y290.683
G01 X169.498 Y292.062
G01 X173.170 Y295.075
G01 X175.267 Y296.647
G01 X178.733 Y299.502
G01 X181.034 Y301.233
G01 X184.346 Y303.968
G01 X186.803 Y305.820
G01 X190.010 Y308.471
G01 X192.572 Y310.404
G01 X195.723 Y313.014
G01 X198.339 Y314.990
G01 X201.485 Y317.594
G01 X204.108 Y319.577
G01 X207.298 Y322.216
G01 X209.877 Y324.163
G01 X213.163 Y326.877
G01 X215.644 Y328.749
G01 X219.079 Y331.579
G01 X221.413 Y333.334
G01 X225.050 Y336.320
G01 X227.182 Y337.921
G01 X231.072 Y341.101
G01 X232.950 Y342.507
G01 X237.149 Y345.921
G01 X238.718 Y347.093
G01 X243.279 Y350.779
G01 X244.487 Y351.678
G01 X249.462 Y355.675
G01 X250.255 Y356.264
G01 X255.698 Y360.611
G01 X256.023 Y360.850
G01 X261.792 Y365.435
G01 X267.560 Y370.022
G01 X273.328 Y374.608
G01 X279.097 Y379.194
G01 X284.865 Y383.779
G01 X290.632 Y388.365
G01 X296.401 Y392.952
G01 X302.170 Y397.538
G01 X307.938 Y402.124
G01 X313.707 Y406.709
G01 X319.475 Y411.295
G01 X325.243 Y415.880
G01 X331.011 Y420.466
G01 X336.780 Y425.053
G01 X342.548 Y429.639
G01 X348.316 Y434.225
G01 X354.085 Y438.810
G01 X359.853 Y443.397
G01 X365.622 Y447.983
G01 X371.389 Y452.567
G01 X377.158 Y457.154
G01 X382.927 Y461.740
G01 X377.099 Y457.341
G01 X371.271 Y452.940
G01 X365.444 Y448.541
G01 X359.615 Y444.141
G01 X353.788 Y439.740
G01 X347.961 Y435.341
G01 X342.134 Y430.942
G01 X336.305 Y426.541
G01 X330.478 Y422.142
G01 X324.651 Y417.742
G01 X318.823 Y413.341
G01 X312.996 Y408.942
G01 X307.168 Y404.543
G01 X301.340 Y400.142
G01 X295.513 Y395.743
G01 X289.685 Y391.343
G01 X283.858 Y386.944
G01 X278.030 Y382.543
G01 X272.203 Y378.144
G01 X266.375 Y373.743
G01 X260.548 Y369.344
G01 X254.720 Y364.944
G01 X249.109 Y360.719
G01 X248.892 Y360.545
G01 X243.689 Y356.649
G01 X243.065 Y356.144
G01 X238.225 Y352.541
G01 X237.237 Y351.745
G01 X232.716 Y348.396
G01 X231.409 Y347.344
G01 X227.165 Y344.214
G01 X225.582 Y342.945
G01 X221.569 Y339.995
G01 X219.755 Y338.545
G01 X215.928 Y335.742
G01 X213.927 Y334.146
G01 X210.243 Y331.452
G01 X208.099 Y329.745
G01 X204.512 Y327.127
G01 X202.272 Y325.346
G01 X198.736 Y322.767
G01 X196.444 Y320.945
G01 X192.913 Y318.370
G01 X190.617 Y316.546
G01 X187.043 Y313.938
G01 X184.788 Y312.147
G01 X181.125 Y309.469
G01 X178.962 Y307.747
G01 X175.161 Y304.964
G01 X173.134 Y303.346
G01 X169.151 Y300.420
G01 X167.305 Y298.947
G01 X163.091 Y295.839
G01 X161.478 Y294.546
G01 X156.986 Y291.219
G01 X155.651 Y290.147
G01 X150.834 Y286.560
G01 X149.824 Y285.748
G01 X144.635 Y281.863
G01 X143.995 Y281.348
G01 X138.391 Y277.127
G01 X138.168 Y276.947
G01 X132.341 Y272.548
G01 X126.512 Y268.149
G01 X120.685 Y263.749
G01 X114.858 Y259.349
G01 X109.031 Y254.948
G01 X103.202 Y250.549
G01 X97.375 Y246.149
G01 X91.548 Y241.750
G01 X85.719 Y237.350
G01 X79.892 Y232.950
G01 X74.065 Y228.549
G01 X68.238 Y224.150
G01 X62.409 Y219.751
G01 X56.582 Y215.351
G01 X50.755 Y210.951
G01 X44.927 Y206.550
G01 X39.100 Y202.151
G01 X33.272 Y197.752
G01 X27.445 Y193.352
G01 X21.617 Y188.952
G01 X15.790 Y184.552
G01 X9.962 Y180.151
G01 X16.017 Y184.397
G01 X22.074 Y188.642
G01 X28.130 Y192.887
G01 X34.187 Y197.132
G01 X40.243 Y201.376
G01 X46.298 Y205.621
G01 X52.355 Y209.865
G01 X58.411 Y214.111
G01 X64.466 Y218.356
G01 X70.522 Y222.600
G01 X76.579 Y226.845
G01 X82.635 Y231.090
G01 X88.692 Y235.335
G01 X94.748 Y239.579
G01 X100.803 Y243.823
G01 X106.860 Y248.069
G01 X112.916 Y252.314
G01 X118.971 Y256.558
G01 X125.028 Y260.803
G01 X131.084 Y265.048
G01 X137.141 Y269.293
G01 X143.197 Y273.538
G01 X148.892 Y277.548
G01 X149.252 Y277.783
G01 X154.452 Y281.469
G01 X155.308 Y282.028
G01 X160.067 Y285.425
G01 X161.365 Y286.272
G01 X165.738 Y289.415
G01 X167.421 Y290.517
G01 X171.464 Y293.439
G01 X173.476 Y294.762
G01 X177.245 Y297.498
G01 X179.533 Y299.007
G01 X183.079 Y301.591
G01 X185.589 Y303.252
G01 X188.966 Y305.721
G01 X191.646 Y307.497
G01 X194.909 Y309.887
G01 X197.702 Y311.740
G01 X200.904 Y314.089
G01 X203.757 Y315.986
G01 X206.954 Y318.329
G01 X209.814 Y320.231
G01 X213.058 Y322.608
G01 X215.870 Y324.476
G01 X219.219 Y326.925
G01 X221.925 Y328.719
G01 X225.437 Y331.279
G01 X227.981 Y332.964
G01 X231.711 Y335.673
G01 X234.038 Y337.209
G01 X238.043 Y340.105
G01 X240.094 Y341.454
G01 X244.431 Y344.572
G01 X246.150 Y345.700
G01 X250.880 Y349.077
G01 X252.207 Y349.945
G01 X257.386 Y353.618
G01 X258.263 Y354.189
G01 X263.950 Y358.194
G01 X264.319 Y358.433
G01 X270.375 Y362.678
G01 X276.432 Y366.923
G01 X282.488 Y371.168
G01 X288.543 Y375.413
G01 X294.600 Y379.658
G01 X300.656 Y383.903
G01 X306.712 Y388.147
G01 X312.768 Y392.392
G01 X318.824 Y396.637
G01 X324.880 Y400.882
G01 X330.937 Y405.127
G01 X336.993 Y409.372
G01 X343.049 Y413.617
G01 X349.105 Y417.862
G01 X355.161 Y422.106
G01 X361.216 Y426.351
G01 X367.273 Y430.596
G01 X373.329 Y434.841
G01 X379.385 Y439.086
G01 X385.442 Y443.331
G01 X391.498 Y447.575
G01 X397.553 Y451.820
G01 X391.447 Y447.764
G01 X385.341 Y443.707
G01 X379.236 Y439.651
G01 X373.130 Y435.596
G01 X367.024 Y431.540
G01 X360.918 Y427.483
G01 X354.812 Y423.428
G01 X348.706 Y419.372
G01 X342.600 Y415.315
G01 X336.494 Y411.260
G01 X330.388 Y407.204
G01 X324.281 Y403.147
G01 X318.175 Y399.091
G01 X312.070 Y395.036
G01 X305.964 Y390.980
G01 X299.858 Y386.923
G01 X293.752 Y382.868
G01 X287.646 Y378.812
G01 X281.540 Y374.755
G01 X275.434 Y370.700
G01 X269.328 Y366.644
G01 X263.222 Y362.588
G01 X257.385 Y358.724
G01 X257.115 Y358.531
G01 X251.721 Y354.983
G01 X251.010 Y354.476
G01 X246.008 Y351.206
G01 X244.904 Y350.420
G01 X240.249 Y347.392
G01 X238.798 Y346.363
G01 X234.442 Y343.545
G01 X232.692 Y342.308
G01 X228.587 Y339.663
G01 X226.586 Y338.252
G01 X222.683 Y335.745
G01 X220.480 Y334.195
G01 X216.731 Y331.795
G01 X214.374 Y330.139
G01 X210.730 Y327.810
G01 X208.267 Y326.084
G01 X204.680 Y323.791
G01 X202.161 Y322.028
G01 X198.579 Y319.738
G01 X196.055 Y317.971
G01 X192.428 Y315.651
G01 X189.951 Y313.916
G01 X186.225 Y311.531
G01 X183.844 Y309.860
G01 X179.971 Y307.374
G01 X177.738 Y305.803
G01 X173.666 Y303.180
G01 X171.632 Y301.749
G01 X167.310 Y298.952
G01 X165.526 Y297.692
G01 X160.901 Y294.685
G01 X159.421 Y293.637
G01 X154.444 Y290.382
G01 X153.314 Y289.581
G01 X147.935 Y286.043
G01 X147.209 Y285.524
G01 X141.377 Y281.665
G01 X141.103 Y281.469
G01 X134.997 Y277.413
G01 X128.891 Y273.356
G01 X122.784 Y269.300
G01 X116.678 Y265.245
G01 X110.572 Y261.189
G01 X104.466 Y257.132
G01 X98.361 Y253.077
G01 X92.255 Y249.020
G01 X86.149 Y244.965
G01 X80.043 Y240.909
G01 X73.937 Y236.853
G01 X67.831 Y232.797
G01 X61.725 Y228.740
G01 X55.618 Y224.685
G01 X49.512 Y220.629
G01 X43.406 Y216.573
G01 X37.300 Y212.517
G01 X31.195 Y208.461
G01 X25.089 Y204.405
G01 X18.983 Y200.349
G01 X12.877 Y196.293
G01 X6.771 Y192.237
G01 X13.094 Y196.122
G01 X19.416 Y200.007
G01 X25.740 Y203.892
G01 X32.062 Y207.778
G01 X38.385 Y211.663
G01 X44.709 Y215.548
G01 X51.031 Y219.433
G01 X57.355 Y223.319
G01 X63.678 Y227.204
G01 X70.000 Y231.089
G01 X76.324 Y234.974
G01 X82.647 Y238.859
G01 X88.969 Y242.745
G01 X95.293 Y246.630
G01 X101.615 Y250.514
G01 X107.939 Y254.400
G01 X114.262 Y258.284
G01 X120.584 Y262.171
G01 X126.908 Y266.055
G01 X133.231 Y269.940
G01 X139.553 Y273.826
G01 X145.877 Y277.712
G01 X151.800 Y281.370
G01 X152.200 Y281.596
G01 X157.588 Y284.951
G01 X158.522 Y285.481
G01 X163.437 Y288.564
G01 X164.846 Y289.367
G01 X169.344 Y292.209
G01 X171.168 Y293.252
G01 X175.310 Y295.885
G01 X177.492 Y297.137
G01 X181.337 Y299.596
G01 X183.815 Y301.022
G01 X187.421 Y303.338
G01 X190.137 Y304.908
G01 X193.562 Y307.113
G01 X196.461 Y308.793
G01 X199.762 Y310.923
G01 X202.784 Y312.678
G01 X206.019 Y314.769
G01 X209.106 Y316.564
G01 X212.334 Y318.649
G01 X215.430 Y320.449
G01 X218.709 Y322.567
G01 X221.752 Y324.334
G01 X225.146 Y326.521
G01 X228.076 Y328.219
G01 X231.642 Y330.510
G01 X234.399 Y332.105
G01 X238.200 Y334.536
G01 X240.721 Y335.990
G01 X244.821 Y338.596
G01 X247.046 Y339.875
G01 X251.504 Y342.692
G01 X253.369 Y343.760
G01 X258.249 Y346.822
G01 X259.692 Y347.646
G01 X265.057 Y350.987
G01 X266.014 Y351.531
G01 X271.927 Y355.183
G01 X272.338 Y355.416
G01 X278.661 Y359.300
G01 X284.984 Y363.185
G01 X291.305 Y367.072
G01 X297.630 Y370.957
G01 X303.953 Y374.841
G01 X310.275 Y378.726
G01 X316.599 Y382.613
G01 X322.922 Y386.498
G01 X329.245 Y390.382
G01 X335.567 Y394.267
G01 X341.891 Y398.154
G01 X348.214 Y402.038
G01 X354.537 Y405.923
G01 X360.860 Y409.808
G01 X367.183 Y413.695
G01 X373.506 Y417.579
G01 X379.829 Y421.464
G01 X386.151 Y425.350
G01 X392.475 Y429.236
G01 X398.798 Y433.120
G01 X405.120 Y437.005
G01 X411.443 Y440.891
G01 X405.079 Y437.197
G01 X398.716 Y433.502
G01 X392.353 Y429.808
G01 X385.990 Y426.113
G01 X379.627 Y422.420
G01 X373.264 Y418.726
G01 X366.900 Y415.031
G01 X360.537 Y411.338
G01 X354.174 Y407.644
G01 X347.810 Y403.950
G01 X341.447 Y400.255
G01 X335.083 Y396.560
G01 X328.720 Y392.867
G01 X322.357 Y389.173
G01 X315.993 Y385.478
G01 X309.630 Y381.784
G01 X303.266 Y378.091
G01 X296.903 Y374.396
G01 X290.540 Y370.702
G01 X284.175 Y367.007
G01 X277.812 Y363.314
G01 X271.449 Y359.620
G01 X265.404 Y356.125
G01 X265.086 Y355.925
G01 X259.518 Y352.728
G01 X258.723 Y352.231
G01 X253.579 Y349.298
G01 X252.359 Y348.536
G01 X247.590 Y345.834
G01 X245.996 Y344.843
G01 X241.548 Y342.338
G01 X239.632 Y341.149
G01 X235.454 Y338.807
G01 X233.269 Y337.454
G01 X229.310 Y335.243
G01 X226.906 Y333.760
G01 X223.113 Y331.649
G01 X220.541 Y330.067
G01 X216.863 Y328.022
G01 X214.178 Y326.372
G01 X210.560 Y324.363
G01 X207.815 Y322.678
G01 X204.202 Y320.671
G01 X201.452 Y318.983
G01 X197.790 Y316.949
G01 X195.089 Y315.290
G01 X191.322 Y313.194
G01 X188.726 Y311.596
G01 X184.800 Y309.404
G01 X182.362 Y307.901
G01 X178.221 Y305.582
G01 X175.999 Y304.207
G01 X171.589 Y301.724
G01 X169.635 Y300.514
G01 X164.899 Y297.832
G01 X163.272 Y296.819
G01 X158.156 Y293.904
G01 X156.909 Y293.125
G01 X151.360 Y289.940
G01 X150.545 Y289.430
G01 X144.507 Y285.942
G01 X144.182 Y285.737
G01 X137.819 Y282.043
G01 X131.454 Y278.349
G01 X125.091 Y274.654
G01 X118.728 Y270.959
G01 X112.365 Y267.266
G01 X106.002 Y263.572
G01 X99.637 Y259.877
G01 X93.274 Y256.183
G01 X86.911 Y252.490
G01 X80.548 Y248.794
G01 X74.185 Y245.101
G01 X67.822 Y241.406
G01 X61.457 Y237.713
G01 X55.094 Y234.019
G01 X48.731 Y230.325
G01 X42.368 Y226.630
G01 X36.005 Y222.936
G01 X29.641 Y219.242
G01 X23.278 Y215.548
G01 X16.913 Y211.853
G01 X10.550 Y208.160
G01 X4.188 Y204.466
G01 X10.755 Y207.974
G01 X17.322 Y211.483
G01 X23.891 Y214.990
G01 X30.459 Y218.500
G01 X37.026 Y222.007
G01 X43.594 Y225.516
G01 X50.161 Y229.025
G01 X56.730 Y232.532
G01 X63.298 Y236.042
G01 X69.865 Y239.549
G01 X76.433 Y243.059
G01 X83.000 Y246.567
G01 X89.569 Y250.076
G01 X96.137 Y253.584
G01 X102.704 Y257.093
G01 X109.272 Y260.601
G01 X115.839 Y264.110
G01 X122.408 Y267.618
G01 X128.976 Y271.127
G01 X135.543 Y274.635
G01 X142.111 Y278.144
G01 X148.678 Y281.651
G01 X154.814 Y284.949
G01 X155.247 Y285.161
G01 X160.808 Y288.175
G01 X161.815 Y288.668
G01 X166.865 Y291.430
G01 X168.382 Y292.178
G01 X172.988 Y294.716
G01 X174.951 Y295.685
G01 X179.173 Y298.031
G01 X181.517 Y299.194
G01 X185.421 Y301.377
G01 X188.086 Y302.702
G01 X191.731 Y304.752
G01 X194.654 Y306.211
G01 X198.105 Y308.158
G01 X201.221 Y309.719
G01 X204.540 Y311.596
G01 X207.788 Y313.228
G01 X211.036 Y315.067
G01 X214.356 Y316.737
G01 X217.596 Y318.570
G01 X220.925 Y320.245
G01 X224.219 Y322.108
G01 X227.493 Y323.754
G01 X230.909 Y325.682
G01 X234.060 Y327.262
G01 X237.663 Y329.288
G01 X240.627 Y330.771
G01 X244.483 Y332.927
G01 X247.196 Y334.279
G01 X251.371 Y336.600
G01 X253.763 Y337.788
G01 X258.326 Y340.303
G01 X260.332 Y341.296
G01 X265.347 Y344.040
G01 X266.900 Y344.805
G01 X272.436 Y347.807
G01 X273.468 Y348.312
G01 X279.591 Y351.603
G01 X280.035 Y351.822
G01 X286.603 Y355.329
G01 X293.171 Y358.838
G01 X299.739 Y362.346
G01 X306.305 Y365.855
G01 X312.874 Y369.363
G01 X319.442 Y372.872
G01 X326.010 Y376.380
G01 X332.578 Y379.889
G01 X339.146 Y383.397
G01 X345.713 Y386.906
G01 X352.281 Y390.415
G01 X358.849 Y393.923
G01 X365.417 Y397.432
G01 X371.984 Y400.940
G01 X378.552 Y404.449
G01 X385.120 Y407.957
G01 X391.688 Y411.466
G01 X398.255 Y414.974
G01 X404.824 Y418.481
G01 X411.390 Y421.990
G01 X417.959 Y425.499
G01 X424.526 Y429.007
G01 X417.928 Y425.692
G01 X411.329 Y422.377
G01 X404.731 Y419.060
G01 X398.132 Y415.745
G01 X391.534 Y412.430
G01 X384.935 Y409.113
G01 X378.337 Y405.798
G01 X371.738 Y402.483
G01 X365.139 Y399.166
G01 X358.541 Y395.851
G01 X351.942 Y392.536
G01 X345.344 Y389.221
G01 X338.746 Y385.904
G01 X332.147 Y382.589
G01 X325.548 Y379.274
G01 X318.950 Y375.957
G01 X312.351 Y372.642
G01 X305.752 Y369.327
G01 X299.154 Y366.010
G01 X292.555 Y362.695
G01 X285.957 Y359.380
G01 X279.359 Y356.064
G01 X273.124 Y352.947
G01 X272.760 Y352.749
G01 X267.038 Y349.911
G01 X266.161 Y349.433
G01 X260.896 Y346.843
G01 X259.562 Y346.117
G01 X254.698 Y343.742
G01 X252.964 Y342.802
G01 X248.446 Y340.610
G01 X246.365 Y339.486
G01 X242.137 Y337.447
G01 X239.767 Y336.171
G01 X235.772 Y334.252
G01 X233.168 Y332.855
G01 X229.353 Y331.029
G01 X226.570 Y329.540
G01 X222.875 Y327.776
G01 X219.971 Y326.224
G01 X216.341 Y324.493
G01 X213.373 Y322.908
G01 X209.750 Y321.180
G01 X206.774 Y319.593
G01 X203.100 Y317.839
G01 X200.175 Y316.276
G01 X196.389 Y314.466
G01 X193.577 Y312.961
G01 X189.620 Y311.062
G01 X186.978 Y309.646
G01 X182.791 Y307.627
G01 X180.380 Y306.329
G01 X175.903 Y304.159
G01 X173.781 Y303.014
G01 X168.954 Y300.658
G01 X167.183 Y299.699
G01 X161.949 Y297.124
G01 X160.584 Y296.382
G01 X154.884 Y293.557
G01 X153.986 Y293.067
G01 X147.760 Y289.956
G01 X147.387 Y289.752
G01 X140.788 Y286.435
G01 X134.190 Y283.120
G01 X127.591 Y279.805
G01 X120.993 Y276.490
G01 X114.394 Y273.173
G01 X107.796 Y269.858
G01 X101.197 Y266.543
G01 X94.599 Y263.226
G01 X88.000 Y259.911
G01 X81.401 Y256.596
G01 X74.803 Y253.280
G01 X68.204 Y249.965
G01 X61.606 Y246.649
G01 X55.007 Y243.333
G01 X48.409 Y240.018
G01 X41.810 Y236.702
G01 X35.212 Y233.386
G01 X28.613 Y230.071
G01 X22.014 Y226.755
G01 X15.416 Y223.440
G01 X8.817 Y220.124
G01 X2.219 Y216.808
G01 X9.007 Y219.924
G01 X15.798 Y223.040
G01 X22.587 Y226.156
G01 X29.375 Y229.272
G01 X36.166 Y232.388
G01 X42.954 Y235.504
G01 X49.743 Y238.620
G01 X56.534 Y241.736
G01 X63.322 Y244.852
G01 X70.113 Y247.968
G01 X76.901 Y251.084
G01 X83.690 Y254.200
G01 X90.480 Y257.315
G01 X97.269 Y260.432
G01 X104.058 Y263.548
G01 X110.849 Y266.663
G01 X117.637 Y269.779
G01 X124.427 Y272.896
G01 X131.216 Y276.012
G01 X138.005 Y279.127
G01 X144.795 Y282.243
G01 X151.584 Y285.360
G01 X157.915 Y288.284
G01 X158.374 Y288.476
G01 X164.091 Y291.144
G01 X165.163 Y291.591
G01 X170.334 Y294.031
G01 X171.952 Y294.707
G01 X176.647 Y296.942
G01 X178.742 Y297.822
G01 X183.028 Y299.882
G01 X185.531 Y300.940
G01 X189.475 Y302.848
G01 X192.320 Y304.055
G01 X195.990 Y305.841
G01 X199.110 Y307.171
G01 X202.570 Y308.863
G01 X205.899 Y310.286
G01 X209.216 Y311.915
G01 X212.586 Y313.362
G01 X212.689 Y313.403
G01 X215.930 Y314.995
G01 X219.237 Y316.423
G01 X219.478 Y316.519
G01 X222.711 Y318.106
G01 X226.024 Y319.538
G01 X226.267 Y319.635
G01 X229.558 Y321.250
G01 X232.952 Y322.709
G01 X233.057 Y322.750
G01 X236.478 Y324.425
G01 X239.846 Y325.867
G01 X243.466 Y327.632
G01 X246.636 Y328.983
G01 X250.526 Y330.868
G01 X253.424 Y332.099
G01 X257.659 Y334.134
G01 X260.214 Y335.214
G01 X264.862 Y337.428
G01 X267.004 Y338.331
G01 X272.137 Y340.752
G01 X273.793 Y341.447
G01 X279.484 Y344.105
G01 X280.583 Y344.562
G01 X286.901 Y347.483
G01 X287.372 Y347.678
G01 X294.161 Y350.795
G01 X300.951 Y353.911
G01 X307.740 Y357.026
G01 X314.529 Y360.142
G01 X321.318 Y363.259
G01 X328.108 Y366.375
G01 X334.897 Y369.490
G01 X341.687 Y372.606
G01 X348.476 Y375.723
G01 X355.266 Y378.839
G01 X362.055 Y381.954
G01 X368.844 Y385.070
G01 X375.634 Y388.187
G01 X382.423 Y391.303
G01 X389.212 Y394.418
G01 X396.002 Y397.534
G01 X402.791 Y400.649
G01 X409.579 Y403.767
G01 X416.370 Y406.882
G01 X423.159 Y409.998
G01 X429.949 Y413.113
G01 X436.738 Y416.230
G01 X429.927 Y413.308
G01 X423.116 Y410.387
G01 X416.307 Y407.464
G01 X409.495 Y404.543
G01 X402.685 Y401.620
G01 X395.875 Y398.699
G01 X389.065 Y395.778
G01 X382.254 Y392.856
G01 X375.444 Y389.933
G01 X368.632 Y387.012
G01 X361.823 Y384.089
G01 X355.012 Y381.168
G01 X348.202 Y378.247
G01 X341.392 Y375.325
G01 X334.581 Y372.403
G01 X327.771 Y369.481
G01 X320.960 Y366.558
G01 X314.149 Y363.637
G01 X307.339 Y360.716
G01 X300.529 Y357.793
G01 X293.718 Y354.872
G01 X286.908 Y351.950
G01 X280.502 Y349.219
G01 X280.098 Y349.029
G01 X274.240 Y346.555
G01 X273.287 Y346.106
G01 X267.918 Y343.861
G01 X266.477 Y343.185
G01 X261.537 Y341.135
G01 X259.666 Y340.262
G01 X255.097 Y338.382
G01 X252.856 Y337.341
G01 X248.596 Y335.601
G01 X246.044 Y334.418
G01 X242.036 Y332.790
G01 X239.235 Y331.498
G01 X235.416 Y329.952
G01 X232.423 Y328.576
G01 X228.737 Y327.088
G01 X225.613 Y325.654
G01 X221.995 Y324.195
G01 X218.803 Y322.731
G01 X215.192 Y321.276
G01 X211.993 Y319.810
G01 X208.327 Y318.331
G01 X205.183 Y316.889
G01 X201.397 Y315.358
G01 X198.372 Y313.966
G01 X194.404 Y312.356
G01 X191.562 Y311.045
G01 X187.348 Y309.324
G01 X184.750 Y308.123
G01 X180.226 Y306.262
G01 X177.940 Y305.201
G01 X173.043 Y303.171
G01 X171.130 Y302.279
G01 X165.796 Y300.048
G01 X164.320 Y299.358
G01 X158.487 Y296.894
G01 X157.510 Y296.435
G01 X151.115 Y293.709
G01 X150.699 Y293.514
G01 X143.889 Y290.591
G01 X137.077 Y287.670
G01 X130.267 Y284.749
G01 X123.457 Y281.827
G01 X116.647 Y278.904
G01 X109.837 Y275.983
G01 X103.026 Y273.060
G01 X96.216 Y270.139
G01 X89.404 Y267.218
G01 X82.594 Y264.296
G01 X75.784 Y261.374
G01 X68.974 Y258.452
G01 X62.163 Y255.530
G01 X55.353 Y252.609
G01 X48.543 Y249.686
G01 X41.731 Y246.764
G01 X34.921 Y243.843
G01 X28.111 Y240.921
G01 X21.300 Y238.000
G01 X14.490 Y235.078
G01 X7.680 Y232.156
G01 X0.868 Y229.234
G01 X7.856 Y231.942
G01 X14.843 Y234.651
G01 X21.829 Y237.362
G01 X28.815 Y240.071
G01 X35.803 Y242.780
G01 X42.788 Y245.489
G01 X49.776 Y248.198
G01 X56.762 Y250.907
G01 X63.749 Y253.617
G01 X70.736 Y256.326
G01 X77.721 Y259.034
G01 X84.709 Y261.743
G01 X91.695 Y264.452
G01 X98.683 Y267.163
G01 X105.668 Y269.872
G01 X112.656 Y272.581
G01 X119.642 Y275.290
G01 X126.629 Y277.999
G01 X133.615 Y280.709
G01 X140.603 Y283.418
G01 X147.589 Y286.127
G01 X154.576 Y288.836
G01 X161.088 Y291.380
G01 X161.562 Y291.545
G01 X167.421 Y293.863
G01 X168.548 Y294.254
G01 X173.826 Y296.367
G01 X175.536 Y296.964
G01 X180.305 Y298.894
G01 X182.522 Y299.673
G01 X186.855 Y301.445
G01 X189.509 Y302.382
G01 X193.476 Y304.021
G01 X196.495 Y305.091
G01 X200.170 Y306.620
G01 X203.481 Y307.800
G01 X206.933 Y309.245
G01 X210.413 Y310.490
G01 X210.469 Y310.510
G01 X213.767 Y311.894
G01 X217.106 Y313.103
G01 X217.456 Y313.219
G01 X220.673 Y314.572
G01 X223.944 Y315.762
G01 X224.442 Y315.928
G01 X227.649 Y317.276
G01 X230.928 Y318.471
G01 X231.428 Y318.637
G01 X234.700 Y320.010
G01 X238.060 Y321.228
G01 X238.416 Y321.346
G01 X241.824 Y322.774
G01 X245.345 Y324.036
G01 X245.401 Y324.055
G01 X249.023 Y325.564
G01 X252.388 Y326.764
G01 X256.299 Y328.382
G01 X259.376 Y329.474
G01 X263.651 Y331.226
G01 X266.362 Y332.183
G01 X271.079 Y334.094
G01 X273.349 Y334.892
G01 X278.585 Y336.990
G01 X280.336 Y337.601
G01 X286.166 Y339.909
G01 X287.322 Y340.310
G01 X293.823 Y342.851
G01 X294.309 Y343.019
G01 X301.296 Y345.728
G01 X308.281 Y348.438
G01 X315.269 Y351.147
G01 X322.255 Y353.856
G01 X329.241 Y356.565
G01 X336.228 Y359.274
G01 X343.216 Y361.983
G01 X350.202 Y364.692
G01 X357.189 Y367.401
G01 X364.175 Y370.112
G01 X371.162 Y372.820
G01 X378.149 Y375.529
G01 X385.135 Y378.238
G01 X392.122 Y380.947
G01 X399.108 Y383.658
G01 X406.095 Y386.367
G01 X413.082 Y389.076
G01 X420.068 Y391.784
G01 X427.055 Y394.493
G01 X434.042 Y397.204
G01 X441.029 Y399.913
G01 X448.014 Y402.622
G01 X441.017 Y400.108
G01 X434.019 Y397.593
G01 X427.021 Y395.079
G01 X420.023 Y392.565
G01 X413.024 Y390.050
G01 X406.026 Y387.536
G01 X399.029 Y385.022
G01 X392.031 Y382.507
G01 X385.033 Y379.993
G01 X378.034 Y377.478
G01 X371.037 Y374.964
G01 X364.038 Y372.451
G01 X357.041 Y369.937
G01 X350.043 Y367.423
G01 X343.044 Y364.909
G01 X336.047 Y362.394
G01 X329.048 Y359.880
G01 X322.050 Y357.365
G01 X315.053 Y354.851
G01 X308.055 Y352.337
G01 X301.057 Y349.822
G01 X294.059 Y347.308
G01 X287.501 Y344.971
G01 X287.061 Y344.795
G01 X281.088 Y342.689
G01 X280.062 Y342.281
G01 X274.610 Y340.380
G01 X273.065 Y339.766
G01 X268.070 Y338.043
G01 X266.067 Y337.252
G01 X261.465 Y335.680
G01 X259.069 Y334.738
G01 X254.798 Y333.291
G01 X252.071 Y332.224
G01 X248.067 Y330.877
G01 X245.073 Y329.709
G01 X241.272 Y328.439
G01 X238.075 Y327.195
G01 X234.413 Y325.975
G01 X231.077 Y324.680
G01 X227.488 Y323.488
G01 X224.079 Y322.166
G01 X220.499 Y320.976
G01 X217.081 Y319.653
G01 X213.442 Y318.440
G01 X210.082 Y317.137
G01 X206.317 Y315.880
G01 X203.084 Y314.624
G01 X199.125 Y313.295
G01 X196.087 Y312.110
G01 X191.865 Y310.683
G01 X189.089 Y309.596
G01 X184.536 Y308.043
G01 X182.091 Y307.081
G01 X177.141 Y305.375
G01 X175.093 Y304.567
G01 X169.677 Y302.680
G01 X168.094 Y302.053
G01 X162.147 Y299.957
G01 X161.096 Y299.538
G01 X154.550 Y297.204
G01 X154.099 Y297.024
G01 X147.101 Y294.510
G01 X140.103 Y291.995
G01 X133.105 Y289.481
G01 X126.106 Y286.968
G01 X119.108 Y284.452
G01 X112.111 Y281.939
G01 X105.113 Y279.425
G01 X98.115 Y276.911
G01 X91.117 Y274.397
G01 X84.118 Y271.882
G01 X77.120 Y269.368
G01 X70.123 Y266.853
G01 X63.125 Y264.339
G01 X56.127 Y261.825
G01 X49.129 Y259.310
G01 X42.130 Y256.796
G01 X35.132 Y254.282
G01 X28.135 Y251.768
G01 X21.137 Y249.254
G01 X14.139 Y246.740
G01 X7.141 Y244.226
G01 X0.142 Y241.712
G01 X3.721 Y242.857
G01 X7.300 Y244.001
G01 X10.880 Y245.146
G01 X14.459 Y246.291
G01 X18.038 Y247.436
G01 X21.618 Y248.579
G01 X25.197 Y249.725
G01 X28.778 Y250.870
G01 X32.356 Y252.014
G01 X35.935 Y253.160
G01 X39.516 Y254.305
G01 X43.094 Y255.450
G01 X46.673 Y256.594
G01 X50.254 Y257.738
G01 X53.832 Y258.884
G01 X57.413 Y260.029
G01 X60.992 Y261.173
G01 X64.570 Y262.319
G01 X68.151 Y263.464
G01 X71.730 Y264.608
G01 X75.310 Y265.752
G01 X78.889 Y266.897
G01 X82.468 Y268.043
G01 X86.048 Y269.188
G01 X89.627 Y270.332
G01 X93.206 Y271.476
G01 X96.786 Y272.622
G01 X100.365 Y273.767
G01 X103.945 Y274.911
G01 X107.524 Y276.057
G01 X111.103 Y277.201
G01 X114.683 Y278.346
G01 X118.262 Y279.490
G01 X121.841 Y280.635
G01 X125.421 Y281.781
G01 X129.000 Y282.925
G01 X132.579 Y284.070
G01 X136.159 Y285.214
G01 X139.738 Y286.360
G01 X143.317 Y287.505
G01 X146.897 Y288.649
G01 X150.476 Y289.795
G01 X154.055 Y290.940
G01 X157.635 Y292.084
G01 X161.214 Y293.228
G01 X164.793 Y294.374
G01 X168.373 Y295.519
G01 X171.952 Y296.663
G01 X175.531 Y297.808
G01 X179.112 Y298.952
G01 X182.690 Y300.098
G01 X186.269 Y301.243
G01 X189.850 Y302.387
G01 X193.428 Y303.533
G01 X197.007 Y304.678
G01 X200.588 Y305.822
G01 X204.166 Y306.966
G01 X207.747 Y308.112
G01 X211.228 Y309.228
G01 X211.326 Y309.257
G01 X214.712 Y310.344
G01 X214.904 Y310.401
G01 X218.213 Y311.466
G01 X218.485 Y311.546
G01 X221.733 Y312.594
G01 X222.064 Y312.690
G01 X225.274 Y313.728
G01 X225.642 Y313.836
G01 X228.834 Y314.867
G01 X229.223 Y314.981
G01 X232.411 Y316.012
G01 X232.802 Y316.125
G01 X236.010 Y317.161
G01 X236.382 Y317.271
G01 X239.629 Y318.317
G01 X239.961 Y318.416
G01 X243.266 Y319.480
G01 X243.540 Y319.560
G01 X246.924 Y320.647
G01 X247.120 Y320.704
G01 X250.601 Y321.822
G01 X250.698 Y321.850
G01 X254.279 Y322.995
G01 X257.858 Y324.139
G01 X261.437 Y325.284
G01 X265.017 Y326.428
G01 X268.596 Y327.574
G01 X272.175 Y328.719
G01 X275.755 Y329.863
G01 X279.334 Y331.009
G01 X282.913 Y332.154
G01 X286.493 Y333.298
G01 X290.072 Y334.442
G01 X293.651 Y335.588
G01 X297.231 Y336.733
G01 X300.810 Y337.877
G01 X304.389 Y339.022
G01 X307.969 Y340.166
G01 X311.549 Y341.312
G01 X315.127 Y342.457
G01 X318.707 Y343.601
G01 X322.287 Y344.747
G01 X325.865 Y345.892
G01 X329.446 Y347.036
G01 X333.024 Y348.180
G01 X336.603 Y349.326
G01 X340.183 Y350.471
G01 X343.763 Y351.615
G01 X347.341 Y352.760
G01 X350.922 Y353.906
G01 X354.500 Y355.050
G01 X358.081 Y356.195
G01 X361.659 Y357.339
G01 X365.239 Y358.485
G01 X368.818 Y359.630
G01 X372.398 Y360.774
G01 X375.978 Y361.918
G01 X379.557 Y363.064
G01 X383.135 Y364.209
G01 X386.716 Y365.353
G01 X390.295 Y366.499
G01 X393.874 Y367.644
G01 X397.454 Y368.788
G01 X401.033 Y369.933
G01 X404.611 Y371.077
G01 X408.192 Y372.223
G01 X411.771 Y373.368
G01 X415.351 Y374.512
G01 X418.930 Y375.656
G01 X422.509 Y376.802
G01 X426.089 Y377.947
G01 X429.668 Y379.091
G01 X433.248 Y380.237
G01 X436.827 Y381.382
G01 X440.406 Y382.526
G01 X443.986 Y383.671
G01 X447.565 Y384.815
G01 X451.144 Y385.961
G01 X454.724 Y387.106
G01 X458.303 Y388.250
G01 X451.143 Y386.156
G01 X443.981 Y384.062
G01 X436.822 Y381.966
G01 X429.661 Y379.873
G01 X422.502 Y377.779
G01 X415.341 Y375.683
G01 X408.180 Y373.589
G01 X401.019 Y371.495
G01 X393.860 Y369.401
G01 X386.700 Y367.307
G01 X379.538 Y365.212
G01 X372.379 Y363.118
G01 X365.219 Y361.022
G01 X358.058 Y358.928
G01 X350.898 Y356.834
G01 X343.738 Y354.740
G01 X336.577 Y352.646
G01 X329.417 Y350.552
G01 X322.257 Y348.457
G01 X315.096 Y346.363
G01 X307.936 Y344.269
G01 X300.775 Y342.173
G01 X294.082 Y340.235
G01 X293.615 Y340.079
G01 X287.543 Y338.346
G01 X286.454 Y337.985
G01 X280.936 Y336.432
G01 X279.293 Y335.891
G01 X274.261 Y334.493
G01 X272.134 Y333.796
G01 X267.518 Y332.531
G01 X264.974 Y331.702
G01 X260.709 Y330.546
G01 X257.812 Y329.608
G01 X253.832 Y328.538
G01 X250.653 Y327.512
G01 X246.887 Y326.509
G01 X243.493 Y325.418
G01 X239.875 Y324.459
G01 X236.336 Y323.326
G01 X236.332 Y323.325
G01 X232.793 Y322.387
G01 X229.314 Y321.279
G01 X229.171 Y321.230
G01 X225.642 Y320.295
G01 X222.154 Y319.185
G01 X222.010 Y319.135
G01 X218.420 Y318.183
G01 X214.855 Y317.043
G01 X214.851 Y317.041
G01 X211.125 Y316.048
G01 X207.690 Y314.947
G01 X203.759 Y313.892
G01 X200.529 Y312.853
G01 X196.320 Y311.713
G01 X193.370 Y310.757
G01 X188.808 Y309.510
G01 X186.209 Y308.663
G01 X181.225 Y307.281
G01 X179.048 Y306.570
G01 X173.570 Y305.028
G01 X171.889 Y304.475
G01 X165.843 Y302.749
G01 X164.728 Y302.380
G01 X158.046 Y300.445
G01 X157.567 Y300.286
G01 X150.408 Y298.192
G01 X143.248 Y296.098
G01 X136.087 Y294.002
G01 X128.927 Y291.909
G01 X121.766 Y289.814
G01 X114.606 Y287.719
G01 X107.445 Y285.625
G01 X100.284 Y283.531
G01 X93.125 Y281.437
G01 X85.964 Y279.343
G01 X78.803 Y277.248
G01 X71.644 Y275.154
G01 X64.483 Y273.058
G01 X57.322 Y270.964
G01 X50.163 Y268.870
G01 X43.002 Y266.776
G01 X35.841 Y264.682
G01 X28.682 Y262.587
G01 X21.521 Y260.493
G01 X14.361 Y258.399
G01 X7.201 Y256.303
G01 X0.040 Y254.210
G01 X3.692 Y255.140
G01 X7.344 Y256.069
G01 X10.998 Y256.999
G01 X14.649 Y257.928
G01 X18.303 Y258.856
G01 X21.954 Y259.786
G01 X25.606 Y260.716
G01 X29.260 Y261.646
G01 X32.911 Y262.576
G01 X36.565 Y263.505
G01 X40.216 Y264.435
G01 X43.868 Y265.363
G01 X47.522 Y266.293
G01 X51.173 Y267.223
G01 X54.827 Y268.153
G01 X58.478 Y269.082
G01 X62.132 Y270.012
G01 X65.784 Y270.940
G01 X69.435 Y271.870
G01 X73.089 Y272.800
G01 X76.740 Y273.730
G01 X80.392 Y274.659
G01 X84.046 Y275.589
G01 X87.699 Y276.517
G01 X91.351 Y277.447
G01 X95.002 Y278.377
G01 X98.656 Y279.307
G01 X102.308 Y280.237
G01 X105.959 Y281.166
G01 X109.613 Y282.096
G01 X113.264 Y283.024
G01 X116.918 Y283.954
G01 X120.570 Y284.884
G01 X124.223 Y285.814
G01 X127.875 Y286.743
G01 X131.526 Y287.673
G01 X135.180 Y288.601
G01 X138.832 Y289.531
G01 X142.485 Y290.461
G01 X146.137 Y291.391
G01 X149.790 Y292.320
G01 X153.442 Y293.250
G01 X157.094 Y294.178
G01 X160.747 Y295.108
G01 X164.399 Y296.038
G01 X168.052 Y296.968
G01 X171.704 Y297.897
G01 X175.356 Y298.827
G01 X179.009 Y299.755
G01 X182.661 Y300.685
G01 X186.314 Y301.615
G01 X189.966 Y302.545
G01 X193.618 Y303.474
G01 X197.271 Y304.404
G01 X200.923 Y305.332
G01 X204.576 Y306.262
G01 X208.228 Y307.192
G01 X211.790 Y308.101
G01 X211.880 Y308.122
G01 X215.319 Y309.002
G01 X215.533 Y309.052
G01 X218.868 Y309.909
G01 X219.185 Y309.981
G01 X222.438 Y310.820
G01 X222.838 Y310.909
G01 X226.028 Y311.735
G01 X226.490 Y311.839
G01 X229.639 Y312.654
G01 X230.142 Y312.769
G01 X233.269 Y313.579
G01 X233.795 Y313.699
G01 X236.921 Y314.509
G01 X237.447 Y314.629
G01 X240.594 Y315.442
G01 X241.100 Y315.558
G01 X244.287 Y316.382
G01 X244.752 Y316.488
G01 X248.001 Y317.325
G01 X248.405 Y317.416
G01 X251.736 Y318.274
G01 X252.056 Y318.346
G01 X255.493 Y319.226
G01 X255.710 Y319.276
G01 X259.269 Y320.185
G01 X259.362 Y320.206
G01 X263.014 Y321.135
G01 X266.667 Y322.065
G01 X270.319 Y322.993
G01 X273.972 Y323.923
G01 X277.624 Y324.853
G01 X281.276 Y325.783
G01 X284.929 Y326.712
G01 X288.581 Y327.642
G01 X292.234 Y328.570
G01 X295.886 Y329.500
G01 X299.538 Y330.430
G01 X303.191 Y331.360
G01 X306.844 Y332.290
G01 X310.496 Y333.219
G01 X314.149 Y334.149
G01 X317.800 Y335.077
G01 X321.452 Y336.007
G01 X325.106 Y336.937
G01 X328.757 Y337.867
G01 X332.411 Y338.796
G01 X336.062 Y339.726
G01 X339.715 Y340.654
G01 X343.368 Y341.584
G01 X347.019 Y342.514
G01 X350.673 Y343.444
G01 X354.325 Y344.373
G01 X357.978 Y345.303
G01 X361.630 Y346.231
G01 X365.281 Y347.161
G01 X368.935 Y348.091
G01 X372.587 Y349.021
G01 X376.240 Y349.950
G01 X379.892 Y350.880
G01 X383.545 Y351.808
G01 X387.197 Y352.738
G01 X390.849 Y353.668
G01 X394.502 Y354.598
G01 X398.154 Y355.526
G01 X401.807 Y356.457
G01 X405.459 Y357.387
G01 X409.111 Y358.315
G01 X412.764 Y359.245
G01 X416.416 Y360.175
G01 X420.068 Y361.105
G01 X423.721 Y362.034
G01 X427.374 Y362.964
G01 X431.026 Y363.892
G01 X434.678 Y364.822
G01 X438.331 Y365.752
G01 X441.983 Y366.682
G01 X445.635 Y367.611
G01 X449.288 Y368.541
G01 X452.940 Y369.469
G01 X456.592 Y370.399
G01 X460.245 Y371.329
G01 X463.898 Y372.259
G01 X467.550 Y373.188
G01 X460.252 Y371.524
G01 X452.957 Y369.861
G01 X445.659 Y368.197
G01 X438.363 Y366.533
G01 X431.067 Y364.868
G01 X423.769 Y363.204
G01 X416.473 Y361.541
G01 X409.177 Y359.877
G01 X401.880 Y358.213
G01 X394.582 Y356.548
G01 X387.286 Y354.885
G01 X379.990 Y353.221
G01 X372.692 Y351.558
G01 X365.397 Y349.894
G01 X358.100 Y348.230
G01 X350.803 Y346.565
G01 X343.507 Y344.901
G01 X336.210 Y343.238
G01 X328.913 Y341.574
G01 X321.616 Y339.909
G01 X314.320 Y338.245
G01 X307.023 Y336.582
G01 X300.210 Y335.048
G01 X299.727 Y334.918
G01 X293.572 Y333.558
G01 X292.430 Y333.254
G01 X286.862 Y332.046
G01 X285.132 Y331.591
G01 X280.079 Y330.514
G01 X277.837 Y329.927
G01 X273.225 Y328.963
G01 X270.540 Y328.262
G01 X266.299 Y327.389
G01 X263.243 Y326.599
G01 X259.302 Y325.798
G01 X255.946 Y324.935
G01 X252.234 Y324.188
G01 X248.650 Y323.271
G01 X245.094 Y322.560
G01 X241.605 Y321.678
G01 X241.353 Y321.606
G01 X237.880 Y320.915
G01 X234.456 Y320.055
G01 X234.055 Y319.942
G01 X230.594 Y319.252
G01 X227.161 Y318.392
G01 X226.760 Y318.279
G01 X223.231 Y317.575
G01 X219.719 Y316.687
G01 X219.463 Y316.615
G01 X215.793 Y315.877
G01 X212.166 Y314.951
G01 X208.279 Y314.163
G01 X204.870 Y313.286
G01 X200.688 Y312.428
G01 X197.572 Y311.624
G01 X193.019 Y310.673
G01 X190.276 Y309.959
G01 X185.274 Y308.897
G01 X182.980 Y308.296
G01 X177.452 Y307.098
G01 X175.683 Y306.632
G01 X169.557 Y305.278
G01 X168.385 Y304.968
G01 X161.586 Y303.435
G01 X161.089 Y303.303
G01 X153.793 Y301.639
G01 X146.495 Y299.976
G01 X139.200 Y298.312
G01 X131.903 Y296.647
G01 X124.606 Y294.983
G01 X117.310 Y293.320
G01 X110.012 Y291.656
G01 X102.716 Y289.993
G01 X95.420 Y288.329
G01 X88.123 Y286.665
G01 X80.826 Y285.000
G01 X73.529 Y283.337
G01 X66.233 Y281.673
G01 X58.935 Y280.009
G01 X51.639 Y278.344
G01 X44.343 Y276.680
G01 X37.046 Y275.017
G01 X29.750 Y273.353
G01 X22.452 Y271.689
G01 X15.156 Y270.026
G01 X7.860 Y268.362
G01 X0.562 Y266.697
G01 X4.274 Y267.406
G01 X7.987 Y268.117
G01 X11.699 Y268.826
G01 X15.411 Y269.536
G01 X19.123 Y270.245
G01 X22.834 Y270.954
G01 X26.546 Y271.663
G01 X30.260 Y272.374
G01 X33.971 Y273.082
G01 X37.683 Y273.793
G01 X41.396 Y274.502
G01 X45.108 Y275.212
G01 X48.820 Y275.921
G01 X52.531 Y276.630
G01 X56.243 Y277.339
G01 X59.956 Y278.048
G01 X63.668 Y278.759
G01 X67.380 Y279.468
G01 X71.091 Y280.178
G01 X74.805 Y280.887
G01 X78.517 Y281.596
G01 X82.228 Y282.305
G01 X85.940 Y283.016
G01 X89.653 Y283.725
G01 X93.365 Y284.435
G01 X97.077 Y285.144
G01 X100.788 Y285.853
G01 X104.500 Y286.562
G01 X108.213 Y287.272
G01 X111.925 Y287.981
G01 X115.637 Y288.690
G01 X119.350 Y289.401
G01 X123.062 Y290.110
G01 X126.774 Y290.820
G01 X130.486 Y291.529
G01 X134.197 Y292.238
G01 X137.909 Y292.947
G01 X141.622 Y293.658
G01 X145.334 Y294.367
G01 X149.046 Y295.077
G01 X152.757 Y295.786
G01 X156.469 Y296.495
G01 X160.182 Y297.204
G01 X163.894 Y297.915
G01 X167.606 Y298.624
G01 X171.319 Y299.334
G01 X175.031 Y300.043
G01 X178.743 Y300.752
G01 X182.454 Y301.462
G01 X186.166 Y302.171
G01 X189.879 Y302.880
G01 X193.591 Y303.589
G01 X197.303 Y304.300
G01 X201.014 Y305.009
G01 X204.726 Y305.719
G01 X208.440 Y306.428
G01 X212.101 Y307.130
G01 X212.151 Y307.137
G01 X215.661 Y307.814
G01 X215.863 Y307.846
G01 X219.243 Y308.502
G01 X219.576 Y308.557
G01 X222.846 Y309.194
G01 X223.288 Y309.266
G01 X226.471 Y309.889
G01 X227.000 Y309.976
G01 X230.117 Y310.587
G01 X230.712 Y310.685
G01 X233.784 Y311.288
G01 X234.423 Y311.394
G01 X237.474 Y311.993
G01 X238.135 Y312.103
G01 X241.185 Y312.704
G01 X241.848 Y312.814
G01 X244.918 Y313.416
G01 X245.560 Y313.522
G01 X248.673 Y314.132
G01 X249.273 Y314.233
G01 X252.450 Y314.853
G01 X252.984 Y314.942
G01 X256.249 Y315.577
G01 X256.697 Y315.651
G01 X260.071 Y316.305
G01 X260.409 Y316.361
G01 X263.915 Y317.036
G01 X264.121 Y317.070
G01 X267.781 Y317.772
G01 X267.833 Y317.779
G01 X271.545 Y318.488
G01 X275.257 Y319.199
G01 X278.969 Y319.908
G01 X282.680 Y320.618
G01 X286.393 Y321.327
G01 X290.105 Y322.036
G01 X293.817 Y322.745
G01 X297.530 Y323.456
G01 X301.242 Y324.165
G01 X304.954 Y324.875
G01 X308.666 Y325.584
G01 X312.377 Y326.293
G01 X316.090 Y327.002
G01 X319.802 Y327.713
G01 X323.514 Y328.421
G01 X327.226 Y329.132
G01 X330.938 Y329.841
G01 X334.649 Y330.550
G01 X338.363 Y331.260
G01 X342.075 Y331.969
G01 X345.787 Y332.678
G01 X349.499 Y333.387
G01 X353.211 Y334.098
G01 X356.923 Y334.807
G01 X360.635 Y335.517
G01 X364.346 Y336.226
G01 X368.058 Y336.935
G01 X371.770 Y337.644
G01 X375.483 Y338.355
G01 X379.195 Y339.064
G01 X382.908 Y339.774
G01 X386.620 Y340.483
G01 X390.332 Y341.192
G01 X394.043 Y341.901
G01 X397.755 Y342.612
G01 X401.467 Y343.320
G01 X405.180 Y344.029
G01 X408.892 Y344.740
G01 X412.603 Y345.449
G01 X416.316 Y346.159
G01 X420.028 Y346.868
G01 X423.740 Y347.577
G01 X427.452 Y348.286
G01 X431.164 Y348.997
G01 X434.877 Y349.706
G01 X438.589 Y350.416
G01 X442.300 Y351.125
G01 X446.013 Y351.834
G01 X449.725 Y352.543
G01 X453.437 Y353.254
G01 X457.149 Y353.963
G01 X460.861 Y354.673
G01 X464.572 Y355.382
G01 X468.284 Y356.091
G01 X471.998 Y356.800
G01 X475.709 Y357.510
G01 X472.007 Y356.897
G01 X468.303 Y356.286
G01 X464.600 Y355.673
G01 X460.897 Y355.060
G01 X457.193 Y354.449
G01 X453.490 Y353.837
G01 X449.788 Y353.225
G01 X446.084 Y352.613
G01 X442.382 Y352.000
G01 X438.678 Y351.387
G01 X434.975 Y350.776
G01 X431.272 Y350.163
G01 X427.568 Y349.550
G01 X423.865 Y348.939
G01 X420.163 Y348.327
G01 X416.459 Y347.714
G01 X412.755 Y347.101
G01 X409.053 Y346.490
G01 X405.350 Y345.877
G01 X401.647 Y345.266
G01 X397.943 Y344.653
G01 X394.240 Y344.041
G01 X390.538 Y343.428
G01 X386.834 Y342.817
G01 X383.130 Y342.204
G01 X379.428 Y341.591
G01 X375.725 Y340.980
G01 X372.022 Y340.368
G01 X368.318 Y339.755
G01 X364.615 Y339.142
G01 X360.913 Y338.531
G01 X357.209 Y337.918
G01 X353.505 Y337.307
G01 X349.803 Y336.694
G01 X346.100 Y336.082
G01 X342.397 Y335.469
G01 X338.693 Y334.858
G01 X334.990 Y334.245
G01 X331.288 Y333.632
G01 X327.584 Y333.021
G01 X323.880 Y332.409
G01 X320.178 Y331.796
G01 X316.475 Y331.183
G01 X312.772 Y330.572
G01 X309.069 Y329.959
G01 X305.365 Y329.346
G01 X301.663 Y328.735
G01 X297.959 Y328.123
G01 X294.256 Y327.510
G01 X290.553 Y326.897
G01 X286.850 Y326.286
G01 X283.147 Y325.673
G01 X279.444 Y325.062
G01 X275.740 Y324.450
G01 X272.037 Y323.837
G01 X268.334 Y323.225
G01 X264.631 Y322.613
G01 X260.928 Y322.000
G01 X257.275 Y321.397
G01 X257.225 Y321.387
G01 X253.669 Y320.805
G01 X253.522 Y320.776
G01 X250.044 Y320.207
G01 X249.819 Y320.163
G01 X246.400 Y319.606
G01 X246.115 Y319.552
G01 X242.737 Y319.000
G01 X242.411 Y318.939
G01 X239.053 Y318.392
G01 X238.709 Y318.327
G01 X235.351 Y317.781
G01 X235.005 Y317.714
G01 X231.629 Y317.165
G01 X231.303 Y317.103
G01 X227.887 Y316.545
G01 X227.600 Y316.490
G01 X224.125 Y315.921
G01 X223.897 Y315.877
G01 X220.343 Y315.295
G01 X220.194 Y315.266
G01 X216.541 Y314.663
G01 X216.490 Y314.654
G01 X212.786 Y314.041
G01 X209.084 Y313.428
G01 X205.380 Y312.817
G01 X201.678 Y312.204
G01 X197.975 Y311.591
G01 X194.272 Y310.980
G01 X190.569 Y310.368
G01 X186.865 Y309.755
G01 X183.161 Y309.144
G01 X179.459 Y308.531
G01 X175.755 Y307.918
G01 X172.053 Y307.307
G01 X168.350 Y306.695
G01 X164.647 Y306.082
G01 X160.944 Y305.469
G01 X157.240 Y304.858
G01 X153.536 Y304.245
G01 X149.834 Y303.632
G01 X146.130 Y303.021
G01 X142.428 Y302.409
G01 X138.725 Y301.796
G01 X135.022 Y301.183
G01 X131.319 Y300.572
G01 X127.615 Y299.959
G01 X123.911 Y299.348
G01 X120.209 Y298.736
G01 X116.505 Y298.123
G01 X112.803 Y297.510
G01 X109.100 Y296.899
G01 X105.397 Y296.286
G01 X101.692 Y295.673
G01 X97.990 Y295.062
G01 X94.286 Y294.450
G01 X90.584 Y293.838
G01 X86.880 Y293.225
G01 X83.178 Y292.613
G01 X79.475 Y292.000
G01 X75.772 Y291.389
G01 X72.067 Y290.776
G01 X68.365 Y290.163
G01 X64.661 Y289.552
G01 X60.959 Y288.940
G01 X57.255 Y288.327
G01 X53.553 Y287.714
G01 X49.850 Y287.103
G01 X46.147 Y286.490
G01 X42.444 Y285.879
G01 X38.740 Y285.266
G01 X35.036 Y284.654
G01 X31.334 Y284.041
G01 X27.630 Y283.428
G01 X23.928 Y282.817
G01 X20.225 Y282.204
G01 X16.522 Y281.593
G01 X12.817 Y280.981
G01 X9.115 Y280.368
G01 X5.411 Y279.755
G01 X1.709 Y279.144
G01 X5.466 Y279.629
G01 X9.225 Y280.115
G01 X12.983 Y280.601
G01 X16.740 Y281.086
G01 X20.499 Y281.572
G01 X24.257 Y282.057
G01 X28.014 Y282.543
G01 X31.772 Y283.028
G01 X35.531 Y283.514
G01 X39.290 Y283.999
G01 X43.048 Y284.485
G01 X46.805 Y284.971
G01 X50.564 Y285.456
G01 X54.322 Y285.942
G01 X58.079 Y286.427
G01 X61.838 Y286.913
G01 X65.596 Y287.397
G01 X69.353 Y287.884
G01 X73.112 Y288.370
G01 X76.870 Y288.855
G01 X80.627 Y289.339
G01 X84.385 Y289.826
G01 X88.144 Y290.312
G01 X91.901 Y290.796
G01 X95.661 Y291.283
G01 X99.418 Y291.767
G01 X103.177 Y292.254
G01 X106.935 Y292.738
G01 X110.692 Y293.225
G01 X114.451 Y293.711
G01 X118.209 Y294.195
G01 X121.966 Y294.682
G01 X125.725 Y295.166
G01 X129.483 Y295.653
G01 X133.240 Y296.139
G01 X136.999 Y296.624
G01 X140.757 Y297.110
G01 X144.514 Y297.594
G01 X148.272 Y298.081
G01 X152.031 Y298.565
G01 X155.788 Y299.052
G01 X159.548 Y299.536
G01 X163.305 Y300.022
G01 X167.064 Y300.509
G01 X170.822 Y300.993
G01 X174.579 Y301.478
G01 X178.338 Y301.964
G01 X182.096 Y302.451
G01 X185.853 Y302.935
G01 X189.612 Y303.421
G01 X193.370 Y303.906
G01 X197.127 Y304.392
G01 X200.885 Y304.877
G01 X204.644 Y305.363
G01 X208.401 Y305.850
G01 X212.161 Y306.334
G01 X215.764 Y306.805
G01 X215.918 Y306.820
G01 X219.363 Y307.274
G01 X219.677 Y307.305
G01 X222.983 Y307.745
G01 X223.435 Y307.791
G01 X226.625 Y308.219
G01 X227.192 Y308.276
G01 X230.291 Y308.695
G01 X230.951 Y308.762
G01 X233.980 Y309.173
G01 X234.709 Y309.248
G01 X237.690 Y309.653
G01 X238.466 Y309.733
G01 X241.425 Y310.135
G01 X242.225 Y310.219
G01 X245.181 Y310.622
G01 X245.983 Y310.704
G01 X248.962 Y311.110
G01 X249.740 Y311.190
G01 X252.764 Y311.600
G01 X253.499 Y311.675
G01 X256.591 Y312.093
G01 X257.257 Y312.161
G01 X260.441 Y312.589
G01 X261.014 Y312.647
G01 X264.315 Y313.086
G01 X264.773 Y313.132
G01 X268.212 Y313.586
G01 X268.531 Y313.618
G01 X272.132 Y314.088
G01 X272.290 Y314.103
G01 X276.048 Y314.589
G01 X279.805 Y315.075
G01 X283.564 Y315.560
G01 X287.322 Y316.046
G01 X291.079 Y316.531
G01 X294.838 Y317.017
G01 X298.596 Y317.502
G01 X302.353 Y317.988
G01 X306.112 Y318.474
G01 X309.870 Y318.959
G01 X313.627 Y319.445
G01 X317.385 Y319.930
G01 X321.144 Y320.416
G01 X324.901 Y320.901
G01 X328.661 Y321.387
G01 X332.418 Y321.873
G01 X336.177 Y322.358
G01 X339.935 Y322.844
G01 X343.692 Y323.329
G01 X347.451 Y323.815
G01 X351.209 Y324.300
G01 X354.966 Y324.786
G01 X358.725 Y325.272
G01 X362.483 Y325.757
G01 X366.240 Y326.243
G01 X369.999 Y326.728
G01 X373.757 Y327.214
G01 X377.514 Y327.700
G01 X381.273 Y328.185
G01 X385.031 Y328.671
G01 X388.788 Y329.156
G01 X392.548 Y329.642
G01 X396.305 Y330.127
G01 X400.063 Y330.613
G01 X403.822 Y331.099
G01 X407.579 Y331.584
G01 X411.337 Y332.070
G01 X415.096 Y332.555
G01 X418.853 Y333.041
G01 X422.611 Y333.526
G01 X426.370 Y334.012
G01 X430.127 Y334.497
G01 X433.885 Y334.983
G01 X437.644 Y335.469
G01 X441.401 Y335.954
G01 X445.161 Y336.440
G01 X448.918 Y336.925
G01 X452.677 Y337.411
G01 X456.435 Y337.896
G01 X460.192 Y338.382
G01 X463.951 Y338.867
G01 X467.709 Y339.353
G01 X471.466 Y339.839
G01 X475.225 Y340.324
G01 X478.983 Y340.810
G01 X482.740 Y341.295
G01 X478.996 Y340.906
G01 X475.252 Y340.517
G01 X471.507 Y340.129
G01 X467.764 Y339.740
G01 X464.019 Y339.351
G01 X460.276 Y338.962
G01 X456.531 Y338.572
G01 X452.786 Y338.183
G01 X449.043 Y337.795
G01 X445.298 Y337.406
G01 X441.553 Y337.017
G01 X437.810 Y336.629
G01 X434.066 Y336.240
G01 X430.321 Y335.851
G01 X426.577 Y335.462
G01 X422.832 Y335.072
G01 X419.089 Y334.683
G01 X415.344 Y334.295
G01 X411.600 Y333.906
G01 X407.856 Y333.517
G01 X404.111 Y333.129
G01 X400.366 Y332.740
G01 X396.623 Y332.351
G01 X392.879 Y331.962
G01 X389.134 Y331.572
G01 X385.389 Y331.183
G01 X381.646 Y330.795
G01 X377.901 Y330.406
G01 X374.156 Y330.017
G01 X370.413 Y329.627
G01 X366.668 Y329.240
G01 X362.924 Y328.851
G01 X359.180 Y328.462
G01 X355.436 Y328.072
G01 X351.692 Y327.683
G01 X347.947 Y327.295
G01 X344.202 Y326.906
G01 X340.459 Y326.517
G01 X336.715 Y326.129
G01 X332.971 Y325.740
G01 X329.226 Y325.351
G01 X325.481 Y324.962
G01 X321.738 Y324.572
G01 X317.994 Y324.183
G01 X314.249 Y323.795
G01 X310.505 Y323.406
G01 X306.761 Y323.017
G01 X303.017 Y322.627
G01 X299.272 Y322.240
G01 X295.528 Y321.851
G01 X291.784 Y321.462
G01 X288.040 Y321.072
G01 X284.295 Y320.683
G01 X280.550 Y320.295
G01 X276.807 Y319.906
G01 X273.062 Y319.517
G01 X269.317 Y319.127
G01 X265.620 Y318.745
G01 X265.574 Y318.740
G01 X261.999 Y318.373
G01 X261.829 Y318.351
G01 X258.357 Y317.997
G01 X258.085 Y317.962
G01 X254.696 Y317.618
G01 X254.341 Y317.572
G01 X251.013 Y317.238
G01 X250.597 Y317.183
G01 X247.311 Y316.853
G01 X246.853 Y316.795
G01 X243.588 Y316.468
G01 X243.108 Y316.406
G01 X239.844 Y316.079
G01 X239.363 Y316.017
G01 X236.079 Y315.688
G01 X235.620 Y315.627
G01 X232.295 Y315.293
G01 X231.875 Y315.238
G01 X228.488 Y314.897
G01 X228.130 Y314.851
G01 X224.661 Y314.498
G01 X224.387 Y314.462
G01 X220.814 Y314.094
G01 X220.642 Y314.072
G01 X216.945 Y313.690
G01 X216.899 Y313.683
G01 X213.154 Y313.295
G01 X209.409 Y312.906
G01 X205.666 Y312.517
G01 X201.921 Y312.129
G01 X198.177 Y311.740
G01 X194.433 Y311.351
G01 X190.689 Y310.962
G01 X186.944 Y310.572
G01 X183.200 Y310.183
G01 X179.456 Y309.795
G01 X175.712 Y309.406
G01 X171.966 Y309.017
G01 X168.223 Y308.627
G01 X164.478 Y308.240
G01 X160.735 Y307.851
G01 X156.990 Y307.462
G01 X153.245 Y307.072
G01 X149.502 Y306.683
G01 X145.757 Y306.295
G01 X142.012 Y305.906
G01 X138.269 Y305.517
G01 X134.524 Y305.127
G01 X130.779 Y304.738
G01 X127.036 Y304.351
G01 X123.291 Y303.962
G01 X119.548 Y303.572
G01 X115.803 Y303.183
G01 X112.058 Y302.795
G01 X108.315 Y302.406
G01 X104.570 Y302.017
G01 X100.826 Y301.627
G01 X97.082 Y301.238
G01 X93.338 Y300.850
G01 X89.594 Y300.462
G01 X85.849 Y300.072
G01 X82.105 Y299.683
G01 X78.361 Y299.295
G01 X74.617 Y298.906
G01 X70.872 Y298.517
G01 X67.127 Y298.127
G01 X63.384 Y297.738
G01 X59.639 Y297.350
G01 X55.894 Y296.962
G01 X52.151 Y296.572
G01 X48.406 Y296.183
G01 X44.661 Y295.795
G01 X40.918 Y295.406
G01 X37.173 Y295.017
G01 X33.430 Y294.627
G01 X29.685 Y294.238
G01 X25.940 Y293.851
G01 X22.197 Y293.462
G01 X18.452 Y293.072
G01 X14.707 Y292.683
G01 X10.964 Y292.295
G01 X7.219 Y291.906
G01 X3.476 Y291.517
G01 X7.266 Y291.776
G01 X11.055 Y292.034
G01 X14.846 Y292.293
G01 X18.635 Y292.552
G01 X22.425 Y292.810
G01 X26.216 Y293.069
G01 X30.005 Y293.327
G01 X33.796 Y293.586
G01 X37.587 Y293.844
G01 X41.377 Y294.103
G01 X45.166 Y294.362
G01 X48.957 Y294.620
G01 X52.747 Y294.880
G01 X56.536 Y295.137
G01 X60.327 Y295.397
G01 X64.117 Y295.656
G01 X67.906 Y295.913
G01 X71.697 Y296.173
G01 X75.488 Y296.430
G01 X79.278 Y296.690
G01 X83.067 Y296.949
G01 X86.858 Y297.207
G01 X90.647 Y297.466
G01 X94.438 Y297.725
G01 X98.228 Y297.983
G01 X102.017 Y298.242
G01 X105.808 Y298.500
G01 X109.599 Y298.759
G01 X113.389 Y299.017
G01 X117.178 Y299.276
G01 X120.969 Y299.534
G01 X124.759 Y299.793
G01 X128.548 Y300.052
G01 X132.339 Y300.310
G01 X136.129 Y300.570
G01 X139.918 Y300.827
G01 X143.709 Y301.087
G01 X147.500 Y301.346
G01 X151.290 Y301.603
G01 X155.079 Y301.863
G01 X158.870 Y302.122
G01 X162.659 Y302.380
G01 X166.450 Y302.639
G01 X170.240 Y302.897
G01 X174.029 Y303.156
G01 X177.820 Y303.415
G01 X181.611 Y303.673
G01 X185.401 Y303.932
G01 X189.190 Y304.190
G01 X192.981 Y304.449
G01 X196.771 Y304.707
G01 X200.560 Y304.966
G01 X204.351 Y305.225
G01 X208.141 Y305.483
G01 X211.930 Y305.743
G01 X215.659 Y305.999
G01 X215.721 Y306.000
G01 X219.257 Y306.250
G01 X219.512 Y306.260
G01 X222.879 Y306.502
G01 X223.302 Y306.519
G01 X226.524 Y306.754
G01 X227.091 Y306.776
G01 X230.192 Y307.007
G01 X230.882 Y307.036
G01 X233.885 Y307.260
G01 X234.671 Y307.295
G01 X237.601 Y307.516
G01 X238.462 Y307.553
G01 X241.341 Y307.772
G01 X242.252 Y307.812
G01 X245.106 Y308.029
G01 X246.042 Y308.070
G01 X248.894 Y308.288
G01 X249.833 Y308.329
G01 X252.708 Y308.548
G01 X253.623 Y308.588
G01 X256.545 Y308.808
G01 X257.413 Y308.846
G01 X260.406 Y309.070
G01 X261.203 Y309.105
G01 X264.293 Y309.334
G01 X264.993 Y309.363
G01 X268.206 Y309.599
G01 X268.783 Y309.622
G01 X272.142 Y309.863
G01 X272.573 Y309.880
G01 X276.103 Y310.130
G01 X276.363 Y310.139
G01 X280.090 Y310.396
G01 X280.153 Y310.397
G01 X283.944 Y310.656
G01 X287.734 Y310.916
G01 X291.524 Y311.173
G01 X295.314 Y311.433
G01 X299.103 Y311.692
G01 X302.894 Y311.950
G01 X306.684 Y312.209
G01 X310.474 Y312.466
G01 X314.264 Y312.726
G01 X318.053 Y312.985
G01 X321.845 Y313.243
G01 X325.635 Y313.502
G01 X329.424 Y313.760
G01 X333.215 Y314.019
G01 X337.005 Y314.278
G01 X340.794 Y314.536
G01 X344.585 Y314.795
G01 X348.375 Y315.053
G01 X352.166 Y315.312
G01 X355.956 Y315.570
G01 X359.745 Y315.829
G01 X363.536 Y316.089
G01 X367.326 Y316.346
G01 X371.115 Y316.606
G01 X374.906 Y316.863
G01 X378.696 Y317.123
G01 X382.486 Y317.382
G01 X386.276 Y317.639
G01 X390.067 Y317.899
G01 X393.856 Y318.158
G01 X397.647 Y318.416
G01 X401.437 Y318.675
G01 X405.226 Y318.933
G01 X409.017 Y319.192
G01 X412.807 Y319.451
G01 X416.596 Y319.709
G01 X420.387 Y319.968
G01 X424.177 Y320.226
G01 X427.967 Y320.486
G01 X431.757 Y320.743
G01 X435.548 Y321.002
G01 X439.337 Y321.262
G01 X443.127 Y321.519
G01 X446.918 Y321.779
G01 X450.707 Y322.036
G01 X454.498 Y322.296
G01 X458.288 Y322.555
G01 X462.079 Y322.814
G01 X465.869 Y323.072
G01 X469.659 Y323.329
G01 X473.448 Y323.589
G01 X477.239 Y323.848
G01 X481.029 Y324.106
G01 X484.818 Y324.365
G01 X488.608 Y324.624
G01 X484.837 Y324.461
G01 X481.066 Y324.298
G01 X477.294 Y324.135
G01 X473.523 Y323.973
G01 X469.752 Y323.810
G01 X465.980 Y323.647
G01 X462.209 Y323.483
G01 X458.438 Y323.322
G01 X454.666 Y323.159
G01 X450.894 Y322.995
G01 X447.123 Y322.832
G01 X443.351 Y322.670
G01 X439.579 Y322.507
G01 X435.808 Y322.344
G01 X432.036 Y322.182
G01 X428.265 Y322.019
G01 X424.494 Y321.856
G01 X420.723 Y321.694
G01 X416.951 Y321.531
G01 X413.180 Y321.368
G01 X409.408 Y321.204
G01 X405.637 Y321.041
G01 X401.865 Y320.880
G01 X398.092 Y320.716
G01 X394.322 Y320.553
G01 X390.550 Y320.391
G01 X386.779 Y320.228
G01 X383.007 Y320.065
G01 X379.236 Y319.903
G01 X375.464 Y319.740
G01 X371.692 Y319.577
G01 X367.922 Y319.415
G01 X364.149 Y319.252
G01 X360.379 Y319.089
G01 X356.606 Y318.925
G01 X352.836 Y318.762
G01 X349.063 Y318.601
G01 X345.293 Y318.438
G01 X341.520 Y318.274
G01 X337.750 Y318.112
G01 X333.978 Y317.949
G01 X330.207 Y317.786
G01 X326.435 Y317.624
G01 X322.663 Y317.461
G01 X318.892 Y317.298
G01 X315.120 Y317.135
G01 X311.349 Y316.973
G01 X307.578 Y316.810
G01 X303.805 Y316.647
G01 X300.035 Y316.483
G01 X296.263 Y316.320
G01 X292.492 Y316.159
G01 X288.720 Y315.995
G01 X284.949 Y315.832
G01 X281.177 Y315.670
G01 X277.406 Y315.507
G01 X273.642 Y315.344
G01 X273.634 Y315.344
G01 X270.021 Y315.192
G01 X269.863 Y315.182
G01 X266.379 Y315.038
G01 X266.091 Y315.019
G01 X262.716 Y314.884
G01 X262.320 Y314.856
G01 X259.031 Y314.726
G01 X258.548 Y314.694
G01 X255.326 Y314.567
G01 X254.776 Y314.531
G01 X251.597 Y314.408
G01 X251.005 Y314.368
G01 X247.849 Y314.247
G01 X247.234 Y314.204
G01 X244.079 Y314.084
G01 X243.462 Y314.041
G01 X240.286 Y313.920
G01 X239.690 Y313.880
G01 X236.471 Y313.755
G01 X235.918 Y313.716
G01 X232.635 Y313.588
G01 X232.147 Y313.553
G01 X228.776 Y313.418
G01 X228.375 Y313.391
G01 X224.897 Y313.249
G01 X224.605 Y313.228
G01 X220.995 Y313.077
G01 X220.832 Y313.065
G01 X217.070 Y312.903
G01 X217.062 Y312.903
G01 X213.290 Y312.740
G01 X209.519 Y312.577
G01 X205.748 Y312.415
G01 X201.976 Y312.252
G01 X198.204 Y312.089
G01 X194.433 Y311.925
G01 X190.661 Y311.762
G01 X186.889 Y311.601
G01 X183.118 Y311.438
G01 X179.346 Y311.274
G01 X175.576 Y311.112
G01 X171.803 Y310.950
G01 X168.033 Y310.786
G01 X164.260 Y310.624
G01 X160.490 Y310.461
G01 X156.718 Y310.298
G01 X152.947 Y310.135
G01 X149.175 Y309.973
G01 X145.404 Y309.810
G01 X141.632 Y309.647
G01 X137.861 Y309.483
G01 X134.089 Y309.322
G01 X130.317 Y309.159
G01 X126.546 Y308.995
G01 X122.774 Y308.832
G01 X119.002 Y308.670
G01 X115.231 Y308.507
G01 X111.459 Y308.344
G01 X107.689 Y308.182
G01 X103.916 Y308.019
G01 X100.146 Y307.856
G01 X96.374 Y307.692
G01 X92.603 Y307.531
G01 X88.831 Y307.368
G01 X85.060 Y307.204
G01 X81.288 Y307.043
G01 X77.517 Y306.880
G01 X73.745 Y306.716
G01 X69.974 Y306.553
G01 X66.202 Y306.391
G01 X62.430 Y306.228
G01 X58.659 Y306.065
G01 X54.887 Y305.903
G01 X51.115 Y305.740
G01 X47.344 Y305.577
G01 X43.572 Y305.415
G01 X39.802 Y305.252
G01 X36.029 Y305.089
G01 X32.259 Y304.925
G01 X28.487 Y304.762
G01 X24.716 Y304.600
G01 X20.945 Y304.438
G01 X17.173 Y304.274
G01 X13.401 Y304.112
G01 X9.630 Y303.949
G01 X5.858 Y303.786
G01 X9.666 Y303.815
G01 X13.474 Y303.846
G01 X17.283 Y303.875
G01 X21.091 Y303.904
G01 X24.897 Y303.935
G01 X28.706 Y303.964
G01 X32.514 Y303.993
G01 X36.322 Y304.024
G01 X40.130 Y304.053
G01 X43.939 Y304.082
G01 X47.747 Y304.112
G01 X51.555 Y304.142
G01 X55.363 Y304.171
G01 X59.171 Y304.201
G01 X62.978 Y304.231
G01 X66.786 Y304.260
G01 X70.594 Y304.290
G01 X74.403 Y304.320
G01 X78.211 Y304.350
G01 X82.019 Y304.379
G01 X85.827 Y304.409
G01 X89.635 Y304.439
G01 X93.442 Y304.468
G01 X97.250 Y304.498
G01 X101.058 Y304.526
G01 X104.867 Y304.557
G01 X108.675 Y304.587
G01 X112.483 Y304.615
G01 X116.291 Y304.646
G01 X120.099 Y304.675
G01 X123.906 Y304.704
G01 X127.714 Y304.735
G01 X131.522 Y304.764
G01 X135.331 Y304.793
G01 X139.139 Y304.824
G01 X142.947 Y304.853
G01 X146.755 Y304.882
G01 X150.562 Y304.913
G01 X154.370 Y304.942
G01 X158.178 Y304.971
G01 X161.987 Y305.002
G01 X165.795 Y305.031
G01 X169.603 Y305.060
G01 X173.411 Y305.089
G01 X177.219 Y305.120
G01 X181.026 Y305.149
G01 X184.834 Y305.178
G01 X188.642 Y305.209
G01 X192.451 Y305.238
G01 X196.259 Y305.267
G01 X200.067 Y305.298
G01 X203.875 Y305.327
G01 X207.683 Y305.356
G01 X211.492 Y305.387
G01 X215.300 Y305.416
G01 X218.957 Y305.449
G01 X219.108 Y305.445
G01 X222.564 Y305.483
G01 X222.916 Y305.476
G01 X226.194 Y305.516
G01 X226.724 Y305.505
G01 X229.850 Y305.548
G01 X230.531 Y305.534
G01 X233.529 Y305.579
G01 X234.339 Y305.565
G01 X237.235 Y305.611
G01 X238.147 Y305.594
G01 X240.966 Y305.641
G01 X241.956 Y305.624
G01 X244.721 Y305.671
G01 X245.763 Y305.653
G01 X248.502 Y305.701
G01 X249.572 Y305.683
G01 X252.308 Y305.731
G01 X253.380 Y305.713
G01 X256.139 Y305.760
G01 X257.188 Y305.742
G01 X259.998 Y305.788
G01 X260.996 Y305.772
G01 X263.881 Y305.817
G01 X264.804 Y305.802
G01 X267.791 Y305.846
G01 X268.612 Y305.831
G01 X271.727 Y305.874
G01 X272.420 Y305.861
G01 X275.689 Y305.901
G01 X276.228 Y305.891
G01 X279.677 Y305.928
G01 X280.036 Y305.920
G01 X283.691 Y305.952
G01 X283.844 Y305.950
G01 X287.651 Y305.978
G01 X291.460 Y306.009
G01 X295.268 Y306.038
G01 X299.076 Y306.067
G01 X302.884 Y306.098
G01 X306.692 Y306.127
G01 X310.500 Y306.156
G01 X314.308 Y306.187
G01 X318.115 Y306.216
G01 X321.923 Y306.245
G01 X325.731 Y306.276
G01 X329.539 Y306.305
G01 X333.347 Y306.334
G01 X337.156 Y306.365
G01 X340.964 Y306.394
G01 X344.772 Y306.423
G01 X348.579 Y306.454
G01 X352.388 Y306.483
G01 X356.196 Y306.512
G01 X360.004 Y306.541
G01 X363.812 Y306.572
G01 X367.620 Y306.601
G01 X371.428 Y306.630
G01 X375.236 Y306.661
G01 X379.045 Y306.690
G01 X382.853 Y306.719
G01 X386.659 Y306.750
G01 X390.467 Y306.779
G01 X394.276 Y306.808
G01 X398.084 Y306.839
G01 X401.892 Y306.868
G01 X405.701 Y306.897
G01 X409.507 Y306.928
G01 X413.317 Y306.957
G01 X417.125 Y306.987
G01 X420.933 Y307.016
G01 X424.740 Y307.046
G01 X428.548 Y307.076
G01 X432.356 Y307.105
G01 X436.164 Y307.135
G01 X439.973 Y307.165
G01 X443.781 Y307.194
G01 X447.589 Y307.224
G01 X451.397 Y307.252
G01 X455.204 Y307.283
G01 X459.013 Y307.312
G01 X462.821 Y307.341
G01 X466.629 Y307.372
G01 X470.437 Y307.401
G01 X474.245 Y307.430
G01 X478.053 Y307.461
G01 X481.861 Y307.490
G01 X485.668 Y307.519
G01 X489.476 Y307.550
G01 X493.284 Y307.579
G01 X489.500 Y307.644
G01 X485.716 Y307.709
G01 X481.930 Y307.774
G01 X478.147 Y307.839
G01 X474.361 Y307.904
G01 X470.577 Y307.971
G01 X466.793 Y308.036
G01 X463.007 Y308.101
G01 X459.223 Y308.166
G01 X455.438 Y308.231
G01 X451.654 Y308.296
G01 X447.870 Y308.361
G01 X444.084 Y308.427
G01 X440.300 Y308.492
G01 X436.514 Y308.557
G01 X432.731 Y308.622
G01 X428.946 Y308.687
G01 X425.161 Y308.752
G01 X421.377 Y308.817
G01 X417.591 Y308.882
G01 X413.808 Y308.947
G01 X410.023 Y309.012
G01 X406.238 Y309.077
G01 X402.454 Y309.144
G01 X398.668 Y309.209
G01 X394.885 Y309.274
G01 X391.100 Y309.339
G01 X387.315 Y309.404
G01 X383.531 Y309.469
G01 X379.745 Y309.534
G01 X375.961 Y309.600
G01 X372.177 Y309.665
G01 X368.392 Y309.730
G01 X364.606 Y309.795
G01 X360.822 Y309.861
G01 X357.038 Y309.925
G01 X353.254 Y309.990
G01 X349.469 Y310.055
G01 X345.683 Y310.120
G01 X341.899 Y310.185
G01 X338.115 Y310.252
G01 X334.329 Y310.317
G01 X330.546 Y310.382
G01 X326.760 Y310.447
G01 X322.976 Y310.512
G01 X319.192 Y310.577
G01 X315.406 Y310.642
G01 X311.623 Y310.707
G01 X307.838 Y310.772
G01 X304.053 Y310.838
G01 X300.269 Y310.903
G01 X296.484 Y310.968
G01 X292.699 Y311.034
G01 X288.915 Y311.099
G01 X285.130 Y311.163
G01 X281.345 Y311.228
G01 X277.673 Y311.296
G01 X277.561 Y311.293
G01 X274.046 Y311.362
G01 X273.776 Y311.360
G01 X270.397 Y311.428
G01 X269.990 Y311.425
G01 X266.726 Y311.495
G01 X266.207 Y311.490
G01 X263.033 Y311.560
G01 X262.422 Y311.555
G01 X259.317 Y311.625
G01 X258.638 Y311.620
G01 X255.579 Y311.690
G01 X254.853 Y311.685
G01 X251.817 Y311.755
G01 X251.067 Y311.750
G01 X248.034 Y311.820
G01 X247.284 Y311.815
G01 X244.228 Y311.885
G01 X243.499 Y311.880
G01 X240.399 Y311.951
G01 X239.714 Y311.945
G01 X236.546 Y312.016
G01 X235.930 Y312.010
G01 X232.671 Y312.081
G01 X232.144 Y312.076
G01 X228.772 Y312.146
G01 X228.361 Y312.142
G01 X224.850 Y312.209
G01 X224.576 Y312.207
G01 X220.904 Y312.272
G01 X220.791 Y312.272
G01 X217.007 Y312.337
G01 X213.221 Y312.401
G01 X209.437 Y312.468
G01 X205.653 Y312.533
G01 X201.868 Y312.598
G01 X198.082 Y312.663
G01 X194.298 Y312.728
G01 X190.514 Y312.793
G01 X186.728 Y312.858
G01 X182.945 Y312.923
G01 X179.159 Y312.988
G01 X175.375 Y313.053
G01 X171.591 Y313.118
G01 X167.805 Y313.183
G01 X164.022 Y313.249
G01 X160.237 Y313.315
G01 X156.452 Y313.380
G01 X152.668 Y313.445
G01 X148.882 Y313.510
G01 X145.098 Y313.575
G01 X141.314 Y313.641
G01 X137.529 Y313.706
G01 X133.745 Y313.771
G01 X129.959 Y313.836
G01 X126.175 Y313.901
G01 X122.391 Y313.966
G01 X118.606 Y314.031
G01 X114.820 Y314.096
G01 X111.036 Y314.161
G01 X107.252 Y314.226
G01 X103.468 Y314.291
G01 X99.683 Y314.356
G01 X95.897 Y314.423
G01 X92.113 Y314.488
G01 X88.329 Y314.553
G01 X84.543 Y314.618
G01 X80.760 Y314.683
G01 X76.975 Y314.749
G01 X73.190 Y314.814
G01 X69.406 Y314.879
G01 X65.620 Y314.944
G01 X61.836 Y315.009
G01 X58.052 Y315.074
G01 X54.267 Y315.139
G01 X50.483 Y315.204
G01 X46.697 Y315.269
G01 X42.913 Y315.334
G01 X39.129 Y315.399
G01 X35.344 Y315.464
G01 X31.558 Y315.531
G01 X27.774 Y315.596
G01 X23.990 Y315.661
G01 X20.204 Y315.726
G01 X16.421 Y315.791
G01 X12.635 Y315.856
G01 X8.851 Y315.921
G01 X12.663 Y315.721
G01 X16.475 Y315.521
G01 X20.286 Y315.320
G01 X24.098 Y315.120
G01 X27.909 Y314.918
G01 X31.721 Y314.718
G01 X35.533 Y314.517
G01 X39.344 Y314.317
G01 X43.156 Y314.115
G01 X46.968 Y313.916
G01 X50.779 Y313.714
G01 X54.591 Y313.514
G01 X58.403 Y313.314
G01 X62.214 Y313.113
G01 X66.026 Y312.913
G01 X69.838 Y312.713
G01 X73.649 Y312.512
G01 X77.462 Y312.310
G01 X81.272 Y312.111
G01 X85.084 Y311.909
G01 X88.896 Y311.709
G01 X92.707 Y311.509
G01 X96.519 Y311.308
G01 X100.332 Y311.108
G01 X104.142 Y310.906
G01 X107.954 Y310.707
G01 X111.767 Y310.505
G01 X115.577 Y310.305
G01 X119.389 Y310.105
G01 X123.202 Y309.904
G01 X127.012 Y309.704
G01 X130.825 Y309.502
G01 X134.637 Y309.302
G01 X138.447 Y309.101
G01 X142.260 Y308.901
G01 X146.072 Y308.701
G01 X149.882 Y308.500
G01 X153.695 Y308.300
G01 X157.507 Y308.099
G01 X161.317 Y307.897
G01 X165.130 Y307.697
G01 X168.942 Y307.497
G01 X172.752 Y307.296
G01 X176.565 Y307.096
G01 X180.377 Y306.896
G01 X184.188 Y306.695
G01 X188.000 Y306.493
G01 X191.810 Y306.293
G01 X195.623 Y306.093
G01 X199.435 Y305.892
G01 X203.247 Y305.692
G01 X207.058 Y305.490
G01 X210.870 Y305.291
G01 X214.682 Y305.089
G01 X218.493 Y304.889
G01 X222.072 Y304.709
G01 X222.305 Y304.689
G01 X225.671 Y304.524
G01 X226.117 Y304.488
G01 X229.296 Y304.339
G01 X229.928 Y304.288
G01 X232.949 Y304.151
G01 X233.740 Y304.087
G01 X236.625 Y303.961
G01 X237.552 Y303.887
G01 X240.329 Y303.767
G01 X241.363 Y303.685
G01 X244.060 Y303.572
G01 X245.174 Y303.486
G01 X247.816 Y303.375
G01 X248.987 Y303.284
G01 X251.599 Y303.177
G01 X252.798 Y303.084
G01 X255.409 Y302.976
G01 X256.610 Y302.884
G01 X259.245 Y302.774
G01 X260.422 Y302.683
G01 X263.109 Y302.570
G01 X264.233 Y302.483
G01 X267.000 Y302.363
G01 X268.045 Y302.281
G01 X270.918 Y302.156
G01 X271.857 Y302.082
G01 X274.864 Y301.945
G01 X275.668 Y301.880
G01 X278.837 Y301.733
G01 X279.480 Y301.680
G01 X282.837 Y301.517
G01 X283.292 Y301.480
G01 X286.865 Y301.298
G01 X287.103 Y301.279
G01 X290.914 Y301.079
G01 X294.726 Y300.877
G01 X298.538 Y300.677
G01 X302.350 Y300.476
G01 X306.162 Y300.276
G01 X309.972 Y300.076
G01 X313.784 Y299.875
G01 X317.596 Y299.675
G01 X321.408 Y299.474
G01 X325.220 Y299.272
G01 X329.031 Y299.072
G01 X332.842 Y298.872
G01 X336.654 Y298.671
G01 X340.466 Y298.471
G01 X344.278 Y298.271
G01 X348.090 Y298.070
G01 X351.901 Y297.868
G01 X355.712 Y297.668
G01 X359.524 Y297.468
G01 X363.337 Y297.267
G01 X367.148 Y297.067
G01 X370.960 Y296.865
G01 X374.771 Y296.666
G01 X378.582 Y296.464
G01 X382.394 Y296.264
G01 X386.207 Y296.064
G01 X390.018 Y295.863
G01 X393.829 Y295.663
G01 X397.642 Y295.462
G01 X401.452 Y295.262
G01 X405.264 Y295.060
G01 X409.076 Y294.861
G01 X412.887 Y294.659
G01 X416.700 Y294.459
G01 X420.510 Y294.259
G01 X424.322 Y294.058
G01 X428.135 Y293.858
G01 X431.946 Y293.656
G01 X435.757 Y293.457
G01 X439.570 Y293.255
G01 X443.382 Y293.055
G01 X447.192 Y292.855
G01 X451.005 Y292.654
G01 X454.817 Y292.454
G01 X458.627 Y292.252
G01 X462.440 Y292.053
G01 X466.250 Y291.851
G01 X470.062 Y291.651
G01 X473.875 Y291.451
G01 X477.687 Y291.250
G01 X481.498 Y291.050
G01 X485.310 Y290.849
G01 X489.120 Y290.649
G01 X492.933 Y290.447
G01 X496.745 Y290.247
G01 X492.961 Y290.541
G01 X489.178 Y290.836
G01 X485.394 Y291.130
G01 X481.611 Y291.423
G01 X477.827 Y291.718
G01 X474.043 Y292.012
G01 X470.260 Y292.305
G01 X466.476 Y292.600
G01 X462.692 Y292.894
G01 X458.909 Y293.188
G01 X455.125 Y293.481
G01 X451.341 Y293.776
G01 X447.558 Y294.070
G01 X443.774 Y294.365
G01 X439.990 Y294.659
G01 X436.207 Y294.952
G01 X432.423 Y295.247
G01 X428.639 Y295.541
G01 X424.856 Y295.834
G01 X421.072 Y296.129
G01 X417.289 Y296.423
G01 X413.505 Y296.718
G01 X409.723 Y297.012
G01 X405.938 Y297.305
G01 X402.156 Y297.600
G01 X398.372 Y297.894
G01 X394.587 Y298.188
G01 X390.805 Y298.481
G01 X387.021 Y298.776
G01 X383.238 Y299.070
G01 X379.454 Y299.363
G01 X375.670 Y299.658
G01 X371.887 Y299.952
G01 X368.103 Y300.247
G01 X364.320 Y300.541
G01 X360.536 Y300.834
G01 X356.752 Y301.129
G01 X352.969 Y301.423
G01 X349.185 Y301.716
G01 X345.401 Y302.010
G01 X341.618 Y302.305
G01 X337.835 Y302.599
G01 X334.050 Y302.894
G01 X330.268 Y303.188
G01 X326.484 Y303.481
G01 X322.700 Y303.776
G01 X318.917 Y304.070
G01 X315.132 Y304.363
G01 X311.350 Y304.658
G01 X307.566 Y304.952
G01 X303.783 Y305.245
G01 X299.999 Y305.541
G01 X296.215 Y305.834
G01 X292.432 Y306.129
G01 X288.648 Y306.423
G01 X284.889 Y306.716
G01 X284.865 Y306.716
G01 X281.293 Y307.000
G01 X281.081 Y307.010
G01 X277.675 Y307.286
G01 X277.298 Y307.305
G01 X274.035 Y307.572
G01 X273.514 Y307.599
G01 X270.370 Y307.861
G01 X269.730 Y307.892
G01 X266.682 Y308.149
G01 X265.947 Y308.187
G01 X262.971 Y308.439
G01 X262.163 Y308.481
G01 X259.236 Y308.730
G01 X258.380 Y308.776
G01 X255.477 Y309.022
G01 X254.596 Y309.070
G01 X251.695 Y309.317
G01 X250.812 Y309.363
G01 X247.888 Y309.612
G01 X247.029 Y309.658
G01 X244.059 Y309.909
G01 X243.245 Y309.952
G01 X240.204 Y310.207
G01 X239.462 Y310.245
G01 X236.326 Y310.507
G01 X235.678 Y310.540
G01 X232.423 Y310.808
G01 X231.894 Y310.834
G01 X228.495 Y311.108
G01 X228.111 Y311.127
G01 X224.545 Y311.411
G01 X224.327 Y311.421
G01 X220.569 Y311.714
G01 X220.543 Y311.716
G01 X216.760 Y312.010
G01 X212.976 Y312.305
G01 X209.192 Y312.599
G01 X205.409 Y312.892
G01 X201.625 Y313.187
G01 X197.843 Y313.481
G01 X194.058 Y313.774
G01 X190.274 Y314.069
G01 X186.492 Y314.363
G01 X182.707 Y314.658
G01 X178.925 Y314.952
G01 X175.141 Y315.245
G01 X171.358 Y315.540
G01 X167.574 Y315.834
G01 X163.790 Y316.127
G01 X160.007 Y316.421
G01 X156.223 Y316.716
G01 X152.440 Y317.010
G01 X148.656 Y317.303
G01 X144.872 Y317.599
G01 X141.089 Y317.892
G01 X137.305 Y318.187
G01 X133.522 Y318.481
G01 X129.738 Y318.774
G01 X125.954 Y319.069
G01 X122.171 Y319.363
G01 X118.387 Y319.656
G01 X114.603 Y319.951
G01 X110.820 Y320.245
G01 X107.036 Y320.540
G01 X103.252 Y320.834
G01 X99.469 Y321.127
G01 X95.685 Y321.421
G01 X91.901 Y321.716
G01 X88.118 Y322.010
G01 X84.334 Y322.303
G01 X80.552 Y322.598
G01 X76.767 Y322.892
G01 X72.985 Y323.187
G01 X69.201 Y323.480
G01 X65.418 Y323.774
G01 X61.634 Y324.069
G01 X57.850 Y324.363
G01 X54.067 Y324.656
G01 X50.283 Y324.951
G01 X46.500 Y325.245
G01 X42.716 Y325.538
G01 X38.933 Y325.832
G01 X35.149 Y326.127
G01 X31.365 Y326.421
G01 X27.582 Y326.716
G01 X23.798 Y327.010
G01 X20.014 Y327.303
G01 X16.231 Y327.598
G01 X12.447 Y327.892
G01 X16.248 Y327.461
G01 X20.048 Y327.029
G01 X23.850 Y326.599
G01 X27.651 Y326.168
G01 X31.452 Y325.737
G01 X35.252 Y325.305
G01 X39.053 Y324.875
G01 X42.855 Y324.442
G01 X46.656 Y324.012
G01 X50.457 Y323.581
G01 X54.257 Y323.149
G01 X58.058 Y322.719
G01 X61.860 Y322.288
G01 X65.661 Y321.856
G01 X69.462 Y321.425
G01 X73.262 Y320.995
G01 X77.064 Y320.564
G01 X80.865 Y320.132
G01 X84.666 Y319.702
G01 X88.466 Y319.269
G01 X92.267 Y318.839
G01 X96.069 Y318.408
G01 X99.870 Y317.976
G01 X103.671 Y317.546
G01 X107.471 Y317.115
G01 X111.272 Y316.683
G01 X115.074 Y316.252
G01 X118.875 Y315.822
G01 X122.675 Y315.391
G01 X126.476 Y314.959
G01 X130.278 Y314.529
G01 X134.077 Y314.096
G01 X137.879 Y313.666
G01 X141.680 Y313.235
G01 X145.481 Y312.803
G01 X149.281 Y312.373
G01 X153.082 Y311.942
G01 X156.884 Y311.510
G01 X160.685 Y311.079
G01 X164.486 Y310.649
G01 X168.286 Y310.218
G01 X172.088 Y309.786
G01 X175.889 Y309.356
G01 X179.690 Y308.925
G01 X183.490 Y308.493
G01 X187.291 Y308.062
G01 X191.093 Y307.630
G01 X194.894 Y307.200
G01 X198.695 Y306.769
G01 X202.495 Y306.338
G01 X206.296 Y305.906
G01 X210.098 Y305.476
G01 X213.899 Y305.045
G01 X217.700 Y304.613
G01 X221.442 Y304.192
G01 X221.500 Y304.183
G01 X224.993 Y303.796
G01 X225.302 Y303.752
G01 X228.570 Y303.397
G01 X229.103 Y303.320
G01 X232.177 Y302.993
G01 X232.904 Y302.889
G01 X235.810 Y302.586
G01 X236.704 Y302.457
G01 X239.471 Y302.173
G01 X240.505 Y302.026
G01 X243.159 Y301.757
G01 X244.306 Y301.596
G01 X246.874 Y301.337
G01 X248.107 Y301.165
G01 X250.617 Y300.913
G01 X251.907 Y300.733
G01 X254.387 Y300.486
G01 X255.709 Y300.303
G01 X258.186 Y300.055
G01 X259.510 Y299.872
G01 X262.012 Y299.620
G01 X263.311 Y299.440
G01 X265.868 Y299.183
G01 X267.112 Y299.010
G01 X269.751 Y298.740
G01 X270.913 Y298.579
G01 X273.663 Y298.296
G01 X274.714 Y298.147
G01 X277.605 Y297.846
G01 X278.514 Y297.716
G01 X281.576 Y297.391
G01 X282.316 Y297.284
G01 X285.575 Y296.933
G01 X286.116 Y296.853
G01 X289.601 Y296.469
G01 X289.918 Y296.423
G01 X293.659 Y296.000
G01 X293.719 Y295.992
G01 X297.519 Y295.560
G01 X301.321 Y295.130
G01 X305.121 Y294.699
G01 X308.923 Y294.267
G01 X312.724 Y293.837
G01 X316.524 Y293.406
G01 X320.326 Y292.975
G01 X324.127 Y292.543
G01 X327.928 Y292.112
G01 X331.728 Y291.680
G01 X335.529 Y291.250
G01 X339.331 Y290.819
G01 X343.132 Y290.387
G01 X346.933 Y289.957
G01 X350.734 Y289.526
G01 X354.534 Y289.094
G01 X358.336 Y288.663
G01 X362.137 Y288.233
G01 X365.937 Y287.802
G01 X369.738 Y287.370
G01 X373.539 Y286.940
G01 X377.341 Y286.509
G01 X381.140 Y286.077
G01 X384.942 Y285.646
G01 X388.743 Y285.214
G01 X392.543 Y284.784
G01 X396.345 Y284.353
G01 X400.146 Y283.921
G01 X403.947 Y283.490
G01 X407.748 Y283.060
G01 X411.548 Y282.629
G01 X415.350 Y282.197
G01 X419.151 Y281.767
G01 X422.952 Y281.336
G01 X426.752 Y280.904
G01 X430.553 Y280.473
G01 X434.355 Y280.041
G01 X438.156 Y279.611
G01 X441.957 Y279.180
G01 X445.757 Y278.749
G01 X449.558 Y278.317
G01 X453.360 Y277.887
G01 X457.161 Y277.456
G01 X460.962 Y277.024
G01 X464.763 Y276.594
G01 X468.563 Y276.163
G01 X472.365 Y275.731
G01 X476.166 Y275.300
G01 X479.966 Y274.868
G01 X483.768 Y274.438
G01 X487.568 Y274.007
G01 X491.370 Y273.576
G01 X495.169 Y273.144
G01 X498.971 Y272.714
G01 X495.202 Y273.237
G01 X491.435 Y273.760
G01 X487.667 Y274.283
G01 X483.899 Y274.805
G01 X480.130 Y275.329
G01 X476.361 Y275.851
G01 X472.594 Y276.375
G01 X468.826 Y276.899
G01 X465.057 Y277.421
G01 X461.288 Y277.945
G01 X457.520 Y278.468
G01 X453.752 Y278.990
G01 X449.983 Y279.514
G01 X446.216 Y280.036
G01 X442.447 Y280.560
G01 X438.680 Y281.082
G01 X434.911 Y281.606
G01 X431.143 Y282.129
G01 X427.375 Y282.651
G01 X423.606 Y283.175
G01 X419.839 Y283.697
G01 X416.070 Y284.221
G01 X412.302 Y284.745
G01 X408.534 Y285.267
G01 X404.765 Y285.791
G01 X400.997 Y286.314
G01 X397.228 Y286.837
G01 X393.461 Y287.360
G01 X389.692 Y287.882
G01 X385.923 Y288.406
G01 X382.156 Y288.928
G01 X378.387 Y289.452
G01 X374.620 Y289.976
G01 X370.851 Y290.498
G01 X367.082 Y291.022
G01 X363.315 Y291.545
G01 X359.547 Y292.067
G01 X355.778 Y292.591
G01 X352.010 Y293.113
G01 X348.241 Y293.637
G01 X344.474 Y294.159
G01 X340.704 Y294.683
G01 X336.937 Y295.206
G01 X333.168 Y295.728
G01 X329.400 Y296.252
G01 X325.632 Y296.774
G01 X321.864 Y297.298
G01 X318.096 Y297.822
G01 X314.327 Y298.344
G01 X310.560 Y298.868
G01 X306.791 Y299.391
G01 X303.023 Y299.913
G01 X299.255 Y300.437
G01 X295.486 Y300.959
G01 X291.717 Y301.483
G01 X288.062 Y301.993
G01 X287.950 Y302.005
G01 X284.491 Y302.495
G01 X284.182 Y302.529
G01 X280.897 Y302.999
G01 X280.413 Y303.052
G01 X277.276 Y303.505
G01 X276.644 Y303.575
G01 X273.632 Y304.014
G01 X272.877 Y304.098
G01 X269.965 Y304.524
G01 X269.109 Y304.622
G01 X266.272 Y305.038
G01 X265.341 Y305.144
G01 X262.555 Y305.555
G01 X261.572 Y305.668
G01 X258.812 Y306.076
G01 X257.804 Y306.190
G01 X255.046 Y306.599
G01 X254.036 Y306.714
G01 X251.255 Y307.125
G01 X250.268 Y307.237
G01 X247.438 Y307.654
G01 X246.500 Y307.760
G01 X243.596 Y308.185
G01 X242.731 Y308.283
G01 X239.728 Y308.719
G01 X238.963 Y308.805
G01 X235.837 Y309.257
G01 X235.195 Y309.329
G01 X231.918 Y309.798
G01 X231.427 Y309.851
G01 X227.975 Y310.341
G01 X227.658 Y310.375
G01 X224.005 Y310.885
G01 X223.889 Y310.899
G01 X220.122 Y311.421
G01 X216.353 Y311.945
G01 X212.584 Y312.468
G01 X208.817 Y312.990
G01 X205.048 Y313.514
G01 X201.281 Y314.036
G01 X197.512 Y314.560
G01 X193.743 Y315.082
G01 X189.976 Y315.606
G01 X186.207 Y316.129
G01 X182.439 Y316.651
G01 X178.671 Y317.175
G01 X174.903 Y317.699
G01 X171.135 Y318.221
G01 X167.367 Y318.745
G01 X163.598 Y319.267
G01 X159.829 Y319.791
G01 X156.062 Y320.314
G01 X152.293 Y320.837
G01 X148.524 Y321.360
G01 X144.757 Y321.882
G01 X140.988 Y322.406
G01 X137.221 Y322.928
G01 X133.452 Y323.452
G01 X129.683 Y323.975
G01 X125.916 Y324.498
G01 X122.147 Y325.022
G01 X118.380 Y325.545
G01 X114.611 Y326.067
G01 X110.843 Y326.591
G01 X107.075 Y327.113
G01 X103.305 Y327.637
G01 X99.538 Y328.159
G01 X95.769 Y328.683
G01 X92.002 Y329.206
G01 X88.233 Y329.728
G01 X84.464 Y330.252
G01 X80.697 Y330.774
G01 X76.928 Y331.298
G01 X73.161 Y331.820
G01 X69.392 Y332.344
G01 X65.624 Y332.868
G01 X61.856 Y333.391
G01 X58.088 Y333.913
G01 X54.319 Y334.437
G01 X50.550 Y334.959
G01 X46.783 Y335.483
G01 X43.014 Y336.005
G01 X39.245 Y336.529
G01 X35.478 Y337.052
G01 X31.709 Y337.575
G01 X27.942 Y338.098
G01 X24.173 Y338.622
G01 X20.404 Y339.144
G01 X16.637 Y339.668
G01 X20.413 Y339.007
G01 X24.189 Y338.346
G01 X27.964 Y337.685
G01 X31.740 Y337.024
G01 X35.517 Y336.363
G01 X39.291 Y335.702
G01 X43.067 Y335.041
G01 X46.844 Y334.380
G01 X50.620 Y333.719
G01 X54.396 Y333.058
G01 X58.171 Y332.397
G01 X61.947 Y331.736
G01 X65.724 Y331.075
G01 X69.500 Y330.415
G01 X73.276 Y329.754
G01 X77.050 Y329.093
G01 X80.827 Y328.432
G01 X84.603 Y327.771
G01 X88.379 Y327.110
G01 X92.154 Y326.449
G01 X95.930 Y325.788
G01 X99.707 Y325.127
G01 X103.483 Y324.466
G01 X107.259 Y323.805
G01 X111.034 Y323.144
G01 X114.810 Y322.483
G01 X118.587 Y321.822
G01 X122.363 Y321.161
G01 X126.137 Y320.500
G01 X129.913 Y319.839
G01 X133.690 Y319.178
G01 X137.466 Y318.517
G01 X141.242 Y317.856
G01 X145.017 Y317.195
G01 X148.793 Y316.534
G01 X152.570 Y315.874
G01 X156.346 Y315.213
G01 X160.122 Y314.552
G01 X163.897 Y313.891
G01 X167.673 Y313.230
G01 X171.449 Y312.569
G01 X175.225 Y311.908
G01 X179.000 Y311.247
G01 X182.776 Y310.586
G01 X186.553 Y309.925
G01 X190.329 Y309.264
G01 X194.105 Y308.603
G01 X197.880 Y307.942
G01 X201.656 Y307.281
G01 X205.433 Y306.620
G01 X209.207 Y305.959
G01 X212.983 Y305.298
G01 X216.760 Y304.637
G01 X220.536 Y303.976
G01 X224.195 Y303.339
G01 X224.312 Y303.315
G01 X227.711 Y302.733
G01 X228.088 Y302.654
G01 X231.254 Y302.120
G01 X231.863 Y301.993
G01 X234.826 Y301.500
G01 X235.639 Y301.332
G01 X238.425 Y300.875
G01 X239.416 Y300.671
G01 X242.055 Y300.242
G01 X243.192 Y300.010
G01 X245.713 Y299.603
G01 X246.968 Y299.350
G01 X249.398 Y298.959
G01 X250.744 Y298.689
G01 X253.113 Y298.310
G01 X254.519 Y298.028
G01 X256.857 Y297.656
G01 X258.295 Y297.367
G01 X260.630 Y296.995
G01 X262.071 Y296.706
G01 X264.433 Y296.329
G01 X265.847 Y296.046
G01 X268.264 Y295.658
G01 X269.623 Y295.384
G01 X272.127 Y294.981
G01 X273.399 Y294.724
G01 X276.021 Y294.296
G01 X277.175 Y294.062
G01 X279.942 Y293.608
G01 X280.951 Y293.401
G01 X283.895 Y292.911
G01 X284.726 Y292.740
G01 X287.880 Y292.209
G01 X288.502 Y292.079
G01 X291.893 Y291.499
G01 X292.279 Y291.418
G01 X295.936 Y290.783
G01 X296.053 Y290.757
G01 X299.829 Y290.096
G01 X303.606 Y289.435
G01 X307.382 Y288.774
G01 X311.158 Y288.113
G01 X314.933 Y287.452
G01 X318.710 Y286.791
G01 X322.486 Y286.132
G01 X326.262 Y285.471
G01 X330.038 Y284.810
G01 X333.813 Y284.149
G01 X337.590 Y283.488
G01 X341.365 Y282.827
G01 X345.140 Y282.166
G01 X348.917 Y281.505
G01 X352.692 Y280.844
G01 X356.469 Y280.183
G01 X360.245 Y279.522
G01 X364.020 Y278.861
G01 X367.797 Y278.200
G01 X371.572 Y277.538
G01 X375.349 Y276.877
G01 X379.124 Y276.216
G01 X382.899 Y275.555
G01 X386.675 Y274.894
G01 X390.452 Y274.235
G01 X394.228 Y273.572
G01 X398.004 Y272.913
G01 X401.779 Y272.252
G01 X405.555 Y271.591
G01 X409.332 Y270.930
G01 X413.108 Y270.269
G01 X416.884 Y269.608
G01 X420.659 Y268.947
G01 X424.435 Y268.286
G01 X428.211 Y267.625
G01 X431.986 Y266.964
G01 X435.762 Y266.303
G01 X439.538 Y265.642
G01 X443.315 Y264.981
G01 X447.091 Y264.320
G01 X450.866 Y263.659
G01 X454.643 Y262.999
G01 X458.418 Y262.338
G01 X462.195 Y261.677
G01 X465.970 Y261.016
G01 X469.745 Y260.355
G01 X473.522 Y259.694
G01 X477.298 Y259.033
G01 X481.073 Y258.372
G01 X484.850 Y257.711
G01 X488.625 Y257.050
G01 X492.401 Y256.389
G01 X496.178 Y255.727
G01 X499.954 Y255.066
G01 X496.215 Y255.817
G01 X492.476 Y256.570
G01 X488.738 Y257.320
G01 X484.999 Y258.072
G01 X481.260 Y258.822
G01 X477.522 Y259.574
G01 X473.783 Y260.325
G01 X470.044 Y261.077
G01 X466.305 Y261.827
G01 X462.567 Y262.579
G01 X458.829 Y263.329
G01 X455.090 Y264.082
G01 X451.351 Y264.832
G01 X447.613 Y265.584
G01 X443.874 Y266.334
G01 X440.135 Y267.086
G01 X436.397 Y267.837
G01 X432.659 Y268.589
G01 X428.920 Y269.339
G01 X425.180 Y270.091
G01 X421.442 Y270.841
G01 X417.704 Y271.593
G01 X413.964 Y272.344
G01 X410.226 Y273.096
G01 X406.488 Y273.846
G01 X402.750 Y274.598
G01 X399.010 Y275.349
G01 X395.272 Y276.100
G01 X391.534 Y276.851
G01 X387.795 Y277.603
G01 X384.055 Y278.353
G01 X380.317 Y279.105
G01 X376.579 Y279.856
G01 X372.841 Y280.608
G01 X369.101 Y281.358
G01 X365.363 Y282.110
G01 X361.625 Y282.861
G01 X357.885 Y283.612
G01 X354.147 Y284.363
G01 X350.409 Y285.115
G01 X346.669 Y285.865
G01 X342.932 Y286.617
G01 X339.192 Y287.368
G01 X335.454 Y288.118
G01 X331.716 Y288.870
G01 X327.976 Y289.622
G01 X324.238 Y290.373
G01 X320.500 Y291.124
G01 X316.760 Y291.875
G01 X313.023 Y292.627
G01 X309.284 Y293.377
G01 X305.544 Y294.129
G01 X301.807 Y294.880
G01 X298.067 Y295.630
G01 X294.329 Y296.382
G01 X290.787 Y297.100
G01 X290.591 Y297.134
G01 X287.254 Y297.817
G01 X286.851 Y297.885
G01 X283.696 Y298.536
G01 X283.114 Y298.635
G01 X280.112 Y299.260
G01 X279.375 Y299.387
G01 X276.502 Y299.988
G01 X275.636 Y300.139
G01 X272.868 Y300.721
G01 X271.898 Y300.889
G01 X269.208 Y301.457
G01 X268.159 Y301.641
G01 X265.523 Y302.199
G01 X264.420 Y302.392
G01 X261.812 Y302.945
G01 X260.682 Y303.142
G01 X258.076 Y303.695
G01 X256.942 Y303.894
G01 X254.312 Y304.451
G01 X253.204 Y304.646
G01 X250.524 Y305.212
G01 X249.466 Y305.397
G01 X246.709 Y305.976
G01 X245.727 Y306.147
G01 X242.867 Y306.747
G01 X241.988 Y306.899
G01 X238.999 Y307.521
G01 X238.250 Y307.649
G01 X235.105 Y308.300
G01 X234.512 Y308.401
G01 X231.183 Y309.082
G01 X230.772 Y309.153
G01 X227.235 Y309.870
G01 X227.034 Y309.904
G01 X223.296 Y310.654
G01 X219.557 Y311.406
G01 X215.817 Y312.156
G01 X212.079 Y312.909
G01 X208.341 Y313.659
G01 X204.601 Y314.411
G01 X200.863 Y315.161
G01 X197.125 Y315.913
G01 X193.387 Y316.665
G01 X189.647 Y317.416
G01 X185.909 Y318.166
G01 X182.171 Y318.918
G01 X178.432 Y319.668
G01 X174.692 Y320.421
G01 X170.954 Y321.171
G01 X167.216 Y321.923
G01 X163.478 Y322.673
G01 X159.738 Y323.425
G01 X156.000 Y324.175
G01 X152.262 Y324.928
G01 X148.522 Y325.678
G01 X144.784 Y326.430
G01 X141.046 Y327.180
G01 X137.307 Y327.932
G01 X133.569 Y328.683
G01 X129.829 Y329.435
G01 X126.091 Y330.185
G01 X122.353 Y330.937
G01 X118.613 Y331.688
G01 X114.875 Y332.439
G01 X111.137 Y333.190
G01 X107.397 Y333.942
G01 X103.659 Y334.692
G01 X99.921 Y335.444
G01 X96.182 Y336.195
G01 X92.444 Y336.947
G01 X88.704 Y337.697
G01 X84.966 Y338.449
G01 X81.228 Y339.200
G01 X77.488 Y339.951
G01 X73.750 Y340.702
G01 X70.012 Y341.454
G01 X66.272 Y342.204
G01 X62.534 Y342.956
G01 X58.796 Y343.707
G01 X55.058 Y344.457
G01 X51.319 Y345.209
G01 X47.579 Y345.961
G01 X43.841 Y346.712
G01 X40.103 Y347.463
G01 X36.363 Y348.214
G01 X32.625 Y348.966
G01 X28.887 Y349.716
G01 X25.149 Y350.468
G01 X21.409 Y351.219
G01 X25.147 Y350.329
G01 X28.882 Y349.440
G01 X32.620 Y348.550
G01 X36.356 Y347.661
G01 X40.093 Y346.772
G01 X43.829 Y345.884
G01 X47.565 Y344.993
G01 X51.302 Y344.105
G01 X55.038 Y343.216
G01 X58.774 Y342.327
G01 X62.512 Y341.437
G01 X66.248 Y340.548
G01 X69.985 Y339.659
G01 X73.721 Y338.769
G01 X77.457 Y337.880
G01 X81.195 Y336.990
G01 X84.930 Y336.101
G01 X88.668 Y335.213
G01 X92.404 Y334.322
G01 X96.141 Y333.433
G01 X99.877 Y332.545
G01 X103.613 Y331.656
G01 X107.350 Y330.767
G01 X111.087 Y329.877
G01 X114.822 Y328.988
G01 X118.560 Y328.099
G01 X122.296 Y327.209
G01 X126.033 Y326.320
G01 X129.769 Y325.430
G01 X133.505 Y324.541
G01 X137.243 Y323.651
G01 X140.978 Y322.762
G01 X144.716 Y321.874
G01 X148.452 Y320.985
G01 X152.189 Y320.094
G01 X155.925 Y319.206
G01 X159.661 Y318.317
G01 X163.397 Y317.428
G01 X167.135 Y316.538
G01 X170.870 Y315.649
G01 X174.608 Y314.760
G01 X178.344 Y313.870
G01 X182.081 Y312.981
G01 X185.817 Y312.091
G01 X189.553 Y311.202
G01 X193.291 Y310.314
G01 X197.026 Y309.423
G01 X200.764 Y308.534
G01 X204.500 Y307.646
G01 X208.237 Y306.757
G01 X211.973 Y305.867
G01 X215.709 Y304.978
G01 X219.445 Y304.089
G01 X223.183 Y303.200
G01 X226.757 Y302.355
G01 X226.920 Y302.310
G01 X230.219 Y301.540
G01 X230.656 Y301.421
G01 X233.714 Y300.716
G01 X234.392 Y300.531
G01 X237.237 Y299.884
G01 X238.129 Y299.642
G01 X240.790 Y299.043
G01 X241.865 Y298.752
G01 X244.373 Y298.192
G01 X245.602 Y297.863
G01 X247.984 Y297.334
G01 X249.339 Y296.975
G01 X251.627 Y296.469
G01 X253.075 Y296.086
G01 X255.299 Y295.596
G01 X256.812 Y295.195
G01 X259.002 Y294.716
G01 X260.548 Y294.307
G01 X262.736 Y293.827
G01 X264.285 Y293.418
G01 X266.500 Y292.930
G01 X268.021 Y292.529
G01 X270.296 Y292.026
G01 X271.757 Y291.639
G01 X274.123 Y291.115
G01 X275.494 Y290.750
G01 X277.981 Y290.195
G01 X279.231 Y289.861
G01 X281.872 Y289.266
G01 X282.967 Y288.971
G01 X285.793 Y288.327
G01 X286.704 Y288.082
G01 X289.745 Y287.380
G01 X290.441 Y287.192
G01 X293.731 Y286.425
G01 X294.177 Y286.303
G01 X297.746 Y285.459
G01 X297.913 Y285.415
G01 X301.649 Y284.524
G01 X305.387 Y283.635
G01 X309.123 Y282.747
G01 X312.860 Y281.858
G01 X316.596 Y280.968
G01 X320.332 Y280.079
G01 X324.070 Y279.190
G01 X327.805 Y278.300
G01 X331.543 Y277.411
G01 X335.279 Y276.522
G01 X339.015 Y275.632
G01 X342.752 Y274.743
G01 X346.489 Y273.853
G01 X350.225 Y272.964
G01 X353.962 Y272.076
G01 X357.697 Y271.187
G01 X361.435 Y270.296
G01 X365.171 Y269.408
G01 X368.908 Y268.519
G01 X372.644 Y267.630
G01 X376.380 Y266.740
G01 X380.118 Y265.851
G01 X383.853 Y264.962
G01 X387.591 Y264.072
G01 X391.327 Y263.183
G01 X395.063 Y262.293
G01 X398.800 Y261.404
G01 X402.536 Y260.516
G01 X406.273 Y259.625
G01 X410.010 Y258.737
G01 X413.747 Y257.848
G01 X417.483 Y256.957
G01 X421.219 Y256.069
G01 X424.956 Y255.180
G01 X428.692 Y254.291
G01 X432.428 Y253.401
G01 X436.166 Y252.512
G01 X439.901 Y251.623
G01 X443.639 Y250.734
G01 X447.375 Y249.845
G01 X451.111 Y248.954
G01 X454.848 Y248.066
G01 X458.584 Y247.177
G01 X462.321 Y246.287
G01 X466.058 Y245.398
G01 X469.794 Y244.508
G01 X473.531 Y243.620
G01 X477.268 Y242.731
G01 X481.004 Y241.841
G01 X484.740 Y240.952
G01 X488.476 Y240.062
G01 X492.214 Y239.173
G01 X495.950 Y238.284
G01 X499.687 Y237.394
G01 X495.991 Y238.371
G01 X492.297 Y239.349
G01 X488.601 Y240.327
G01 X484.908 Y241.305
G01 X481.212 Y242.282
G01 X477.518 Y243.260
G01 X473.822 Y244.238
G01 X470.127 Y245.215
G01 X466.433 Y246.192
G01 X462.739 Y247.169
G01 X459.043 Y248.148
G01 X455.349 Y249.125
G01 X451.654 Y250.103
G01 X447.959 Y251.079
G01 X444.264 Y252.058
G01 X440.570 Y253.036
G01 X436.875 Y254.013
G01 X433.180 Y254.990
G01 X429.486 Y255.968
G01 X425.791 Y256.945
G01 X422.096 Y257.923
G01 X418.401 Y258.901
G01 X414.707 Y259.877
G01 X411.012 Y260.856
G01 X407.317 Y261.832
G01 X403.622 Y262.810
G01 X399.927 Y263.788
G01 X396.233 Y264.766
G01 X392.538 Y265.743
G01 X388.842 Y266.721
G01 X385.148 Y267.697
G01 X381.454 Y268.675
G01 X377.759 Y269.653
G01 X374.063 Y270.630
G01 X370.369 Y271.608
G01 X366.674 Y272.586
G01 X362.980 Y273.562
G01 X359.284 Y274.541
G01 X355.590 Y275.517
G01 X351.894 Y276.495
G01 X348.201 Y277.473
G01 X344.505 Y278.451
G01 X340.811 Y279.428
G01 X337.115 Y280.406
G01 X333.421 Y281.384
G01 X329.726 Y282.361
G01 X326.031 Y283.339
G01 X322.337 Y284.315
G01 X318.642 Y285.293
G01 X314.947 Y286.271
G01 X311.252 Y287.249
G01 X307.558 Y288.226
G01 X303.863 Y289.204
G01 X300.168 Y290.180
G01 X296.505 Y291.151
G01 X296.474 Y291.159
G01 X293.052 Y292.072
G01 X292.779 Y292.135
G01 X289.571 Y293.000
G01 X289.084 Y293.113
G01 X286.063 Y293.933
G01 X285.389 Y294.091
G01 X282.529 Y294.873
G01 X281.694 Y295.069
G01 X278.970 Y295.817
G01 X278.000 Y296.046
G01 X275.382 Y296.769
G01 X274.305 Y297.024
G01 X271.771 Y297.726
G01 X270.610 Y298.000
G01 X268.131 Y298.689
G01 X266.915 Y298.978
G01 X264.466 Y299.659
G01 X263.220 Y299.956
G01 X260.773 Y300.637
G01 X259.526 Y300.933
G01 X257.054 Y301.620
G01 X255.831 Y301.911
G01 X253.306 Y302.611
G01 X252.136 Y302.889
G01 X249.532 Y303.608
G01 X248.441 Y303.867
G01 X245.731 Y304.612
G01 X244.746 Y304.844
G01 X241.901 Y305.622
G01 X241.052 Y305.820
G01 X238.043 Y306.637
G01 X237.356 Y306.798
G01 X234.159 Y307.661
G01 X233.661 Y307.776
G01 X230.245 Y308.690
G01 X229.966 Y308.754
G01 X226.305 Y309.724
G01 X226.272 Y309.731
G01 X222.577 Y310.709
G01 X218.882 Y311.687
G01 X215.188 Y312.663
G01 X211.493 Y313.642
G01 X207.798 Y314.618
G01 X204.103 Y315.596
G01 X200.409 Y316.574
G01 X196.714 Y317.552
G01 X193.019 Y318.529
G01 X189.325 Y319.507
G01 X185.630 Y320.483
G01 X181.935 Y321.462
G01 X178.240 Y322.439
G01 X174.546 Y323.416
G01 X170.851 Y324.394
G01 X167.156 Y325.372
G01 X163.461 Y326.349
G01 X159.767 Y327.327
G01 X156.072 Y328.305
G01 X152.377 Y329.281
G01 X148.682 Y330.260
G01 X144.987 Y331.237
G01 X141.293 Y332.214
G01 X137.598 Y333.192
G01 X133.903 Y334.170
G01 X130.207 Y335.147
G01 X126.514 Y336.125
G01 X122.819 Y337.101
G01 X119.124 Y338.079
G01 X115.428 Y339.057
G01 X111.733 Y340.034
G01 X108.040 Y341.012
G01 X104.344 Y341.990
G01 X100.649 Y342.966
G01 X96.954 Y343.945
G01 X93.260 Y344.921
G01 X89.565 Y345.899
G01 X85.870 Y346.877
G01 X82.175 Y347.855
G01 X78.481 Y348.832
G01 X74.786 Y349.810
G01 X71.091 Y350.788
G01 X67.397 Y351.764
G01 X63.702 Y352.742
G01 X60.007 Y353.719
G01 X56.312 Y354.697
G01 X52.618 Y355.675
G01 X48.923 Y356.653
G01 X45.228 Y357.630
G01 X41.533 Y358.608
G01 X37.839 Y359.584
G01 X34.144 Y360.562
G01 X30.449 Y361.540
G01 X26.754 Y362.517
G01 X30.437 Y361.403
G01 X34.120 Y360.288
G01 X37.803 Y359.171
G01 X41.486 Y358.057
G01 X45.168 Y356.942
G01 X48.851 Y355.827
G01 X52.534 Y354.712
G01 X56.218 Y353.596
G01 X59.901 Y352.481
G01 X63.584 Y351.367
G01 X67.267 Y350.252
G01 X70.950 Y349.137
G01 X74.632 Y348.022
G01 X78.315 Y346.906
G01 X81.998 Y345.791
G01 X85.680 Y344.675
G01 X89.363 Y343.560
G01 X93.046 Y342.445
G01 X96.730 Y341.331
G01 X100.413 Y340.216
G01 X104.096 Y339.101
G01 X107.779 Y337.986
G01 X111.462 Y336.870
G01 X115.144 Y335.755
G01 X118.827 Y334.639
G01 X122.510 Y333.524
G01 X126.194 Y332.409
G01 X129.877 Y331.295
G01 X133.560 Y330.180
G01 X137.243 Y329.065
G01 X140.925 Y327.950
G01 X144.608 Y326.834
G01 X148.291 Y325.719
G01 X151.975 Y324.605
G01 X155.658 Y323.490
G01 X159.341 Y322.374
G01 X163.022 Y321.259
G01 X166.706 Y320.144
G01 X170.389 Y319.029
G01 X174.072 Y317.913
G01 X177.755 Y316.798
G01 X181.438 Y315.683
G01 X185.120 Y314.569
G01 X188.803 Y313.454
G01 X192.487 Y312.339
G01 X196.170 Y311.224
G01 X199.853 Y310.108
G01 X203.536 Y308.993
G01 X207.219 Y307.877
G01 X210.901 Y306.762
G01 X214.584 Y305.647
G01 X218.267 Y304.533
G01 X221.951 Y303.418
G01 X225.634 Y302.303
G01 X229.118 Y301.255
G01 X229.317 Y301.188
G01 X232.516 Y300.237
G01 X232.999 Y300.072
G01 X235.945 Y299.207
G01 X236.682 Y298.957
G01 X239.406 Y298.166
G01 X240.365 Y297.841
G01 X242.897 Y297.113
G01 X244.048 Y296.726
G01 X246.418 Y296.050
G01 X247.731 Y295.612
G01 X249.972 Y294.976
G01 X251.413 Y294.497
G01 X253.556 Y293.892
G01 X255.097 Y293.382
G01 X257.172 Y292.798
G01 X258.780 Y292.267
G01 X260.820 Y291.694
G01 X262.463 Y291.151
G01 X264.499 Y290.579
G01 X266.146 Y290.036
G01 X268.211 Y289.456
G01 X269.829 Y288.921
G01 X271.954 Y288.322
G01 X273.512 Y287.807
G01 X275.733 Y287.177
G01 X277.195 Y286.692
G01 X279.543 Y286.021
G01 X280.877 Y285.576
G01 X283.387 Y284.855
G01 X284.561 Y284.461
G01 X287.263 Y283.675
G01 X288.244 Y283.346
G01 X291.172 Y282.486
G01 X291.927 Y282.231
G01 X295.114 Y281.284
G01 X295.610 Y281.115
G01 X299.089 Y280.070
G01 X299.293 Y280.000
G01 X302.976 Y278.885
G01 X306.659 Y277.771
G01 X310.341 Y276.656
G01 X314.024 Y275.541
G01 X317.707 Y274.425
G01 X321.389 Y273.310
G01 X325.072 Y272.195
G01 X328.755 Y271.079
G01 X332.438 Y269.964
G01 X336.121 Y268.850
G01 X339.805 Y267.735
G01 X343.488 Y266.620
G01 X347.171 Y265.505
G01 X350.853 Y264.389
G01 X354.537 Y263.274
G01 X358.220 Y262.159
G01 X361.903 Y261.043
G01 X365.586 Y259.928
G01 X369.269 Y258.814
G01 X372.951 Y257.699
G01 X376.634 Y256.584
G01 X380.317 Y255.469
G01 X384.000 Y254.353
G01 X387.683 Y253.239
G01 X391.365 Y252.124
G01 X395.048 Y251.008
G01 X398.731 Y249.893
G01 X402.414 Y248.779
G01 X406.098 Y247.662
G01 X409.781 Y246.548
G01 X413.464 Y245.433
G01 X417.147 Y244.317
G01 X420.829 Y243.203
G01 X424.512 Y242.088
G01 X428.196 Y240.972
G01 X431.879 Y239.858
G01 X435.562 Y238.743
G01 X439.245 Y237.627
G01 X442.928 Y236.512
G01 X446.611 Y235.397
G01 X450.293 Y234.281
G01 X453.976 Y233.166
G01 X457.659 Y232.051
G01 X461.341 Y230.936
G01 X465.024 Y229.822
G01 X468.707 Y228.707
G01 X472.390 Y227.591
G01 X476.073 Y226.476
G01 X479.757 Y225.361
G01 X483.440 Y224.245
G01 X487.123 Y223.130
G01 X490.805 Y222.015
G01 X494.489 Y220.900
G01 X498.172 Y219.786
G01 X494.534 Y220.986
G01 X490.898 Y222.188
G01 X487.260 Y223.389
G01 X483.624 Y224.591
G01 X479.988 Y225.791
G01 X476.351 Y226.993
G01 X472.714 Y228.193
G01 X469.077 Y229.394
G01 X465.440 Y230.596
G01 X461.803 Y231.798
G01 X458.167 Y232.998
G01 X454.529 Y234.200
G01 X450.893 Y235.400
G01 X447.255 Y236.603
G01 X443.619 Y237.804
G01 X439.983 Y239.005
G01 X436.346 Y240.206
G01 X432.709 Y241.406
G01 X429.072 Y242.608
G01 X425.435 Y243.809
G01 X421.798 Y245.011
G01 X418.161 Y246.212
G01 X414.524 Y247.412
G01 X410.887 Y248.614
G01 X407.250 Y249.815
G01 X403.613 Y251.016
G01 X399.976 Y252.216
G01 X396.339 Y253.418
G01 X392.704 Y254.620
G01 X389.067 Y255.821
G01 X385.430 Y257.022
G01 X381.793 Y258.223
G01 X378.156 Y259.423
G01 X374.519 Y260.625
G01 X370.882 Y261.827
G01 X367.245 Y263.028
G01 X363.609 Y264.228
G01 X359.971 Y265.430
G01 X356.335 Y266.630
G01 X352.697 Y267.832
G01 X349.062 Y269.034
G01 X345.424 Y270.235
G01 X341.788 Y271.435
G01 X338.150 Y272.637
G01 X334.514 Y273.838
G01 X330.877 Y275.040
G01 X327.240 Y276.240
G01 X323.603 Y277.442
G01 X319.966 Y278.642
G01 X316.329 Y279.844
G01 X312.692 Y281.045
G01 X309.055 Y282.247
G01 X305.419 Y283.447
G01 X301.783 Y284.649
G01 X298.236 Y285.822
G01 X298.145 Y285.850
G01 X294.850 Y286.951
G01 X294.509 Y287.050
G01 X291.436 Y288.084
G01 X290.871 Y288.252
G01 X287.993 Y289.228
G01 X287.235 Y289.454
G01 X284.524 Y290.377
G01 X283.597 Y290.654
G01 X281.026 Y291.536
G01 X279.962 Y291.856
G01 X277.502 Y292.702
G01 X276.325 Y293.057
G01 X273.951 Y293.877
G01 X272.688 Y294.257
G01 X270.372 Y295.058
G01 X269.050 Y295.459
G01 X266.766 Y296.250
G01 X265.413 Y296.659
G01 X263.131 Y297.451
G01 X261.776 Y297.862
G01 X259.469 Y298.659
G01 X258.141 Y299.062
G01 X255.779 Y299.877
G01 X254.504 Y300.264
G01 X252.060 Y301.106
G01 X250.867 Y301.464
G01 X248.311 Y302.341
G01 X247.230 Y302.666
G01 X244.535 Y303.586
G01 X243.593 Y303.867
G01 X240.730 Y304.838
G01 X239.956 Y305.069
G01 X236.894 Y306.099
G01 X236.320 Y306.269
G01 X233.031 Y307.368
G01 X232.683 Y307.471
G01 X229.139 Y308.644
G01 X229.046 Y308.671
G01 X225.409 Y309.873
G01 X221.772 Y311.074
G01 X218.135 Y312.276
G01 X214.499 Y313.476
G01 X210.862 Y314.678
G01 X207.225 Y315.879
G01 X203.588 Y317.079
G01 X199.951 Y318.281
G01 X196.314 Y319.483
G01 X192.677 Y320.683
G01 X189.041 Y321.885
G01 X185.404 Y323.086
G01 X181.767 Y324.286
G01 X178.130 Y325.488
G01 X174.493 Y326.690
G01 X170.856 Y327.891
G01 X167.219 Y329.091
G01 X163.582 Y330.293
G01 X159.945 Y331.493
G01 X156.308 Y332.695
G01 X152.671 Y333.897
G01 X149.034 Y335.098
G01 X145.399 Y336.298
G01 X141.762 Y337.500
G01 X138.125 Y338.701
G01 X134.488 Y339.901
G01 X130.851 Y341.103
G01 X127.214 Y342.305
G01 X123.577 Y343.505
G01 X119.940 Y344.707
G01 X116.303 Y345.908
G01 X112.666 Y347.108
G01 X109.029 Y348.310
G01 X105.392 Y349.512
G01 X101.755 Y350.713
G01 X98.120 Y351.913
G01 X94.483 Y353.115
G01 X90.846 Y354.315
G01 X87.209 Y355.517
G01 X83.572 Y356.719
G01 X79.935 Y357.920
G01 X76.298 Y359.120
G01 X72.661 Y360.322
G01 X69.024 Y361.522
G01 X65.387 Y362.725
G01 X61.750 Y363.925
G01 X58.113 Y365.127
G01 X54.478 Y366.327
G01 X50.841 Y367.529
G01 X47.204 Y368.730
G01 X43.567 Y369.932
G01 X39.930 Y371.132
G01 X36.293 Y372.334
G01 X32.656 Y373.534
G01 X36.272 Y372.197
G01 X39.887 Y370.860
G01 X43.502 Y369.522
G01 X47.118 Y368.185
G01 X50.733 Y366.846
G01 X54.349 Y365.510
G01 X57.964 Y364.171
G01 X61.579 Y362.834
G01 X65.194 Y361.497
G01 X68.810 Y360.159
G01 X72.425 Y358.822
G01 X76.040 Y357.483
G01 X79.656 Y356.147
G01 X83.271 Y354.808
G01 X86.885 Y353.471
G01 X90.502 Y352.134
G01 X94.117 Y350.796
G01 X97.731 Y349.459
G01 X101.348 Y348.120
G01 X104.963 Y346.784
G01 X108.577 Y345.445
G01 X112.194 Y344.108
G01 X115.808 Y342.771
G01 X119.423 Y341.433
G01 X123.038 Y340.096
G01 X126.654 Y338.759
G01 X130.269 Y337.421
G01 X133.885 Y336.082
G01 X137.500 Y334.745
G01 X141.115 Y333.408
G01 X144.731 Y332.070
G01 X148.346 Y330.733
G01 X151.962 Y329.396
G01 X155.577 Y328.058
G01 X159.192 Y326.721
G01 X162.808 Y325.382
G01 X166.423 Y324.045
G01 X170.038 Y322.707
G01 X173.654 Y321.370
G01 X177.269 Y320.033
G01 X180.884 Y318.695
G01 X184.500 Y317.358
G01 X188.115 Y316.019
G01 X191.730 Y314.683
G01 X195.346 Y313.344
G01 X198.961 Y312.007
G01 X202.576 Y310.670
G01 X206.192 Y309.332
G01 X209.807 Y307.995
G01 X213.421 Y306.656
G01 X217.038 Y305.320
G01 X220.653 Y303.981
G01 X224.267 Y302.644
G01 X227.884 Y301.307
G01 X231.276 Y300.060
G01 X231.499 Y299.969
G01 X234.594 Y298.844
G01 X235.113 Y298.632
G01 X237.945 Y297.613
G01 X238.728 Y297.293
G01 X241.329 Y296.368
G01 X242.344 Y295.957
G01 X244.745 Y295.111
G01 X245.960 Y294.618
G01 X248.192 Y293.839
G01 X249.575 Y293.281
G01 X251.672 Y292.553
G01 X253.191 Y291.944
G01 X255.184 Y291.255
G01 X256.805 Y290.606
G01 X258.728 Y289.944
G01 X260.421 Y289.269
G01 X262.307 Y288.620
G01 X264.037 Y287.932
G01 X265.918 Y287.284
G01 X267.651 Y286.594
G01 X269.562 Y285.935
G01 X271.267 Y285.255
G01 X273.243 Y284.574
G01 X274.882 Y283.918
G01 X276.957 Y283.199
G01 X278.498 Y282.581
G01 X280.704 Y281.810
G01 X282.113 Y281.243
G01 X284.488 Y280.406
G01 X285.728 Y279.906
G01 X288.305 Y278.990
G01 X289.344 Y278.569
G01 X292.156 Y277.558
G01 X292.959 Y277.231
G01 X296.043 Y276.111
G01 X296.573 Y275.892
G01 X299.962 Y274.649
G01 X300.190 Y274.555
G01 X303.805 Y273.218
G01 X307.419 Y271.880
G01 X311.036 Y270.543
G01 X314.650 Y269.206
G01 X318.265 Y267.868
G01 X321.882 Y266.531
G01 X325.496 Y265.192
G01 X329.111 Y263.856
G01 X332.728 Y262.517
G01 X336.342 Y261.180
G01 X339.957 Y259.843
G01 X343.572 Y258.505
G01 X347.188 Y257.168
G01 X350.803 Y255.829
G01 X354.419 Y254.493
G01 X358.034 Y253.155
G01 X361.649 Y251.817
G01 X365.265 Y250.480
G01 X368.880 Y249.142
G01 X372.495 Y247.805
G01 X376.111 Y246.466
G01 X379.726 Y245.130
G01 X383.341 Y243.792
G01 X386.957 Y242.454
G01 X390.572 Y241.117
G01 X394.188 Y239.780
G01 X397.803 Y238.442
G01 X401.418 Y237.105
G01 X405.034 Y235.767
G01 X408.649 Y234.429
G01 X412.264 Y233.091
G01 X415.880 Y231.754
G01 X419.495 Y230.417
G01 X423.111 Y229.079
G01 X426.726 Y227.742
G01 X430.341 Y226.404
G01 X433.956 Y225.067
G01 X437.572 Y223.728
G01 X441.187 Y222.391
G01 X444.802 Y221.054
G01 X448.418 Y219.716
G01 X452.033 Y218.379
G01 X455.648 Y217.041
G01 X459.264 Y215.704
G01 X462.879 Y214.365
G01 X466.494 Y213.029
G01 X470.108 Y211.690
G01 X473.725 Y210.353
G01 X477.340 Y209.015
G01 X480.954 Y207.678
G01 X484.571 Y206.341
G01 X488.186 Y205.002
G01 X491.800 Y203.666
G01 X495.417 Y202.327
G01 X491.851 Y203.748
G01 X488.287 Y205.171
G01 X484.721 Y206.591
G01 X481.156 Y208.012
G01 X477.591 Y209.433
G01 X474.026 Y210.854
G01 X470.462 Y212.275
G01 X466.897 Y213.697
G01 X463.332 Y215.118
G01 X459.767 Y216.539
G01 X456.202 Y217.962
G01 X452.637 Y219.382
G01 X449.072 Y220.804
G01 X445.507 Y222.225
G01 X441.942 Y223.645
G01 X438.377 Y225.067
G01 X434.812 Y226.489
G01 X431.247 Y227.910
G01 X427.683 Y229.331
G01 X424.118 Y230.752
G01 X420.553 Y232.173
G01 X416.988 Y233.595
G01 X413.423 Y235.016
G01 X409.858 Y236.436
G01 X406.293 Y237.858
G01 X402.728 Y239.280
G01 X399.163 Y240.701
G01 X395.598 Y242.121
G01 X392.033 Y243.543
G01 X388.467 Y244.965
G01 X384.903 Y246.386
G01 X381.337 Y247.806
G01 X377.773 Y249.228
G01 X374.207 Y250.649
G01 X370.643 Y252.071
G01 X367.077 Y253.492
G01 X363.513 Y254.912
G01 X359.947 Y256.334
G01 X356.382 Y257.755
G01 X352.817 Y259.177
G01 X349.254 Y260.598
G01 X345.688 Y262.019
G01 X342.124 Y263.440
G01 X338.558 Y264.862
G01 X334.994 Y266.283
G01 X331.428 Y267.704
G01 X327.864 Y269.125
G01 X324.298 Y270.546
G01 X320.734 Y271.968
G01 X317.168 Y273.389
G01 X313.603 Y274.810
G01 X310.038 Y276.231
G01 X306.474 Y277.653
G01 X302.909 Y279.074
G01 X299.484 Y280.444
G01 X299.344 Y280.495
G01 X296.178 Y281.772
G01 X295.779 Y281.916
G01 X292.845 Y283.108
G01 X292.214 Y283.337
G01 X289.481 Y284.456
G01 X288.649 Y284.759
G01 X286.090 Y285.812
G01 X285.084 Y286.180
G01 X282.669 Y287.178
G01 X281.519 Y287.601
G01 X279.222 Y288.555
G01 X277.954 Y289.022
G01 X275.746 Y289.942
G01 X274.389 Y290.442
G01 X272.240 Y291.341
G01 X270.824 Y291.865
G01 X268.708 Y292.749
G01 X267.259 Y293.286
G01 X265.146 Y294.170
G01 X263.695 Y294.707
G01 X261.555 Y295.601
G01 X260.130 Y296.127
G01 X257.934 Y297.043
G01 X256.565 Y297.548
G01 X254.284 Y298.497
G01 X253.000 Y298.971
G01 X250.603 Y299.962
G01 X249.435 Y300.392
G01 X246.894 Y301.438
G01 X245.870 Y301.812
G01 X243.154 Y302.925
G01 X242.305 Y303.233
G01 X239.384 Y304.421
G01 X238.740 Y304.656
G01 X235.584 Y305.928
G01 X235.175 Y306.077
G01 X231.754 Y307.445
G01 X231.610 Y307.498
G01 X228.045 Y308.918
G01 X224.480 Y310.339
G01 X220.915 Y311.762
G01 X217.350 Y313.183
G01 X213.784 Y314.603
G01 X210.219 Y316.024
G01 X206.654 Y317.445
G01 X203.089 Y318.868
G01 X199.524 Y320.288
G01 X195.959 Y321.709
G01 X192.394 Y323.130
G01 X188.829 Y324.553
G01 X185.264 Y325.974
G01 X181.700 Y327.394
G01 X178.135 Y328.815
G01 X174.570 Y330.237
G01 X171.005 Y331.659
G01 X167.440 Y333.079
G01 X163.875 Y334.500
G01 X160.310 Y335.921
G01 X156.745 Y337.343
G01 X153.180 Y338.764
G01 X149.615 Y340.185
G01 X146.050 Y341.606
G01 X142.486 Y343.028
G01 X138.921 Y344.450
G01 X135.356 Y345.870
G01 X131.791 Y347.291
G01 X128.226 Y348.713
G01 X124.661 Y350.134
G01 X121.096 Y351.555
G01 X117.531 Y352.976
G01 X113.966 Y354.397
G01 X110.401 Y355.819
G01 X106.836 Y357.240
G01 X103.271 Y358.661
G01 X99.706 Y360.082
G01 X96.141 Y361.504
G01 X92.577 Y362.925
G01 X89.012 Y364.346
G01 X85.447 Y365.767
G01 X81.882 Y367.189
G01 X78.317 Y368.610
G01 X74.752 Y370.031
G01 X71.187 Y371.452
G01 X67.622 Y372.874
G01 X64.057 Y374.295
G01 X60.492 Y375.716
G01 X56.927 Y377.137
G01 X53.362 Y378.558
G01 X49.796 Y379.980
G01 X46.231 Y381.401
G01 X42.666 Y382.822
G01 X39.101 Y384.243
G01 X42.635 Y382.688
G01 X46.170 Y381.132
G01 X49.704 Y379.576
G01 X53.238 Y378.021
G01 X56.771 Y376.464
G01 X60.305 Y374.909
G01 X63.839 Y373.353
G01 X67.373 Y371.798
G01 X70.906 Y370.242
G01 X74.440 Y368.685
G01 X77.974 Y367.130
G01 X81.507 Y365.575
G01 X85.041 Y364.019
G01 X88.576 Y362.463
G01 X92.110 Y360.906
G01 X95.644 Y359.351
G01 X99.178 Y357.796
G01 X102.712 Y356.240
G01 X106.245 Y354.685
G01 X109.779 Y353.129
G01 X113.312 Y351.572
G01 X116.846 Y350.017
G01 X120.380 Y348.461
G01 X123.915 Y346.906
G01 X127.447 Y345.350
G01 X130.981 Y343.793
G01 X134.516 Y342.238
G01 X138.050 Y340.683
G01 X141.584 Y339.127
G01 X145.118 Y337.570
G01 X148.651 Y336.014
G01 X152.185 Y334.459
G01 X155.719 Y332.904
G01 X159.252 Y331.348
G01 X162.786 Y329.793
G01 X166.320 Y328.237
G01 X169.855 Y326.680
G01 X173.389 Y325.125
G01 X176.921 Y323.570
G01 X180.456 Y322.014
G01 X183.990 Y320.457
G01 X187.524 Y318.901
G01 X191.058 Y317.346
G01 X194.591 Y315.791
G01 X198.125 Y314.235
G01 X201.659 Y312.678
G01 X205.192 Y311.124
G01 X208.726 Y309.567
G01 X212.260 Y308.012
G01 X215.795 Y306.456
G01 X219.329 Y304.901
G01 X222.862 Y303.344
G01 X226.396 Y301.788
G01 X229.930 Y300.233
G01 X233.233 Y298.790
G01 X233.464 Y298.678
G01 X236.457 Y297.382
G01 X236.998 Y297.122
G01 X239.716 Y295.959
G01 X240.531 Y295.565
G01 X243.007 Y294.517
G01 X244.065 Y294.010
G01 X246.333 Y293.058
G01 X247.599 Y292.454
G01 X249.692 Y291.584
G01 X251.132 Y290.899
G01 X253.084 Y290.093
G01 X254.667 Y289.343
G01 X256.510 Y288.584
G01 X258.201 Y287.788
G01 X259.970 Y287.062
G01 X261.688 Y286.255
G01 X261.735 Y286.231
G01 X263.465 Y285.524
G01 X265.153 Y284.733
G01 X265.269 Y284.675
G01 X266.994 Y283.969
G01 X268.686 Y283.178
G01 X268.802 Y283.120
G01 X270.559 Y282.401
G01 X272.288 Y281.588
G01 X272.336 Y281.565
G01 X274.160 Y280.815
G01 X275.870 Y280.009
G01 X277.796 Y279.213
G01 X279.404 Y278.452
G01 X281.469 Y277.594
G01 X282.938 Y276.897
G01 X285.178 Y275.957
G01 X286.471 Y275.341
G01 X288.923 Y274.303
G01 X290.005 Y273.786
G01 X292.704 Y272.630
G01 X293.538 Y272.230
G01 X296.519 Y270.940
G01 X297.072 Y270.673
G01 X300.370 Y269.233
G01 X300.606 Y269.118
G01 X304.140 Y267.562
G01 X307.674 Y266.007
G01 X311.209 Y264.451
G01 X314.743 Y262.896
G01 X318.275 Y261.339
G01 X321.810 Y259.784
G01 X325.344 Y258.228
G01 X328.877 Y256.673
G01 X332.412 Y255.117
G01 X335.946 Y253.561
G01 X339.478 Y252.005
G01 X343.013 Y250.450
G01 X346.547 Y248.894
G01 X350.081 Y247.338
G01 X353.615 Y245.781
G01 X357.149 Y244.227
G01 X360.683 Y242.671
G01 X364.216 Y241.115
G01 X367.750 Y239.559
G01 X371.284 Y238.004
G01 X374.817 Y236.448
G01 X378.351 Y234.892
G01 X381.885 Y233.335
G01 X385.418 Y231.781
G01 X388.952 Y230.225
G01 X392.486 Y228.668
G01 X396.021 Y227.113
G01 X399.555 Y225.558
G01 X403.089 Y224.002
G01 X406.623 Y222.446
G01 X410.156 Y220.889
G01 X413.690 Y219.335
G01 X417.224 Y217.779
G01 X420.757 Y216.222
G01 X424.292 Y214.666
G01 X427.826 Y213.111
G01 X431.358 Y211.555
G01 X434.893 Y210.000
G01 X438.427 Y208.445
G01 X441.961 Y206.888
G01 X445.495 Y205.332
G01 X449.029 Y203.776
G01 X452.562 Y202.221
G01 X456.096 Y200.666
G01 X459.630 Y199.109
G01 X463.163 Y197.553
G01 X466.697 Y195.998
G01 X470.231 Y194.442
G01 X473.765 Y192.887
G01 X477.300 Y191.330
G01 X480.832 Y189.774
G01 X484.366 Y188.219
G01 X487.901 Y186.663
G01 X491.435 Y185.108
G01 X487.956 Y186.745
G01 X484.476 Y188.382
G01 X480.996 Y190.019
G01 X477.517 Y191.654
G01 X474.038 Y193.291
G01 X470.558 Y194.928
G01 X467.079 Y196.565
G01 X463.600 Y198.202
G01 X460.120 Y199.839
G01 X456.640 Y201.476
G01 X453.161 Y203.113
G01 X449.682 Y204.750
G01 X446.202 Y206.387
G01 X442.724 Y208.022
G01 X439.244 Y209.659
G01 X435.764 Y211.296
G01 X432.284 Y212.933
G01 X428.805 Y214.570
G01 X425.327 Y216.207
G01 X421.846 Y217.844
G01 X418.368 Y219.481
G01 X414.889 Y221.117
G01 X411.409 Y222.754
G01 X407.930 Y224.391
G01 X404.451 Y226.028
G01 X400.971 Y227.665
G01 X397.491 Y229.302
G01 X394.012 Y230.938
G01 X390.533 Y232.575
G01 X387.053 Y234.212
G01 X383.574 Y235.849
G01 X380.095 Y237.484
G01 X376.615 Y239.121
G01 X373.135 Y240.758
G01 X369.656 Y242.395
G01 X366.178 Y244.032
G01 X362.697 Y245.668
G01 X359.219 Y247.305
G01 X355.739 Y248.942
G01 X352.260 Y250.579
G01 X348.779 Y252.216
G01 X345.300 Y253.853
G01 X341.822 Y255.490
G01 X338.341 Y257.127
G01 X334.863 Y258.764
G01 X331.384 Y260.399
G01 X327.904 Y262.036
G01 X324.424 Y263.673
G01 X320.946 Y265.310
G01 X317.466 Y266.947
G01 X313.986 Y268.584
G01 X310.507 Y270.221
G01 X307.028 Y271.858
G01 X303.548 Y273.495
G01 X300.248 Y275.055
G01 X300.068 Y275.130
G01 X297.038 Y276.576
G01 X296.590 Y276.767
G01 X293.797 Y278.108
G01 X293.111 Y278.404
G01 X290.526 Y279.653
G01 X289.630 Y280.041
G01 X287.228 Y281.211
G01 X286.151 Y281.678
G01 X283.898 Y282.779
G01 X282.672 Y283.315
G01 X280.540 Y284.362
G01 X279.192 Y284.952
G01 X277.151 Y285.957
G01 X275.714 Y286.589
G01 X273.735 Y287.565
G01 X272.234 Y288.226
G01 X270.288 Y289.187
G01 X268.755 Y289.862
G01 X266.812 Y290.822
G01 X265.276 Y291.499
G01 X263.305 Y292.471
G01 X261.796 Y293.135
G01 X259.769 Y294.134
G01 X258.317 Y294.772
G01 X256.203 Y295.810
G01 X254.837 Y296.409
G01 X252.605 Y297.502
G01 X251.358 Y298.046
G01 X248.975 Y299.206
G01 X247.879 Y299.683
G01 X245.314 Y300.923
G01 X244.399 Y301.320
G01 X241.622 Y302.653
G01 X240.920 Y302.957
G01 X237.899 Y304.396
G01 X237.440 Y304.593
G01 X234.144 Y306.151
G01 X233.961 Y306.230
G01 X230.481 Y307.867
G01 X227.002 Y309.504
G01 X223.522 Y311.141
G01 X220.043 Y312.778
G01 X216.564 Y314.413
G01 X213.084 Y316.050
G01 X209.606 Y317.688
G01 X206.125 Y319.325
G01 X202.647 Y320.961
G01 X199.166 Y322.598
G01 X195.688 Y324.235
G01 X192.209 Y325.872
G01 X188.728 Y327.507
G01 X185.250 Y329.144
G01 X181.771 Y330.781
G01 X178.291 Y332.418
G01 X174.812 Y334.055
G01 X171.332 Y335.692
G01 X167.853 Y337.329
G01 X164.374 Y338.966
G01 X160.894 Y340.603
G01 X157.415 Y342.240
G01 X153.935 Y343.875
G01 X150.456 Y345.512
G01 X146.976 Y347.149
G01 X143.497 Y348.786
G01 X140.017 Y350.423
G01 X136.538 Y352.060
G01 X133.058 Y353.697
G01 X129.579 Y355.334
G01 X126.101 Y356.971
G01 X122.620 Y358.606
G01 X119.142 Y360.243
G01 X115.663 Y361.880
G01 X112.183 Y363.517
G01 X108.704 Y365.154
G01 X105.224 Y366.791
G01 X101.745 Y368.428
G01 X98.266 Y370.065
G01 X94.786 Y371.702
G01 X91.307 Y373.338
G01 X87.827 Y374.975
G01 X84.348 Y376.612
G01 X80.868 Y378.249
G01 X77.389 Y379.885
G01 X73.909 Y381.522
G01 X70.430 Y383.159
G01 X66.951 Y384.796
G01 X63.471 Y386.433
G01 X59.992 Y388.070
G01 X56.512 Y389.706
G01 X53.034 Y391.343
G01 X49.553 Y392.980
G01 X46.075 Y394.617
G01 X49.514 Y392.848
G01 X52.952 Y391.079
G01 X56.391 Y389.310
G01 X59.829 Y387.541
G01 X63.269 Y385.772
G01 X66.707 Y384.004
G01 X70.147 Y382.235
G01 X73.586 Y380.466
G01 X77.024 Y378.697
G01 X80.463 Y376.928
G01 X83.901 Y375.159
G01 X87.341 Y373.391
G01 X90.779 Y371.622
G01 X94.219 Y369.853
G01 X97.656 Y368.084
G01 X101.096 Y366.315
G01 X104.534 Y364.546
G01 X107.974 Y362.778
G01 X111.413 Y361.010
G01 X114.851 Y359.240
G01 X118.291 Y357.471
G01 X121.728 Y355.702
G01 X125.168 Y353.935
G01 X128.606 Y352.166
G01 X132.046 Y350.397
G01 X135.485 Y348.627
G01 X138.923 Y346.860
G01 X142.363 Y345.091
G01 X145.800 Y343.322
G01 X149.240 Y341.553
G01 X152.678 Y339.784
G01 X156.118 Y338.016
G01 X159.557 Y336.247
G01 X162.995 Y334.478
G01 X166.433 Y332.709
G01 X169.873 Y330.940
G01 X173.312 Y329.171
G01 X176.750 Y327.403
G01 X180.190 Y325.634
G01 X183.629 Y323.865
G01 X187.067 Y322.096
G01 X190.505 Y320.327
G01 X193.945 Y318.558
G01 X197.384 Y316.790
G01 X200.822 Y315.021
G01 X204.262 Y313.252
G01 X207.700 Y311.483
G01 X211.139 Y309.714
G01 X214.577 Y307.945
G01 X218.017 Y306.178
G01 X221.456 Y304.409
G01 X224.894 Y302.639
G01 X228.332 Y300.870
G01 X231.772 Y299.103
G01 X234.988 Y297.459
G01 X235.211 Y297.334
G01 X238.103 Y295.870
G01 X238.649 Y295.565
G01 X241.255 Y294.262
G01 X242.089 Y293.796
G01 X244.442 Y292.632
G01 X245.528 Y292.026
G01 X247.663 Y290.981
G01 X248.966 Y290.259
G01 X250.921 Y289.310
G01 X252.405 Y288.490
G01 X254.212 Y287.618
G01 X255.844 Y286.721
G01 X257.538 Y285.909
G01 X259.166 Y285.021
G01 X259.283 Y284.952
G01 X260.899 Y284.180
G01 X262.462 Y283.334
G01 X262.722 Y283.183
G01 X264.296 Y282.433
G01 X265.828 Y281.606
G01 X266.161 Y281.415
G01 X267.730 Y280.666
G01 X269.264 Y279.839
G01 X269.600 Y279.646
G01 X271.201 Y278.880
G01 X272.774 Y278.029
G01 X273.038 Y277.877
G01 X274.710 Y277.077
G01 X276.356 Y276.178
G01 X276.476 Y276.108
G01 X278.255 Y275.252
G01 X279.916 Y274.339
G01 X281.841 Y273.406
G01 X283.355 Y272.570
G01 X285.462 Y271.538
G01 X286.793 Y270.802
G01 X289.121 Y269.651
G01 X290.233 Y269.033
G01 X292.817 Y267.740
G01 X293.671 Y267.264
G01 X296.550 Y265.808
G01 X297.110 Y265.495
G01 X300.320 Y263.856
G01 X300.548 Y263.726
G01 X303.988 Y261.957
G01 X307.427 Y260.189
G01 X310.865 Y258.421
G01 X314.305 Y256.651
G01 X317.743 Y254.882
G01 X321.182 Y253.114
G01 X324.620 Y251.345
G01 X328.060 Y249.577
G01 X331.499 Y247.808
G01 X334.937 Y246.038
G01 X338.375 Y244.269
G01 X341.815 Y242.502
G01 X345.254 Y240.733
G01 X348.692 Y238.964
G01 X352.132 Y237.195
G01 X355.571 Y235.425
G01 X359.009 Y233.657
G01 X362.447 Y231.888
G01 X365.887 Y230.120
G01 X369.326 Y228.351
G01 X372.764 Y226.583
G01 X376.204 Y224.814
G01 X379.642 Y223.044
G01 X383.081 Y221.275
G01 X386.519 Y219.507
G01 X389.959 Y217.739
G01 X393.398 Y215.970
G01 X396.837 Y214.201
G01 X400.276 Y212.433
G01 X403.714 Y210.663
G01 X407.153 Y208.894
G01 X410.591 Y207.126
G01 X414.031 Y205.357
G01 X417.470 Y203.589
G01 X420.909 Y201.820
G01 X424.348 Y200.050
G01 X427.786 Y198.281
G01 X431.225 Y196.512
G01 X434.663 Y194.745
G01 X438.103 Y192.976
G01 X441.541 Y191.207
G01 X444.980 Y189.438
G01 X448.418 Y187.669
G01 X451.858 Y185.900
G01 X455.297 Y184.132
G01 X458.736 Y182.363
G01 X462.175 Y180.594
G01 X465.613 Y178.825
G01 X469.052 Y177.056
G01 X472.490 Y175.287
G01 X475.930 Y173.519
G01 X479.369 Y171.750
G01 X482.808 Y169.981
G01 X486.246 Y168.212
G01 X482.865 Y170.060
G01 X479.486 Y171.906
G01 X476.105 Y173.753
G01 X472.725 Y175.601
G01 X469.345 Y177.447
G01 X465.964 Y179.294
G01 X462.584 Y181.142
G01 X459.202 Y182.988
G01 X455.822 Y184.835
G01 X452.442 Y186.683
G01 X449.062 Y188.529
G01 X445.682 Y190.377
G01 X442.302 Y192.224
G01 X438.921 Y194.070
G01 X435.541 Y195.918
G01 X432.159 Y197.764
G01 X428.779 Y199.611
G01 X425.399 Y201.459
G01 X422.019 Y203.305
G01 X418.639 Y205.153
G01 X415.257 Y207.000
G01 X411.877 Y208.847
G01 X408.498 Y210.694
G01 X405.116 Y212.541
G01 X401.736 Y214.388
G01 X398.356 Y216.234
G01 X394.976 Y218.082
G01 X391.596 Y219.929
G01 X388.214 Y221.775
G01 X384.834 Y223.623
G01 X381.454 Y225.470
G01 X378.074 Y227.317
G01 X374.693 Y229.163
G01 X371.312 Y231.011
G01 X367.933 Y232.858
G01 X364.553 Y234.704
G01 X361.172 Y236.552
G01 X357.792 Y238.399
G01 X354.412 Y240.246
G01 X351.031 Y242.093
G01 X347.650 Y243.940
G01 X344.269 Y245.787
G01 X340.889 Y247.633
G01 X337.510 Y249.481
G01 X334.129 Y251.328
G01 X330.749 Y253.174
G01 X327.369 Y255.022
G01 X323.988 Y256.868
G01 X320.608 Y258.716
G01 X317.226 Y260.562
G01 X313.846 Y262.409
G01 X310.466 Y264.257
G01 X307.086 Y266.103
G01 X303.706 Y267.951
G01 X300.529 Y269.695
G01 X300.325 Y269.798
G01 X297.428 Y271.401
G01 X296.945 Y271.644
G01 X294.296 Y273.123
G01 X293.565 Y273.492
G01 X291.132 Y274.858
G01 X290.183 Y275.339
G01 X287.937 Y276.608
G01 X286.803 Y277.185
G01 X284.712 Y278.375
G01 X283.423 Y279.033
G01 X281.457 Y280.156
G01 X280.043 Y280.880
G01 X278.171 Y281.952
G01 X276.663 Y282.726
G01 X274.855 Y283.764
G01 X273.281 Y284.574
G01 X271.509 Y285.593
G01 X269.901 Y286.421
G01 X268.132 Y287.438
G01 X266.522 Y288.267
G01 X264.725 Y289.300
G01 X263.141 Y290.113
G01 X261.285 Y291.178
G01 X259.761 Y291.961
G01 X257.814 Y293.074
G01 X256.380 Y293.808
G01 X254.311 Y294.986
G01 X253.000 Y295.656
G01 X250.775 Y296.913
G01 X249.620 Y297.502
G01 X247.207 Y298.858
G01 X246.239 Y299.350
G01 X243.606 Y300.819
G01 X242.858 Y301.197
G01 X239.974 Y302.793
G01 X239.478 Y303.043
G01 X236.308 Y304.784
G01 X236.098 Y304.891
G01 X232.718 Y306.738
G01 X229.337 Y308.584
G01 X225.957 Y310.432
G01 X222.577 Y312.278
G01 X219.195 Y314.125
G01 X215.815 Y315.971
G01 X212.435 Y317.819
G01 X209.055 Y319.666
G01 X205.675 Y321.512
G01 X202.293 Y323.360
G01 X198.913 Y325.207
G01 X195.534 Y327.053
G01 X192.153 Y328.901
G01 X188.772 Y330.748
G01 X185.392 Y332.594
G01 X182.012 Y334.442
G01 X178.632 Y336.288
G01 X175.250 Y338.135
G01 X171.870 Y339.983
G01 X168.490 Y341.829
G01 X165.110 Y343.677
G01 X161.730 Y345.524
G01 X158.349 Y347.370
G01 X154.969 Y349.218
G01 X151.588 Y351.065
G01 X148.207 Y352.911
G01 X144.827 Y354.759
G01 X141.447 Y356.606
G01 X138.067 Y358.452
G01 X134.687 Y360.300
G01 X131.305 Y362.147
G01 X127.925 Y363.993
G01 X124.545 Y365.841
G01 X121.165 Y367.688
G01 X117.784 Y369.534
G01 X114.404 Y371.382
G01 X111.024 Y373.228
G01 X107.644 Y375.076
G01 X104.262 Y376.923
G01 X100.882 Y378.769
G01 X97.502 Y380.617
G01 X94.122 Y382.464
G01 X90.742 Y384.310
G01 X87.361 Y386.158
G01 X83.981 Y388.005
G01 X80.600 Y389.851
G01 X77.219 Y391.699
G01 X73.839 Y393.546
G01 X70.459 Y395.392
G01 X67.079 Y397.240
G01 X63.699 Y399.087
G01 X60.317 Y400.933
G01 X56.938 Y402.781
G01 X53.557 Y404.627
G01 X56.887 Y402.651
G01 X60.219 Y400.677
G01 X63.548 Y398.701
G01 X66.880 Y396.725
G01 X70.209 Y394.749
G01 X73.541 Y392.772
G01 X76.872 Y390.798
G01 X80.202 Y388.822
G01 X83.533 Y386.846
G01 X86.863 Y384.870
G01 X90.194 Y382.894
G01 X93.524 Y380.918
G01 X96.856 Y378.942
G01 X100.185 Y376.966
G01 X103.517 Y374.990
G01 X106.846 Y373.014
G01 X110.178 Y371.040
G01 X113.509 Y369.064
G01 X116.839 Y367.088
G01 X120.170 Y365.112
G01 X123.500 Y363.135
G01 X126.831 Y361.161
G01 X130.161 Y359.185
G01 X133.492 Y357.209
G01 X136.822 Y355.233
G01 X140.154 Y353.257
G01 X143.483 Y351.281
G01 X146.815 Y349.305
G01 X150.146 Y347.329
G01 X153.476 Y345.353
G01 X156.807 Y343.379
G01 X160.137 Y341.403
G01 X163.468 Y339.427
G01 X166.798 Y337.451
G01 X170.129 Y335.475
G01 X173.459 Y333.500
G01 X176.791 Y331.524
G01 X180.120 Y329.548
G01 X183.452 Y327.572
G01 X186.781 Y325.596
G01 X190.113 Y323.620
G01 X193.444 Y321.644
G01 X196.774 Y319.668
G01 X200.105 Y317.692
G01 X203.435 Y315.716
G01 X206.766 Y313.742
G01 X210.096 Y311.766
G01 X213.427 Y309.790
G01 X216.757 Y307.814
G01 X220.089 Y305.838
G01 X223.418 Y303.863
G01 X226.750 Y301.887
G01 X230.081 Y299.911
G01 X233.411 Y297.935
G01 X236.543 Y296.088
G01 X236.742 Y295.959
G01 X239.538 Y294.327
G01 X240.072 Y293.983
G01 X242.570 Y292.543
G01 X243.403 Y292.007
G01 X245.638 Y290.733
G01 X246.734 Y290.031
G01 X248.742 Y288.899
G01 X250.064 Y288.055
G01 X251.882 Y287.041
G01 X253.394 Y286.079
G01 X255.059 Y285.158
G01 X256.639 Y284.161
G01 X256.725 Y284.105
G01 X258.271 Y283.252
G01 X259.750 Y282.332
G01 X260.055 Y282.129
G01 X261.519 Y281.325
G01 X262.930 Y280.456
G01 X263.387 Y280.153
G01 X264.807 Y279.375
G01 X266.183 Y278.531
G01 X266.716 Y278.177
G01 X268.132 Y277.403
G01 X269.510 Y276.557
G01 X270.048 Y276.201
G01 X271.495 Y275.406
G01 X272.913 Y274.534
G01 X273.379 Y274.226
G01 X274.899 Y273.389
G01 X276.394 Y272.459
G01 X276.709 Y272.250
G01 X278.342 Y271.344
G01 X279.951 Y270.332
G01 X280.039 Y270.274
G01 X281.826 Y269.276
G01 X283.370 Y268.298
G01 X285.347 Y267.183
G01 X286.701 Y266.322
G01 X288.909 Y265.064
G01 X290.031 Y264.346
G01 X292.507 Y262.918
G01 X293.361 Y262.370
G01 X296.145 Y260.747
G01 X296.692 Y260.394
G01 X299.821 Y258.550
G01 X300.024 Y258.418
G01 X303.353 Y256.442
G01 X306.685 Y254.468
G01 X310.014 Y252.492
G01 X313.346 Y250.516
G01 X316.677 Y248.540
G01 X320.007 Y246.565
G01 X323.337 Y244.589
G01 X326.668 Y242.613
G01 X329.999 Y240.637
G01 X333.329 Y238.661
G01 X336.661 Y236.685
G01 X339.990 Y234.710
G01 X343.322 Y232.734
G01 X346.651 Y230.757
G01 X349.983 Y228.781
G01 X353.313 Y226.806
G01 X356.644 Y224.831
G01 X359.975 Y222.855
G01 X363.305 Y220.879
G01 X366.635 Y218.903
G01 X369.966 Y216.928
G01 X373.297 Y214.952
G01 X376.627 Y212.976
G01 X379.959 Y211.000
G01 X383.288 Y209.024
G01 X386.620 Y207.049
G01 X389.950 Y205.073
G01 X393.281 Y203.097
G01 X396.611 Y201.121
G01 X399.942 Y199.144
G01 X403.273 Y197.169
G01 X406.603 Y195.194
G01 X409.933 Y193.218
G01 X413.264 Y191.242
G01 X416.596 Y189.266
G01 X419.925 Y187.291
G01 X423.257 Y185.315
G01 X426.587 Y183.339
G01 X429.918 Y181.363
G01 X433.248 Y179.387
G01 X436.579 Y177.411
G01 X439.909 Y175.435
G01 X443.240 Y173.459
G01 X446.571 Y171.483
G01 X449.901 Y169.507
G01 X453.231 Y167.532
G01 X456.562 Y165.556
G01 X459.894 Y163.580
G01 X463.224 Y161.604
G01 X466.555 Y159.630
G01 X469.885 Y157.654
G01 X473.216 Y155.678
G01 X476.547 Y153.702
G01 X479.877 Y151.726
G01 X476.608 Y153.776
G01 X473.341 Y155.827
G01 X470.072 Y157.878
G01 X466.803 Y159.930
G01 X463.536 Y161.981
G01 X460.267 Y164.031
G01 X456.999 Y166.082
G01 X453.731 Y168.133
G01 X450.462 Y170.185
G01 X447.193 Y172.236
G01 X443.925 Y174.286
G01 X440.658 Y176.337
G01 X437.389 Y178.388
G01 X434.120 Y180.440
G01 X430.851 Y182.490
G01 X427.584 Y184.541
G01 X424.316 Y186.592
G01 X421.047 Y188.644
G01 X417.779 Y190.695
G01 X414.510 Y192.746
G01 X411.243 Y194.797
G01 X407.974 Y196.847
G01 X404.706 Y198.899
G01 X401.438 Y200.950
G01 X398.168 Y203.001
G01 X394.901 Y205.052
G01 X391.632 Y207.103
G01 X388.363 Y209.154
G01 X385.096 Y211.204
G01 X381.827 Y213.256
G01 X378.558 Y215.306
G01 X375.291 Y217.358
G01 X372.022 Y219.409
G01 X368.754 Y221.460
G01 X365.486 Y223.511
G01 X362.216 Y225.561
G01 X358.948 Y227.613
G01 X355.680 Y229.663
G01 X352.413 Y231.715
G01 X349.144 Y233.766
G01 X345.875 Y235.817
G01 X342.608 Y237.868
G01 X339.339 Y239.918
G01 X336.071 Y241.970
G01 X332.803 Y244.020
G01 X329.534 Y246.072
G01 X326.265 Y248.123
G01 X322.996 Y250.174
G01 X319.728 Y252.225
G01 X316.461 Y254.275
G01 X313.192 Y256.327
G01 X309.923 Y258.377
G01 X306.656 Y260.428
G01 X303.388 Y262.480
G01 X300.337 Y264.404
G01 X300.119 Y264.531
G01 X297.356 Y266.288
G01 X296.851 Y266.582
G01 X294.345 Y268.189
G01 X293.582 Y268.632
G01 X291.299 Y270.108
G01 X290.313 Y270.683
G01 X288.224 Y272.043
G01 X287.046 Y272.735
G01 X285.115 Y273.999
G01 X283.776 Y274.786
G01 X281.976 Y275.971
G01 X280.509 Y276.837
G01 X278.805 Y277.962
G01 X277.240 Y278.887
G01 X275.603 Y279.971
G01 X273.972 Y280.939
G01 X272.371 Y282.000
G01 X270.724 Y282.978
G01 X270.704 Y282.990
G01 X269.107 Y284.048
G01 X267.456 Y285.029
G01 X267.436 Y285.041
G01 X265.811 Y286.117
G01 X264.167 Y287.091
G01 X262.482 Y288.206
G01 X260.899 Y289.142
G01 X259.120 Y290.314
G01 X257.631 Y291.194
G01 X255.725 Y292.442
G01 X254.362 Y293.245
G01 X252.296 Y294.589
G01 X251.094 Y295.296
G01 X248.834 Y296.757
G01 X247.826 Y297.346
G01 X245.338 Y298.942
G01 X244.556 Y299.397
G01 X241.808 Y301.147
G01 X241.288 Y301.449
G01 X238.243 Y303.370
G01 X238.021 Y303.500
G01 X234.752 Y305.550
G01 X231.483 Y307.601
G01 X228.216 Y309.653
G01 X224.947 Y311.704
G01 X221.678 Y313.755
G01 X218.411 Y315.805
G01 X215.142 Y317.856
G01 X211.874 Y319.908
G01 X208.606 Y321.959
G01 X205.337 Y324.010
G01 X202.069 Y326.060
G01 X198.800 Y328.112
G01 X195.531 Y330.163
G01 X192.264 Y332.214
G01 X188.995 Y334.264
G01 X185.728 Y336.315
G01 X182.459 Y338.367
G01 X179.190 Y340.418
G01 X175.921 Y342.469
G01 X172.654 Y344.519
G01 X169.385 Y346.570
G01 X166.117 Y348.622
G01 X162.849 Y350.673
G01 X159.581 Y352.724
G01 X156.312 Y354.774
G01 X153.043 Y356.825
G01 X149.776 Y358.877
G01 X146.507 Y360.928
G01 X143.238 Y362.978
G01 X139.971 Y365.029
G01 X136.702 Y367.079
G01 X133.433 Y369.132
G01 X130.166 Y371.182
G01 X126.897 Y373.233
G01 X123.629 Y375.284
G01 X120.361 Y377.334
G01 X117.093 Y379.385
G01 X113.824 Y381.437
G01 X110.555 Y383.488
G01 X107.288 Y385.538
G01 X104.019 Y387.589
G01 X100.750 Y389.642
G01 X97.483 Y391.692
G01 X94.214 Y393.743
G01 X90.945 Y395.793
G01 X87.677 Y397.844
G01 X84.409 Y399.896
G01 X81.141 Y401.947
G01 X77.873 Y403.998
G01 X74.603 Y406.048
G01 X71.336 Y408.100
G01 X68.067 Y410.151
G01 X64.798 Y412.202
G01 X61.531 Y414.252
G01 X64.740 Y412.077
G01 X67.950 Y409.901
G01 X71.159 Y407.725
G01 X74.368 Y405.548
G01 X77.579 Y403.374
G01 X80.788 Y401.197
G01 X83.998 Y399.022
G01 X87.207 Y396.846
G01 X90.416 Y394.670
G01 X93.627 Y392.493
G01 X96.836 Y390.317
G01 X100.046 Y388.142
G01 X103.255 Y385.966
G01 X106.464 Y383.790
G01 X109.675 Y381.613
G01 X112.884 Y379.438
G01 X116.094 Y377.262
G01 X119.303 Y375.086
G01 X122.513 Y372.909
G01 X125.723 Y370.733
G01 X128.932 Y368.558
G01 X132.142 Y366.382
G01 X135.351 Y364.206
G01 X138.560 Y362.029
G01 X141.771 Y359.853
G01 X144.980 Y357.678
G01 X148.190 Y355.502
G01 X151.399 Y353.326
G01 X154.608 Y351.151
G01 X157.819 Y348.975
G01 X161.028 Y346.798
G01 X164.238 Y344.623
G01 X167.447 Y342.447
G01 X170.656 Y340.271
G01 X173.867 Y338.094
G01 X177.076 Y335.918
G01 X180.286 Y333.743
G01 X183.495 Y331.567
G01 X186.704 Y329.391
G01 X189.915 Y327.214
G01 X193.124 Y325.038
G01 X196.334 Y322.863
G01 X199.543 Y320.687
G01 X202.752 Y318.510
G01 X205.963 Y316.334
G01 X209.171 Y314.159
G01 X212.382 Y311.983
G01 X215.591 Y309.807
G01 X218.800 Y307.630
G01 X222.010 Y305.454
G01 X225.219 Y303.279
G01 X228.430 Y301.103
G01 X231.639 Y298.928
G01 X234.849 Y296.752
G01 X237.906 Y294.688
G01 X238.058 Y294.576
G01 X240.764 Y292.769
G01 X241.267 Y292.399
G01 X243.663 Y290.820
G01 X244.478 Y290.224
G01 X246.599 Y288.843
G01 X247.688 Y288.048
G01 X249.572 Y286.836
G01 X250.897 Y285.872
G01 X252.583 Y284.798
G01 X254.107 Y283.695
G01 X255.631 Y282.735
G01 X257.072 Y281.707
G01 X257.316 Y281.519
G01 X258.716 Y280.642
G01 X260.050 Y279.704
G01 X260.526 Y279.344
G01 X261.841 Y278.524
G01 X263.102 Y277.646
G01 X263.735 Y277.168
G01 X265.005 Y276.379
G01 X266.230 Y275.529
G01 X266.945 Y274.992
G01 X268.207 Y274.207
G01 X269.435 Y273.358
G01 X270.154 Y272.815
G01 X271.452 Y272.007
G01 X272.719 Y271.127
G01 X273.364 Y270.639
G01 X274.739 Y269.781
G01 X276.084 Y268.836
G01 X276.573 Y268.464
G01 X278.067 Y267.524
G01 X279.529 Y266.481
G01 X279.784 Y266.288
G01 X281.436 Y265.238
G01 X282.993 Y264.112
G01 X284.846 Y262.921
G01 X286.202 Y261.935
G01 X288.296 Y260.574
G01 X289.412 Y259.760
G01 X291.786 Y258.195
G01 X292.621 Y257.584
G01 X295.316 Y255.787
G01 X295.832 Y255.407
G01 X298.885 Y253.347
G01 X299.041 Y253.232
G01 X302.250 Y251.056
G01 X305.460 Y248.881
G01 X308.669 Y246.704
G01 X311.879 Y244.529
G01 X315.089 Y242.353
G01 X318.298 Y240.177
G01 X321.507 Y238.001
G01 X324.717 Y235.825
G01 X327.927 Y233.649
G01 X331.137 Y231.472
G01 X334.346 Y229.297
G01 X337.555 Y227.121
G01 X340.765 Y224.945
G01 X343.975 Y222.769
G01 X347.185 Y220.593
G01 X350.394 Y218.417
G01 X353.603 Y216.240
G01 X356.813 Y214.065
G01 X360.023 Y211.888
G01 X363.233 Y209.713
G01 X366.442 Y207.537
G01 X369.651 Y205.361
G01 X372.861 Y203.185
G01 X376.071 Y201.010
G01 X379.281 Y198.834
G01 X382.490 Y196.657
G01 X385.700 Y194.482
G01 X388.909 Y192.305
G01 X392.120 Y190.130
G01 X395.329 Y187.954
G01 X398.538 Y185.777
G01 X401.748 Y183.601
G01 X404.957 Y181.425
G01 X408.167 Y179.250
G01 X411.377 Y177.073
G01 X414.587 Y174.897
G01 X417.796 Y172.721
G01 X421.005 Y170.546
G01 X424.216 Y168.370
G01 X427.425 Y166.193
G01 X430.635 Y164.017
G01 X433.844 Y161.841
G01 X437.053 Y159.666
G01 X440.263 Y157.490
G01 X443.473 Y155.315
G01 X446.683 Y153.138
G01 X449.892 Y150.962
G01 X453.101 Y148.786
G01 X456.310 Y146.611
G01 X459.520 Y144.435
G01 X462.730 Y142.258
G01 X465.940 Y140.082
G01 X469.149 Y137.906
G01 X472.358 Y135.731
G01 X469.216 Y137.978
G01 X466.072 Y140.226
G01 X462.928 Y142.474
G01 X459.784 Y144.722
G01 X456.640 Y146.971
G01 X453.498 Y149.219
G01 X450.353 Y151.466
G01 X447.209 Y153.714
G01 X444.067 Y155.962
G01 X440.923 Y158.209
G01 X437.779 Y160.457
G01 X434.635 Y162.705
G01 X431.491 Y164.954
G01 X428.349 Y167.202
G01 X425.204 Y169.450
G01 X422.060 Y171.697
G01 X418.918 Y173.945
G01 X415.774 Y176.193
G01 X412.630 Y178.442
G01 X409.486 Y180.690
G01 X406.342 Y182.938
G01 X403.200 Y185.185
G01 X400.055 Y187.434
G01 X396.911 Y189.681
G01 X393.769 Y191.929
G01 X390.625 Y194.177
G01 X387.481 Y196.424
G01 X384.337 Y198.673
G01 X381.193 Y200.921
G01 X378.050 Y203.168
G01 X374.906 Y205.417
G01 X371.763 Y207.665
G01 X368.620 Y209.912
G01 X365.476 Y212.161
G01 X362.332 Y214.409
G01 X359.188 Y216.656
G01 X356.044 Y218.905
G01 X352.900 Y221.153
G01 X349.757 Y223.400
G01 X346.614 Y225.649
G01 X343.471 Y227.897
G01 X340.327 Y230.144
G01 X337.183 Y232.392
G01 X334.039 Y234.639
G01 X330.895 Y236.888
G01 X327.752 Y239.136
G01 X324.609 Y241.383
G01 X321.465 Y243.632
G01 X318.322 Y245.880
G01 X315.178 Y248.127
G01 X312.034 Y250.376
G01 X308.890 Y252.624
G01 X305.746 Y254.871
G01 X302.603 Y257.120
G01 X299.675 Y259.225
G01 X299.460 Y259.368
G01 X296.831 Y261.274
G01 X296.316 Y261.615
G01 X293.952 Y263.346
G01 X293.173 Y263.863
G01 X291.038 Y265.438
G01 X290.029 Y266.112
G01 X288.094 Y267.550
G01 X286.885 Y268.360
G01 X285.115 Y269.685
G01 X283.741 Y270.608
G01 X282.105 Y271.839
G01 X280.597 Y272.856
G01 X279.062 Y274.017
G01 X277.486 Y275.082
G01 X277.454 Y275.103
G01 X275.986 Y276.216
G01 X274.476 Y277.245
G01 X274.311 Y277.351
G01 X272.880 Y278.437
G01 X271.401 Y279.449
G01 X271.167 Y279.599
G01 X269.740 Y280.682
G01 X268.259 Y281.695
G01 X268.024 Y281.846
G01 X266.569 Y282.950
G01 X265.049 Y283.987
G01 X264.880 Y284.094
G01 X263.363 Y285.243
G01 X261.769 Y286.322
G01 X261.737 Y286.343
G01 X260.124 Y287.558
G01 X258.593 Y288.591
G01 X256.849 Y289.897
G01 X255.448 Y290.839
G01 X253.540 Y292.260
G01 X252.305 Y293.087
G01 X250.195 Y294.644
G01 X249.162 Y295.334
G01 X246.816 Y297.052
G01 X246.018 Y297.582
G01 X243.401 Y299.481
G01 X242.875 Y299.831
G01 X239.952 Y301.933
G01 X239.731 Y302.079
G01 X236.588 Y304.327
G01 X233.444 Y306.575
G01 X230.300 Y308.822
G01 X227.156 Y311.070
G01 X224.012 Y313.319
G01 X220.868 Y315.567
G01 X217.726 Y317.815
G01 X214.582 Y320.062
G01 X211.439 Y322.310
G01 X208.295 Y324.558
G01 X205.151 Y326.805
G01 X202.007 Y329.053
G01 X198.863 Y331.302
G01 X195.719 Y333.550
G01 X192.577 Y335.798
G01 X189.433 Y338.046
G01 X186.288 Y340.293
G01 X183.146 Y342.541
G01 X180.002 Y344.790
G01 X176.858 Y347.038
G01 X173.714 Y349.286
G01 X170.570 Y351.534
G01 X167.428 Y353.781
G01 X164.284 Y356.029
G01 X161.141 Y358.276
G01 X157.997 Y360.524
G01 X154.853 Y362.772
G01 X151.709 Y365.021
G01 X148.565 Y367.269
G01 X145.421 Y369.517
G01 X142.279 Y371.764
G01 X139.135 Y374.012
G01 X135.992 Y376.260
G01 X132.848 Y378.509
G01 X129.704 Y380.757
G01 X126.561 Y383.005
G01 X123.416 Y385.252
G01 X120.272 Y387.500
G01 X117.130 Y389.749
G01 X113.986 Y391.997
G01 X110.841 Y394.245
G01 X107.699 Y396.492
G01 X104.555 Y398.740
G01 X101.411 Y400.988
G01 X98.267 Y403.236
G01 X95.124 Y405.483
G01 X91.981 Y407.731
G01 X88.837 Y409.980
G01 X85.694 Y412.228
G01 X82.550 Y414.476
G01 X79.406 Y416.724
G01 X76.262 Y418.971
G01 X73.118 Y421.219
G01 X69.975 Y423.468
G01 X73.052 Y421.099
G01 X76.127 Y418.731
G01 X79.204 Y416.362
G01 X82.279 Y413.993
G01 X85.356 Y411.625
G01 X88.433 Y409.257
G01 X91.509 Y406.889
G01 X94.584 Y404.519
G01 X97.661 Y402.151
G01 X100.737 Y399.783
G01 X103.814 Y397.415
G01 X106.889 Y395.046
G01 X109.966 Y392.678
G01 X113.041 Y390.310
G01 X116.118 Y387.940
G01 X119.195 Y385.572
G01 X122.271 Y383.204
G01 X125.347 Y380.836
G01 X128.423 Y378.466
G01 X131.500 Y376.099
G01 X134.576 Y373.731
G01 X137.651 Y371.362
G01 X140.728 Y368.993
G01 X143.803 Y366.625
G01 X146.880 Y364.257
G01 X149.957 Y361.887
G01 X153.033 Y359.519
G01 X156.108 Y357.151
G01 X159.185 Y354.783
G01 X162.262 Y352.415
G01 X165.338 Y350.046
G01 X168.413 Y347.678
G01 X171.490 Y345.308
G01 X174.565 Y342.940
G01 X177.642 Y340.572
G01 X180.719 Y338.204
G01 X183.795 Y335.834
G01 X186.870 Y333.466
G01 X189.947 Y331.098
G01 X193.024 Y328.730
G01 X196.100 Y326.362
G01 X199.175 Y323.993
G01 X202.252 Y321.625
G01 X205.329 Y319.255
G01 X208.404 Y316.887
G01 X211.481 Y314.519
G01 X214.557 Y312.151
G01 X217.632 Y309.781
G01 X220.709 Y307.413
G01 X223.786 Y305.046
G01 X226.862 Y302.677
G01 X229.938 Y300.308
G01 X233.014 Y297.940
G01 X236.091 Y295.572
G01 X239.082 Y293.274
G01 X239.166 Y293.202
G01 X241.791 Y291.211
G01 X242.243 Y290.834
G01 X244.543 Y289.112
G01 X245.319 Y288.466
G01 X247.333 Y286.978
G01 X248.394 Y286.098
G01 X250.162 Y284.810
G01 X251.472 Y283.728
G01 X253.031 Y282.608
G01 X254.484 Y281.416
G01 X254.548 Y281.361
G01 X255.939 Y280.372
G01 X257.243 Y279.322
G01 X257.624 Y278.993
G01 X258.885 Y278.103
G01 X260.078 Y277.159
G01 X260.700 Y276.624
G01 X261.872 Y275.802
G01 X262.988 Y274.930
G01 X263.776 Y274.255
G01 X264.899 Y273.469
G01 X265.977 Y272.632
G01 X266.853 Y271.887
G01 X267.967 Y271.106
G01 X269.047 Y270.269
G01 X269.928 Y269.519
G01 X271.081 Y268.712
G01 X272.201 Y267.838
G01 X273.005 Y267.149
G01 X274.236 Y266.281
G01 X275.438 Y265.334
G01 X276.081 Y264.781
G01 X277.438 Y263.819
G01 X278.762 Y262.757
G01 X279.158 Y262.413
G01 X280.682 Y261.319
G01 X282.167 Y260.103
G01 X282.234 Y260.045
G01 X283.967 Y258.783
G01 X285.310 Y257.677
G01 X287.297 Y256.209
G01 X288.385 Y255.308
G01 X290.666 Y253.601
G01 X291.462 Y252.940
G01 X294.076 Y250.956
G01 X294.538 Y250.571
G01 X297.526 Y248.275
G01 X297.615 Y248.203
G01 X300.691 Y245.834
G01 X303.767 Y243.466
G01 X306.842 Y241.097
G01 X309.919 Y238.728
G01 X312.995 Y236.361
G01 X316.072 Y233.992
G01 X319.148 Y231.624
G01 X322.224 Y229.255
G01 X325.300 Y226.887
G01 X328.377 Y224.518
G01 X331.452 Y222.150
G01 X334.529 Y219.781
G01 X337.605 Y217.412
G01 X340.682 Y215.043
G01 X343.757 Y212.675
G01 X346.834 Y210.308
G01 X349.909 Y207.939
G01 X352.986 Y205.571
G01 X356.062 Y203.202
G01 X359.139 Y200.834
G01 X362.215 Y198.465
G01 X365.291 Y196.097
G01 X368.366 Y193.728
G01 X371.443 Y191.359
G01 X374.519 Y188.992
G01 X377.596 Y186.623
G01 X380.672 Y184.255
G01 X383.748 Y181.885
G01 X386.825 Y179.517
G01 X389.901 Y177.149
G01 X392.976 Y174.781
G01 X396.053 Y172.412
G01 X399.130 Y170.043
G01 X402.206 Y167.675
G01 X405.281 Y165.306
G01 X408.358 Y162.938
G01 X411.435 Y160.570
G01 X414.510 Y158.202
G01 X417.587 Y155.832
G01 X420.663 Y153.464
G01 X423.738 Y151.096
G01 X426.815 Y148.728
G01 X429.892 Y146.358
G01 X432.967 Y143.990
G01 X436.043 Y141.623
G01 X439.120 Y139.253
G01 X442.196 Y136.885
G01 X445.273 Y134.517
G01 X448.349 Y132.149
G01 X451.425 Y129.781
G01 X454.500 Y127.411
G01 X457.577 Y125.043
G01 X460.654 Y122.674
G01 X463.730 Y120.307
G01 X460.723 Y122.743
G01 X457.716 Y125.180
G01 X454.709 Y127.617
G01 X451.702 Y130.055
G01 X448.696 Y132.491
G01 X445.690 Y134.928
G01 X442.683 Y137.365
G01 X439.675 Y139.803
G01 X436.668 Y142.240
G01 X433.663 Y144.676
G01 X430.656 Y147.113
G01 X427.649 Y149.550
G01 X424.643 Y151.988
G01 X421.635 Y154.424
G01 X418.629 Y156.861
G01 X415.623 Y159.298
G01 X412.615 Y161.736
G01 X409.608 Y164.173
G01 X406.601 Y166.611
G01 X403.596 Y169.048
G01 X400.589 Y171.484
G01 X397.582 Y173.921
G01 X394.575 Y176.358
G01 X391.568 Y178.796
G01 X388.562 Y181.233
G01 X385.555 Y183.669
G01 X382.548 Y186.107
G01 X379.542 Y188.543
G01 X376.534 Y190.981
G01 X373.528 Y193.418
G01 X370.522 Y195.855
G01 X367.514 Y198.292
G01 X364.507 Y200.728
G01 X361.500 Y203.166
G01 X358.495 Y205.603
G01 X355.488 Y208.040
G01 X352.481 Y210.477
G01 X349.475 Y212.913
G01 X346.467 Y215.352
G01 X343.461 Y217.788
G01 X340.454 Y220.226
G01 X337.447 Y222.662
G01 X334.441 Y225.100
G01 X331.433 Y227.537
G01 X328.427 Y229.974
G01 X325.421 Y232.411
G01 X322.413 Y234.847
G01 X319.406 Y237.285
G01 X316.400 Y239.722
G01 X313.394 Y242.159
G01 X310.387 Y244.596
G01 X307.380 Y247.032
G01 X304.374 Y249.470
G01 X301.366 Y251.906
G01 X298.558 Y254.196
G01 X298.360 Y254.344
G01 X295.860 Y256.401
G01 X295.353 Y256.781
G01 X293.127 Y258.630
G01 X292.346 Y259.218
G01 X290.359 Y260.885
G01 X289.340 Y261.654
G01 X287.557 Y263.163
G01 X286.332 Y264.091
G01 X284.721 Y265.466
G01 X283.327 Y266.529
G01 X281.851 Y267.796
G01 X280.332 Y268.957
G01 X280.320 Y268.966
G01 X278.947 Y270.149
G01 X277.534 Y271.243
G01 X277.312 Y271.404
G01 X276.012 Y272.529
G01 X274.667 Y273.577
G01 X274.307 Y273.841
G01 X273.043 Y274.935
G01 X271.731 Y275.962
G01 X271.299 Y276.278
G01 X270.041 Y277.368
G01 X268.726 Y278.397
G01 X268.293 Y278.714
G01 X267.006 Y279.829
G01 X265.651 Y280.885
G01 X265.287 Y281.151
G01 X263.935 Y282.317
G01 X262.506 Y283.423
G01 X262.280 Y283.589
G01 X260.829 Y284.834
G01 X259.286 Y286.017
G01 X259.273 Y286.026
G01 X257.688 Y287.377
G01 X256.266 Y288.463
G01 X254.510 Y289.950
G01 X253.260 Y290.899
G01 X251.296 Y292.546
G01 X250.252 Y293.337
G01 X248.044 Y295.171
G01 X247.246 Y295.774
G01 X244.757 Y297.820
G01 X244.239 Y298.211
G01 X241.435 Y300.495
G01 X241.233 Y300.647
G01 X238.226 Y303.084
G01 X235.219 Y305.522
G01 X232.213 Y307.959
G01 X229.206 Y310.396
G01 X226.199 Y312.832
G01 X223.192 Y315.271
G01 X220.185 Y317.707
G01 X217.178 Y320.144
G01 X214.171 Y322.582
G01 X211.166 Y325.019
G01 X208.159 Y327.456
G01 X205.151 Y329.892
G01 X202.144 Y332.329
G01 X199.139 Y334.767
G01 X196.132 Y337.204
G01 X193.125 Y339.641
G01 X190.118 Y342.077
G01 X187.112 Y344.514
G01 X184.105 Y346.952
G01 X181.098 Y349.389
G01 X178.091 Y351.826
G01 X175.084 Y354.262
G01 X172.077 Y356.700
G01 X169.072 Y359.137
G01 X166.065 Y361.574
G01 X163.058 Y364.010
G01 X160.050 Y366.449
G01 X157.045 Y368.885
G01 X154.038 Y371.322
G01 X151.031 Y373.760
G01 X148.024 Y376.197
G01 X145.017 Y378.634
G01 X142.010 Y381.070
G01 X139.004 Y383.507
G01 X135.998 Y385.945
G01 X132.990 Y388.382
G01 X129.983 Y390.819
G01 X126.977 Y393.255
G01 X123.971 Y395.692
G01 X120.964 Y398.130
G01 X117.957 Y400.567
G01 X114.951 Y403.004
G01 X111.944 Y405.440
G01 X108.937 Y407.877
G01 X105.930 Y410.315
G01 X102.923 Y412.752
G01 X99.916 Y415.190
G01 X96.909 Y417.627
G01 X93.904 Y420.064
G01 X90.897 Y422.500
G01 X87.889 Y424.938
G01 X84.882 Y427.375
G01 X81.877 Y429.812
G01 X78.870 Y432.249
G01 X81.800 Y429.695
G01 X84.731 Y427.144
G01 X87.663 Y424.591
G01 X90.594 Y422.038
G01 X93.524 Y419.486
G01 X96.456 Y416.933
G01 X99.387 Y414.380
G01 X102.317 Y411.829
G01 X105.249 Y409.276
G01 X108.180 Y406.724
G01 X111.111 Y404.171
G01 X114.041 Y401.618
G01 X116.971 Y399.067
G01 X119.903 Y396.514
G01 X122.834 Y393.962
G01 X125.765 Y391.409
G01 X128.695 Y388.856
G01 X131.627 Y386.303
G01 X134.558 Y383.752
G01 X137.488 Y381.199
G01 X140.420 Y378.647
G01 X143.351 Y376.094
G01 X146.281 Y373.541
G01 X149.213 Y370.988
G01 X152.144 Y368.437
G01 X155.075 Y365.884
G01 X158.005 Y363.332
G01 X160.937 Y360.779
G01 X163.868 Y358.226
G01 X166.798 Y355.673
G01 X169.730 Y353.122
G01 X172.659 Y350.569
G01 X175.591 Y348.017
G01 X178.522 Y345.464
G01 X181.452 Y342.911
G01 X184.384 Y340.358
G01 X187.315 Y337.807
G01 X190.245 Y335.254
G01 X193.177 Y332.702
G01 X196.108 Y330.149
G01 X199.038 Y327.596
G01 X201.969 Y325.043
G01 X204.901 Y322.492
G01 X207.832 Y319.939
G01 X210.762 Y317.387
G01 X213.694 Y314.834
G01 X216.625 Y312.281
G01 X219.555 Y309.728
G01 X222.487 Y307.177
G01 X225.418 Y304.625
G01 X228.349 Y302.072
G01 X231.279 Y299.519
G01 X234.211 Y296.966
G01 X237.142 Y294.415
G01 X240.072 Y291.862
G01 X242.629 Y289.663
G01 X243.004 Y289.310
G01 X245.219 Y287.430
G01 X245.934 Y286.757
G01 X247.850 Y285.158
G01 X248.865 Y284.204
G01 X250.523 Y282.841
G01 X251.796 Y281.651
G01 X253.237 Y280.487
G01 X254.567 Y279.259
G01 X254.727 Y279.100
G01 X255.990 Y278.091
G01 X257.168 Y277.029
G01 X257.658 Y276.546
G01 X258.786 Y275.656
G01 X259.845 Y274.719
G01 X260.589 Y273.995
G01 X261.622 Y273.183
G01 X262.601 Y272.331
G01 X263.519 Y271.442
G01 X264.501 Y270.675
G01 X265.439 Y269.863
G01 X266.332 Y269.010
G01 X266.451 Y268.889
G01 X267.423 Y268.129
G01 X268.361 Y267.317
G01 X269.262 Y266.457
G01 X269.382 Y266.337
G01 X270.394 Y265.545
G01 X271.373 Y264.692
G01 X272.312 Y263.784
G01 X273.409 Y262.920
G01 X274.474 Y261.981
G01 X275.244 Y261.231
G01 X276.471 Y260.254
G01 X277.663 Y259.182
G01 X278.174 Y258.680
G01 X279.579 Y257.545
G01 X280.938 Y256.293
G01 X281.106 Y256.127
G01 X282.731 Y254.793
G01 X284.037 Y253.575
G01 X285.927 Y251.998
G01 X286.967 Y251.022
G01 X289.164 Y249.160
G01 X289.899 Y248.470
G01 X292.446 Y246.280
G01 X292.829 Y245.917
G01 X295.760 Y243.365
G01 X298.692 Y240.811
G01 X301.623 Y238.260
G01 X304.553 Y235.707
G01 X307.485 Y233.155
G01 X310.416 Y230.602
G01 X313.346 Y228.049
G01 X316.276 Y225.498
G01 X319.207 Y222.945
G01 X322.139 Y220.393
G01 X325.070 Y217.840
G01 X328.000 Y215.287
G01 X330.932 Y212.734
G01 X333.863 Y210.183
G01 X336.793 Y207.630
G01 X339.725 Y205.078
G01 X342.656 Y202.525
G01 X345.587 Y199.972
G01 X348.518 Y197.419
G01 X351.448 Y194.868
G01 X354.380 Y192.315
G01 X357.311 Y189.763
G01 X360.241 Y187.210
G01 X363.173 Y184.657
G01 X366.103 Y182.104
G01 X369.034 Y179.553
G01 X371.966 Y177.000
G01 X374.897 Y174.447
G01 X377.827 Y171.894
G01 X380.759 Y169.342
G01 X383.688 Y166.789
G01 X386.620 Y164.238
G01 X389.550 Y161.685
G01 X392.481 Y159.132
G01 X395.413 Y156.579
G01 X398.344 Y154.027
G01 X401.274 Y151.474
G01 X404.206 Y148.923
G01 X407.137 Y146.370
G01 X410.067 Y143.817
G01 X412.999 Y141.264
G01 X415.930 Y138.712
G01 X418.861 Y136.161
G01 X421.792 Y133.608
G01 X424.723 Y131.055
G01 X427.654 Y128.502
G01 X430.584 Y125.950
G01 X433.515 Y123.397
G01 X436.447 Y120.845
G01 X439.377 Y118.293
G01 X442.308 Y115.740
G01 X445.240 Y113.188
G01 X448.169 Y110.636
G01 X451.101 Y108.083
G01 X454.031 Y105.531
G01 X451.173 Y108.148
G01 X448.316 Y110.766
G01 X445.457 Y113.382
G01 X442.600 Y116.000
G01 X439.741 Y118.618
G01 X436.884 Y121.236
G01 X434.024 Y123.853
G01 X431.167 Y126.470
G01 X428.308 Y129.087
G01 X425.451 Y131.705
G01 X422.592 Y134.323
G01 X419.735 Y136.940
G01 X416.877 Y139.558
G01 X414.019 Y142.175
G01 X411.161 Y144.793
G01 X408.302 Y147.411
G01 X405.443 Y150.029
G01 X402.586 Y152.645
G01 X399.728 Y155.263
G01 X396.870 Y157.880
G01 X394.012 Y160.498
G01 X391.154 Y163.115
G01 X388.295 Y165.733
G01 X385.437 Y168.351
G01 X382.579 Y170.969
G01 X379.721 Y173.585
G01 X376.863 Y176.204
G01 X374.005 Y178.820
G01 X371.147 Y181.438
G01 X368.288 Y184.056
G01 X365.430 Y186.674
G01 X362.572 Y189.292
G01 X359.714 Y191.909
G01 X356.856 Y194.526
G01 X353.998 Y197.144
G01 X351.139 Y199.762
G01 X348.281 Y202.379
G01 X345.423 Y204.996
G01 X342.565 Y207.614
G01 X339.707 Y210.232
G01 X336.849 Y212.849
G01 X333.990 Y215.466
G01 X331.132 Y218.084
G01 X328.274 Y220.702
G01 X325.417 Y223.319
G01 X322.558 Y225.936
G01 X319.700 Y228.555
G01 X316.841 Y231.172
G01 X313.984 Y233.790
G01 X311.125 Y236.406
G01 X308.268 Y239.025
G01 X305.409 Y241.642
G01 X302.552 Y244.260
G01 X299.693 Y246.877
G01 X296.998 Y249.358
G01 X296.835 Y249.495
G01 X294.459 Y251.704
G01 X293.976 Y252.112
G01 X291.884 Y254.079
G01 X291.119 Y254.730
G01 X289.272 Y256.483
G01 X288.260 Y257.346
G01 X286.625 Y258.916
G01 X285.403 Y259.964
G01 X283.942 Y261.379
G01 X282.544 Y262.582
G01 X281.226 Y263.870
G01 X279.860 Y265.058
G01 X279.687 Y265.200
G01 X278.474 Y266.389
G01 X277.216 Y267.498
G01 X276.827 Y267.817
G01 X275.688 Y268.940
G01 X274.504 Y269.993
G01 X273.970 Y270.435
G01 X272.870 Y271.521
G01 X271.720 Y272.548
G01 X271.111 Y273.052
G01 X270.017 Y274.134
G01 X268.865 Y275.163
G01 X268.254 Y275.670
G01 X267.129 Y276.779
G01 X265.939 Y277.839
G01 X265.396 Y278.288
G01 X264.206 Y279.457
G01 X262.937 Y280.576
G01 X262.538 Y280.904
G01 X261.246 Y282.166
G01 X259.860 Y283.375
G01 X259.680 Y283.522
G01 X258.249 Y284.909
G01 X256.822 Y286.139
G01 X255.214 Y287.683
G01 X253.964 Y288.757
G01 X252.141 Y290.488
G01 X251.105 Y291.375
G01 X249.030 Y293.325
G01 X248.246 Y293.993
G01 X245.882 Y296.190
G01 X245.388 Y296.610
G01 X242.697 Y299.087
G01 X242.531 Y299.228
G01 X239.673 Y301.844
G01 X236.815 Y304.463
G01 X233.957 Y307.079
G01 X231.099 Y309.697
G01 X228.240 Y312.315
G01 X225.382 Y314.933
G01 X222.524 Y317.550
G01 X219.666 Y320.168
G01 X216.808 Y322.784
G01 X213.950 Y325.403
G01 X211.091 Y328.019
G01 X208.233 Y330.637
G01 X205.375 Y333.255
G01 X202.517 Y335.873
G01 X199.659 Y338.490
G01 X196.800 Y341.108
G01 X193.942 Y343.726
G01 X191.084 Y346.343
G01 X188.226 Y348.961
G01 X185.368 Y351.577
G01 X182.510 Y354.195
G01 X179.651 Y356.812
G01 X176.793 Y359.430
G01 X173.935 Y362.048
G01 X171.077 Y364.666
G01 X168.219 Y367.283
G01 X165.362 Y369.901
G01 X162.504 Y372.517
G01 X159.644 Y375.135
G01 X156.786 Y377.754
G01 X153.928 Y380.370
G01 X151.070 Y382.988
G01 X148.213 Y385.606
G01 X145.355 Y388.224
G01 X142.497 Y390.841
G01 X139.639 Y393.459
G01 X136.781 Y396.076
G01 X133.921 Y398.694
G01 X131.064 Y401.310
G01 X128.206 Y403.928
G01 X125.348 Y406.546
G01 X122.490 Y409.163
G01 X119.632 Y411.781
G01 X116.772 Y414.399
G01 X113.915 Y417.016
G01 X111.057 Y419.634
G01 X108.199 Y422.250
G01 X105.341 Y424.868
G01 X102.483 Y427.487
G01 X99.625 Y430.103
G01 X96.767 Y432.721
G01 X93.909 Y435.339
G01 X91.050 Y437.957
G01 X88.192 Y440.574
G01 X90.966 Y437.846
G01 X93.740 Y435.118
G01 X96.514 Y432.392
G01 X99.290 Y429.665
G01 X102.064 Y426.938
G01 X104.839 Y424.209
G01 X107.613 Y421.483
G01 X110.387 Y418.755
G01 X113.161 Y416.028
G01 X115.935 Y413.300
G01 X118.711 Y410.574
G01 X121.485 Y407.846
G01 X124.259 Y405.118
G01 X127.034 Y402.392
G01 X129.808 Y399.663
G01 X132.582 Y396.937
G01 X135.356 Y394.209
G01 X138.130 Y391.481
G01 X140.906 Y388.755
G01 X143.680 Y386.028
G01 X146.454 Y383.300
G01 X149.228 Y380.572
G01 X152.002 Y377.846
G01 X154.778 Y375.118
G01 X157.552 Y372.391
G01 X160.327 Y369.663
G01 X163.101 Y366.937
G01 X165.875 Y364.209
G01 X168.649 Y361.481
G01 X171.423 Y358.754
G01 X174.199 Y356.026
G01 X176.973 Y353.300
G01 X179.747 Y350.572
G01 X182.522 Y347.844
G01 X185.296 Y345.118
G01 X188.070 Y342.389
G01 X190.844 Y339.663
G01 X193.618 Y336.935
G01 X196.394 Y334.209
G01 X199.168 Y331.481
G01 X201.942 Y328.754
G01 X204.716 Y326.026
G01 X207.490 Y323.298
G01 X210.266 Y320.572
G01 X213.040 Y317.844
G01 X215.814 Y315.117
G01 X218.589 Y312.389
G01 X221.363 Y309.663
G01 X224.137 Y306.935
G01 X226.911 Y304.207
G01 X229.685 Y301.481
G01 X232.461 Y298.752
G01 X235.235 Y296.026
G01 X238.010 Y293.298
G01 X240.784 Y290.570
G01 X243.286 Y288.135
G01 X243.558 Y287.844
G01 X245.703 Y285.788
G01 X246.333 Y285.117
G01 X248.162 Y283.392
G01 X249.107 Y282.389
G01 X250.666 Y280.947
G01 X251.882 Y279.661
G01 X253.213 Y278.454
G01 X254.430 Y277.189
G01 X254.656 Y276.935
G01 X255.802 Y275.913
G01 X256.858 Y274.846
G01 X257.430 Y274.207
G01 X258.433 Y273.326
G01 X259.365 Y272.404
G01 X260.204 Y271.480
G01 X261.107 Y270.692
G01 X261.956 Y269.870
G01 X262.752 Y269.014
G01 X262.978 Y268.752
G01 X263.825 Y268.017
G01 X264.631 Y267.245
G01 X265.393 Y266.437
G01 X265.754 Y266.024
G01 X266.591 Y265.298
G01 X267.394 Y264.526
G01 X268.163 Y263.714
G01 X268.528 Y263.298
G01 X269.406 Y262.534
G01 X270.252 Y261.714
G01 X271.066 Y260.841
G01 X271.302 Y260.570
G01 X272.270 Y259.721
G01 X273.207 Y258.800
G01 X274.077 Y257.844
G01 X275.185 Y256.858
G01 X276.252 Y255.781
G01 X276.851 Y255.115
G01 X278.145 Y253.942
G01 X279.388 Y252.655
G01 X279.625 Y252.388
G01 X281.154 Y250.978
G01 X282.399 Y249.662
G01 X284.206 Y247.960
G01 X285.173 Y246.934
G01 X287.303 Y244.894
G01 X287.948 Y244.207
G01 X290.443 Y241.776
G01 X290.722 Y241.480
G01 X293.498 Y238.752
G01 X296.272 Y236.025
G01 X299.046 Y233.298
G01 X301.821 Y230.570
G01 X304.595 Y227.843
G01 X307.370 Y225.115
G01 X310.144 Y222.388
G01 X312.918 Y219.661
G01 X315.692 Y216.934
G01 X318.466 Y214.206
G01 X321.241 Y211.478
G01 X324.015 Y208.752
G01 X326.789 Y206.024
G01 X329.565 Y203.297
G01 X332.339 Y200.570
G01 X335.114 Y197.841
G01 X337.888 Y195.115
G01 X340.662 Y192.388
G01 X343.437 Y189.660
G01 X346.211 Y186.933
G01 X348.986 Y184.206
G01 X351.760 Y181.478
G01 X354.534 Y178.751
G01 X357.308 Y176.024
G01 X360.082 Y173.297
G01 X362.856 Y170.569
G01 X365.632 Y167.841
G01 X368.406 Y165.115
G01 X371.180 Y162.387
G01 X373.954 Y159.659
G01 X376.730 Y156.933
G01 X379.504 Y154.204
G01 X382.278 Y151.478
G01 X385.053 Y148.750
G01 X387.827 Y146.022
G01 X390.601 Y143.296
G01 X393.375 Y140.568
G01 X396.149 Y137.841
G01 X398.925 Y135.113
G01 X401.699 Y132.387
G01 X404.474 Y129.659
G01 X407.248 Y126.931
G01 X410.022 Y124.204
G01 X412.797 Y121.476
G01 X415.571 Y118.750
G01 X418.345 Y116.023
G01 X421.120 Y113.295
G01 X423.894 Y110.567
G01 X426.668 Y107.841
G01 X429.442 Y105.113
G01 X432.216 Y102.386
G01 X434.991 Y99.659
G01 X437.765 Y96.930
G01 X440.541 Y94.204
G01 X443.315 Y91.476
G01 X440.616 Y94.264
G01 X437.918 Y97.054
G01 X435.220 Y99.843
G01 X432.521 Y102.631
G01 X429.822 Y105.420
G01 X427.125 Y108.208
G01 X424.425 Y110.997
G01 X421.728 Y113.786
G01 X419.029 Y116.574
G01 X416.331 Y119.363
G01 X413.632 Y122.151
G01 X410.933 Y124.941
G01 X408.236 Y127.728
G01 X405.536 Y130.517
G01 X402.839 Y133.305
G01 X400.139 Y136.094
G01 X397.442 Y138.883
G01 X394.744 Y141.671
G01 X392.045 Y144.460
G01 X389.346 Y147.250
G01 X386.648 Y150.037
G01 X383.950 Y152.827
G01 X381.252 Y155.615
G01 X378.553 Y158.404
G01 X375.855 Y161.192
G01 X373.156 Y163.981
G01 X370.457 Y166.769
G01 X367.760 Y169.558
G01 X365.061 Y172.347
G01 X362.363 Y175.136
G01 X359.664 Y177.924
G01 X356.966 Y180.714
G01 X354.268 Y183.502
G01 X351.568 Y186.291
G01 X348.870 Y189.079
G01 X346.172 Y191.868
G01 X343.474 Y194.656
G01 X340.775 Y197.445
G01 X338.077 Y200.234
G01 X335.379 Y203.023
G01 X332.680 Y205.811
G01 X329.981 Y208.600
G01 X327.284 Y211.388
G01 X324.585 Y214.177
G01 X321.887 Y216.966
G01 X319.188 Y219.754
G01 X316.490 Y222.543
G01 X313.792 Y225.332
G01 X311.092 Y228.120
G01 X308.394 Y230.909
G01 X305.696 Y233.698
G01 X302.998 Y236.486
G01 X300.298 Y239.275
G01 X297.601 Y242.064
G01 X295.010 Y244.750
G01 X294.903 Y244.852
G01 X292.642 Y247.222
G01 X292.204 Y247.641
G01 X290.236 Y249.728
G01 X289.505 Y250.430
G01 X287.793 Y252.269
G01 X286.807 Y253.218
G01 X285.313 Y254.843
G01 X284.109 Y256.007
G01 X282.796 Y257.451
G01 X281.425 Y258.781
G01 X281.411 Y258.795
G01 X280.243 Y260.093
G01 X279.024 Y261.296
G01 X278.712 Y261.584
G01 X277.654 Y262.767
G01 X276.548 Y263.877
G01 X276.014 Y264.373
G01 X275.029 Y265.478
G01 X274.000 Y266.522
G01 X273.316 Y267.161
G01 X272.371 Y268.224
G01 X271.380 Y269.236
G01 X270.616 Y269.950
G01 X269.678 Y271.007
G01 X268.686 Y272.019
G01 X267.918 Y272.738
G01 X266.950 Y273.827
G01 X265.918 Y274.875
G01 X265.220 Y275.526
G01 X264.185 Y276.687
G01 X263.073 Y277.805
G01 X262.522 Y278.315
G01 X261.382 Y279.584
G01 X260.147 Y280.805
G01 X259.823 Y281.105
G01 X258.540 Y282.517
G01 X257.141 Y283.879
G01 X257.125 Y283.892
G01 X255.659 Y285.490
G01 X254.427 Y286.682
G01 X252.738 Y288.497
G01 X251.728 Y289.471
G01 X249.779 Y291.540
G01 X249.030 Y292.259
G01 X246.780 Y294.618
G01 X246.331 Y295.048
G01 X243.743 Y297.731
G01 X243.632 Y297.836
G01 X240.935 Y300.625
G01 X238.236 Y303.413
G01 X235.538 Y306.202
G01 X232.839 Y308.990
G01 X230.141 Y311.779
G01 X227.442 Y314.567
G01 X224.743 Y317.356
G01 X222.046 Y320.146
G01 X219.346 Y322.933
G01 X216.649 Y325.723
G01 X213.950 Y328.512
G01 X211.252 Y331.300
G01 X208.553 Y334.089
G01 X205.855 Y336.877
G01 X203.156 Y339.666
G01 X200.457 Y342.454
G01 X197.760 Y345.243
G01 X195.062 Y348.031
G01 X192.363 Y350.820
G01 X189.665 Y353.608
G01 X186.966 Y356.397
G01 X184.267 Y359.187
G01 X181.570 Y361.975
G01 X178.870 Y364.764
G01 X176.173 Y367.553
G01 X173.474 Y370.341
G01 X170.776 Y373.130
G01 X168.077 Y375.918
G01 X165.379 Y378.707
G01 X162.680 Y381.495
G01 X159.981 Y384.284
G01 X157.284 Y387.072
G01 X154.586 Y389.862
G01 X151.887 Y392.651
G01 X149.189 Y395.439
G01 X146.490 Y398.228
G01 X143.791 Y401.016
G01 X141.094 Y403.805
G01 X138.394 Y406.594
G01 X135.697 Y409.382
G01 X132.998 Y412.171
G01 X130.300 Y414.959
G01 X127.602 Y417.748
G01 X124.903 Y420.536
G01 X122.205 Y423.326
G01 X119.505 Y426.113
G01 X116.808 Y428.903
G01 X114.108 Y431.692
G01 X111.411 Y434.480
G01 X108.713 Y437.269
G01 X106.014 Y440.057
G01 X103.315 Y442.846
G01 X100.617 Y445.635
G01 X97.918 Y448.423
G01 X100.526 Y445.531
G01 X103.132 Y442.639
G01 X105.740 Y439.747
G01 X108.346 Y436.853
G01 X110.954 Y433.962
G01 X113.562 Y431.070
G01 X116.168 Y428.178
G01 X118.776 Y425.284
G01 X121.382 Y422.392
G01 X123.990 Y419.500
G01 X126.598 Y416.608
G01 X129.204 Y413.716
G01 X131.812 Y410.824
G01 X134.418 Y407.932
G01 X137.026 Y405.040
G01 X139.632 Y402.147
G01 X142.240 Y399.255
G01 X144.846 Y396.363
G01 X147.454 Y393.471
G01 X150.062 Y390.577
G01 X152.668 Y387.685
G01 X155.276 Y384.793
G01 X157.882 Y381.901
G01 X160.490 Y379.009
G01 X163.096 Y376.117
G01 X165.704 Y373.225
G01 X168.310 Y370.332
G01 X170.918 Y367.440
G01 X173.526 Y364.548
G01 X176.132 Y361.656
G01 X178.740 Y358.764
G01 X181.346 Y355.870
G01 X183.954 Y352.978
G01 X186.560 Y350.087
G01 X189.168 Y347.195
G01 X191.776 Y344.302
G01 X194.382 Y341.409
G01 X196.990 Y338.517
G01 X199.596 Y335.625
G01 X202.204 Y332.733
G01 X204.810 Y329.841
G01 X207.418 Y326.949
G01 X210.026 Y324.057
G01 X212.632 Y321.163
G01 X215.240 Y318.272
G01 X217.846 Y315.380
G01 X220.454 Y312.488
G01 X223.060 Y309.594
G01 X225.668 Y306.702
G01 X228.276 Y303.810
G01 X230.882 Y300.918
G01 X233.490 Y298.026
G01 X236.096 Y295.134
G01 X238.704 Y292.242
G01 X241.310 Y289.349
G01 X243.779 Y286.625
G01 X243.918 Y286.457
G01 X246.008 Y284.188
G01 X246.525 Y283.565
G01 X248.285 Y281.692
G01 X249.132 Y280.673
G01 X250.607 Y279.137
G01 X251.740 Y277.781
G01 X252.972 Y276.526
G01 X254.088 Y275.219
G01 X254.347 Y274.887
G01 X255.385 Y273.856
G01 X256.332 Y272.784
G01 X256.954 Y271.995
G01 X257.840 Y271.130
G01 X258.658 Y270.233
G01 X259.408 Y269.307
G01 X259.561 Y269.103
G01 X260.340 Y268.351
G01 X261.069 Y267.570
G01 X261.747 Y266.762
G01 X262.168 Y266.211
G01 X262.887 Y265.521
G01 X263.569 Y264.800
G01 X264.210 Y264.048
G01 X264.774 Y263.319
G01 X265.485 Y262.639
G01 X266.163 Y261.921
G01 X266.808 Y261.166
G01 X267.382 Y260.427
G01 X268.135 Y259.702
G01 X268.859 Y258.928
G01 X269.549 Y258.106
G01 X269.990 Y257.534
G01 X270.840 Y256.707
G01 X271.656 Y255.815
G01 X272.433 Y254.858
G01 X272.596 Y254.642
G01 X273.596 Y253.651
G01 X274.550 Y252.573
G01 X275.204 Y251.750
G01 X276.401 Y250.535
G01 X277.538 Y249.206
G01 X277.811 Y248.858
G01 X279.255 Y247.356
G01 X280.418 Y245.966
G01 X282.156 Y244.117
G01 X283.024 Y243.073
G01 X285.103 Y240.817
G01 X285.632 Y240.180
G01 X288.097 Y237.460
G01 X288.239 Y237.288
G01 X290.846 Y234.397
G01 X293.454 Y231.504
G01 X296.061 Y228.612
G01 X298.668 Y225.720
G01 X301.274 Y222.828
G01 X303.882 Y219.935
G01 X306.489 Y217.043
G01 X309.096 Y214.150
G01 X311.704 Y211.258
G01 X314.311 Y208.365
G01 X316.918 Y205.474
G01 X319.524 Y202.582
G01 X322.132 Y199.690
G01 X324.739 Y196.797
G01 X327.346 Y193.905
G01 X329.952 Y191.013
G01 X332.561 Y188.121
G01 X335.168 Y185.228
G01 X337.774 Y182.335
G01 X340.382 Y179.444
G01 X342.989 Y176.552
G01 X345.596 Y173.659
G01 X348.202 Y170.767
G01 X350.811 Y167.875
G01 X353.418 Y164.983
G01 X356.024 Y162.090
G01 X358.632 Y159.198
G01 X361.239 Y156.305
G01 X363.846 Y153.413
G01 X366.452 Y150.520
G01 X369.061 Y147.628
G01 X371.668 Y144.736
G01 X374.274 Y141.844
G01 X376.882 Y138.952
G01 X379.488 Y136.060
G01 X382.096 Y133.168
G01 X384.702 Y130.275
G01 X387.310 Y127.382
G01 X389.918 Y124.490
G01 X392.524 Y121.599
G01 X395.132 Y118.707
G01 X397.738 Y115.814
G01 X400.346 Y112.922
G01 X402.952 Y110.030
G01 X405.560 Y107.137
G01 X408.167 Y104.245
G01 X410.774 Y101.353
G01 X413.382 Y98.461
G01 X415.988 Y95.569
G01 X418.596 Y92.675
G01 X421.202 Y89.784
G01 X423.810 Y86.892
G01 X426.417 Y84.000
G01 X429.024 Y81.107
G01 X431.632 Y78.214
G01 X429.103 Y81.165
G01 X426.575 Y84.115
G01 X424.047 Y87.064
G01 X421.519 Y90.014
G01 X418.990 Y92.964
G01 X416.462 Y95.913
G01 X413.933 Y98.863
G01 X411.406 Y101.812
G01 X408.877 Y104.762
G01 X406.350 Y107.712
G01 X403.822 Y110.661
G01 X401.293 Y113.611
G01 X398.764 Y116.560
G01 X396.236 Y119.511
G01 X393.709 Y122.460
G01 X391.180 Y125.409
G01 X388.653 Y128.359
G01 X386.125 Y131.310
G01 X383.596 Y134.258
G01 X381.067 Y137.209
G01 X378.539 Y140.159
G01 X376.012 Y143.108
G01 X373.483 Y146.058
G01 X370.956 Y149.007
G01 X368.427 Y151.957
G01 X365.899 Y154.906
G01 X363.370 Y157.857
G01 X360.842 Y160.806
G01 X358.315 Y163.756
G01 X355.787 Y166.706
G01 X353.257 Y169.656
G01 X350.730 Y172.605
G01 X348.202 Y175.555
G01 X345.673 Y178.505
G01 X343.145 Y181.454
G01 X340.616 Y184.404
G01 X338.089 Y187.353
G01 X335.561 Y190.304
G01 X333.033 Y193.252
G01 X330.505 Y196.203
G01 X327.976 Y199.153
G01 X325.447 Y202.102
G01 X322.919 Y205.052
G01 X320.392 Y208.002
G01 X317.864 Y210.951
G01 X315.336 Y213.900
G01 X312.808 Y216.851
G01 X310.279 Y219.800
G01 X307.750 Y222.750
G01 X305.222 Y225.700
G01 X302.695 Y228.650
G01 X300.167 Y231.599
G01 X297.639 Y234.549
G01 X295.111 Y237.499
G01 X292.613 Y240.415
G01 X292.582 Y240.448
G01 X290.428 Y242.995
G01 X290.053 Y243.398
G01 X288.204 Y245.615
G01 X287.525 Y246.347
G01 X285.941 Y248.275
G01 X284.998 Y249.298
G01 X283.638 Y250.976
G01 X282.470 Y252.246
G01 X281.297 Y253.716
G01 X280.060 Y255.076
G01 X279.941 Y255.197
G01 X278.917 Y256.495
G01 X277.840 Y257.706
G01 X277.413 Y258.147
G01 X276.502 Y259.312
G01 X275.542 Y260.411
G01 X274.885 Y261.096
G01 X274.049 Y262.171
G01 X273.168 Y263.192
G01 X272.356 Y264.046
G01 X271.562 Y265.070
G01 X270.721 Y266.052
G01 X269.837 Y266.987
G01 X269.829 Y266.995
G01 X269.041 Y268.014
G01 X268.200 Y268.995
G01 X267.308 Y269.937
G01 X267.300 Y269.945
G01 X266.481 Y271.000
G01 X265.601 Y272.022
G01 X264.772 Y272.894
G01 X263.886 Y274.031
G01 X262.922 Y275.135
G01 X262.244 Y275.844
G01 X261.250 Y277.108
G01 X260.160 Y278.334
G01 X259.716 Y278.795
G01 X258.573 Y280.228
G01 X257.312 Y281.617
G01 X257.188 Y281.743
G01 X255.855 Y283.391
G01 X254.660 Y284.694
G01 X253.097 Y286.596
G01 X252.132 Y287.644
G01 X250.298 Y289.843
G01 X249.603 Y290.594
G01 X247.458 Y293.130
G01 X247.075 Y293.543
G01 X244.579 Y296.459
G01 X244.547 Y296.493
G01 X242.019 Y299.442
G01 X239.490 Y302.392
G01 X236.963 Y305.341
G01 X234.433 Y308.291
G01 X231.906 Y311.240
G01 X229.377 Y314.190
G01 X226.850 Y317.141
G01 X224.322 Y320.091
G01 X221.793 Y323.040
G01 X219.264 Y325.990
G01 X216.737 Y328.940
G01 X214.209 Y331.889
G01 X211.680 Y334.839
G01 X209.153 Y337.788
G01 X206.624 Y340.738
G01 X204.096 Y343.688
G01 X201.567 Y346.637
G01 X199.040 Y349.588
G01 X196.512 Y352.536
G01 X193.983 Y355.487
G01 X191.454 Y358.437
G01 X188.927 Y361.385
G01 X186.399 Y364.336
G01 X183.870 Y367.286
G01 X181.343 Y370.235
G01 X178.815 Y373.185
G01 X176.286 Y376.135
G01 X173.757 Y379.084
G01 X171.230 Y382.034
G01 X168.702 Y384.983
G01 X166.173 Y387.933
G01 X163.646 Y390.882
G01 X161.118 Y393.832
G01 X158.589 Y396.783
G01 X156.060 Y399.731
G01 X153.533 Y402.682
G01 X151.005 Y405.632
G01 X148.476 Y408.581
G01 X145.947 Y411.531
G01 X143.420 Y414.481
G01 X140.892 Y417.430
G01 X138.363 Y420.380
G01 X135.836 Y423.329
G01 X133.308 Y426.279
G01 X130.779 Y429.228
G01 X128.250 Y432.178
G01 X125.723 Y435.129
G01 X123.195 Y438.077
G01 X120.666 Y441.028
G01 X118.139 Y443.978
G01 X115.610 Y446.928
G01 X113.082 Y449.877
G01 X110.553 Y452.827
G01 X108.026 Y455.776
G01 X110.456 Y452.730
G01 X112.885 Y449.683
G01 X115.315 Y446.637
G01 X117.745 Y443.589
G01 X120.175 Y440.543
G01 X122.605 Y437.497
G01 X125.034 Y434.450
G01 X127.464 Y431.404
G01 X129.894 Y428.356
G01 X132.324 Y425.310
G01 X134.754 Y422.264
G01 X137.183 Y419.216
G01 X139.613 Y416.171
G01 X142.043 Y413.124
G01 X144.473 Y410.077
G01 X146.903 Y407.031
G01 X149.332 Y403.983
G01 X151.762 Y400.938
G01 X154.192 Y397.891
G01 X156.622 Y394.844
G01 X159.052 Y391.798
G01 X161.481 Y388.750
G01 X163.911 Y385.704
G01 X166.341 Y382.658
G01 X168.771 Y379.612
G01 X171.201 Y376.565
G01 X173.630 Y373.517
G01 X176.060 Y370.471
G01 X178.490 Y367.425
G01 X180.920 Y364.379
G01 X183.350 Y361.332
G01 X185.779 Y358.284
G01 X188.209 Y355.238
G01 X190.639 Y352.192
G01 X193.069 Y349.146
G01 X195.499 Y346.099
G01 X197.928 Y343.053
G01 X200.358 Y340.005
G01 X202.788 Y336.959
G01 X205.218 Y333.913
G01 X207.647 Y330.865
G01 X210.077 Y327.819
G01 X212.507 Y324.772
G01 X214.937 Y321.726
G01 X217.367 Y318.680
G01 X219.796 Y315.632
G01 X222.226 Y312.586
G01 X224.656 Y309.540
G01 X227.086 Y306.493
G01 X229.516 Y303.447
G01 X231.945 Y300.399
G01 X234.375 Y297.353
G01 X236.805 Y294.307
G01 X239.235 Y291.260
G01 X241.665 Y288.214
G01 X244.095 Y285.166
G01 X246.156 Y282.625
G01 X246.525 Y282.120
G01 X248.234 Y280.058
G01 X248.954 Y279.074
G01 X250.359 Y277.421
G01 X251.383 Y276.026
G01 X252.535 Y274.714
G01 X253.560 Y273.353
G01 X253.814 Y272.981
G01 X254.757 Y271.935
G01 X255.607 Y270.856
G01 X256.244 Y269.933
G01 X257.025 Y269.091
G01 X257.740 Y268.219
G01 X258.386 Y267.326
G01 X258.674 Y266.887
G01 X259.341 Y266.180
G01 X259.959 Y265.449
G01 X260.529 Y264.695
G01 X261.049 Y263.925
G01 X261.103 Y263.841
G01 X261.704 Y263.207
G01 X262.272 Y262.548
G01 X262.802 Y261.867
G01 X263.294 Y261.163
G01 X263.533 Y260.793
G01 X264.124 Y260.173
G01 X264.687 Y259.521
G01 X265.219 Y258.837
G01 X265.719 Y258.124
G01 X265.962 Y257.748
G01 X266.601 Y257.074
G01 X267.212 Y256.355
G01 X267.791 Y255.594
G01 X268.336 Y254.791
G01 X268.393 Y254.701
G01 X269.137 Y253.901
G01 X269.846 Y253.042
G01 X270.514 Y252.121
G01 X270.822 Y251.654
G01 X271.726 Y250.656
G01 X272.582 Y249.573
G01 X273.252 Y248.608
G01 X274.370 Y247.335
G01 X275.414 Y245.951
G01 X275.682 Y245.561
G01 X277.062 Y243.942
G01 X278.111 Y242.514
G01 X279.803 Y240.475
G01 X280.542 Y239.468
G01 X282.595 Y236.936
G01 X282.971 Y236.422
G01 X285.400 Y233.375
G01 X287.831 Y230.328
G01 X290.260 Y227.281
G01 X292.691 Y224.234
G01 X295.120 Y221.188
G01 X297.549 Y218.142
G01 X299.980 Y215.095
G01 X302.409 Y212.049
G01 X304.840 Y209.002
G01 X307.269 Y205.956
G01 X309.698 Y202.909
G01 X312.129 Y199.862
G01 X314.558 Y196.816
G01 X316.989 Y193.769
G01 X319.418 Y190.722
G01 X321.847 Y187.675
G01 X324.278 Y184.629
G01 X326.707 Y181.583
G01 X329.138 Y178.536
G01 X331.567 Y175.490
G01 X333.996 Y172.442
G01 X336.427 Y169.395
G01 X338.856 Y166.350
G01 X341.287 Y163.303
G01 X343.716 Y160.257
G01 X346.145 Y157.210
G01 X348.576 Y154.162
G01 X351.005 Y151.117
G01 X353.436 Y148.070
G01 X355.865 Y145.024
G01 X358.294 Y141.977
G01 X360.725 Y138.930
G01 X363.154 Y135.883
G01 X365.584 Y132.837
G01 X368.014 Y129.791
G01 X370.443 Y126.743
G01 X372.873 Y123.697
G01 X375.303 Y120.651
G01 X377.733 Y117.603
G01 X380.163 Y114.558
G01 X382.592 Y111.511
G01 X385.023 Y108.464
G01 X387.452 Y105.418
G01 X389.882 Y102.370
G01 X392.312 Y99.325
G01 X394.741 Y96.278
G01 X397.172 Y93.231
G01 X399.601 Y90.185
G01 X402.031 Y87.137
G01 X404.462 Y84.091
G01 X406.890 Y81.045
G01 X409.321 Y77.998
G01 X411.750 Y74.952
G01 X414.180 Y71.905
G01 X416.611 Y68.858
G01 X419.039 Y65.812
G01 X416.692 Y68.911
G01 X414.344 Y72.012
G01 X411.995 Y75.112
G01 X409.648 Y78.212
G01 X407.300 Y81.312
G01 X404.952 Y84.411
G01 X402.603 Y87.512
G01 X400.255 Y90.612
G01 X397.908 Y93.712
G01 X395.560 Y96.812
G01 X393.212 Y99.911
G01 X390.863 Y103.012
G01 X388.515 Y106.112
G01 X386.168 Y109.212
G01 X383.818 Y112.312
G01 X381.471 Y115.411
G01 X379.123 Y118.512
G01 X376.774 Y121.613
G01 X374.426 Y124.712
G01 X372.078 Y127.812
G01 X369.731 Y130.912
G01 X367.382 Y134.012
G01 X365.034 Y137.113
G01 X362.687 Y140.213
G01 X360.339 Y143.312
G01 X357.990 Y146.412
G01 X355.643 Y149.513
G01 X353.294 Y152.613
G01 X350.946 Y155.713
G01 X348.597 Y158.812
G01 X346.250 Y161.912
G01 X343.901 Y165.013
G01 X341.553 Y168.113
G01 X339.206 Y171.213
G01 X336.858 Y174.312
G01 X334.510 Y177.412
G01 X332.162 Y180.513
G01 X329.813 Y183.613
G01 X327.466 Y186.713
G01 X325.118 Y189.812
G01 X322.769 Y192.912
G01 X320.421 Y196.013
G01 X318.073 Y199.113
G01 X315.725 Y202.213
G01 X313.377 Y205.312
G01 X311.029 Y208.412
G01 X308.680 Y211.513
G01 X306.332 Y214.613
G01 X303.985 Y217.713
G01 X301.637 Y220.812
G01 X299.288 Y223.912
G01 X296.941 Y227.013
G01 X294.592 Y230.114
G01 X292.245 Y233.213
G01 X289.897 Y236.314
G01 X287.837 Y239.062
G01 X287.548 Y239.413
G01 X285.805 Y241.778
G01 X285.201 Y242.513
G01 X283.731 Y244.540
G01 X282.853 Y245.614
G01 X281.616 Y247.349
G01 X280.504 Y248.714
G01 X279.462 Y250.204
G01 X278.351 Y251.590
G01 X278.156 Y251.814
G01 X277.268 Y253.106
G01 X276.322 Y254.315
G01 X275.808 Y254.913
G01 X275.034 Y256.053
G01 X274.214 Y257.127
G01 X273.460 Y258.014
G01 X272.764 Y259.046
G01 X272.025 Y260.029
G01 X271.245 Y260.963
G01 X271.111 Y261.113
G01 X270.459 Y262.087
G01 X269.762 Y263.024
G01 X269.022 Y263.921
G01 X268.764 Y264.214
G01 X268.118 Y265.178
G01 X267.422 Y266.113
G01 X266.677 Y267.017
G01 X266.416 Y267.314
G01 X265.739 Y268.322
G01 X265.002 Y269.303
G01 X264.206 Y270.257
G01 X264.067 Y270.413
G01 X263.321 Y271.517
G01 X262.499 Y272.596
G01 X261.720 Y273.514
G01 X260.862 Y274.766
G01 X259.908 Y275.988
G01 X259.372 Y276.613
G01 X258.360 Y278.065
G01 X257.227 Y279.478
G01 X257.024 Y279.714
G01 X255.815 Y281.415
G01 X254.675 Y282.814
G01 X253.228 Y284.812
G01 X252.328 Y285.913
G01 X250.597 Y288.260
G01 X249.980 Y289.014
G01 X247.927 Y291.755
G01 X247.631 Y292.113
G01 X245.282 Y295.214
G01 X242.935 Y298.314
G01 X240.587 Y301.413
G01 X238.238 Y304.514
G01 X235.891 Y307.613
G01 X233.543 Y310.714
G01 X231.195 Y313.814
G01 X228.846 Y316.913
G01 X226.499 Y320.014
G01 X224.151 Y323.113
G01 X221.803 Y326.214
G01 X219.454 Y329.314
G01 X217.106 Y332.413
G01 X214.757 Y335.514
G01 X212.409 Y338.613
G01 X210.062 Y341.714
G01 X207.714 Y344.814
G01 X205.365 Y347.913
G01 X203.017 Y351.014
G01 X200.670 Y354.113
G01 X198.322 Y357.214
G01 X195.974 Y360.315
G01 X193.625 Y363.415
G01 X191.278 Y366.514
G01 X188.930 Y369.615
G01 X186.582 Y372.714
G01 X184.233 Y375.815
G01 X181.885 Y378.915
G01 X179.536 Y382.014
G01 X177.189 Y385.115
G01 X174.841 Y388.214
G01 X172.493 Y391.315
G01 X170.144 Y394.415
G01 X167.796 Y397.514
G01 X165.449 Y400.615
G01 X163.101 Y403.714
G01 X160.752 Y406.815
G01 X158.404 Y409.915
G01 X156.057 Y413.014
G01 X153.709 Y416.115
G01 X151.361 Y419.214
G01 X149.012 Y422.315
G01 X146.665 Y425.415
G01 X144.315 Y428.514
G01 X141.968 Y431.615
G01 X139.620 Y434.714
G01 X137.272 Y437.815
G01 X134.923 Y440.915
G01 X132.576 Y444.014
G01 X130.228 Y447.115
G01 X127.880 Y450.214
G01 X125.532 Y453.315
G01 X123.183 Y456.415
G01 X120.836 Y459.516
G01 X118.488 Y462.615
G01 X120.731 Y459.425
G01 X122.974 Y456.236
G01 X125.217 Y453.046
G01 X127.460 Y449.856
G01 X129.702 Y446.666
G01 X131.945 Y443.476
G01 X134.189 Y440.286
G01 X136.433 Y437.098
G01 X138.675 Y433.908
G01 X140.918 Y430.718
G01 X143.161 Y427.528
G01 X145.404 Y424.339
G01 X147.647 Y421.149
G01 X149.891 Y417.959
G01 X152.134 Y414.769
G01 X154.377 Y411.579
G01 X156.620 Y408.389
G01 X158.863 Y405.200
G01 X161.106 Y402.010
G01 X163.350 Y398.820
G01 X165.593 Y395.630
G01 X167.836 Y392.440
G01 X170.079 Y389.250
G01 X172.322 Y386.062
G01 X174.565 Y382.872
G01 X176.808 Y379.682
G01 X179.050 Y376.493
G01 X181.293 Y373.303
G01 X183.538 Y370.113
G01 X185.781 Y366.923
G01 X188.024 Y363.733
G01 X190.267 Y360.543
G01 X192.510 Y357.353
G01 X194.752 Y354.165
G01 X196.995 Y350.975
G01 X199.238 Y347.784
G01 X201.481 Y344.594
G01 X203.725 Y341.406
G01 X205.969 Y338.216
G01 X208.212 Y335.026
G01 X210.454 Y331.836
G01 X212.697 Y328.647
G01 X214.940 Y325.457
G01 X217.183 Y322.267
G01 X219.427 Y319.077
G01 X221.670 Y315.887
G01 X223.913 Y312.697
G01 X226.156 Y309.507
G01 X228.399 Y306.319
G01 X230.642 Y303.129
G01 X232.885 Y299.939
G01 X235.129 Y296.749
G01 X237.372 Y293.560
G01 X239.615 Y290.370
G01 X241.858 Y287.180
G01 X244.101 Y283.990
G01 X246.166 Y281.079
G01 X246.344 Y280.800
G01 X248.031 Y278.480
G01 X248.587 Y277.611
G01 X249.948 Y275.795
G01 X250.831 Y274.421
G01 X251.917 Y273.022
G01 X252.869 Y271.577
G01 X253.073 Y271.231
G01 X253.936 Y270.163
G01 X254.704 Y269.064
G01 X255.317 Y268.041
G01 X256.007 Y267.219
G01 X256.631 Y266.375
G01 X257.186 Y265.512
G01 X257.560 Y264.851
G01 X258.125 Y264.195
G01 X258.647 Y263.522
G01 X259.121 Y262.829
G01 X259.549 Y262.125
G01 X259.803 Y261.661
G01 X260.298 Y261.096
G01 X260.760 Y260.510
G01 X261.191 Y259.906
G01 X261.587 Y259.286
G01 X261.952 Y258.649
G01 X262.046 Y258.473
G01 X262.528 Y257.923
G01 X262.986 Y257.346
G01 X263.416 Y256.743
G01 X263.818 Y256.117
G01 X264.192 Y255.466
G01 X264.288 Y255.282
G01 X264.823 Y254.668
G01 X265.332 Y254.013
G01 X265.812 Y253.319
G01 X266.260 Y252.588
G01 X266.531 Y252.093
G01 X267.183 Y251.323
G01 X267.798 Y250.494
G01 X268.373 Y249.608
G01 X268.774 Y248.903
G01 X269.601 Y247.886
G01 X270.373 Y246.785
G01 X271.019 Y245.714
G01 X272.075 Y244.357
G01 X273.046 Y242.887
G01 X273.262 Y242.524
G01 X274.600 Y240.739
G01 X275.505 Y239.334
G01 X277.178 Y237.031
G01 X277.748 Y236.144
G01 X279.808 Y233.239
G01 X279.990 Y232.954
G01 X282.234 Y229.764
G01 X284.476 Y226.575
G01 X286.720 Y223.385
G01 X288.962 Y220.196
G01 X291.206 Y217.006
G01 X293.450 Y213.816
G01 X295.692 Y210.626
G01 X297.936 Y207.436
G01 X300.178 Y204.246
G01 X302.422 Y201.056
G01 X304.664 Y197.868
G01 X306.908 Y194.678
G01 X309.150 Y191.488
G01 X311.394 Y188.298
G01 X313.637 Y185.109
G01 X315.880 Y181.918
G01 X318.124 Y178.728
G01 X320.366 Y175.540
G01 X322.610 Y172.350
G01 X324.853 Y169.160
G01 X327.096 Y165.970
G01 X329.339 Y162.781
G01 X331.582 Y159.591
G01 X333.825 Y156.400
G01 X336.067 Y153.210
G01 X338.311 Y150.022
G01 X340.553 Y146.832
G01 X342.798 Y143.642
G01 X345.041 Y140.453
G01 X347.284 Y137.263
G01 X349.526 Y134.073
G01 X351.769 Y130.882
G01 X354.012 Y127.694
G01 X356.255 Y124.504
G01 X358.498 Y121.314
G01 X360.741 Y118.124
G01 X362.984 Y114.935
G01 X365.228 Y111.745
G01 X367.471 Y108.555
G01 X369.714 Y105.365
G01 X371.957 Y102.175
G01 X374.200 Y98.986
G01 X376.443 Y95.796
G01 X378.687 Y92.606
G01 X380.930 Y89.417
G01 X383.173 Y86.226
G01 X385.417 Y83.036
G01 X387.659 Y79.848
G01 X389.903 Y76.658
G01 X392.146 Y73.468
G01 X394.389 Y70.278
G01 X396.632 Y67.089
G01 X398.875 Y63.899
G01 X401.118 Y60.709
G01 X403.361 Y57.519
G01 X405.603 Y54.329
G01 X403.446 Y57.569
G01 X401.286 Y60.808
G01 X399.127 Y64.047
G01 X396.969 Y67.286
G01 X394.810 Y70.524
G01 X392.651 Y73.764
G01 X390.493 Y77.002
G01 X388.334 Y80.242
G01 X386.175 Y83.481
G01 X384.015 Y86.720
G01 X381.858 Y89.959
G01 X379.699 Y93.197
G01 X377.539 Y96.437
G01 X375.380 Y99.675
G01 X373.221 Y102.915
G01 X371.063 Y106.154
G01 X368.904 Y109.393
G01 X366.745 Y112.632
G01 X364.587 Y115.870
G01 X362.428 Y119.110
G01 X360.269 Y122.349
G01 X358.111 Y125.588
G01 X355.952 Y128.827
G01 X353.793 Y132.066
G01 X351.634 Y135.305
G01 X349.476 Y138.543
G01 X347.317 Y141.782
G01 X345.158 Y145.022
G01 X342.999 Y148.261
G01 X340.840 Y151.500
G01 X338.682 Y154.739
G01 X336.523 Y157.978
G01 X334.364 Y161.216
G01 X332.204 Y164.456
G01 X330.046 Y167.695
G01 X327.888 Y170.934
G01 X325.728 Y174.173
G01 X323.570 Y177.412
G01 X321.411 Y180.650
G01 X319.252 Y183.889
G01 X317.094 Y187.129
G01 X314.935 Y190.368
G01 X312.775 Y193.607
G01 X310.616 Y196.846
G01 X308.457 Y200.085
G01 X306.299 Y203.323
G01 X304.140 Y206.562
G01 X301.981 Y209.802
G01 X299.822 Y213.041
G01 X297.663 Y216.280
G01 X295.505 Y219.519
G01 X293.346 Y222.757
G01 X291.188 Y225.996
G01 X289.029 Y229.236
G01 X286.870 Y232.475
G01 X284.889 Y235.470
G01 X284.712 Y235.714
G01 X283.060 Y238.256
G01 X282.553 Y238.953
G01 X281.188 Y241.097
G01 X280.394 Y242.192
G01 X279.273 Y243.994
G01 X278.235 Y245.430
G01 X277.315 Y246.946
G01 X276.316 Y248.359
G01 X276.076 Y248.669
G01 X275.315 Y249.953
G01 X274.491 Y251.156
G01 X273.918 Y251.909
G01 X273.274 Y253.013
G01 X272.581 Y254.058
G01 X271.842 Y255.043
G01 X271.759 Y255.148
G01 X271.195 Y256.127
G01 X270.587 Y257.062
G01 X269.941 Y257.954
G01 X269.600 Y258.387
G01 X269.079 Y259.296
G01 X268.515 Y260.175
G01 X267.913 Y261.021
G01 X267.441 Y261.625
G01 X266.927 Y262.524
G01 X266.365 Y263.401
G01 X265.760 Y264.252
G01 X265.281 Y264.865
G01 X264.737 Y265.814
G01 X264.135 Y266.745
G01 X263.477 Y267.654
G01 X263.124 Y268.103
G01 X262.507 Y269.166
G01 X261.817 Y270.209
G01 X261.054 Y271.231
G01 X260.965 Y271.343
G01 X260.233 Y272.579
G01 X259.405 Y273.795
G01 X258.805 Y274.582
G01 X257.913 Y276.053
G01 X256.898 Y277.495
G01 X256.647 Y277.820
G01 X255.550 Y279.587
G01 X254.488 Y281.060
G01 X253.142 Y283.177
G01 X252.329 Y284.298
G01 X250.690 Y286.824
G01 X250.171 Y287.538
G01 X248.194 Y290.528
G01 X248.012 Y290.776
G01 X245.853 Y294.016
G01 X243.694 Y297.255
G01 X241.536 Y300.493
G01 X239.377 Y303.733
G01 X237.218 Y306.971
G01 X235.058 Y310.211
G01 X232.901 Y313.450
G01 X230.742 Y316.689
G01 X228.582 Y319.928
G01 X226.423 Y323.166
G01 X224.264 Y326.406
G01 X222.106 Y329.644
G01 X219.947 Y332.884
G01 X217.788 Y336.123
G01 X215.630 Y339.362
G01 X213.471 Y342.601
G01 X211.312 Y345.839
G01 X209.154 Y349.079
G01 X206.995 Y352.319
G01 X204.836 Y355.558
G01 X202.677 Y358.796
G01 X200.519 Y362.036
G01 X198.360 Y365.274
G01 X196.201 Y368.514
G01 X194.041 Y371.752
G01 X191.882 Y374.992
G01 X189.724 Y378.231
G01 X187.565 Y381.469
G01 X185.406 Y384.709
G01 X183.248 Y387.947
G01 X181.089 Y391.187
G01 X178.930 Y394.425
G01 X176.772 Y397.665
G01 X174.613 Y400.904
G01 X172.454 Y404.142
G01 X170.295 Y407.382
G01 X168.135 Y410.620
G01 X165.978 Y413.860
G01 X163.819 Y417.099
G01 X161.659 Y420.338
G01 X159.500 Y423.577
G01 X157.341 Y426.815
G01 X155.183 Y430.055
G01 X153.024 Y433.293
G01 X150.865 Y436.533
G01 X148.707 Y439.772
G01 X146.548 Y443.010
G01 X144.389 Y446.250
G01 X142.231 Y449.488
G01 X140.072 Y452.728
G01 X137.913 Y455.966
G01 X135.755 Y459.206
G01 X133.596 Y462.445
G01 X131.437 Y465.683
G01 X129.278 Y468.923
G01 X131.326 Y465.601
G01 X133.374 Y462.281
G01 X135.421 Y458.959
G01 X137.469 Y455.637
G01 X139.517 Y452.317
G01 X141.565 Y448.995
G01 X143.612 Y445.675
G01 X145.659 Y442.353
G01 X147.707 Y439.033
G01 X149.755 Y435.712
G01 X151.803 Y432.391
G01 X153.851 Y429.070
G01 X155.899 Y425.749
G01 X157.947 Y422.428
G01 X159.995 Y419.106
G01 X162.041 Y415.786
G01 X164.089 Y412.464
G01 X166.137 Y409.144
G01 X168.185 Y405.822
G01 X170.233 Y402.500
G01 X172.281 Y399.180
G01 X174.329 Y395.858
G01 X176.377 Y392.538
G01 X178.423 Y389.216
G01 X180.471 Y385.896
G01 X182.519 Y382.575
G01 X184.567 Y379.254
G01 X186.615 Y375.933
G01 X188.663 Y372.612
G01 X190.711 Y369.290
G01 X192.757 Y365.969
G01 X194.805 Y362.647
G01 X196.853 Y359.327
G01 X198.901 Y356.005
G01 X200.950 Y352.685
G01 X202.997 Y349.363
G01 X205.045 Y346.043
G01 X207.093 Y342.721
G01 X209.141 Y339.401
G01 X211.188 Y336.079
G01 X213.236 Y332.759
G01 X215.284 Y329.438
G01 X217.332 Y326.117
G01 X219.379 Y322.795
G01 X221.427 Y319.475
G01 X223.475 Y316.153
G01 X225.522 Y312.832
G01 X227.570 Y309.510
G01 X229.618 Y306.190
G01 X231.666 Y302.868
G01 X233.714 Y299.548
G01 X235.760 Y296.226
G01 X237.808 Y292.906
G01 X239.856 Y289.584
G01 X241.904 Y286.264
G01 X243.952 Y282.942
G01 X246.000 Y279.620
G01 X247.703 Y276.920
G01 X248.048 Y276.300
G01 X249.394 Y274.236
G01 X250.096 Y272.978
G01 X251.143 Y271.442
G01 X252.040 Y269.862
G01 X252.143 Y269.658
G01 X252.948 Y268.540
G01 X253.648 Y267.392
G01 X254.191 Y266.337
G01 X254.806 Y265.529
G01 X255.355 Y264.702
G01 X255.833 Y263.861
G01 X256.239 Y263.016
G01 X256.719 Y262.416
G01 X257.156 Y261.800
G01 X257.549 Y261.173
G01 X257.897 Y260.536
G01 X258.202 Y259.892
G01 X258.287 Y259.695
G01 X258.686 Y259.207
G01 X259.057 Y258.702
G01 X259.399 Y258.185
G01 X259.715 Y257.654
G01 X260.000 Y257.113
G01 X260.255 Y256.562
G01 X260.334 Y256.374
G01 X260.719 Y255.906
G01 X261.082 Y255.416
G01 X261.423 Y254.904
G01 X261.740 Y254.371
G01 X262.033 Y253.819
G01 X262.298 Y253.249
G01 X262.382 Y253.053
G01 X262.827 Y252.502
G01 X263.249 Y251.916
G01 X263.642 Y251.293
G01 X264.005 Y250.637
G01 X264.336 Y249.948
G01 X264.430 Y249.732
G01 X265.007 Y248.983
G01 X265.544 Y248.177
G01 X266.037 Y247.316
G01 X266.478 Y246.411
G01 X267.249 Y245.345
G01 X267.952 Y244.196
G01 X268.524 Y243.090
G01 X269.548 Y241.594
G01 X270.464 Y239.982
G01 X270.572 Y239.769
G01 X271.903 Y237.731
G01 X272.620 Y236.448
G01 X274.317 Y233.757
G01 X274.668 Y233.127
G01 X276.716 Y229.805
G01 X278.764 Y226.484
G01 X280.812 Y223.162
G01 X282.860 Y219.841
G01 X284.906 Y216.520
G01 X286.954 Y213.200
G01 X289.002 Y209.879
G01 X291.050 Y206.558
G01 X293.099 Y203.237
G01 X295.145 Y199.916
G01 X297.193 Y196.595
G01 X299.241 Y193.274
G01 X301.288 Y189.953
G01 X303.337 Y186.632
G01 X305.385 Y183.310
G01 X307.433 Y179.989
G01 X309.479 Y176.668
G01 X311.527 Y173.347
G01 X313.575 Y170.025
G01 X315.624 Y166.704
G01 X317.671 Y163.383
G01 X319.719 Y160.062
G01 X321.767 Y156.742
G01 X323.815 Y153.421
G01 X325.861 Y150.100
G01 X327.909 Y146.778
G01 X329.957 Y143.458
G01 X332.005 Y140.136
G01 X334.053 Y136.815
G01 X336.101 Y133.494
G01 X338.149 Y130.173
G01 X340.197 Y126.852
G01 X342.245 Y123.531
G01 X344.291 Y120.209
G01 X346.339 Y116.889
G01 X348.387 Y113.567
G01 X350.435 Y110.247
G01 X352.483 Y106.925
G01 X354.531 Y103.603
G01 X356.579 Y100.283
G01 X358.625 Y96.962
G01 X360.673 Y93.641
G01 X362.721 Y90.320
G01 X364.769 Y86.999
G01 X366.817 Y83.678
G01 X368.865 Y80.357
G01 X370.912 Y77.036
G01 X372.961 Y73.714
G01 X375.007 Y70.394
G01 X377.055 Y67.072
G01 X379.103 Y63.752
G01 X381.151 Y60.430
G01 X383.200 Y57.109
G01 X385.247 Y53.788
G01 X387.295 Y50.466
G01 X389.342 Y47.145
G01 X391.389 Y43.825
G01 X389.430 Y47.191
G01 X387.467 Y50.558
G01 X385.507 Y53.923
G01 X383.546 Y57.288
G01 X381.584 Y60.656
G01 X379.624 Y64.022
G01 X377.663 Y67.387
G01 X375.702 Y70.754
G01 X373.740 Y74.120
G01 X371.779 Y77.486
G01 X369.817 Y80.851
G01 X367.856 Y84.218
G01 X365.895 Y87.584
G01 X363.935 Y90.950
G01 X361.974 Y94.316
G01 X360.012 Y97.682
G01 X358.051 Y101.048
G01 X356.091 Y104.415
G01 X354.130 Y107.781
G01 X352.168 Y111.147
G01 X350.207 Y114.512
G01 X348.246 Y117.879
G01 X346.284 Y121.245
G01 X344.323 Y124.611
G01 X342.363 Y127.977
G01 X340.401 Y131.343
G01 X338.441 Y134.709
G01 X336.480 Y138.075
G01 X334.519 Y141.441
G01 X332.558 Y144.808
G01 X330.596 Y148.174
G01 X328.635 Y151.540
G01 X326.674 Y154.906
G01 X324.712 Y158.272
G01 X322.752 Y161.638
G01 X320.791 Y165.004
G01 X318.829 Y168.370
G01 X316.869 Y171.736
G01 X314.908 Y175.102
G01 X312.947 Y178.468
G01 X310.986 Y181.834
G01 X309.024 Y185.200
G01 X307.063 Y188.567
G01 X305.101 Y191.933
G01 X303.140 Y195.299
G01 X301.180 Y198.665
G01 X299.219 Y202.031
G01 X297.257 Y205.397
G01 X295.297 Y208.763
G01 X293.336 Y212.129
G01 X291.375 Y215.495
G01 X289.413 Y218.861
G01 X287.452 Y222.227
G01 X285.490 Y225.593
G01 X283.529 Y228.959
G01 X281.606 Y232.266
G01 X281.568 Y232.326
G01 X279.991 Y235.091
G01 X279.608 Y235.692
G01 X278.332 Y237.986
G01 X277.647 Y239.058
G01 X276.625 Y240.946
G01 X275.686 Y242.424
G01 X274.875 Y243.972
G01 X273.976 Y245.423
G01 X273.725 Y245.790
G01 X273.079 Y247.064
G01 X272.368 Y248.263
G01 X271.764 Y249.156
G01 X271.240 Y250.219
G01 X270.664 Y251.228
G01 X270.043 Y252.183
G01 X269.803 Y252.522
G01 X269.360 Y253.438
G01 X268.875 Y254.317
G01 X268.351 Y255.156
G01 X267.841 Y255.888
G01 X267.442 Y256.721
G01 X267.004 Y257.529
G01 X266.528 Y258.312
G01 X266.017 Y259.065
G01 X265.880 Y259.254
G01 X265.488 Y260.074
G01 X265.053 Y260.877
G01 X264.576 Y261.663
G01 X264.058 Y262.428
G01 X263.918 Y262.620
G01 X263.495 Y263.500
G01 X263.019 Y264.368
G01 X262.489 Y265.221
G01 X261.958 Y265.986
G01 X261.461 Y267.000
G01 X260.893 Y268.004
G01 X260.252 Y268.990
G01 X259.997 Y269.351
G01 X259.380 Y270.575
G01 X258.667 Y271.781
G01 X258.036 Y272.718
G01 X257.252 Y274.221
G01 X256.339 Y275.697
G01 X256.075 Y276.084
G01 X255.076 Y277.935
G01 X254.114 Y279.451
G01 X252.853 Y281.719
G01 X252.153 Y282.817
G01 X250.584 Y285.570
G01 X250.192 Y286.183
G01 X248.269 Y289.488
G01 X248.231 Y289.548
G01 X246.269 Y292.915
G01 X244.308 Y296.281
G01 X242.346 Y299.647
G01 X240.385 Y303.012
G01 X238.425 Y306.379
G01 X236.464 Y309.745
G01 X234.502 Y313.111
G01 X232.541 Y316.476
G01 X230.581 Y319.844
G01 X228.620 Y323.209
G01 X226.659 Y326.576
G01 X224.697 Y329.942
G01 X222.736 Y333.308
G01 X220.774 Y336.673
G01 X218.814 Y340.040
G01 X216.853 Y343.406
G01 X214.892 Y346.772
G01 X212.930 Y350.137
G01 X210.969 Y353.504
G01 X209.009 Y356.870
G01 X207.048 Y360.236
G01 X205.087 Y363.603
G01 X203.125 Y366.969
G01 X201.163 Y370.334
G01 X199.202 Y373.701
G01 X197.242 Y377.067
G01 X195.281 Y380.433
G01 X193.320 Y383.798
G01 X191.358 Y387.165
G01 X189.397 Y390.531
G01 X187.437 Y393.897
G01 X185.476 Y397.262
G01 X183.514 Y400.629
G01 X181.553 Y403.995
G01 X179.591 Y407.361
G01 X177.630 Y410.728
G01 X175.670 Y414.094
G01 X173.709 Y417.459
G01 X171.748 Y420.826
G01 X169.786 Y424.192
G01 X167.826 Y427.558
G01 X165.865 Y430.923
G01 X163.904 Y434.290
G01 X161.942 Y437.656
G01 X159.981 Y441.022
G01 X158.019 Y444.387
G01 X156.058 Y447.754
G01 X154.098 Y451.120
G01 X152.137 Y454.487
G01 X150.175 Y457.853
G01 X148.214 Y461.219
G01 X146.254 Y464.584
G01 X144.293 Y467.951
G01 X142.332 Y471.317
G01 X140.370 Y474.683
G01 X142.214 Y471.243
G01 X144.058 Y467.803
G01 X145.904 Y464.363
G01 X147.749 Y460.923
G01 X149.593 Y457.483
G01 X151.438 Y454.043
G01 X153.281 Y450.601
G01 X155.127 Y447.161
G01 X156.971 Y443.721
G01 X158.815 Y440.281
G01 X160.659 Y436.841
G01 X162.505 Y433.401
G01 X164.349 Y429.962
G01 X166.194 Y426.522
G01 X168.038 Y423.082
G01 X169.882 Y419.642
G01 X171.726 Y416.202
G01 X173.572 Y412.760
G01 X175.416 Y409.320
G01 X177.260 Y405.880
G01 X179.106 Y402.440
G01 X180.950 Y399.000
G01 X182.795 Y395.560
G01 X184.639 Y392.120
G01 X186.483 Y388.680
G01 X188.327 Y385.240
G01 X190.173 Y381.800
G01 X192.017 Y378.361
G01 X193.862 Y374.920
G01 X195.706 Y371.480
G01 X197.550 Y368.040
G01 X199.394 Y364.600
G01 X201.240 Y361.159
G01 X203.084 Y357.719
G01 X204.928 Y354.279
G01 X206.774 Y350.839
G01 X208.618 Y347.399
G01 X210.463 Y343.959
G01 X212.307 Y340.519
G01 X214.151 Y337.079
G01 X215.995 Y333.639
G01 X217.841 Y330.199
G01 X219.685 Y326.759
G01 X221.529 Y323.319
G01 X223.374 Y319.879
G01 X225.219 Y316.439
G01 X227.062 Y312.999
G01 X228.908 Y309.558
G01 X230.752 Y306.118
G01 X232.596 Y302.678
G01 X234.440 Y299.238
G01 X236.286 Y295.798
G01 X238.130 Y292.358
G01 X239.975 Y288.918
G01 X241.820 Y285.478
G01 X243.663 Y282.038
G01 X245.508 Y278.598
G01 X247.293 Y275.284
G01 X247.353 Y275.158
G01 X248.734 Y272.683
G01 X249.198 Y271.716
G01 X250.243 Y269.940
G01 X251.042 Y268.278
G01 X251.815 Y267.052
G01 X252.471 Y265.798
G01 X252.887 Y264.837
G01 X253.450 Y264.021
G01 X253.940 Y263.187
G01 X254.356 Y262.339
G01 X254.700 Y261.485
G01 X254.731 Y261.397
G01 X255.142 Y260.851
G01 X255.511 Y260.291
G01 X255.837 Y259.723
G01 X256.122 Y259.149
G01 X256.365 Y258.570
G01 X256.566 Y257.990
G01 X256.576 Y257.957
G01 X256.893 Y257.553
G01 X257.186 Y257.137
G01 X257.454 Y256.712
G01 X257.700 Y256.276
G01 X257.921 Y255.835
G01 X258.115 Y255.386
G01 X258.287 Y254.931
G01 X258.419 Y254.517
G01 X258.719 Y254.139
G01 X259.000 Y253.745
G01 X259.264 Y253.332
G01 X259.510 Y252.901
G01 X259.735 Y252.456
G01 X259.938 Y251.994
G01 X260.120 Y251.519
G01 X260.264 Y251.077
G01 X260.638 Y250.591
G01 X260.986 Y250.070
G01 X261.310 Y249.517
G01 X261.603 Y248.931
G01 X261.866 Y248.317
G01 X262.096 Y247.674
G01 X262.109 Y247.637
G01 X262.635 Y246.883
G01 X263.115 Y246.073
G01 X263.544 Y245.209
G01 X263.918 Y244.293
G01 X263.954 Y244.197
G01 X264.698 Y243.022
G01 X265.360 Y241.761
G01 X265.798 Y240.757
G01 X266.825 Y239.013
G01 X267.643 Y237.317
G01 X269.014 Y234.859
G01 X269.488 Y233.877
G01 X271.269 Y230.565
G01 X271.332 Y230.436
G01 X273.177 Y226.996
G01 X275.020 Y223.555
G01 X276.865 Y220.115
G01 X278.709 Y216.675
G01 X280.555 Y213.236
G01 X282.399 Y209.796
G01 X284.244 Y206.356
G01 X286.087 Y202.916
G01 X287.933 Y199.476
G01 X289.776 Y196.036
G01 X291.621 Y192.596
G01 X293.466 Y189.155
G01 X295.310 Y185.715
G01 X297.156 Y182.275
G01 X299.000 Y178.835
G01 X300.844 Y175.394
G01 X302.688 Y171.954
G01 X304.534 Y168.514
G01 X306.377 Y165.075
G01 X308.222 Y161.635
G01 X310.067 Y158.195
G01 X311.911 Y154.755
G01 X313.755 Y151.314
G01 X315.601 Y147.874
G01 X317.445 Y144.434
G01 X319.289 Y140.994
G01 X321.134 Y137.554
G01 X322.978 Y134.114
G01 X324.822 Y130.674
G01 X326.668 Y127.234
G01 X328.512 Y123.794
G01 X330.356 Y120.353
G01 X332.200 Y116.913
G01 X334.046 Y113.473
G01 X335.889 Y110.033
G01 X337.734 Y106.593
G01 X339.579 Y103.153
G01 X341.423 Y99.713
G01 X343.269 Y96.273
G01 X345.113 Y92.833
G01 X346.957 Y89.393
G01 X348.801 Y85.952
G01 X350.647 Y82.512
G01 X352.490 Y79.072
G01 X354.335 Y75.632
G01 X356.180 Y72.192
G01 X358.024 Y68.752
G01 X359.868 Y65.312
G01 X361.714 Y61.871
G01 X363.558 Y58.431
G01 X365.402 Y54.992
G01 X367.248 Y51.552
G01 X369.091 Y48.112
G01 X370.936 Y44.671
G01 X372.780 Y41.231
G01 X374.625 Y37.791
G01 X376.469 Y34.351
G01 X374.714 Y37.832
G01 X372.958 Y41.312
G01 X371.202 Y44.793
G01 X369.447 Y48.274
G01 X367.692 Y51.755
G01 X365.935 Y55.236
G01 X364.180 Y58.716
G01 X362.423 Y62.197
G01 X360.668 Y65.678
G01 X358.912 Y69.158
G01 X357.156 Y72.639
G01 X355.400 Y76.120
G01 X353.645 Y79.600
G01 X351.889 Y83.081
G01 X350.133 Y86.562
G01 X348.378 Y90.042
G01 X346.623 Y93.523
G01 X344.866 Y97.004
G01 X343.111 Y100.485
G01 X341.356 Y103.964
G01 X339.599 Y107.446
G01 X337.844 Y110.927
G01 X336.087 Y114.408
G01 X334.332 Y117.887
G01 X332.577 Y121.369
G01 X330.820 Y124.850
G01 X329.065 Y128.329
G01 X327.310 Y131.811
G01 X325.553 Y135.292
G01 X323.798 Y138.773
G01 X322.042 Y142.252
G01 X320.287 Y145.734
G01 X318.531 Y149.215
G01 X316.774 Y152.695
G01 X315.019 Y156.175
G01 X313.263 Y159.656
G01 X311.507 Y163.137
G01 X309.752 Y166.618
G01 X307.996 Y170.099
G01 X306.240 Y173.579
G01 X304.484 Y177.060
G01 X302.729 Y180.541
G01 X300.974 Y184.022
G01 X299.217 Y187.502
G01 X297.462 Y190.983
G01 X295.707 Y194.464
G01 X293.951 Y197.945
G01 X292.195 Y201.424
G01 X290.438 Y204.906
G01 X288.683 Y208.387
G01 X286.928 Y211.867
G01 X285.172 Y215.347
G01 X283.416 Y218.829
G01 X281.661 Y222.309
G01 X279.904 Y225.790
G01 X278.149 Y229.270
G01 X276.623 Y232.341
G01 X276.393 Y232.752
G01 X275.186 Y235.252
G01 X274.638 Y236.232
G01 X273.700 Y238.244
G01 X272.882 Y239.713
G01 X272.166 Y241.316
G01 X271.351 Y242.822
G01 X271.125 Y243.194
G01 X270.584 Y244.466
G01 X269.970 Y245.671
G01 X269.370 Y246.674
G01 X268.954 Y247.696
G01 X268.486 Y248.668
G01 X267.971 Y249.591
G01 X267.615 Y250.155
G01 X267.281 Y251.001
G01 X266.909 Y251.815
G01 X266.498 Y252.595
G01 X266.053 Y253.339
G01 X265.859 Y253.636
G01 X265.568 Y254.382
G01 X265.245 Y255.111
G01 X264.885 Y255.817
G01 X264.495 Y256.502
G01 X264.103 Y257.117
G01 X263.821 Y257.846
G01 X263.500 Y258.567
G01 X263.143 Y259.274
G01 X262.748 Y259.966
G01 X262.347 Y260.596
G01 X262.034 Y261.399
G01 X261.672 Y262.197
G01 X261.259 Y262.985
G01 X260.797 Y263.762
G01 X260.591 Y264.077
G01 X260.203 Y265.043
G01 X259.744 Y266.004
G01 X259.214 Y266.954
G01 X258.836 Y267.558
G01 X258.321 Y268.776
G01 X257.707 Y269.983
G01 X257.081 Y271.038
G01 X256.388 Y272.594
G01 X255.560 Y274.130
G01 X255.325 Y274.519
G01 X254.405 Y276.495
G01 X253.569 Y278.000
G01 X252.373 Y280.478
G01 X251.812 Y281.481
G01 X250.292 Y284.543
G01 X250.058 Y284.962
G01 X248.302 Y288.442
G01 X246.546 Y291.923
G01 X244.790 Y295.404
G01 X243.034 Y298.885
G01 X241.279 Y302.365
G01 X239.522 Y305.846
G01 X237.767 Y309.327
G01 X236.012 Y312.808
G01 X234.255 Y316.288
G01 X232.500 Y319.769
G01 X230.745 Y323.250
G01 X228.988 Y326.731
G01 X227.233 Y330.211
G01 X225.476 Y333.692
G01 X223.721 Y337.173
G01 X221.966 Y340.654
G01 X220.209 Y344.134
G01 X218.454 Y347.615
G01 X216.699 Y351.096
G01 X214.942 Y354.576
G01 X213.187 Y358.057
G01 X211.432 Y361.538
G01 X209.675 Y365.019
G01 X207.920 Y368.499
G01 X206.163 Y371.980
G01 X204.409 Y375.459
G01 X202.653 Y378.940
G01 X200.897 Y382.421
G01 X199.141 Y385.903
G01 X197.385 Y389.382
G01 X195.630 Y392.863
G01 X193.874 Y396.344
G01 X192.118 Y399.825
G01 X190.363 Y403.305
G01 X188.606 Y406.786
G01 X186.851 Y410.267
G01 X185.096 Y413.748
G01 X183.339 Y417.228
G01 X181.584 Y420.709
G01 X179.827 Y424.190
G01 X178.072 Y427.671
G01 X176.317 Y431.151
G01 X174.560 Y434.632
G01 X172.805 Y438.113
G01 X171.050 Y441.594
G01 X169.293 Y445.075
G01 X167.538 Y448.555
G01 X165.783 Y452.036
G01 X164.026 Y455.517
G01 X162.271 Y458.998
G01 X160.514 Y462.478
G01 X158.760 Y465.959
G01 X157.004 Y469.440
G01 X155.248 Y472.921
G01 X153.492 Y476.401
G01 X151.737 Y479.882
G01 X153.370 Y476.334
G01 X155.005 Y472.788
G01 X156.639 Y469.243
G01 X158.274 Y465.697
G01 X159.908 Y462.149
G01 X161.541 Y458.603
G01 X163.175 Y455.058
G01 X164.810 Y451.510
G01 X166.445 Y447.964
G01 X168.079 Y444.418
G01 X169.713 Y440.872
G01 X171.346 Y437.326
G01 X172.981 Y433.779
G01 X174.615 Y430.233
G01 X176.250 Y426.687
G01 X177.884 Y423.141
G01 X179.519 Y419.594
G01 X181.153 Y416.048
G01 X182.786 Y412.502
G01 X184.421 Y408.956
G01 X186.055 Y405.409
G01 X187.690 Y401.863
G01 X189.324 Y398.317
G01 X190.957 Y394.771
G01 X192.591 Y391.224
G01 X194.226 Y387.678
G01 X195.861 Y384.132
G01 X197.495 Y380.584
G01 X199.129 Y377.038
G01 X200.762 Y373.493
G01 X202.397 Y369.945
G01 X204.031 Y366.399
G01 X205.666 Y362.853
G01 X207.300 Y359.308
G01 X208.935 Y355.760
G01 X210.569 Y352.214
G01 X212.202 Y348.668
G01 X213.837 Y345.122
G01 X215.471 Y341.576
G01 X217.106 Y338.029
G01 X218.740 Y334.483
G01 X220.374 Y330.937
G01 X222.007 Y327.391
G01 X223.642 Y323.844
G01 X225.276 Y320.298
G01 X226.911 Y316.752
G01 X228.545 Y313.206
G01 X230.180 Y309.659
G01 X231.814 Y306.113
G01 X233.447 Y302.567
G01 X235.082 Y299.019
G01 X236.716 Y295.474
G01 X238.351 Y291.928
G01 X239.985 Y288.380
G01 X241.618 Y284.834
G01 X243.252 Y281.288
G01 X244.888 Y277.743
G01 X246.522 Y274.195
G01 X248.031 Y270.957
G01 X248.156 Y270.649
G01 X249.264 Y268.397
G01 X249.790 Y267.103
G01 X250.576 Y265.635
G01 X251.218 Y264.135
G01 X251.424 Y263.557
G01 X251.964 Y262.671
G01 X252.419 Y261.767
G01 X252.793 Y260.850
G01 X253.059 Y260.010
G01 X253.422 Y259.504
G01 X253.743 Y258.986
G01 X254.020 Y258.459
G01 X254.257 Y257.928
G01 X254.452 Y257.396
G01 X254.605 Y256.863
G01 X254.692 Y256.464
G01 X254.942 Y256.149
G01 X255.173 Y255.828
G01 X255.383 Y255.496
G01 X255.575 Y255.160
G01 X255.746 Y254.817
G01 X255.898 Y254.471
G01 X256.029 Y254.121
G01 X256.139 Y253.769
G01 X256.231 Y253.416
G01 X256.303 Y253.064
G01 X256.327 Y252.918
G01 X256.553 Y252.641
G01 X256.768 Y252.349
G01 X256.967 Y252.042
G01 X257.154 Y251.720
G01 X257.327 Y251.386
G01 X257.483 Y251.037
G01 X257.621 Y250.679
G01 X257.744 Y250.308
G01 X257.847 Y249.927
G01 X257.932 Y249.536
G01 X257.961 Y249.371
G01 X258.284 Y248.935
G01 X258.584 Y248.466
G01 X258.856 Y247.964
G01 X259.097 Y247.431
G01 X259.308 Y246.871
G01 X259.486 Y246.285
G01 X259.596 Y245.826
G01 X260.105 Y245.001
G01 X260.553 Y244.117
G01 X260.938 Y243.177
G01 X261.230 Y242.280
G01 X261.996 Y240.853
G01 X262.648 Y239.335
G01 X262.864 Y238.733
G01 X263.962 Y236.502
G01 X264.498 Y235.186
G01 X266.005 Y231.953
G01 X266.132 Y231.641
G01 X267.767 Y228.094
G01 X269.400 Y224.548
G01 X271.034 Y221.002
G01 X272.668 Y217.454
G01 X274.303 Y213.909
G01 X275.938 Y210.363
G01 X277.572 Y206.816
G01 X279.205 Y203.269
G01 X280.841 Y199.724
G01 X282.475 Y196.178
G01 X284.109 Y192.631
G01 X285.743 Y189.085
G01 X287.377 Y185.538
G01 X289.012 Y181.992
G01 X290.645 Y178.446
G01 X292.279 Y174.900
G01 X293.913 Y171.353
G01 X295.548 Y167.806
G01 X297.183 Y164.261
G01 X298.817 Y160.715
G01 X300.450 Y157.168
G01 X302.085 Y153.621
G01 X303.719 Y150.076
G01 X305.353 Y146.529
G01 X306.988 Y142.983
G01 X308.621 Y139.436
G01 X310.257 Y135.889
G01 X311.890 Y132.344
G01 X313.524 Y128.798
G01 X315.159 Y125.252
G01 X316.793 Y121.704
G01 X318.428 Y118.159
G01 X320.061 Y114.613
G01 X321.695 Y111.066
G01 X323.330 Y107.519
G01 X324.964 Y103.974
G01 X326.599 Y100.427
G01 X328.233 Y96.881
G01 X329.866 Y93.334
G01 X331.502 Y89.788
G01 X333.135 Y86.242
G01 X334.769 Y82.696
G01 X336.404 Y79.149
G01 X338.038 Y75.603
G01 X339.673 Y72.057
G01 X341.306 Y68.511
G01 X342.940 Y64.964
G01 X344.575 Y61.418
G01 X346.209 Y57.871
G01 X347.844 Y54.325
G01 X349.478 Y50.779
G01 X351.111 Y47.233
G01 X352.746 Y43.687
G01 X354.380 Y40.139
G01 X356.014 Y36.594
G01 X357.649 Y33.048
G01 X359.284 Y29.501
G01 X360.918 Y25.954
G01 X359.373 Y29.537
G01 X357.830 Y33.120
G01 X356.286 Y36.702
G01 X354.743 Y40.285
G01 X353.200 Y43.867
G01 X351.656 Y47.450
G01 X350.113 Y51.031
G01 X348.570 Y54.614
G01 X347.025 Y58.197
G01 X345.483 Y61.779
G01 X343.938 Y65.362
G01 X342.395 Y68.944
G01 X340.851 Y72.526
G01 X339.308 Y76.108
G01 X337.764 Y79.691
G01 X336.221 Y83.274
G01 X334.678 Y86.856
G01 X333.135 Y90.439
G01 X331.591 Y94.021
G01 X330.046 Y97.603
G01 X328.503 Y101.185
G01 X326.960 Y104.769
G01 X325.416 Y108.351
G01 X323.873 Y111.933
G01 X322.329 Y115.516
G01 X320.786 Y119.098
G01 X319.243 Y122.681
G01 X317.700 Y126.263
G01 X316.156 Y129.846
G01 X314.613 Y133.428
G01 X313.068 Y137.010
G01 X311.524 Y140.593
G01 X309.981 Y144.174
G01 X308.438 Y147.757
G01 X306.894 Y151.340
G01 X305.351 Y154.922
G01 X303.808 Y158.505
G01 X302.263 Y162.088
G01 X300.721 Y165.669
G01 X299.176 Y169.252
G01 X297.633 Y172.835
G01 X296.089 Y176.417
G01 X294.546 Y180.000
G01 X293.002 Y183.582
G01 X291.459 Y187.163
G01 X289.916 Y190.746
G01 X288.373 Y194.329
G01 X286.829 Y197.912
G01 X285.286 Y201.494
G01 X283.741 Y205.076
G01 X282.198 Y208.659
G01 X280.654 Y212.240
G01 X279.111 Y215.823
G01 X277.567 Y219.406
G01 X276.024 Y222.989
G01 X274.481 Y226.571
G01 X272.972 Y230.079
G01 X272.938 Y230.153
G01 X271.770 Y232.958
G01 X271.394 Y233.736
G01 X270.518 Y235.936
G01 X269.851 Y237.317
G01 X269.212 Y239.014
G01 X268.457 Y240.617
G01 X268.307 Y240.900
G01 X267.853 Y242.194
G01 X267.321 Y243.419
G01 X266.764 Y244.483
G01 X266.445 Y245.469
G01 X266.070 Y246.411
G01 X265.644 Y247.304
G01 X265.220 Y248.066
G01 X264.985 Y248.839
G01 X264.712 Y249.584
G01 X264.403 Y250.299
G01 X264.058 Y250.984
G01 X263.683 Y251.636
G01 X263.677 Y251.648
G01 X263.485 Y252.300
G01 X263.262 Y252.939
G01 X263.009 Y253.560
G01 X262.726 Y254.163
G01 X262.417 Y254.749
G01 X262.132 Y255.230
G01 X261.948 Y255.862
G01 X261.731 Y256.487
G01 X261.481 Y257.106
G01 X261.197 Y257.714
G01 X260.882 Y258.312
G01 X260.590 Y258.812
G01 X260.375 Y259.533
G01 X260.114 Y260.252
G01 X259.807 Y260.969
G01 X259.454 Y261.680
G01 X259.053 Y262.382
G01 X259.046 Y262.394
G01 X258.752 Y263.317
G01 X258.388 Y264.240
G01 X257.954 Y265.159
G01 X257.502 Y265.978
G01 X257.074 Y267.213
G01 X256.541 Y268.440
G01 X255.959 Y269.560
G01 X255.340 Y271.211
G01 X254.573 Y272.844
G01 X254.416 Y273.142
G01 X253.553 Y275.312
G01 X252.871 Y276.725
G01 X251.713 Y279.512
G01 X251.329 Y280.308
G01 X249.821 Y283.815
G01 X249.785 Y283.889
G01 X248.242 Y287.471
G01 X246.698 Y291.055
G01 X245.155 Y294.637
G01 X243.611 Y298.219
G01 X242.067 Y301.802
G01 X240.524 Y305.385
G01 X238.981 Y308.966
G01 X237.437 Y312.548
G01 X235.894 Y316.132
G01 X234.350 Y319.714
G01 X232.807 Y323.296
G01 X231.262 Y326.879
G01 X229.719 Y330.461
G01 X228.175 Y334.043
G01 X226.632 Y337.625
G01 X225.089 Y341.209
G01 X223.546 Y344.791
G01 X222.002 Y348.374
G01 X220.457 Y351.956
G01 X218.915 Y355.538
G01 X217.370 Y359.120
G01 X215.827 Y362.702
G01 X214.284 Y366.286
G01 X212.740 Y369.868
G01 X211.197 Y373.451
G01 X209.654 Y377.033
G01 X208.110 Y380.615
G01 X206.567 Y384.197
G01 X205.022 Y387.779
G01 X203.480 Y391.363
G01 X201.935 Y394.945
G01 X200.392 Y398.528
G01 X198.849 Y402.110
G01 X197.305 Y405.692
G01 X195.762 Y409.274
G01 X194.219 Y412.856
G01 X192.675 Y416.440
G01 X191.132 Y420.022
G01 X189.588 Y423.605
G01 X188.045 Y427.187
G01 X186.500 Y430.769
G01 X184.957 Y434.351
G01 X183.413 Y437.933
G01 X181.870 Y441.517
G01 X180.327 Y445.099
G01 X178.784 Y448.682
G01 X177.240 Y452.264
G01 X175.697 Y455.846
G01 X174.153 Y459.428
G01 X172.610 Y463.010
G01 X171.065 Y466.594
G01 X169.522 Y470.175
G01 X167.978 Y473.759
G01 X166.435 Y477.341
G01 X164.892 Y480.923
G01 X163.349 Y484.505
G01 X164.766 Y480.867
G01 X166.183 Y477.226
G01 X167.601 Y473.588
G01 X169.019 Y469.949
G01 X170.437 Y466.310
G01 X171.855 Y462.670
G01 X173.272 Y459.031
G01 X174.690 Y455.392
G01 X176.108 Y451.752
G01 X177.524 Y448.113
G01 X178.942 Y444.474
G01 X180.361 Y440.834
G01 X181.778 Y437.195
G01 X183.195 Y433.555
G01 X184.613 Y429.916
G01 X186.031 Y426.276
G01 X187.449 Y422.637
G01 X188.867 Y418.999
G01 X190.284 Y415.360
G01 X191.702 Y411.719
G01 X193.120 Y408.081
G01 X194.536 Y404.442
G01 X195.954 Y400.803
G01 X197.373 Y397.163
G01 X198.790 Y393.524
G01 X200.207 Y389.885
G01 X201.625 Y386.245
G01 X203.043 Y382.606
G01 X204.461 Y378.966
G01 X205.879 Y375.327
G01 X207.296 Y371.688
G01 X208.714 Y368.048
G01 X210.132 Y364.409
G01 X211.550 Y360.771
G01 X212.966 Y357.130
G01 X214.385 Y353.492
G01 X215.803 Y349.853
G01 X217.219 Y346.213
G01 X218.637 Y342.574
G01 X220.055 Y338.935
G01 X221.473 Y335.296
G01 X222.891 Y331.656
G01 X224.308 Y328.017
G01 X225.726 Y324.377
G01 X227.144 Y320.738
G01 X228.562 Y317.099
G01 X229.978 Y313.459
G01 X231.397 Y309.820
G01 X232.815 Y306.180
G01 X234.231 Y302.541
G01 X235.649 Y298.903
G01 X237.067 Y295.264
G01 X238.485 Y291.624
G01 X239.903 Y287.985
G01 X241.320 Y284.346
G01 X242.738 Y280.707
G01 X244.156 Y277.067
G01 X245.573 Y273.428
G01 X246.990 Y269.788
G01 X248.326 Y266.397
G01 X248.409 Y266.149
G01 X249.310 Y264.046
G01 X249.827 Y262.510
G01 X250.400 Y261.365
G01 X250.862 Y260.197
G01 X251.210 Y259.012
G01 X251.244 Y258.870
G01 X251.591 Y258.350
G01 X251.893 Y257.817
G01 X252.144 Y257.276
G01 X252.347 Y256.731
G01 X252.504 Y256.183
G01 X252.612 Y255.638
G01 X252.662 Y255.232
G01 X252.865 Y255.007
G01 X253.054 Y254.776
G01 X253.226 Y254.540
G01 X253.382 Y254.297
G01 X253.523 Y254.050
G01 X253.648 Y253.800
G01 X253.757 Y253.549
G01 X253.850 Y253.294
G01 X253.927 Y253.041
G01 X253.989 Y252.787
G01 X254.036 Y252.535
G01 X254.067 Y252.285
G01 X254.085 Y252.037
G01 X254.088 Y251.794
G01 X254.079 Y251.591
G01 X254.248 Y251.422
G01 X254.409 Y251.239
G01 X254.561 Y251.043
G01 X254.706 Y250.837
G01 X254.841 Y250.618
G01 X254.965 Y250.387
G01 X255.078 Y250.145
G01 X255.180 Y249.894
G01 X255.268 Y249.633
G01 X255.343 Y249.365
G01 X255.404 Y249.087
G01 X255.451 Y248.800
G01 X255.482 Y248.508
G01 X255.496 Y248.210
G01 X255.496 Y247.953
G01 X255.810 Y247.505
G01 X256.091 Y247.022
G01 X256.337 Y246.506
G01 X256.548 Y245.958
G01 X256.717 Y245.382
G01 X256.846 Y244.781
G01 X256.914 Y244.314
G01 X257.470 Y243.215
G01 X257.931 Y242.049
G01 X258.296 Y240.825
G01 X258.332 Y240.674
G01 X259.225 Y238.593
G01 X259.750 Y237.035
G01 X261.084 Y233.647
G01 X261.168 Y233.395
G01 X262.585 Y229.757
G01 X264.002 Y226.118
G01 X265.421 Y222.478
G01 X266.839 Y218.839
G01 X268.255 Y215.200
G01 X269.673 Y211.560
G01 X271.091 Y207.921
G01 X272.510 Y204.281
G01 X273.926 Y200.642
G01 X275.344 Y197.002
G01 X276.762 Y193.364
G01 X278.180 Y189.725
G01 X279.597 Y186.085
G01 X281.015 Y182.446
G01 X282.433 Y178.806
G01 X283.851 Y175.168
G01 X285.269 Y171.528
G01 X286.685 Y167.888
G01 X288.103 Y164.250
G01 X289.522 Y160.609
G01 X290.938 Y156.971
G01 X292.356 Y153.332
G01 X293.774 Y149.692
G01 X295.192 Y146.053
G01 X296.609 Y142.413
G01 X298.027 Y138.775
G01 X299.445 Y135.136
G01 X300.863 Y131.496
G01 X302.281 Y127.857
G01 X303.697 Y124.218
G01 X305.115 Y120.577
G01 X306.534 Y116.939
G01 X307.950 Y113.300
G01 X309.368 Y109.661
G01 X310.786 Y106.021
G01 X312.204 Y102.382
G01 X313.621 Y98.743
G01 X315.039 Y95.103
G01 X316.457 Y91.464
G01 X317.875 Y87.825
G01 X319.293 Y84.185
G01 X320.709 Y80.546
G01 X322.127 Y76.906
G01 X323.546 Y73.268
G01 X324.962 Y69.629
G01 X326.380 Y65.988
G01 X327.798 Y62.350
G01 X329.216 Y58.711
G01 X330.633 Y55.072
G01 X332.051 Y51.431
G01 X333.469 Y47.793
G01 X334.887 Y44.154
G01 X336.305 Y40.514
G01 X337.722 Y36.875
G01 X339.139 Y33.236
G01 X340.558 Y29.596
G01 X341.976 Y25.957
G01 X343.392 Y22.317
G01 X344.810 Y18.679
G01 X343.484 Y22.350
G01 X342.161 Y26.020
G01 X340.834 Y29.691
G01 X339.510 Y33.362
G01 X338.185 Y37.032
G01 X336.858 Y40.704
G01 X335.534 Y44.374
G01 X334.209 Y48.044
G01 X332.883 Y51.716
G01 X331.558 Y55.387
G01 X330.233 Y59.058
G01 X328.907 Y62.728
G01 X327.582 Y66.399
G01 X326.257 Y70.070
G01 X324.931 Y73.740
G01 X323.606 Y77.411
G01 X322.281 Y81.083
G01 X320.955 Y84.752
G01 X319.630 Y88.423
G01 X318.305 Y92.095
G01 X316.979 Y95.766
G01 X315.654 Y99.437
G01 X314.329 Y103.108
G01 X313.005 Y106.779
G01 X311.678 Y110.449
G01 X310.353 Y114.120
G01 X309.029 Y117.791
G01 X307.704 Y121.462
G01 X306.377 Y125.133
G01 X305.053 Y128.803
G01 X303.728 Y132.474
G01 X302.402 Y136.144
G01 X301.077 Y139.816
G01 X299.752 Y143.487
G01 X298.426 Y147.156
G01 X297.101 Y150.828
G01 X295.775 Y154.499
G01 X294.450 Y158.169
G01 X293.125 Y161.841
G01 X291.799 Y165.512
G01 X290.474 Y169.181
G01 X289.149 Y172.853
G01 X287.825 Y176.524
G01 X286.498 Y180.195
G01 X285.173 Y183.865
G01 X283.849 Y187.537
G01 X282.524 Y191.207
G01 X281.197 Y194.877
G01 X279.873 Y198.549
G01 X278.548 Y202.220
G01 X277.222 Y205.891
G01 X275.897 Y209.561
G01 X274.572 Y213.232
G01 X273.246 Y216.903
G01 X271.921 Y220.573
G01 X270.596 Y224.245
G01 X269.270 Y227.916
G01 X268.105 Y231.201
G01 X267.946 Y231.585
G01 X267.097 Y234.099
G01 X266.620 Y235.257
G01 X266.034 Y237.126
G01 X265.308 Y238.900
G01 X265.294 Y238.928
G01 X264.913 Y240.282
G01 X264.437 Y241.573
G01 X263.970 Y242.599
G01 X263.733 Y243.566
G01 X263.437 Y244.492
G01 X263.084 Y245.373
G01 X262.678 Y246.204
G01 X262.644 Y246.269
G01 X262.496 Y246.971
G01 X262.311 Y247.649
G01 X262.090 Y248.300
G01 X261.835 Y248.924
G01 X261.548 Y249.520
G01 X261.318 Y249.940
G01 X261.212 Y250.492
G01 X261.077 Y251.031
G01 X260.918 Y251.560
G01 X260.734 Y252.076
G01 X260.525 Y252.577
G01 X260.293 Y253.061
G01 X260.039 Y253.531
G01 X259.994 Y253.611
G01 X259.894 Y254.133
G01 X259.767 Y254.656
G01 X259.611 Y255.175
G01 X259.430 Y255.691
G01 X259.220 Y256.200
G01 X258.983 Y256.702
G01 X258.717 Y257.197
G01 X258.668 Y257.281
G01 X258.539 Y257.920
G01 X258.368 Y258.560
G01 X258.154 Y259.204
G01 X257.896 Y259.846
G01 X257.594 Y260.486
G01 X257.344 Y260.952
G01 X257.129 Y261.851
G01 X256.844 Y262.754
G01 X256.486 Y263.656
G01 X256.055 Y264.552
G01 X256.018 Y264.624
G01 X255.656 Y265.921
G01 X255.180 Y267.216
G01 X254.692 Y268.295
G01 X254.121 Y270.123
G01 X253.381 Y271.935
G01 X253.368 Y271.964
G01 X252.529 Y274.454
G01 X252.042 Y275.635
G01 X250.879 Y278.913
G01 X250.716 Y279.307
G01 X249.392 Y282.978
G01 X248.067 Y286.649
G01 X246.740 Y290.320
G01 X245.416 Y293.990
G01 X244.091 Y297.661
G01 X242.766 Y301.332
G01 X241.440 Y305.002
G01 X240.115 Y308.673
G01 X238.790 Y312.344
G01 X237.464 Y316.014
G01 X236.139 Y319.685
G01 X234.814 Y323.356
G01 X233.488 Y327.028
G01 X232.163 Y330.699
G01 X230.838 Y334.368
G01 X229.512 Y338.040
G01 X228.188 Y341.711
G01 X226.862 Y345.382
G01 X225.536 Y349.053
G01 X224.212 Y352.723
G01 X222.887 Y356.394
G01 X221.560 Y360.065
G01 X220.236 Y363.736
G01 X218.911 Y367.406
G01 X217.586 Y371.077
G01 X216.260 Y374.748
G01 X214.935 Y378.418
G01 X213.610 Y382.089
G01 X212.284 Y385.760
G01 X210.959 Y389.432
G01 X209.634 Y393.101
G01 X208.308 Y396.772
G01 X206.983 Y400.444
G01 X205.658 Y404.115
G01 X204.332 Y407.786
G01 X203.007 Y411.457
G01 X201.682 Y415.127
G01 X200.356 Y418.798
G01 X199.031 Y422.469
G01 X197.707 Y426.139
G01 X196.380 Y429.810
G01 X195.055 Y433.481
G01 X193.731 Y437.151
G01 X192.406 Y440.822
G01 X191.079 Y444.493
G01 X189.755 Y448.165
G01 X188.430 Y451.836
G01 X187.103 Y455.505
G01 X185.779 Y459.177
G01 X184.454 Y462.848
G01 X183.129 Y466.519
G01 X181.803 Y470.190
G01 X180.478 Y473.861
G01 X179.153 Y477.531
G01 X177.827 Y481.202
G01 X176.502 Y484.873
G01 X175.177 Y488.543
G01 X176.373 Y484.825
G01 X177.569 Y481.106
G01 X178.764 Y477.387
G01 X179.959 Y473.668
G01 X181.156 Y469.951
G01 X182.351 Y466.231
G01 X183.546 Y462.512
G01 X184.743 Y458.795
G01 X185.939 Y455.076
G01 X187.134 Y451.358
G01 X188.329 Y447.639
G01 X189.526 Y443.920
G01 X190.721 Y440.202
G01 X191.916 Y436.483
G01 X193.113 Y432.764
G01 X194.308 Y429.046
G01 X195.504 Y425.327
G01 X196.700 Y421.608
G01 X197.896 Y417.889
G01 X199.091 Y414.171
G01 X200.286 Y410.452
G01 X201.483 Y406.733
G01 X202.678 Y403.014
G01 X203.875 Y399.296
G01 X205.070 Y395.577
G01 X206.266 Y391.858
G01 X207.462 Y388.141
G01 X208.658 Y384.421
G01 X209.853 Y380.704
G01 X211.048 Y376.985
G01 X212.245 Y373.266
G01 X213.440 Y369.548
G01 X214.635 Y365.829
G01 X215.832 Y362.110
G01 X217.028 Y358.392
G01 X218.223 Y354.673
G01 X219.418 Y350.954
G01 X220.615 Y347.236
G01 X221.810 Y343.517
G01 X223.005 Y339.798
G01 X224.202 Y336.079
G01 X225.397 Y332.361
G01 X226.593 Y328.642
G01 X227.788 Y324.923
G01 X228.985 Y321.204
G01 X230.180 Y317.487
G01 X231.375 Y313.767
G01 X232.572 Y310.048
G01 X233.767 Y306.331
G01 X234.964 Y302.612
G01 X236.159 Y298.892
G01 X237.355 Y295.175
G01 X238.550 Y291.456
G01 X239.745 Y287.738
G01 X240.942 Y284.019
G01 X242.137 Y280.300
G01 X243.334 Y276.582
G01 X244.529 Y272.863
G01 X245.725 Y269.144
G01 X246.921 Y265.425
G01 X248.117 Y261.707
G01 X248.977 Y259.235
G01 X249.311 Y257.988
G01 X249.738 Y257.118
G01 X250.077 Y256.228
G01 X250.328 Y255.323
G01 X250.490 Y254.411
G01 X250.507 Y254.269
G01 X250.698 Y254.133
G01 X250.877 Y253.989
G01 X251.043 Y253.838
G01 X251.197 Y253.679
G01 X251.338 Y253.516
G01 X251.465 Y253.347
G01 X251.579 Y253.174
G01 X251.680 Y253.000
G01 X251.768 Y252.822
G01 X251.843 Y252.644
G01 X251.904 Y252.465
G01 X251.953 Y252.287
G01 X251.988 Y252.109
G01 X252.011 Y251.936
G01 X252.022 Y251.763
G01 X252.022 Y251.596
G01 X252.008 Y251.433
G01 X251.986 Y251.274
G01 X251.953 Y251.121
G01 X251.909 Y250.976
G01 X251.856 Y250.837
G01 X251.793 Y250.706
G01 X251.724 Y250.583
G01 X251.704 Y250.550
G01 X251.833 Y250.495
G01 X251.960 Y250.428
G01 X252.085 Y250.349
G01 X252.206 Y250.258
G01 X252.323 Y250.156
G01 X252.436 Y250.044
G01 X252.543 Y249.922
G01 X252.644 Y249.788
G01 X252.737 Y249.645
G01 X252.822 Y249.493
G01 X252.899 Y249.331
G01 X252.966 Y249.160
G01 X253.023 Y248.981
G01 X253.069 Y248.794
G01 X253.103 Y248.601
G01 X253.127 Y248.401
G01 X253.138 Y248.197
G01 X253.137 Y247.987
G01 X253.121 Y247.773
G01 X253.093 Y247.555
G01 X253.049 Y247.335
G01 X252.993 Y247.114
G01 X252.921 Y246.893
G01 X252.900 Y246.833
G01 X253.310 Y246.004
G01 X253.645 Y245.130
G01 X253.901 Y244.214
G01 X254.076 Y243.263
G01 X254.095 Y243.114
G01 X254.952 Y240.653
G01 X255.291 Y239.394
G01 X256.486 Y235.677
G01 X257.681 Y231.958
G01 X258.877 Y228.239
G01 X260.073 Y224.520
G01 X261.269 Y220.802
G01 X262.464 Y217.084
G01 X263.661 Y213.365
G01 X264.856 Y209.645
G01 X266.051 Y205.928
G01 X267.248 Y202.209
G01 X268.443 Y198.490
G01 X269.639 Y194.772
G01 X270.834 Y191.053
G01 X272.031 Y187.334
G01 X273.226 Y183.615
G01 X274.423 Y179.897
G01 X275.618 Y176.178
G01 X276.813 Y172.460
G01 X278.010 Y168.740
G01 X279.204 Y165.023
G01 X280.400 Y161.304
G01 X281.596 Y157.585
G01 X282.793 Y153.867
G01 X283.988 Y150.148
G01 X285.183 Y146.429
G01 X286.380 Y142.710
G01 X287.575 Y138.992
G01 X288.770 Y135.274
G01 X289.966 Y131.555
G01 X291.162 Y127.836
G01 X292.358 Y124.117
G01 X293.553 Y120.399
G01 X294.750 Y116.680
G01 X295.945 Y112.962
G01 X297.142 Y109.243
G01 X298.337 Y105.524
G01 X299.532 Y101.805
G01 X300.728 Y98.087
G01 X301.923 Y94.369
G01 X303.120 Y90.649
G01 X304.315 Y86.930
G01 X305.512 Y83.213
G01 X306.707 Y79.494
G01 X307.902 Y75.774
G01 X309.099 Y72.057
G01 X310.293 Y68.338
G01 X311.490 Y64.619
G01 X312.685 Y60.901
G01 X313.882 Y57.181
G01 X315.077 Y53.463
G01 X316.272 Y49.745
G01 X317.469 Y46.026
G01 X318.663 Y42.308
G01 X319.859 Y38.589
G01 X321.055 Y34.870
G01 X322.252 Y31.151
G01 X323.447 Y27.433
G01 X324.642 Y23.715
G01 X325.839 Y19.995
G01 X328.229 Y12.559
G01 X327.127 Y16.304
G01 X326.026 Y20.050
G01 X324.924 Y23.794
G01 X323.822 Y27.541
G01 X322.721 Y31.286
G01 X321.618 Y35.031
G01 X320.517 Y38.776
G01 X319.414 Y42.523
G01 X318.313 Y46.268
G01 X317.212 Y50.014
G01 X316.109 Y53.758
G01 X315.007 Y57.505
G01 X313.906 Y61.250
G01 X312.803 Y64.995
G01 X311.702 Y68.740
G01 X310.601 Y72.487
G01 X309.498 Y76.232
G01 X308.397 Y79.978
G01 X307.294 Y83.724
G01 X306.192 Y87.469
G01 X305.091 Y91.214
G01 X303.988 Y94.959
G01 X302.887 Y98.706
G01 X301.786 Y102.451
G01 X300.683 Y106.197
G01 X299.582 Y109.942
G01 X298.479 Y113.688
G01 X297.377 Y117.433
G01 X296.275 Y121.179
G01 X295.174 Y124.924
G01 X294.072 Y128.669
G01 X292.971 Y132.415
G01 X291.868 Y136.161
G01 X290.767 Y139.906
G01 X289.664 Y143.651
G01 X288.562 Y147.397
G01 X287.462 Y151.143
G01 X286.359 Y154.888
G01 X285.257 Y158.633
G01 X284.156 Y162.380
G01 X283.053 Y166.125
G01 X281.952 Y169.871
G01 X280.851 Y173.615
G01 X279.748 Y177.362
G01 X278.647 Y181.107
G01 X277.544 Y184.853
G01 X276.442 Y188.597
G01 X275.341 Y192.344
G01 X274.238 Y196.089
G01 X273.137 Y199.835
G01 X272.036 Y203.579
G01 X270.933 Y207.326
G01 X269.832 Y211.071
G01 X268.729 Y214.817
G01 X267.627 Y218.561
G01 X266.525 Y222.308
G01 X265.423 Y226.053
G01 X264.322 Y229.799
G01 X263.450 Y232.877
G01 X263.221 Y233.544
G01 X262.648 Y235.751
G01 X262.119 Y237.290
G01 X261.781 Y238.800
G01 X261.326 Y240.246
G01 X261.017 Y241.035
G01 X260.846 Y242.026
G01 X260.606 Y242.978
G01 X260.299 Y243.886
G01 X259.932 Y244.746
G01 X259.914 Y244.781
G01 X259.842 Y245.421
G01 X259.731 Y246.041
G01 X259.585 Y246.638
G01 X259.403 Y247.213
G01 X259.188 Y247.761
G01 X258.945 Y248.280
G01 X258.812 Y248.526
G01 X258.778 Y248.972
G01 X258.721 Y249.410
G01 X258.642 Y249.841
G01 X258.543 Y250.262
G01 X258.423 Y250.673
G01 X258.283 Y251.072
G01 X258.125 Y251.460
G01 X257.948 Y251.835
G01 X257.755 Y252.196
G01 X257.711 Y252.272
G01 X257.683 Y252.680
G01 X257.632 Y253.090
G01 X257.561 Y253.501
G01 X257.466 Y253.912
G01 X257.350 Y254.323
G01 X257.211 Y254.732
G01 X257.048 Y255.138
G01 X256.864 Y255.537
G01 X256.656 Y255.933
G01 X256.610 Y256.017
G01 X256.553 Y256.582
G01 X256.457 Y257.154
G01 X256.320 Y257.733
G01 X256.139 Y258.315
G01 X255.918 Y258.897
G01 X255.655 Y259.478
G01 X255.507 Y259.762
G01 X255.355 Y260.685
G01 X255.124 Y261.613
G01 X254.814 Y262.543
G01 X254.424 Y263.469
G01 X254.406 Y263.509
G01 X254.082 Y264.969
G01 X253.624 Y266.428
G01 X253.304 Y267.254
G01 X252.740 Y269.430
G01 X252.202 Y271.000
G01 X251.334 Y274.065
G01 X251.100 Y274.745
G01 X249.998 Y278.490
G01 X248.897 Y282.236
G01 X247.794 Y285.981
G01 X246.692 Y289.726
G01 X245.591 Y293.473
G01 X244.489 Y297.218
G01 X243.387 Y300.964
G01 X242.284 Y304.709
G01 X241.183 Y308.454
G01 X240.082 Y312.200
G01 X238.980 Y315.945
G01 X237.877 Y319.690
G01 X236.776 Y323.437
G01 X235.673 Y327.183
G01 X234.572 Y330.928
G01 X233.471 Y334.673
G01 X232.368 Y338.418
G01 X231.267 Y342.165
G01 X230.165 Y345.909
G01 X229.062 Y349.656
G01 X227.961 Y353.401
G01 X226.858 Y357.147
G01 X225.757 Y360.892
G01 X224.656 Y364.637
G01 X223.553 Y368.382
G01 X222.452 Y372.129
G01 X221.350 Y375.874
G01 X220.248 Y379.620
G01 X219.147 Y383.365
G01 X218.045 Y387.111
G01 X216.942 Y390.856
G01 X215.841 Y394.601
G01 X214.738 Y398.346
G01 X213.637 Y402.093
G01 X212.534 Y405.839
G01 X211.433 Y409.584
G01 X210.332 Y413.329
G01 X209.230 Y417.075
G01 X208.127 Y420.820
G01 X207.026 Y424.565
G01 X205.923 Y428.312
G01 X204.822 Y432.057
G01 X203.721 Y435.803
G01 X202.618 Y439.548
G01 X201.517 Y443.293
G01 X200.415 Y447.038
G01 X199.312 Y450.784
G01 X198.211 Y454.529
G01 X197.108 Y458.276
G01 X196.007 Y462.021
G01 X194.906 Y465.767
G01 X193.803 Y469.512
G01 X192.702 Y473.257
G01 X191.600 Y477.004
G01 X190.498 Y480.749
G01 X189.396 Y484.495
G01 X188.295 Y488.240
G01 X187.192 Y491.986
G01 X189.130 Y484.416
G01 X191.070 Y476.849
G01 X193.007 Y469.281
G01 X194.947 Y461.713
G01 X195.916 Y457.928
G01 X197.855 Y450.361
G01 X198.824 Y446.577
G01 X199.793 Y442.793
G01 X200.762 Y439.009
G01 X201.731 Y435.225
G01 X202.701 Y431.440
G01 X203.670 Y427.656
G01 X204.639 Y423.873
G01 X205.608 Y420.088
G01 X206.577 Y416.303
G01 X207.546 Y412.519
G01 X208.516 Y408.736
G01 X209.486 Y404.952
G01 X210.454 Y401.168
G01 X211.423 Y397.384
G01 X212.394 Y393.600
G01 X213.363 Y389.815
G01 X214.332 Y386.031
G01 X215.300 Y382.248
G01 X216.271 Y378.464
G01 X217.240 Y374.678
G01 X218.209 Y370.896
G01 X219.178 Y367.111
G01 X220.147 Y363.327
G01 X221.117 Y359.543
G01 X222.086 Y355.759
G01 X223.055 Y351.975
G01 X224.024 Y348.190
G01 X224.993 Y344.406
G01 X225.963 Y340.623
G01 X226.933 Y336.839
G01 X227.901 Y333.055
G01 X228.870 Y329.271
G01 X229.839 Y325.487
G01 X230.810 Y321.702
G01 X231.779 Y317.918
G01 X232.748 Y314.134
G01 X233.716 Y310.350
G01 X234.687 Y306.565
G01 X235.656 Y302.781
G01 X236.625 Y298.998
G01 X237.594 Y295.214
G01 X238.564 Y291.430
G01 X239.533 Y287.646
G01 X240.502 Y283.862
G01 X241.471 Y280.077
G01 X242.440 Y276.293
G01 X243.409 Y272.510
G01 X244.379 Y268.726
G01 X245.349 Y264.942
G01 X246.317 Y261.158
G01 X247.287 Y257.374
G01 X247.668 Y255.494
G01 X248.226 Y253.674
G01 X248.256 Y253.589
G01 X248.138 Y253.399
G01 X248.032 Y253.206
G01 X247.942 Y253.011
G01 X247.867 Y252.816
G01 X247.805 Y252.620
G01 X247.757 Y252.424
G01 X247.722 Y252.232
G01 X247.702 Y252.042
G01 X247.695 Y251.855
G01 X247.698 Y251.672
G01 X247.716 Y251.495
G01 X247.744 Y251.323
G01 X247.784 Y251.157
G01 X247.834 Y251.000
G01 X247.894 Y250.850
G01 X247.963 Y250.708
G01 X248.040 Y250.575
G01 X248.126 Y250.452
G01 X248.219 Y250.338
G01 X248.317 Y250.234
G01 X248.422 Y250.142
G01 X248.531 Y250.060
G01 X248.644 Y249.989
G01 X248.761 Y249.929
G01 X248.880 Y249.881
G01 X249.001 Y249.844
G01 X249.121 Y249.817
G01 X249.226 Y249.805
G01 X249.127 Y249.734
G01 X249.034 Y249.651
G01 X248.947 Y249.560
G01 X248.867 Y249.460
G01 X248.794 Y249.350
G01 X248.731 Y249.232
G01 X248.675 Y249.107
G01 X248.630 Y248.974
G01 X248.594 Y248.835
G01 X248.569 Y248.690
G01 X248.555 Y248.540
G01 X248.552 Y248.385
G01 X248.561 Y248.227
G01 X248.583 Y248.066
G01 X248.617 Y247.904
G01 X248.663 Y247.740
G01 X248.722 Y247.575
G01 X248.794 Y247.412
G01 X248.881 Y247.250
G01 X248.980 Y247.090
G01 X249.091 Y246.934
G01 X249.216 Y246.781
G01 X249.353 Y246.635
G01 X249.502 Y246.494
G01 X249.666 Y246.359
G01 X249.840 Y246.233
G01 X250.025 Y246.115
G01 X250.195 Y246.020
G01 X250.573 Y244.156
G01 X251.132 Y242.323
G01 X251.163 Y242.237
G01 X252.133 Y238.453
G01 X253.103 Y234.668
G01 X254.072 Y230.885
G01 X255.041 Y227.101
G01 X256.010 Y223.317
G01 X256.979 Y219.532
G01 X257.948 Y215.749
G01 X258.918 Y211.965
G01 X259.887 Y208.180
G01 X260.856 Y204.397
G01 X261.825 Y200.613
G01 X262.794 Y196.828
G01 X263.764 Y193.043
G01 X264.733 Y189.260
G01 X265.702 Y185.476
G01 X266.671 Y181.692
G01 X267.642 Y177.907
G01 X268.611 Y174.124
G01 X269.579 Y170.340
G01 X270.549 Y166.555
G01 X271.519 Y162.772
G01 X272.488 Y158.988
G01 X273.457 Y155.204
G01 X274.426 Y151.419
G01 X275.395 Y147.636
G01 X276.365 Y143.851
G01 X277.334 Y140.067
G01 X278.303 Y136.282
G01 X279.272 Y132.499
G01 X280.241 Y128.715
G01 X281.212 Y124.931
G01 X282.180 Y121.147
G01 X283.149 Y117.363
G01 X284.118 Y113.579
G01 X285.089 Y109.795
G01 X286.058 Y106.011
G01 X287.026 Y102.226
G01 X287.995 Y98.442
G01 X288.966 Y94.659
G01 X289.935 Y90.875
G01 X290.904 Y87.091
G01 X291.873 Y83.305
G01 X292.842 Y79.522
G01 X293.811 Y75.738
G01 X294.781 Y71.954
G01 X295.750 Y68.170
G01 X296.719 Y64.386
G01 X297.688 Y60.602
G01 X298.657 Y56.817
G01 X299.627 Y53.034
G01 X300.596 Y49.250
G01 X301.565 Y45.466
G01 X303.505 Y37.898
G01 X305.442 Y30.329
G01 X306.411 Y26.544
G01 X308.351 Y18.977
G01 X310.288 Y11.409
G01 X311.258 Y7.625
G01 X310.383 Y11.430
G01 X309.510 Y15.238
G01 X308.635 Y19.043
G01 X307.762 Y22.850
G01 X306.887 Y26.656
G01 X306.013 Y30.463
G01 X305.139 Y34.269
G01 X304.264 Y38.075
G01 X303.390 Y41.881
G01 X302.517 Y45.687
G01 X301.642 Y49.494
G01 X300.769 Y53.300
G01 X299.894 Y57.106
G01 X299.019 Y60.911
G01 X298.145 Y64.719
G01 X297.272 Y68.524
G01 X296.397 Y72.331
G01 X295.524 Y76.137
G01 X294.649 Y79.942
G01 X293.774 Y83.750
G01 X292.900 Y87.555
G01 X292.026 Y91.362
G01 X291.152 Y95.168
G01 X290.279 Y98.975
G01 X289.404 Y102.781
G01 X288.529 Y106.587
G01 X287.656 Y110.393
G01 X286.781 Y114.200
G01 X285.907 Y118.006
G01 X285.034 Y121.812
G01 X284.159 Y125.618
G01 X283.284 Y129.424
G01 X282.411 Y133.231
G01 X281.536 Y137.037
G01 X280.662 Y140.843
G01 X279.788 Y144.649
G01 X278.913 Y148.456
G01 X278.039 Y152.262
G01 X277.166 Y156.067
G01 X276.291 Y159.874
G01 X275.418 Y163.680
G01 X274.543 Y167.487
G01 X273.668 Y171.293
G01 X272.794 Y175.099
G01 X271.921 Y178.905
G01 X271.046 Y182.712
G01 X270.173 Y186.518
G01 X269.298 Y190.323
G01 X268.423 Y194.131
G01 X267.549 Y197.936
G01 X266.675 Y201.743
G01 X265.801 Y205.549
G01 X264.928 Y209.355
G01 X264.053 Y213.162
G01 X263.178 Y216.968
G01 X262.305 Y220.774
G01 X261.430 Y224.579
G01 X260.556 Y228.387
G01 X259.683 Y232.192
G01 X259.044 Y235.153
G01 X258.808 Y235.999
G01 X258.462 Y237.910
G01 X257.952 Y239.751
G01 X257.933 Y239.805
G01 X257.799 Y240.935
G01 X257.575 Y242.025
G01 X257.263 Y243.069
G01 X257.060 Y243.611
G01 X257.049 Y244.224
G01 X256.998 Y244.819
G01 X256.906 Y245.394
G01 X256.774 Y245.948
G01 X256.606 Y246.478
G01 X256.401 Y246.980
G01 X256.186 Y247.418
G01 X256.212 Y247.757
G01 X256.221 Y248.094
G01 X256.211 Y248.425
G01 X256.183 Y248.752
G01 X256.139 Y249.072
G01 X256.079 Y249.383
G01 X256.004 Y249.688
G01 X255.912 Y249.983
G01 X255.808 Y250.268
G01 X255.690 Y250.543
G01 X255.558 Y250.808
G01 X255.415 Y251.060
G01 X255.311 Y251.224
G01 X255.341 Y251.510
G01 X255.355 Y251.800
G01 X255.353 Y252.097
G01 X255.334 Y252.398
G01 X255.298 Y252.702
G01 X255.245 Y253.007
G01 X255.174 Y253.314
G01 X255.087 Y253.621
G01 X254.982 Y253.928
G01 X254.858 Y254.232
G01 X254.716 Y254.534
G01 X254.555 Y254.832
G01 X254.438 Y255.030
G01 X254.440 Y255.560
G01 X254.400 Y256.101
G01 X254.317 Y256.651
G01 X254.191 Y257.207
G01 X254.019 Y257.766
G01 X253.804 Y258.324
G01 X253.564 Y258.836
G01 X253.441 Y259.906
G01 X253.221 Y260.985
G01 X252.901 Y262.062
G01 X252.689 Y262.642
G01 X252.351 Y264.521
G01 X251.834 Y266.392
G01 X251.815 Y266.449
G01 X251.180 Y269.397
G01 X250.941 Y270.255
G01 X250.067 Y274.060
G01 X249.192 Y277.867
G01 X248.319 Y281.673
G01 X247.444 Y285.480
G01 X246.570 Y289.286
G01 X245.696 Y293.091
G01 X244.822 Y296.899
G01 X243.947 Y300.704
G01 X243.074 Y304.510
G01 X242.199 Y308.317
G01 X241.325 Y312.124
G01 X240.451 Y315.930
G01 X239.577 Y319.736
G01 X238.702 Y323.541
G01 X237.829 Y327.348
G01 X236.954 Y331.154
G01 X236.079 Y334.961
G01 X235.206 Y338.767
G01 X234.332 Y342.572
G01 X233.457 Y346.380
G01 X232.584 Y350.185
G01 X231.709 Y353.992
G01 X230.834 Y357.798
G01 X229.961 Y361.605
G01 X229.087 Y365.411
G01 X228.213 Y369.216
G01 X227.339 Y373.022
G01 X226.464 Y376.829
G01 X225.589 Y380.635
G01 X224.716 Y384.442
G01 X223.841 Y388.248
G01 X222.968 Y392.053
G01 X222.094 Y395.861
G01 X221.219 Y399.666
G01 X220.344 Y403.473
G01 X219.471 Y407.279
G01 X218.596 Y411.086
G01 X217.723 Y414.892
G01 X216.849 Y418.697
G01 X215.974 Y422.504
G01 X215.100 Y426.310
G01 X214.226 Y430.117
G01 X213.351 Y433.923
G01 X212.478 Y437.728
G01 X211.603 Y441.534
G01 X210.728 Y445.341
G01 X209.855 Y449.147
G01 X208.981 Y452.954
G01 X208.106 Y456.760
G01 X207.233 Y460.565
G01 X206.358 Y464.373
G01 X205.483 Y468.178
G01 X204.610 Y471.985
G01 X203.736 Y475.791
G01 X202.862 Y479.598
G01 X201.988 Y483.404
G01 X201.113 Y487.209
G01 X200.238 Y491.016
G01 X199.365 Y494.822
G01 X200.103 Y490.987
G01 X200.844 Y487.151
G01 X201.582 Y483.317
G01 X202.322 Y479.481
G01 X203.060 Y475.646
G01 X203.800 Y471.810
G01 X204.540 Y467.975
G01 X205.279 Y464.139
G01 X206.017 Y460.305
G01 X206.757 Y456.469
G01 X207.495 Y452.634
G01 X208.235 Y448.798
G01 X208.975 Y444.963
G01 X209.714 Y441.127
G01 X210.452 Y437.293
G01 X211.192 Y433.457
G01 X211.930 Y429.622
G01 X212.671 Y425.786
G01 X213.409 Y421.952
G01 X214.149 Y418.115
G01 X214.887 Y414.281
G01 X215.627 Y410.445
G01 X216.365 Y406.610
G01 X217.106 Y402.774
G01 X217.844 Y398.940
G01 X218.584 Y395.103
G01 X219.322 Y391.269
G01 X220.062 Y387.433
G01 X220.802 Y383.599
G01 X221.541 Y379.762
G01 X222.279 Y375.928
G01 X223.019 Y372.093
G01 X223.757 Y368.257
G01 X224.498 Y364.421
G01 X225.237 Y360.587
G01 X225.976 Y356.750
G01 X226.714 Y352.916
G01 X227.454 Y349.081
G01 X228.192 Y345.245
G01 X228.933 Y341.409
G01 X229.671 Y337.575
G01 X230.411 Y333.740
G01 X231.149 Y329.904
G01 X231.889 Y326.069
G01 X232.629 Y322.233
G01 X233.368 Y318.397
G01 X234.106 Y314.562
G01 X234.846 Y310.728
G01 X235.584 Y306.892
G01 X236.324 Y303.057
G01 X237.064 Y299.221
G01 X237.803 Y295.385
G01 X238.541 Y291.550
G01 X239.281 Y287.716
G01 X240.019 Y283.880
G01 X240.760 Y280.045
G01 X241.499 Y276.209
G01 X242.238 Y272.375
G01 X242.976 Y268.538
G01 X243.716 Y264.704
G01 X244.200 Y261.918
G01 X244.456 Y260.868
G01 X244.632 Y259.358
G01 X244.944 Y257.894
G01 X245.195 Y257.034
G01 X245.180 Y256.361
G01 X245.220 Y255.704
G01 X245.311 Y255.070
G01 X245.452 Y254.458
G01 X245.641 Y253.873
G01 X245.876 Y253.317
G01 X245.934 Y253.198
G01 X245.865 Y252.936
G01 X245.812 Y252.674
G01 X245.775 Y252.415
G01 X245.754 Y252.157
G01 X245.746 Y251.905
G01 X245.754 Y251.656
G01 X245.775 Y251.413
G01 X245.809 Y251.177
G01 X245.856 Y250.947
G01 X245.916 Y250.725
G01 X245.987 Y250.511
G01 X246.069 Y250.305
G01 X246.161 Y250.109
G01 X246.262 Y249.922
G01 X246.373 Y249.746
G01 X246.490 Y249.579
G01 X246.617 Y249.425
G01 X246.673 Y249.363
G01 X246.609 Y249.175
G01 X246.555 Y248.981
G01 X246.513 Y248.779
G01 X246.484 Y248.571
G01 X246.466 Y248.357
G01 X246.460 Y248.138
G01 X246.469 Y247.913
G01 X246.490 Y247.686
G01 X246.525 Y247.457
G01 X246.576 Y247.225
G01 X246.639 Y246.990
G01 X246.719 Y246.757
G01 X246.812 Y246.525
G01 X246.923 Y246.294
G01 X247.047 Y246.066
G01 X247.186 Y245.841
G01 X247.341 Y245.620
G01 X247.412 Y245.528
G01 X247.388 Y244.928
G01 X247.418 Y244.317
G01 X247.502 Y243.698
G01 X247.642 Y243.073
G01 X247.837 Y242.450
G01 X248.088 Y241.829
G01 X248.150 Y241.692
G01 X248.322 Y240.219
G01 X248.632 Y238.745
G01 X248.891 Y237.857
G01 X249.371 Y235.085
G01 X249.630 Y234.022
G01 X250.369 Y230.186
G01 X251.108 Y226.351
G01 X251.847 Y222.516
G01 X252.587 Y218.680
G01 X253.326 Y214.845
G01 X254.065 Y211.010
G01 X254.804 Y207.174
G01 X255.543 Y203.339
G01 X256.281 Y199.504
G01 X257.022 Y195.668
G01 X257.760 Y191.833
G01 X258.500 Y187.998
G01 X259.238 Y184.162
G01 X259.978 Y180.327
G01 X260.717 Y176.492
G01 X261.457 Y172.656
G01 X262.195 Y168.821
G01 X262.935 Y164.986
G01 X263.673 Y161.150
G01 X264.412 Y157.315
G01 X265.152 Y153.480
G01 X265.892 Y149.644
G01 X266.630 Y145.810
G01 X267.370 Y141.974
G01 X268.109 Y138.138
G01 X268.849 Y134.304
G01 X269.587 Y130.468
G01 X270.327 Y126.633
G01 X271.065 Y122.798
G01 X271.805 Y118.962
G01 X272.544 Y115.127
G01 X273.284 Y111.292
G01 X274.022 Y107.456
G01 X274.762 Y103.620
G01 X275.500 Y99.786
G01 X276.240 Y95.950
G01 X276.979 Y92.115
G01 X277.719 Y88.280
G01 X278.457 Y84.445
G01 X279.197 Y80.608
G01 X279.936 Y76.774
G01 X280.675 Y72.939
G01 X281.414 Y69.103
G01 X282.154 Y65.268
G01 X282.892 Y61.433
G01 X283.632 Y57.596
G01 X284.371 Y53.762
G01 X285.111 Y49.927
G01 X285.849 Y46.091
G01 X286.589 Y42.256
G01 X287.327 Y38.421
G01 X288.067 Y34.586
G01 X288.806 Y30.750
G01 X289.546 Y26.915
G01 X290.284 Y23.079
G01 X291.024 Y19.244
G01 X291.762 Y15.409
G01 X292.502 Y11.573
G01 X293.241 Y7.738
G01 X293.981 Y3.903
G01 X293.337 Y7.756
G01 X292.695 Y11.608
G01 X292.051 Y15.460
G01 X291.409 Y19.314
G01 X290.764 Y23.167
G01 X290.121 Y27.019
G01 X289.478 Y30.871
G01 X288.835 Y34.725
G01 X288.192 Y38.577
G01 X287.549 Y42.430
G01 X286.906 Y46.282
G01 X286.263 Y50.136
G01 X285.620 Y53.988
G01 X284.978 Y57.841
G01 X284.334 Y61.694
G01 X283.690 Y65.546
G01 X283.048 Y69.399
G01 X282.404 Y73.252
G01 X281.762 Y77.103
G01 X281.118 Y80.957
G01 X280.476 Y84.810
G01 X279.832 Y88.661
G01 X279.190 Y92.514
G01 X278.546 Y96.368
G01 X277.904 Y100.221
G01 X277.260 Y104.072
G01 X276.616 Y107.925
G01 X275.974 Y111.779
G01 X275.330 Y115.631
G01 X274.688 Y119.483
G01 X274.044 Y123.337
G01 X273.401 Y127.189
G01 X272.758 Y131.042
G01 X272.115 Y134.894
G01 X271.472 Y138.746
G01 X270.829 Y142.600
G01 X270.185 Y146.453
G01 X269.543 Y150.305
G01 X268.899 Y154.157
G01 X268.257 Y158.011
G01 X267.613 Y161.863
G01 X266.971 Y165.716
G01 X266.327 Y169.569
G01 X265.685 Y173.422
G01 X265.041 Y177.274
G01 X264.397 Y181.127
G01 X263.755 Y184.980
G01 X263.111 Y188.832
G01 X262.469 Y192.685
G01 X261.825 Y196.537
G01 X261.183 Y200.389
G01 X260.539 Y204.243
G01 X259.897 Y208.096
G01 X259.253 Y211.948
G01 X258.611 Y215.800
G01 X257.966 Y219.654
G01 X257.323 Y223.507
G01 X256.680 Y227.359
G01 X256.037 Y231.212
G01 X255.394 Y235.065
G01 X254.882 Y238.317
G01 X254.752 Y238.917
G01 X254.567 Y240.644
G01 X254.227 Y242.325
G01 X254.109 Y242.769
G01 X254.132 Y243.493
G01 X254.097 Y244.201
G01 X254.002 Y244.888
G01 X253.852 Y245.549
G01 X253.647 Y246.184
G01 X253.466 Y246.623
G01 X253.549 Y246.865
G01 X253.619 Y247.108
G01 X253.673 Y247.349
G01 X253.712 Y247.589
G01 X253.737 Y247.826
G01 X253.746 Y248.060
G01 X253.744 Y248.288
G01 X253.728 Y248.513
G01 X253.698 Y248.731
G01 X253.656 Y248.942
G01 X253.603 Y249.147
G01 X253.540 Y249.344
G01 X253.465 Y249.531
G01 X253.381 Y249.710
G01 X253.287 Y249.881
G01 X253.186 Y250.041
G01 X253.077 Y250.191
G01 X252.962 Y250.329
G01 X252.840 Y250.459
G01 X252.823 Y250.475
G01 X252.898 Y250.635
G01 X252.963 Y250.803
G01 X253.019 Y250.978
G01 X253.064 Y251.162
G01 X253.099 Y251.353
G01 X253.121 Y251.549
G01 X253.132 Y251.750
G01 X253.131 Y251.957
G01 X253.117 Y252.167
G01 X253.089 Y252.380
G01 X253.048 Y252.596
G01 X252.992 Y252.812
G01 X252.923 Y253.031
G01 X252.839 Y253.248
G01 X252.740 Y253.465
G01 X252.627 Y253.679
G01 X252.500 Y253.889
G01 X252.358 Y254.097
G01 X252.202 Y254.300
G01 X252.180 Y254.328
G01 X252.210 Y254.984
G01 X252.183 Y255.655
G01 X252.093 Y256.332
G01 X251.942 Y257.012
G01 X251.728 Y257.692
G01 X251.536 Y258.180
G01 X251.357 Y259.880
G01 X251.013 Y261.576
G01 X250.893 Y262.033
G01 X250.381 Y265.281
G01 X250.250 Y265.885
G01 X249.607 Y269.738
G01 X248.964 Y273.591
G01 X248.321 Y277.444
G01 X247.678 Y281.296
G01 X247.035 Y285.149
G01 X246.392 Y289.002
G01 X245.749 Y292.855
G01 X245.105 Y296.707
G01 X244.462 Y300.560
G01 X243.819 Y304.413
G01 X243.175 Y308.266
G01 X242.533 Y312.118
G01 X241.889 Y315.971
G01 X241.247 Y319.824
G01 X240.603 Y323.675
G01 X239.961 Y327.529
G01 X239.317 Y331.382
G01 X238.675 Y335.233
G01 X238.031 Y339.087
G01 X237.387 Y342.940
G01 X236.745 Y346.793
G01 X236.101 Y350.644
G01 X235.459 Y354.498
G01 X234.815 Y358.351
G01 X234.173 Y362.202
G01 X233.529 Y366.055
G01 X232.887 Y369.909
G01 X232.243 Y373.760
G01 X231.600 Y377.613
G01 X230.957 Y381.466
G01 X230.314 Y385.320
G01 X229.671 Y389.171
G01 X229.028 Y393.024
G01 X228.385 Y396.877
G01 X227.742 Y400.730
G01 X227.099 Y404.582
G01 X226.456 Y408.435
G01 X225.812 Y412.288
G01 X225.168 Y416.141
G01 X224.526 Y419.993
G01 X223.882 Y423.846
G01 X223.240 Y427.699
G01 X222.596 Y431.552
G01 X221.954 Y435.404
G01 X221.310 Y439.257
G01 X220.668 Y443.110
G01 X220.024 Y446.963
G01 X219.380 Y450.815
G01 X218.738 Y454.668
G01 X218.094 Y458.521
G01 X217.452 Y462.373
G01 X216.808 Y466.226
G01 X216.166 Y470.079
G01 X215.522 Y473.930
G01 X214.880 Y477.784
G01 X214.237 Y481.637
G01 X213.593 Y485.488
G01 X212.950 Y489.341
G01 X212.307 Y493.195
G01 X211.663 Y497.048
G01 X212.171 Y493.175
G01 X212.677 Y489.303
G01 X213.183 Y485.430
G01 X213.690 Y481.558
G01 X214.195 Y477.687
G01 X214.702 Y473.814
G01 X215.209 Y469.942
G01 X215.716 Y466.070
G01 X216.221 Y462.197
G01 X216.728 Y458.326
G01 X217.235 Y454.454
G01 X217.740 Y450.582
G01 X218.247 Y446.709
G01 X218.754 Y442.837
G01 X219.260 Y438.964
G01 X219.767 Y435.093
G01 X220.272 Y431.221
G01 X220.779 Y427.349
G01 X221.286 Y423.476
G01 X221.791 Y419.603
G01 X222.298 Y415.731
G01 X222.805 Y411.860
G01 X223.310 Y407.988
G01 X223.817 Y404.115
G01 X224.324 Y400.243
G01 X224.831 Y396.370
G01 X225.337 Y392.499
G01 X225.844 Y388.627
G01 X226.350 Y384.755
G01 X226.856 Y380.882
G01 X227.363 Y377.010
G01 X227.868 Y373.137
G01 X228.375 Y369.266
G01 X228.882 Y365.394
G01 X229.387 Y361.522
G01 X229.894 Y357.649
G01 X230.401 Y353.778
G01 X230.906 Y349.904
G01 X231.413 Y346.033
G01 X231.920 Y342.161
G01 X232.427 Y338.288
G01 X232.933 Y334.416
G01 X233.440 Y330.545
G01 X233.945 Y326.671
G01 X234.452 Y322.800
G01 X234.959 Y318.928
G01 X235.464 Y315.055
G01 X235.971 Y311.183
G01 X236.478 Y307.312
G01 X236.983 Y303.439
G01 X237.490 Y299.567
G01 X237.997 Y295.695
G01 X238.502 Y291.822
G01 X239.010 Y287.951
G01 X239.516 Y284.079
G01 X240.022 Y280.207
G01 X240.529 Y276.334
G01 X241.034 Y272.462
G01 X241.541 Y268.589
G01 X241.855 Y265.798
G01 X242.048 Y264.718
G01 X242.190 Y262.899
G01 X242.490 Y261.134
G01 X242.555 Y260.846
G01 X242.575 Y259.754
G01 X242.683 Y258.692
G01 X242.877 Y257.665
G01 X243.060 Y256.974
G01 X243.016 Y256.362
G01 X243.014 Y255.763
G01 X243.053 Y255.180
G01 X243.132 Y254.615
G01 X243.248 Y254.071
G01 X243.401 Y253.549
G01 X243.567 Y253.101
G01 X243.514 Y252.744
G01 X243.480 Y252.388
G01 X243.464 Y252.036
G01 X243.469 Y251.688
G01 X243.490 Y251.345
G01 X243.529 Y251.008
G01 X243.587 Y250.680
G01 X243.659 Y250.358
G01 X243.749 Y250.046
G01 X243.853 Y249.743
G01 X243.971 Y249.451
G01 X244.073 Y249.228
G01 X244.022 Y248.922
G01 X243.986 Y248.607
G01 X243.966 Y248.286
G01 X243.964 Y247.960
G01 X243.981 Y247.631
G01 X244.014 Y247.297
G01 X244.067 Y246.962
G01 X244.138 Y246.625
G01 X244.228 Y246.287
G01 X244.338 Y245.951
G01 X244.466 Y245.617
G01 X244.579 Y245.357
G01 X244.531 Y244.828
G01 X244.522 Y244.284
G01 X244.553 Y243.727
G01 X244.627 Y243.161
G01 X244.743 Y242.587
G01 X244.904 Y242.007
G01 X245.087 Y241.484
G01 X245.101 Y240.456
G01 X245.204 Y239.410
G01 X245.400 Y238.353
G01 X245.593 Y237.613
G01 X245.730 Y235.833
G01 X246.032 Y234.040
G01 X246.099 Y233.740
G01 X246.411 Y230.965
G01 X246.606 Y229.869
G01 X247.112 Y225.996
G01 X247.619 Y222.124
G01 X248.125 Y218.252
G01 X248.631 Y214.380
G01 X249.138 Y210.507
G01 X249.644 Y206.636
G01 X250.150 Y202.763
G01 X250.656 Y198.891
G01 X251.162 Y195.019
G01 X251.669 Y191.147
G01 X252.175 Y187.275
G01 X252.683 Y183.403
G01 X253.189 Y179.530
G01 X253.695 Y175.657
G01 X254.202 Y171.786
G01 X254.708 Y167.913
G01 X255.215 Y164.042
G01 X255.721 Y160.169
G01 X256.228 Y156.298
G01 X256.733 Y152.424
G01 X257.240 Y148.553
G01 X257.746 Y144.680
G01 X258.252 Y140.809
G01 X258.758 Y136.936
G01 X259.265 Y133.065
G01 X259.772 Y129.192
G01 X260.279 Y125.320
G01 X260.784 Y121.447
G01 X261.291 Y117.576
G01 X261.798 Y113.704
G01 X262.303 Y109.832
G01 X262.810 Y105.959
G01 X263.317 Y102.087
G01 X263.822 Y98.214
G01 X264.329 Y94.343
G01 X264.835 Y90.471
G01 X265.342 Y86.599
G01 X265.849 Y82.726
G01 X266.354 Y78.853
G01 X266.861 Y74.982
G01 X267.368 Y71.110
G01 X267.875 Y67.238
G01 X268.380 Y63.365
G01 X268.887 Y59.493
G01 X269.394 Y55.620
G01 X269.899 Y51.749
G01 X270.406 Y47.877
G01 X270.912 Y44.005
G01 X271.418 Y40.132
G01 X271.925 Y36.261
G01 X272.431 Y32.388
G01 X272.938 Y28.516
G01 X273.445 Y24.644
G01 X273.950 Y20.772
G01 X274.457 Y16.900
G01 X274.964 Y13.028
G01 X275.471 Y9.156
G01 X275.976 Y5.282
G01 X276.483 Y1.411
G01 X274.844 Y16.950
G01 X273.615 Y28.603
G01 X271.978 Y44.143
G01 X270.748 Y55.797
G01 X269.930 Y63.567
G01 X269.111 Y71.336
G01 X268.291 Y79.106
G01 X267.472 Y86.875
G01 X266.654 Y94.644
G01 X266.243 Y98.529
G01 X265.424 Y106.298
G01 X265.015 Y110.183
G01 X264.606 Y114.067
G01 X264.197 Y117.952
G01 X263.786 Y121.837
G01 X263.377 Y125.722
G01 X262.967 Y129.607
G01 X262.558 Y133.492
G01 X262.149 Y137.376
G01 X261.738 Y141.261
G01 X261.329 Y145.145
G01 X260.919 Y149.030
G01 X260.510 Y152.915
G01 X260.101 Y156.799
G01 X259.690 Y160.685
G01 X259.281 Y164.569
G01 X258.871 Y168.454
G01 X258.462 Y172.339
G01 X258.053 Y176.222
G01 X257.642 Y180.108
G01 X257.233 Y183.993
G01 X256.823 Y187.877
G01 X256.414 Y191.762
G01 X256.005 Y195.647
G01 X255.596 Y199.531
G01 X255.186 Y203.416
G01 X254.776 Y207.300
G01 X254.367 Y211.186
G01 X253.957 Y215.071
G01 X253.548 Y218.954
G01 X253.138 Y222.840
G01 X252.728 Y226.725
G01 X252.319 Y230.609
G01 X251.910 Y234.494
G01 X251.500 Y238.379
G01 X251.090 Y242.263
G01 X250.680 Y246.148
G01 X250.843 Y246.302
G01 X250.992 Y246.463
G01 X251.127 Y246.629
G01 X251.248 Y246.799
G01 X251.355 Y246.972
G01 X251.448 Y247.149
G01 X251.528 Y247.327
G01 X251.594 Y247.505
G01 X251.645 Y247.684
G01 X251.684 Y247.861
G01 X251.709 Y248.036
G01 X251.722 Y248.208
G01 X251.721 Y248.376
G01 X251.709 Y248.540
G01 X251.685 Y248.698
G01 X251.649 Y248.851
G01 X251.603 Y248.996
G01 X251.547 Y249.135
G01 X251.481 Y249.264
G01 X251.406 Y249.387
G01 X251.323 Y249.499
G01 X251.234 Y249.601
G01 X251.137 Y249.694
G01 X251.035 Y249.775
G01 X250.927 Y249.847
G01 X250.816 Y249.906
G01 X250.701 Y249.954
G01 X250.583 Y249.992
G01 X250.464 Y250.017
G01 X250.344 Y250.031
G01 X250.270 Y250.032
G01 X250.387 Y250.064
G01 X250.501 Y250.107
G01 X250.611 Y250.161
G01 X250.716 Y250.226
G01 X250.816 Y250.302
G01 X250.910 Y250.387
G01 X250.998 Y250.483
G01 X251.078 Y250.588
G01 X251.150 Y250.702
G01 X251.213 Y250.823
G01 X251.267 Y250.954
G01 X251.310 Y251.091
G01 X251.343 Y251.234
G01 X251.365 Y251.383
G01 X251.375 Y251.537
G01 X251.373 Y251.695
G01 X251.359 Y251.857
G01 X251.332 Y252.020
G01 X251.292 Y252.186
G01 X251.239 Y252.352
G01 X251.172 Y252.518
G01 X251.093 Y252.681
G01 X250.999 Y252.845
G01 X250.893 Y253.005
G01 X250.772 Y253.160
G01 X250.638 Y253.311
G01 X250.493 Y253.456
G01 X250.334 Y253.595
G01 X250.162 Y253.726
G01 X249.978 Y253.847
G01 X249.862 Y253.918
G01 X249.452 Y257.802
G01 X249.043 Y261.687
G01 X248.632 Y265.572
G01 X248.224 Y269.457
G01 X247.814 Y273.341
G01 X247.404 Y277.226
G01 X246.995 Y281.111
G01 X246.585 Y284.995
G01 X246.175 Y288.880
G01 X245.766 Y292.764
G01 X245.357 Y296.649
G01 X244.947 Y300.534
G01 X244.537 Y304.418
G01 X244.127 Y308.303
G01 X243.718 Y312.189
G01 X243.308 Y316.072
G01 X242.899 Y319.957
G01 X242.490 Y323.843
G01 X242.079 Y327.728
G01 X241.671 Y331.612
G01 X241.260 Y335.497
G01 X240.851 Y339.380
G01 X240.442 Y343.266
G01 X240.031 Y347.151
G01 X239.623 Y351.036
G01 X239.213 Y354.920
G01 X238.803 Y358.805
G01 X238.394 Y362.690
G01 X237.983 Y366.575
G01 X237.575 Y370.459
G01 X237.165 Y374.344
G01 X236.755 Y378.228
G01 X236.346 Y382.113
G01 X235.526 Y389.882
G01 X234.707 Y397.651
G01 X234.298 Y401.536
G01 X233.478 Y409.307
G01 X233.070 Y413.190
G01 X231.841 Y424.844
G01 X230.612 Y436.499
G01 X229.382 Y448.154
G01 X228.154 Y459.808
G01 X226.517 Y475.346
G01 X224.877 Y490.885
G01 X224.058 Y498.654
G01 X224.331 Y494.760
G01 X224.603 Y490.865
G01 X224.875 Y486.971
G01 X225.146 Y483.077
G01 X225.418 Y479.183
G01 X225.690 Y475.288
G01 X225.962 Y471.394
G01 X226.233 Y467.499
G01 X226.505 Y463.605
G01 X226.778 Y459.709
G01 X227.050 Y455.815
G01 X227.320 Y451.921
G01 X227.593 Y448.026
G01 X227.865 Y444.132
G01 X228.137 Y440.238
G01 X228.408 Y436.343
G01 X228.680 Y432.449
G01 X228.952 Y428.553
G01 X229.224 Y424.659
G01 X229.495 Y420.764
G01 X229.767 Y416.870
G01 X230.040 Y412.976
G01 X230.310 Y409.082
G01 X230.582 Y405.188
G01 X230.855 Y401.293
G01 X231.127 Y397.397
G01 X231.399 Y393.504
G01 X231.670 Y389.610
G01 X231.942 Y385.714
G01 X232.214 Y381.820
G01 X232.486 Y377.925
G01 X232.757 Y374.031
G01 X233.029 Y370.137
G01 X233.302 Y366.243
G01 X233.572 Y362.348
G01 X233.844 Y358.454
G01 X234.117 Y354.558
G01 X234.389 Y350.665
G01 X234.661 Y346.769
G01 X234.933 Y342.875
G01 X235.204 Y338.981
G01 X235.476 Y335.087
G01 X235.748 Y331.192
G01 X236.019 Y327.298
G01 X236.291 Y323.403
G01 X236.562 Y319.509
G01 X236.834 Y315.615
G01 X237.106 Y311.719
G01 X237.379 Y307.825
G01 X237.651 Y303.930
G01 X237.923 Y300.036
G01 X238.194 Y296.142
G01 X238.466 Y292.248
G01 X238.738 Y288.353
G01 X239.010 Y284.459
G01 X239.281 Y280.564
G01 X239.553 Y276.670
G01 X239.825 Y272.774
G01 X239.999 Y269.728
G01 X240.096 Y268.880
G01 X240.173 Y266.690
G01 X240.368 Y264.986
G01 X240.372 Y263.480
G01 X240.497 Y262.012
G01 X240.641 Y261.091
G01 X240.596 Y260.094
G01 X240.625 Y259.123
G01 X240.726 Y258.178
G01 X240.897 Y257.267
G01 X240.913 Y257.197
G01 X240.850 Y256.543
G01 X240.829 Y255.900
G01 X240.848 Y255.272
G01 X240.906 Y254.660
G01 X241.000 Y254.067
G01 X241.132 Y253.495
G01 X241.185 Y253.303
G01 X241.125 Y252.835
G01 X241.091 Y252.371
G01 X241.082 Y251.912
G01 X241.094 Y251.456
G01 X241.130 Y251.006
G01 X241.190 Y250.562
G01 X241.269 Y250.129
G01 X241.372 Y249.703
G01 X241.456 Y249.407
G01 X241.399 Y248.978
G01 X241.363 Y248.541
G01 X241.351 Y248.097
G01 X241.361 Y247.650
G01 X241.394 Y247.198
G01 X241.452 Y246.745
G01 X241.533 Y246.290
G01 X241.639 Y245.835
G01 X241.728 Y245.513
G01 X241.666 Y244.935
G01 X241.639 Y244.340
G01 X241.654 Y243.730
G01 X241.707 Y243.108
G01 X241.803 Y242.478
G01 X241.942 Y241.840
G01 X242.000 Y241.619
G01 X241.952 Y240.695
G01 X241.978 Y239.748
G01 X242.077 Y238.781
G01 X242.255 Y237.802
G01 X242.272 Y237.725
G01 X242.271 Y236.273
G01 X242.396 Y234.793
G01 X242.543 Y233.829
G01 X242.617 Y231.674
G01 X242.815 Y229.936
G01 X242.988 Y226.904
G01 X243.087 Y226.041
G01 X243.358 Y222.147
G01 X243.630 Y218.252
G01 X243.903 Y214.358
G01 X244.174 Y210.464
G01 X244.447 Y206.569
G01 X244.718 Y202.674
G01 X244.990 Y198.780
G01 X245.262 Y194.886
G01 X245.534 Y190.990
G01 X245.805 Y187.097
G01 X246.078 Y183.202
G01 X246.349 Y179.308
G01 X246.621 Y175.412
G01 X246.893 Y171.519
G01 X247.165 Y167.624
G01 X247.436 Y163.730
G01 X247.709 Y159.835
G01 X247.980 Y155.941
G01 X248.252 Y152.046
G01 X248.524 Y148.151
G01 X248.796 Y144.257
G01 X249.067 Y140.363
G01 X249.340 Y136.468
G01 X249.611 Y132.573
G01 X249.882 Y128.680
G01 X250.155 Y124.785
G01 X250.427 Y120.889
G01 X250.698 Y116.995
G01 X250.970 Y113.101
G01 X251.242 Y109.207
G01 X251.513 Y105.312
G01 X251.786 Y101.418
G01 X252.058 Y97.524
G01 X252.329 Y93.629
G01 X252.601 Y89.735
G01 X252.873 Y85.839
G01 X253.144 Y81.946
G01 X253.417 Y78.050
G01 X253.689 Y74.156
G01 X253.960 Y70.262
G01 X254.233 Y66.368
G01 X254.504 Y62.473
G01 X254.775 Y58.579
G01 X255.048 Y54.684
G01 X255.320 Y50.790
G01 X255.591 Y46.894
G01 X255.864 Y43.001
G01 X256.135 Y39.106
G01 X256.406 Y35.212
G01 X256.678 Y31.317
G01 X256.950 Y27.423
G01 X257.222 Y23.528
G01 X257.493 Y19.633
G01 X257.765 Y15.740
G01 X258.037 Y11.845
G01 X258.310 Y7.951
G01 X258.582 Y4.055
G01 X258.853 Y0.162
G01 X258.678 Y4.064
G01 X258.505 Y7.966
G01 X258.329 Y11.868
G01 X258.154 Y15.769
G01 X257.981 Y19.673
G01 X257.806 Y23.575
G01 X257.632 Y27.477
G01 X257.457 Y31.379
G01 X257.282 Y35.281
G01 X257.108 Y39.183
G01 X256.933 Y43.086
G01 X256.760 Y46.988
G01 X256.584 Y50.889
G01 X256.411 Y54.792
G01 X256.236 Y58.694
G01 X256.061 Y62.596
G01 X255.887 Y66.499
G01 X255.713 Y70.401
G01 X255.537 Y74.303
G01 X255.364 Y78.204
G01 X255.189 Y82.108
G01 X255.014 Y86.010
G01 X254.840 Y89.911
G01 X254.666 Y93.814
G01 X254.490 Y97.716
G01 X254.317 Y101.618
G01 X254.142 Y105.519
G01 X253.968 Y109.423
G01 X253.793 Y113.325
G01 X253.619 Y117.226
G01 X253.444 Y121.129
G01 X253.269 Y125.031
G01 X253.095 Y128.934
G01 X252.921 Y132.835
G01 X252.746 Y136.738
G01 X252.572 Y140.639
G01 X252.398 Y144.542
G01 X252.222 Y148.444
G01 X252.049 Y152.347
G01 X251.874 Y156.249
G01 X251.700 Y160.150
G01 X251.525 Y164.053
G01 X251.350 Y167.956
G01 X251.175 Y171.858
G01 X251.002 Y175.760
G01 X250.827 Y179.662
G01 X250.653 Y183.564
G01 X250.478 Y187.466
G01 X250.304 Y191.369
G01 X250.129 Y195.270
G01 X249.954 Y199.173
G01 X249.780 Y203.075
G01 X249.606 Y206.977
G01 X249.430 Y210.879
G01 X249.257 Y214.781
G01 X249.082 Y218.684
G01 X248.907 Y222.585
G01 X248.733 Y226.488
G01 X248.559 Y230.389
G01 X248.383 Y234.293
G01 X248.210 Y238.195
G01 X248.029 Y240.255
G01 X248.035 Y242.097
G01 X247.856 Y242.888
G01 X247.750 Y243.675
G01 X247.715 Y244.456
G01 X247.751 Y245.222
G01 X247.855 Y245.970
G01 X247.861 Y245.999
G01 X247.721 Y246.198
G01 X247.596 Y246.404
G01 X247.484 Y246.611
G01 X247.388 Y246.820
G01 X247.305 Y247.031
G01 X247.238 Y247.240
G01 X247.184 Y247.451
G01 X247.143 Y247.659
G01 X247.115 Y247.865
G01 X247.103 Y248.067
G01 X247.102 Y248.267
G01 X247.113 Y248.460
G01 X247.136 Y248.650
G01 X247.169 Y248.833
G01 X247.216 Y249.008
G01 X247.270 Y249.177
G01 X247.335 Y249.338
G01 X247.410 Y249.490
G01 X247.492 Y249.633
G01 X247.582 Y249.768
G01 X247.679 Y249.892
G01 X247.686 Y249.900
G01 X247.579 Y250.016
G01 X247.477 Y250.139
G01 X247.382 Y250.275
G01 X247.293 Y250.418
G01 X247.214 Y250.573
G01 X247.143 Y250.734
G01 X247.082 Y250.906
G01 X247.030 Y251.084
G01 X246.989 Y251.269
G01 X246.960 Y251.462
G01 X246.942 Y251.659
G01 X246.936 Y251.862
G01 X246.944 Y252.070
G01 X246.965 Y252.280
G01 X246.999 Y252.494
G01 X247.047 Y252.710
G01 X247.109 Y252.925
G01 X247.185 Y253.143
G01 X247.275 Y253.359
G01 X247.382 Y253.575
G01 X247.502 Y253.787
G01 X247.512 Y253.803
G01 X247.338 Y254.537
G01 X247.232 Y255.297
G01 X247.194 Y256.076
G01 X247.227 Y256.870
G01 X247.332 Y257.673
G01 X247.337 Y257.706
G01 X247.157 Y259.745
G01 X247.162 Y261.608
G01 X246.988 Y265.510
G01 X246.814 Y269.411
G01 X246.638 Y273.314
G01 X246.465 Y277.216
G01 X246.290 Y281.118
G01 X246.115 Y285.021
G01 X245.941 Y288.923
G01 X245.767 Y292.825
G01 X245.591 Y296.728
G01 X245.418 Y300.630
G01 X245.243 Y304.531
G01 X245.069 Y308.433
G01 X244.894 Y312.336
G01 X244.720 Y316.238
G01 X244.546 Y320.141
G01 X244.371 Y324.043
G01 X244.197 Y327.945
G01 X244.022 Y331.846
G01 X243.848 Y335.749
G01 X243.673 Y339.651
G01 X243.499 Y343.553
G01 X243.324 Y347.456
G01 X243.149 Y351.358
G01 X242.975 Y355.260
G01 X242.800 Y359.163
G01 X242.625 Y363.065
G01 X242.452 Y366.966
G01 X242.276 Y370.868
G01 X242.103 Y374.771
G01 X241.928 Y378.673
G01 X241.754 Y382.575
G01 X241.579 Y386.478
G01 X241.404 Y390.380
G01 X241.230 Y394.281
G01 X241.055 Y398.183
G01 X240.880 Y402.086
G01 X240.707 Y405.988
G01 X240.531 Y409.891
G01 X240.358 Y413.793
G01 X240.183 Y417.695
G01 X240.009 Y421.596
G01 X239.834 Y425.500
G01 X239.659 Y429.401
G01 X239.485 Y433.303
G01 X239.310 Y437.206
G01 X239.135 Y441.108
G01 X238.962 Y445.010
G01 X238.788 Y448.913
G01 X238.613 Y452.815
G01 X238.438 Y456.716
G01 X238.264 Y460.618
G01 X238.089 Y464.521
G01 X237.915 Y468.423
G01 X237.740 Y472.326
G01 X237.565 Y476.228
G01 X237.391 Y480.130
G01 X237.216 Y484.031
G01 X237.041 Y487.933
G01 X236.868 Y491.837
G01 X236.692 Y495.738
G01 X236.519 Y499.641
G01 X236.555 Y495.738
G01 X236.591 Y491.837
G01 X236.627 Y487.935
G01 X236.665 Y484.031
G01 X236.701 Y480.130
G01 X236.738 Y476.228
G01 X236.774 Y472.326
G01 X236.810 Y468.423
G01 X236.846 Y464.521
G01 X236.882 Y460.618
G01 X236.918 Y456.716
G01 X236.956 Y452.815
G01 X236.992 Y448.913
G01 X237.029 Y445.010
G01 X237.065 Y441.108
G01 X237.101 Y437.206
G01 X237.137 Y433.303
G01 X237.173 Y429.401
G01 X237.211 Y425.499
G01 X237.247 Y421.596
G01 X237.284 Y417.695
G01 X237.320 Y413.793
G01 X237.356 Y409.891
G01 X237.392 Y405.988
G01 X237.428 Y402.086
G01 X237.466 Y398.183
G01 X237.502 Y394.281
G01 X237.538 Y390.380
G01 X237.575 Y386.478
G01 X237.611 Y382.575
G01 X237.647 Y378.673
G01 X237.683 Y374.771
G01 X237.721 Y370.868
G01 X237.757 Y366.966
G01 X237.793 Y363.064
G01 X237.829 Y359.161
G01 X237.865 Y355.260
G01 X237.903 Y351.358
G01 X237.939 Y347.456
G01 X237.975 Y343.553
G01 X238.012 Y339.651
G01 X238.048 Y335.749
G01 X238.084 Y331.846
G01 X238.120 Y327.945
G01 X238.156 Y324.043
G01 X238.194 Y320.139
G01 X238.230 Y316.238
G01 X238.267 Y312.336
G01 X238.303 Y308.433
G01 X238.339 Y304.531
G01 X238.375 Y300.629
G01 X238.411 Y296.726
G01 X238.449 Y292.825
G01 X238.485 Y288.923
G01 X238.522 Y285.021
G01 X238.558 Y281.118
G01 X238.594 Y277.216
G01 X238.601 Y273.846
G01 X238.630 Y273.314
G01 X238.596 Y270.737
G01 X238.666 Y269.411
G01 X238.601 Y267.495
G01 X238.692 Y265.620
G01 X238.704 Y265.510
G01 X238.617 Y264.118
G01 X238.637 Y262.757
G01 X238.740 Y261.606
G01 X238.644 Y260.611
G01 X238.620 Y259.632
G01 X238.661 Y258.680
G01 X238.769 Y257.755
G01 X238.776 Y257.704
G01 X238.685 Y256.976
G01 X238.639 Y256.257
G01 X238.635 Y255.550
G01 X238.673 Y254.859
G01 X238.750 Y254.186
G01 X238.812 Y253.803
G01 X238.733 Y253.222
G01 X238.683 Y252.644
G01 X238.661 Y252.067
G01 X238.670 Y251.496
G01 X238.707 Y250.930
G01 X238.772 Y250.371
G01 X238.849 Y249.900
G01 X238.771 Y249.347
G01 X238.721 Y248.787
G01 X238.699 Y248.220
G01 X238.704 Y247.648
G01 X238.740 Y247.072
G01 X238.805 Y246.493
G01 X238.885 Y245.999
G01 X238.798 Y245.334
G01 X238.750 Y244.651
G01 X238.743 Y243.954
G01 X238.778 Y243.242
G01 X238.856 Y242.519
G01 X238.921 Y242.097
G01 X238.829 Y241.171
G01 X238.800 Y240.219
G01 X238.841 Y239.243
G01 X238.950 Y238.249
G01 X238.957 Y238.194
G01 X238.872 Y236.864
G01 X238.891 Y235.500
G01 X238.995 Y234.292
G01 X238.928 Y232.419
G01 X239.021 Y230.506
G01 X239.031 Y230.389
G01 X238.995 Y227.840
G01 X239.067 Y226.488
G01 X239.075 Y223.127
G01 X239.103 Y222.585
G01 X239.141 Y218.684
G01 X239.177 Y214.781
G01 X239.213 Y210.879
G01 X239.250 Y206.977
G01 X239.286 Y203.075
G01 X239.322 Y199.172
G01 X239.358 Y195.269
G01 X239.394 Y191.368
G01 X239.432 Y187.466
G01 X239.468 Y183.564
G01 X239.505 Y179.662
G01 X239.541 Y175.758
G01 X239.577 Y171.857
G01 X239.613 Y167.954
G01 X239.649 Y164.053
G01 X239.687 Y160.150
G01 X239.723 Y156.248
G01 X239.759 Y152.346
G01 X239.796 Y148.444
G01 X239.832 Y144.542
G01 X239.868 Y140.639
G01 X239.904 Y136.737
G01 X239.940 Y132.835
G01 X239.978 Y128.933
G01 X240.014 Y125.031
G01 X240.050 Y121.129
G01 X240.087 Y117.226
G01 X240.124 Y113.324
G01 X240.159 Y109.422
G01 X240.195 Y105.519
G01 X240.233 Y101.618
G01 X240.269 Y97.716
G01 X240.305 Y93.812
G01 X240.341 Y89.911
G01 X240.377 Y86.009
G01 X240.415 Y82.107
G01 X240.451 Y78.204
G01 X240.488 Y74.302
G01 X240.524 Y70.399
G01 X240.560 Y66.498
G01 X240.596 Y62.596
G01 X240.632 Y58.694
G01 X240.670 Y54.792
G01 X240.706 Y50.889
G01 X240.743 Y46.987
G01 X240.779 Y43.084
G01 X240.815 Y39.183
G01 X240.851 Y35.281
G01 X240.887 Y31.377
G01 X240.925 Y27.476
G01 X240.961 Y23.573
G01 X240.997 Y19.672
G01 X241.034 Y15.769
G01 X241.070 Y11.867
G01 X241.106 Y7.965
G01 X241.142 Y4.062
G01 X241.178 Y0.161
G01 X241.240 Y4.066
G01 X241.302 Y7.971
G01 X241.363 Y11.876
G01 X241.423 Y15.781
G01 X241.486 Y19.686
G01 X241.546 Y23.591
G01 X241.608 Y27.495
G01 X241.668 Y31.401
G01 X241.730 Y35.305
G01 X241.791 Y39.211
G01 X241.853 Y43.115
G01 X241.913 Y47.020
G01 X241.975 Y50.925
G01 X242.036 Y54.831
G01 X242.096 Y58.736
G01 X242.159 Y62.641
G01 X242.219 Y66.546
G01 X242.281 Y70.451
G01 X242.341 Y74.356
G01 X242.403 Y78.261
G01 X242.464 Y82.166
G01 X242.526 Y86.071
G01 X242.587 Y89.976
G01 X242.647 Y93.881
G01 X242.709 Y97.786
G01 X242.771 Y101.691
G01 X242.832 Y105.596
G01 X242.892 Y109.500
G01 X242.954 Y113.406
G01 X243.014 Y117.310
G01 X243.077 Y121.216
G01 X243.137 Y125.121
G01 X243.199 Y129.025
G01 X243.260 Y132.930
G01 X243.320 Y136.835
G01 X243.382 Y140.742
G01 X243.444 Y144.645
G01 X243.505 Y148.552
G01 X243.565 Y152.457
G01 X243.627 Y156.361
G01 X243.689 Y160.267
G01 X243.750 Y164.172
G01 X243.810 Y168.077
G01 X243.872 Y171.982
G01 X243.933 Y175.887
G01 X243.993 Y179.792
G01 X244.055 Y183.697
G01 X244.117 Y187.602
G01 X244.178 Y191.507
G01 X244.239 Y195.412
G01 X244.299 Y199.317
G01 X244.362 Y203.222
G01 X244.423 Y207.127
G01 X244.484 Y211.031
G01 X244.544 Y214.936
G01 X244.606 Y218.841
G01 X244.668 Y222.746
G01 X244.728 Y226.651
G01 X244.790 Y230.556
G01 X244.812 Y233.856
G01 X244.851 Y234.462
G01 X244.799 Y236.554
G01 X244.912 Y238.367
G01 X244.810 Y239.561
G01 X244.811 Y240.734
G01 X244.915 Y241.881
G01 X244.974 Y242.272
G01 X244.852 Y242.876
G01 X244.775 Y243.472
G01 X244.746 Y244.058
G01 X244.761 Y244.631
G01 X244.817 Y245.186
G01 X244.916 Y245.722
G01 X245.035 Y246.177
G01 X244.935 Y246.482
G01 X244.853 Y246.787
G01 X244.787 Y247.093
G01 X244.740 Y247.397
G01 X244.710 Y247.698
G01 X244.697 Y247.996
G01 X244.698 Y248.290
G01 X244.718 Y248.578
G01 X244.751 Y248.859
G01 X244.799 Y249.136
G01 X244.863 Y249.404
G01 X244.939 Y249.663
G01 X245.028 Y249.915
G01 X245.096 Y250.082
G01 X245.006 Y250.329
G01 X244.929 Y250.585
G01 X244.865 Y250.850
G01 X244.816 Y251.121
G01 X244.781 Y251.400
G01 X244.761 Y251.686
G01 X244.756 Y251.976
G01 X244.768 Y252.270
G01 X244.796 Y252.569
G01 X244.841 Y252.870
G01 X244.903 Y253.173
G01 X244.983 Y253.476
G01 X245.079 Y253.779
G01 X245.156 Y253.987
G01 X245.041 Y254.507
G01 X244.964 Y255.049
G01 X244.930 Y255.609
G01 X244.939 Y256.183
G01 X244.992 Y256.769
G01 X245.091 Y257.363
G01 X245.218 Y257.892
G01 X245.115 Y259.031
G01 X245.115 Y260.195
G01 X245.219 Y261.380
G01 X245.280 Y261.796
G01 X245.227 Y263.861
G01 X245.341 Y265.702
G01 X245.363 Y268.993
G01 X245.401 Y269.606
G01 X245.463 Y273.512
G01 X245.524 Y277.416
G01 X245.585 Y281.322
G01 X245.647 Y285.226
G01 X245.708 Y289.132
G01 X245.769 Y293.036
G01 X245.829 Y296.942
G01 X245.892 Y300.846
G01 X245.953 Y304.752
G01 X246.013 Y308.656
G01 X246.075 Y312.562
G01 X246.136 Y316.466
G01 X246.198 Y320.372
G01 X246.258 Y324.276
G01 X246.320 Y328.182
G01 X246.381 Y332.087
G01 X246.442 Y335.992
G01 X246.502 Y339.897
G01 X246.565 Y343.802
G01 X246.626 Y347.707
G01 X246.686 Y351.612
G01 X246.748 Y355.517
G01 X246.809 Y359.421
G01 X246.871 Y363.327
G01 X246.931 Y367.231
G01 X246.993 Y371.137
G01 X247.054 Y375.041
G01 X247.115 Y378.947
G01 X247.177 Y382.851
G01 X247.238 Y386.757
G01 X247.299 Y390.661
G01 X247.359 Y394.567
G01 X247.421 Y398.473
G01 X247.483 Y402.377
G01 X247.543 Y406.283
G01 X247.605 Y410.188
G01 X247.666 Y414.093
G01 X247.727 Y417.998
G01 X247.788 Y421.903
G01 X247.850 Y425.808
G01 X247.911 Y429.713
G01 X247.972 Y433.618
G01 X248.032 Y437.522
G01 X248.095 Y441.428
G01 X248.156 Y445.332
G01 X248.216 Y449.238
G01 X248.278 Y453.142
G01 X248.339 Y457.048
G01 X248.400 Y460.952
G01 X248.462 Y464.858
G01 X248.523 Y468.762
G01 X248.584 Y472.668
G01 X248.644 Y476.572
G01 X248.707 Y480.478
G01 X248.768 Y484.382
G01 X248.829 Y488.288
G01 X248.890 Y492.192
G01 X248.951 Y496.098
G01 X249.013 Y500.002
G01 X248.814 Y496.108
G01 X248.615 Y492.213
G01 X248.416 Y488.317
G01 X248.217 Y484.421
G01 X248.018 Y480.526
G01 X247.819 Y476.630
G01 X247.620 Y472.736
G01 X247.421 Y468.841
G01 X247.222 Y464.945
G01 X247.023 Y461.050
G01 X246.823 Y457.154
G01 X246.625 Y453.260
G01 X246.427 Y449.365
G01 X246.228 Y445.469
G01 X246.028 Y441.574
G01 X245.829 Y437.678
G01 X245.631 Y433.783
G01 X245.431 Y429.887
G01 X245.233 Y425.993
G01 X245.034 Y422.098
G01 X244.835 Y418.202
G01 X244.636 Y414.307
G01 X244.436 Y410.411
G01 X244.238 Y406.517
G01 X244.038 Y402.620
G01 X243.839 Y398.726
G01 X243.641 Y394.831
G01 X243.442 Y390.935
G01 X243.243 Y387.040
G01 X243.045 Y383.144
G01 X242.846 Y379.250
G01 X242.647 Y375.353
G01 X242.447 Y371.459
G01 X242.249 Y367.564
G01 X242.050 Y363.668
G01 X241.851 Y359.772
G01 X241.651 Y355.877
G01 X241.452 Y351.983
G01 X241.254 Y348.088
G01 X241.055 Y344.192
G01 X240.856 Y340.296
G01 X240.656 Y336.401
G01 X240.457 Y332.507
G01 X240.260 Y328.611
G01 X240.060 Y324.716
G01 X239.862 Y320.820
G01 X239.663 Y316.925
G01 X239.464 Y313.029
G01 X239.264 Y309.135
G01 X239.065 Y305.240
G01 X238.867 Y301.344
G01 X238.668 Y297.449
G01 X238.469 Y293.553
G01 X238.269 Y289.659
G01 X238.070 Y285.762
G01 X237.872 Y281.868
G01 X237.675 Y278.151
G01 X237.673 Y277.973
G01 X237.481 Y275.007
G01 X237.475 Y274.077
G01 X237.288 Y271.755
G01 X237.276 Y270.182
G01 X237.100 Y268.394
G01 X237.065 Y266.642
G01 X237.077 Y266.286
G01 X236.913 Y264.927
G01 X236.849 Y263.591
G01 X236.877 Y262.392
G01 X236.728 Y261.353
G01 X236.649 Y260.332
G01 X236.637 Y259.329
G01 X236.678 Y258.495
G01 X236.548 Y257.678
G01 X236.464 Y256.868
G01 X236.428 Y256.069
G01 X236.435 Y255.282
G01 X236.480 Y254.601
G01 X236.363 Y253.906
G01 X236.281 Y253.210
G01 X236.236 Y252.514
G01 X236.225 Y251.823
G01 X236.248 Y251.138
G01 X236.281 Y250.706
G01 X236.166 Y250.031
G01 X236.086 Y249.347
G01 X236.038 Y248.656
G01 X236.026 Y247.959
G01 X236.048 Y247.257
G01 X236.082 Y246.811
G01 X235.957 Y246.047
G01 X235.873 Y245.263
G01 X235.834 Y244.463
G01 X235.839 Y243.647
G01 X235.882 Y242.915
G01 X235.740 Y241.944
G01 X235.659 Y240.942
G01 X235.644 Y239.913
G01 X235.683 Y239.019
G01 X235.524 Y237.722
G01 X235.459 Y236.386
G01 X235.485 Y235.125
G01 X235.312 Y233.388
G01 X235.276 Y231.602
G01 X235.286 Y231.230
G01 X235.103 Y228.942
G01 X235.087 Y227.334
G01 X234.896 Y224.388
G01 X234.887 Y223.439
G01 X234.690 Y219.725
G01 X234.690 Y219.543
G01 X234.490 Y215.649
G01 X234.291 Y211.752
G01 X234.093 Y207.858
G01 X233.894 Y203.963
G01 X233.695 Y200.067
G01 X233.495 Y196.172
G01 X233.296 Y192.276
G01 X233.098 Y188.382
G01 X232.899 Y184.486
G01 X232.700 Y180.591
G01 X232.500 Y176.696
G01 X232.302 Y172.800
G01 X232.103 Y168.905
G01 X231.904 Y165.010
G01 X231.706 Y161.115
G01 X231.507 Y157.219
G01 X231.308 Y153.323
G01 X231.108 Y149.429
G01 X230.909 Y145.534
G01 X230.711 Y141.638
G01 X230.512 Y137.743
G01 X230.312 Y133.847
G01 X230.113 Y129.953
G01 X229.915 Y126.057
G01 X229.716 Y122.162
G01 X229.517 Y118.267
G01 X229.317 Y114.370
G01 X229.120 Y110.476
G01 X228.921 Y106.581
G01 X228.721 Y102.685
G01 X228.522 Y98.790
G01 X228.324 Y94.894
G01 X228.125 Y91.000
G01 X227.925 Y87.105
G01 X227.726 Y83.209
G01 X227.528 Y79.314
G01 X227.329 Y75.418
G01 X227.130 Y71.524
G01 X226.930 Y67.627
G01 X226.731 Y63.733
G01 X226.533 Y59.838
G01 X226.334 Y55.942
G01 X226.135 Y52.047
G01 X225.937 Y48.151
G01 X225.738 Y44.257
G01 X225.538 Y40.361
G01 X225.339 Y36.466
G01 X225.141 Y32.571
G01 X224.942 Y28.675
G01 X224.743 Y24.780
G01 X224.543 Y20.885
G01 X224.344 Y16.990
G01 X224.146 Y13.095
G01 X223.947 Y9.198
G01 X223.748 Y5.304
G01 X223.548 Y1.409
G01 X223.846 Y5.302
G01 X224.142 Y9.195
G01 X224.439 Y13.088
G01 X224.736 Y16.982
G01 X225.031 Y20.875
G01 X225.329 Y24.768
G01 X225.625 Y28.661
G01 X225.921 Y32.555
G01 X226.218 Y36.447
G01 X226.514 Y40.341
G01 X226.812 Y44.233
G01 X227.108 Y48.127
G01 X227.404 Y52.020
G01 X227.701 Y55.913
G01 X227.998 Y59.806
G01 X228.293 Y63.700
G01 X228.591 Y67.593
G01 X228.887 Y71.487
G01 X229.183 Y75.380
G01 X229.481 Y79.273
G01 X229.776 Y83.166
G01 X230.074 Y87.059
G01 X230.370 Y90.952
G01 X230.666 Y94.846
G01 X230.963 Y98.738
G01 X231.260 Y102.632
G01 X231.555 Y106.524
G01 X231.853 Y110.418
G01 X232.149 Y114.312
G01 X232.445 Y118.204
G01 X232.743 Y122.098
G01 X233.038 Y125.992
G01 X233.336 Y129.885
G01 X233.632 Y133.778
G01 X233.928 Y137.671
G01 X234.225 Y141.565
G01 X234.522 Y145.458
G01 X234.819 Y149.351
G01 X235.115 Y153.244
G01 X235.411 Y157.137
G01 X235.707 Y161.031
G01 X236.005 Y164.924
G01 X236.300 Y168.817
G01 X236.598 Y172.710
G01 X236.894 Y176.603
G01 X237.190 Y180.496
G01 X237.488 Y184.389
G01 X237.784 Y188.282
G01 X238.081 Y192.175
G01 X238.377 Y196.069
G01 X238.673 Y199.963
G01 X238.969 Y203.856
G01 X239.267 Y207.749
G01 X239.562 Y211.642
G01 X239.860 Y215.535
G01 X240.156 Y219.429
G01 X240.452 Y223.322
G01 X240.750 Y227.215
G01 X240.981 Y230.578
G01 X241.046 Y231.108
G01 X241.158 Y233.490
G01 X241.343 Y235.002
G01 X241.363 Y236.602
G01 X241.517 Y238.162
G01 X241.639 Y238.894
G01 X241.599 Y239.912
G01 X241.637 Y240.906
G01 X241.750 Y241.871
G01 X241.935 Y242.787
G01 X241.868 Y243.418
G01 X241.844 Y244.036
G01 X241.860 Y244.639
G01 X241.915 Y245.228
G01 X242.007 Y245.797
G01 X242.134 Y246.346
G01 X242.231 Y246.680
G01 X242.170 Y247.101
G01 X242.130 Y247.518
G01 X242.112 Y247.931
G01 X242.115 Y248.341
G01 X242.139 Y248.746
G01 X242.185 Y249.144
G01 X242.250 Y249.535
G01 X242.334 Y249.918
G01 X242.435 Y250.290
G01 X242.529 Y250.573
G01 X242.469 Y250.953
G01 X242.428 Y251.338
G01 X242.408 Y251.730
G01 X242.406 Y252.127
G01 X242.428 Y252.528
G01 X242.469 Y252.931
G01 X242.533 Y253.338
G01 X242.618 Y253.745
G01 X242.726 Y254.151
G01 X242.825 Y254.468
G01 X242.759 Y255.018
G01 X242.730 Y255.585
G01 X242.740 Y256.166
G01 X242.790 Y256.760
G01 X242.880 Y257.363
G01 X243.014 Y257.973
G01 X243.122 Y258.361
G01 X243.079 Y259.308
G01 X243.113 Y260.279
G01 X243.226 Y261.267
G01 X243.418 Y262.254
G01 X243.435 Y263.805
G01 X243.591 Y265.382
G01 X243.714 Y266.147
G01 X243.825 Y268.502
G01 X244.012 Y270.041
G01 X244.242 Y273.394
G01 X244.308 Y273.933
G01 X244.605 Y277.827
G01 X244.900 Y281.719
G01 X245.198 Y285.613
G01 X245.495 Y289.507
G01 X245.791 Y293.399
G01 X246.088 Y297.293
G01 X246.383 Y301.185
G01 X246.680 Y305.079
G01 X246.977 Y308.973
G01 X247.274 Y312.865
G01 X247.570 Y316.759
G01 X247.867 Y320.651
G01 X248.163 Y324.546
G01 X248.460 Y328.439
G01 X248.757 Y332.332
G01 X249.053 Y336.225
G01 X249.350 Y340.118
G01 X249.645 Y344.012
G01 X249.942 Y347.904
G01 X250.239 Y351.798
G01 X250.536 Y355.690
G01 X250.832 Y359.584
G01 X251.129 Y363.478
G01 X251.425 Y367.370
G01 X251.722 Y371.264
G01 X252.019 Y375.156
G01 X252.315 Y379.050
G01 X252.612 Y382.944
G01 X252.907 Y386.837
G01 X253.204 Y390.730
G01 X253.502 Y394.623
G01 X253.798 Y398.517
G01 X254.095 Y402.409
G01 X254.391 Y406.303
G01 X254.688 Y410.195
G01 X254.984 Y414.089
G01 X255.281 Y417.983
G01 X255.578 Y421.875
G01 X255.874 Y425.769
G01 X256.171 Y429.661
G01 X256.466 Y433.555
G01 X256.764 Y437.449
G01 X257.060 Y441.341
G01 X257.357 Y445.235
G01 X257.653 Y449.127
G01 X257.950 Y453.022
G01 X258.246 Y456.915
G01 X258.543 Y460.808
G01 X258.839 Y464.701
G01 X259.136 Y468.594
G01 X259.433 Y472.488
G01 X259.728 Y476.380
G01 X260.026 Y480.274
G01 X260.322 Y484.166
G01 X260.619 Y488.060
G01 X260.915 Y491.954
G01 X261.212 Y495.846
G01 X261.509 Y499.740
G01 X261.075 Y495.865
G01 X260.642 Y491.993
G01 X260.209 Y488.118
G01 X259.775 Y484.245
G01 X259.341 Y480.370
G01 X258.909 Y476.498
G01 X258.476 Y472.624
G01 X258.043 Y468.750
G01 X257.609 Y464.875
G01 X257.175 Y461.002
G01 X256.743 Y457.129
G01 X256.309 Y453.255
G01 X255.876 Y449.380
G01 X255.442 Y445.507
G01 X255.010 Y441.634
G01 X254.576 Y437.760
G01 X254.143 Y433.885
G01 X253.710 Y430.012
G01 X253.276 Y426.139
G01 X252.843 Y422.264
G01 X252.410 Y418.391
G01 X251.977 Y414.517
G01 X251.543 Y410.644
G01 X251.109 Y406.769
G01 X250.677 Y402.896
G01 X250.244 Y399.022
G01 X249.811 Y395.149
G01 X249.377 Y391.274
G01 X248.944 Y387.401
G01 X248.511 Y383.526
G01 X248.078 Y379.654
G01 X247.644 Y375.779
G01 X247.210 Y371.906
G01 X246.778 Y368.031
G01 X246.345 Y364.159
G01 X245.911 Y360.284
G01 X245.478 Y356.411
G01 X245.044 Y352.536
G01 X244.612 Y348.663
G01 X244.178 Y344.790
G01 X243.745 Y340.916
G01 X243.312 Y337.041
G01 X242.879 Y333.168
G01 X242.445 Y329.295
G01 X242.012 Y325.421
G01 X241.579 Y321.546
G01 X241.144 Y317.673
G01 X240.712 Y313.800
G01 X240.279 Y309.925
G01 X239.846 Y306.052
G01 X239.411 Y302.178
G01 X238.978 Y298.305
G01 X238.546 Y294.430
G01 X238.113 Y290.557
G01 X237.678 Y286.683
G01 X237.245 Y282.810
G01 X236.849 Y279.464
G01 X236.812 Y278.935
G01 X236.459 Y276.219
G01 X236.380 Y275.062
G01 X236.067 Y272.885
G01 X235.945 Y271.188
G01 X235.671 Y269.459
G01 X235.529 Y267.757
G01 X235.512 Y267.315
G01 X235.271 Y265.945
G01 X235.127 Y264.594
G01 X235.079 Y263.440
G01 X234.868 Y262.341
G01 X234.728 Y261.255
G01 X234.656 Y260.185
G01 X234.647 Y259.567
G01 X234.462 Y258.654
G01 X234.327 Y257.747
G01 X234.245 Y256.846
G01 X234.214 Y255.958
G01 X234.213 Y255.692
G01 X234.045 Y254.883
G01 X233.918 Y254.071
G01 X233.832 Y253.257
G01 X233.786 Y252.446
G01 X233.779 Y251.820
G01 X233.615 Y251.026
G01 X233.488 Y250.222
G01 X233.401 Y249.409
G01 X233.355 Y248.587
G01 X233.346 Y247.946
G01 X233.168 Y247.079
G01 X233.036 Y246.190
G01 X232.951 Y245.281
G01 X232.915 Y244.353
G01 X232.913 Y244.072
G01 X232.711 Y243.032
G01 X232.570 Y241.960
G01 X232.493 Y240.858
G01 X232.480 Y240.198
G01 X232.245 Y238.888
G01 X232.100 Y237.535
G01 X232.046 Y236.325
G01 X231.776 Y234.649
G01 X231.630 Y232.916
G01 X231.613 Y232.451
G01 X231.305 Y230.315
G01 X231.180 Y228.577
G01 X230.829 Y225.888
G01 X230.747 Y224.703
G01 X230.351 Y221.369
G01 X230.314 Y220.829
G01 X229.880 Y216.956
G01 X229.447 Y213.082
G01 X229.014 Y209.208
G01 X228.581 Y205.335
G01 X228.147 Y201.460
G01 X227.714 Y197.587
G01 X227.281 Y193.713
G01 X226.848 Y189.840
G01 X226.415 Y185.966
G01 X225.981 Y182.091
G01 X225.548 Y178.218
G01 X225.115 Y174.345
G01 X224.682 Y170.471
G01 X224.248 Y166.597
G01 X223.815 Y162.722
G01 X223.382 Y158.849
G01 X222.949 Y154.976
G01 X222.516 Y151.102
G01 X222.082 Y147.228
G01 X221.649 Y143.355
G01 X221.216 Y139.481
G01 X220.781 Y135.607
G01 X220.349 Y131.733
G01 X219.916 Y127.859
G01 X219.483 Y123.986
G01 X219.048 Y120.112
G01 X218.615 Y116.238
G01 X218.183 Y112.363
G01 X217.750 Y108.490
G01 X217.315 Y104.617
G01 X216.882 Y100.743
G01 X216.450 Y96.869
G01 X216.017 Y92.995
G01 X215.582 Y89.122
G01 X215.149 Y85.248
G01 X214.716 Y81.374
G01 X214.284 Y77.500
G01 X213.850 Y73.627
G01 X213.416 Y69.752
G01 X212.983 Y65.879
G01 X212.550 Y62.005
G01 X212.117 Y58.132
G01 X211.683 Y54.257
G01 X211.250 Y50.383
G01 X210.817 Y46.510
G01 X210.384 Y42.637
G01 X209.951 Y38.763
G01 X209.517 Y34.889
G01 X209.084 Y31.014
G01 X208.651 Y27.142
G01 X208.218 Y23.268
G01 X207.784 Y19.394
G01 X207.351 Y15.519
G01 X206.918 Y11.647
G01 X206.485 Y7.773
G01 X206.052 Y3.899
G01 X206.582 Y7.766
G01 X207.113 Y11.632
G01 X207.644 Y15.500
G01 X208.173 Y19.365
G01 X208.704 Y23.233
G01 X209.236 Y27.100
G01 X209.766 Y30.966
G01 X210.296 Y34.834
G01 X210.827 Y38.701
G01 X211.358 Y42.567
G01 X211.889 Y46.434
G01 X212.420 Y50.300
G01 X212.950 Y54.168
G01 X213.481 Y58.035
G01 X214.012 Y61.901
G01 X214.541 Y65.768
G01 X215.072 Y69.635
G01 X215.603 Y73.502
G01 X216.134 Y77.369
G01 X216.665 Y81.236
G01 X217.195 Y85.103
G01 X217.726 Y88.969
G01 X218.257 Y92.836
G01 X218.786 Y96.702
G01 X219.317 Y100.570
G01 X219.849 Y104.437
G01 X220.380 Y108.304
G01 X220.909 Y112.170
G01 X221.440 Y116.036
G01 X221.971 Y119.904
G01 X222.502 Y123.771
G01 X223.033 Y127.638
G01 X223.562 Y131.504
G01 X224.094 Y135.371
G01 X224.625 Y139.238
G01 X225.154 Y143.105
G01 X225.685 Y146.972
G01 X226.216 Y150.839
G01 X226.747 Y154.704
G01 X227.278 Y158.572
G01 X227.808 Y162.439
G01 X228.339 Y166.305
G01 X228.870 Y170.173
G01 X229.401 Y174.038
G01 X229.930 Y177.906
G01 X230.462 Y181.773
G01 X230.993 Y185.639
G01 X231.522 Y189.507
G01 X232.053 Y193.374
G01 X232.584 Y197.240
G01 X233.115 Y201.107
G01 X233.646 Y204.974
G01 X234.177 Y208.841
G01 X234.707 Y212.708
G01 X235.238 Y216.575
G01 X235.767 Y220.442
G01 X236.298 Y224.308
G01 X236.778 Y227.892
G01 X236.829 Y228.174
G01 X237.149 Y230.893
G01 X237.361 Y232.042
G01 X237.550 Y234.038
G01 X237.891 Y235.909
G01 X237.983 Y237.332
G01 X238.185 Y238.710
G01 X238.421 Y239.775
G01 X238.449 Y240.768
G01 X238.543 Y241.732
G01 X238.704 Y242.662
G01 X238.928 Y243.558
G01 X238.952 Y243.643
G01 X238.945 Y244.341
G01 X238.981 Y245.026
G01 X239.057 Y245.695
G01 X239.170 Y246.341
G01 X239.320 Y246.968
G01 X239.483 Y247.508
G01 X239.469 Y248.046
G01 X239.481 Y248.579
G01 X239.519 Y249.105
G01 X239.586 Y249.624
G01 X239.675 Y250.135
G01 X239.791 Y250.635
G01 X239.930 Y251.125
G01 X240.014 Y251.376
G01 X239.998 Y251.882
G01 X240.007 Y252.394
G01 X240.043 Y252.909
G01 X240.106 Y253.425
G01 X240.197 Y253.942
G01 X240.314 Y254.460
G01 X240.457 Y254.975
G01 X240.543 Y255.243
G01 X240.533 Y255.874
G01 X240.562 Y256.517
G01 X240.632 Y257.173
G01 X240.743 Y257.837
G01 X240.899 Y258.507
G01 X241.075 Y259.110
G01 X241.094 Y260.029
G01 X241.183 Y260.968
G01 X241.344 Y261.921
G01 X241.579 Y262.884
G01 X241.606 Y262.976
G01 X241.690 Y264.341
G01 X241.892 Y265.725
G01 X242.135 Y266.843
G01 X242.322 Y268.800
G01 X242.666 Y270.709
G01 X242.983 Y273.404
G01 X243.197 Y274.577
G01 X243.675 Y278.156
G01 X243.728 Y278.444
G01 X244.258 Y282.310
G01 X244.790 Y286.178
G01 X245.320 Y290.043
G01 X245.851 Y293.911
G01 X246.382 Y297.778
G01 X246.912 Y301.644
G01 X247.442 Y305.512
G01 X247.974 Y309.379
G01 X248.504 Y313.245
G01 X249.035 Y317.112
G01 X249.566 Y320.978
G01 X250.096 Y324.846
G01 X250.627 Y328.713
G01 X251.157 Y332.579
G01 X251.688 Y336.445
G01 X252.219 Y340.312
G01 X252.749 Y344.180
G01 X253.280 Y348.046
G01 X253.811 Y351.913
G01 X254.341 Y355.779
G01 X254.871 Y359.647
G01 X255.403 Y363.514
G01 X255.933 Y367.380
G01 X256.464 Y371.248
G01 X256.995 Y375.115
G01 X257.525 Y378.981
G01 X258.055 Y382.848
G01 X258.587 Y386.714
G01 X259.117 Y390.582
G01 X259.648 Y394.449
G01 X260.179 Y398.315
G01 X260.709 Y402.182
G01 X261.240 Y406.048
G01 X261.771 Y409.916
G01 X262.300 Y413.783
G01 X262.832 Y417.649
G01 X263.363 Y421.517
G01 X263.893 Y425.382
G01 X264.424 Y429.250
G01 X264.954 Y433.117
G01 X265.485 Y436.983
G01 X266.016 Y440.851
G01 X266.547 Y444.718
G01 X267.077 Y448.584
G01 X267.608 Y452.451
G01 X268.138 Y456.317
G01 X268.668 Y460.185
G01 X269.200 Y464.052
G01 X269.731 Y467.918
G01 X270.261 Y471.784
G01 X270.792 Y475.651
G01 X271.322 Y479.519
G01 X271.853 Y483.385
G01 X272.384 Y487.252
G01 X272.913 Y491.120
G01 X273.445 Y494.986
G01 X273.976 Y498.853
G01 X273.310 Y495.014
G01 X272.644 Y491.178
G01 X271.978 Y487.339
G01 X271.312 Y483.502
G01 X270.648 Y479.663
G01 X269.982 Y475.827
G01 X269.316 Y471.988
G01 X268.650 Y468.151
G01 X267.985 Y464.312
G01 X267.319 Y460.476
G01 X266.654 Y456.637
G01 X265.988 Y452.800
G01 X265.322 Y448.962
G01 X264.656 Y445.124
G01 X263.990 Y441.286
G01 X263.325 Y437.449
G01 X262.660 Y433.611
G01 X261.994 Y429.772
G01 X261.329 Y425.935
G01 X260.663 Y422.098
G01 X259.997 Y418.260
G01 X259.332 Y414.421
G01 X258.666 Y410.584
G01 X258.000 Y406.747
G01 X257.335 Y402.909
G01 X256.668 Y399.070
G01 X256.002 Y395.233
G01 X255.338 Y391.396
G01 X254.672 Y387.558
G01 X254.007 Y383.719
G01 X253.341 Y379.882
G01 X252.674 Y376.045
G01 X252.010 Y372.207
G01 X251.344 Y368.368
G01 X250.678 Y364.531
G01 X250.013 Y360.694
G01 X249.347 Y356.856
G01 X248.680 Y353.017
G01 X248.016 Y349.180
G01 X247.350 Y345.343
G01 X246.684 Y341.505
G01 X246.019 Y337.666
G01 X245.353 Y333.829
G01 X244.688 Y329.992
G01 X244.022 Y326.154
G01 X243.356 Y322.315
G01 X242.690 Y318.478
G01 X242.024 Y314.639
G01 X241.358 Y310.803
G01 X240.694 Y306.964
G01 X240.028 Y303.127
G01 X239.362 Y299.288
G01 X238.697 Y295.452
G01 X238.031 Y291.613
G01 X237.365 Y287.776
G01 X236.716 Y284.064
G01 X236.700 Y283.939
G01 X236.130 Y280.844
G01 X236.034 Y280.101
G01 X235.538 Y277.545
G01 X235.368 Y276.262
G01 X234.935 Y274.168
G01 X234.702 Y272.425
G01 X234.327 Y270.714
G01 X234.081 Y269.024
G01 X234.036 Y268.587
G01 X233.711 Y267.185
G01 X233.481 Y265.796
G01 X233.372 Y264.750
G01 X233.086 Y263.579
G01 X232.875 Y262.418
G01 X232.735 Y261.271
G01 X232.706 Y260.911
G01 X232.452 Y259.903
G01 X232.255 Y258.894
G01 X232.115 Y257.892
G01 X232.040 Y257.074
G01 X231.805 Y256.153
G01 X231.618 Y255.227
G01 X231.478 Y254.297
G01 X231.384 Y253.365
G01 X231.375 Y253.236
G01 X231.142 Y252.329
G01 X230.956 Y251.409
G01 X230.814 Y250.475
G01 X230.719 Y249.530
G01 X230.709 Y249.399
G01 X230.464 Y248.428
G01 X230.267 Y247.433
G01 X230.123 Y246.413
G01 X230.043 Y245.561
G01 X229.769 Y244.445
G01 X229.555 Y243.291
G01 X229.409 Y242.103
G01 X229.377 Y241.722
G01 X229.062 Y240.377
G01 X228.829 Y238.982
G01 X228.712 Y237.885
G01 X228.346 Y236.227
G01 X228.093 Y234.506
G01 X228.046 Y234.047
G01 X227.620 Y231.996
G01 X227.380 Y230.210
G01 X226.889 Y227.685
G01 X226.714 Y226.371
G01 X226.149 Y223.293
G01 X226.050 Y222.534
G01 X225.401 Y218.825
G01 X225.384 Y218.696
G01 X224.718 Y214.859
G01 X224.053 Y211.020
G01 X223.387 Y207.183
G01 X222.721 Y203.345
G01 X222.055 Y199.507
G01 X221.389 Y195.669
G01 X220.724 Y191.832
G01 X220.058 Y187.994
G01 X219.392 Y184.156
G01 X218.726 Y180.319
G01 X218.062 Y176.481
G01 X217.396 Y172.643
G01 X216.731 Y168.805
G01 X216.065 Y164.968
G01 X215.399 Y161.130
G01 X214.733 Y157.292
G01 X214.067 Y153.454
G01 X213.401 Y149.617
G01 X212.737 Y145.779
G01 X212.070 Y141.941
G01 X211.404 Y138.103
G01 X210.740 Y134.266
G01 X210.074 Y130.428
G01 X209.408 Y126.590
G01 X208.743 Y122.752
G01 X208.077 Y118.915
G01 X207.411 Y115.077
G01 X206.745 Y111.238
G01 X206.079 Y107.401
G01 X205.415 Y103.562
G01 X204.749 Y99.726
G01 X204.082 Y95.887
G01 X203.418 Y92.050
G01 X202.752 Y88.213
G01 X202.087 Y84.375
G01 X201.421 Y80.536
G01 X200.755 Y76.699
G01 X200.089 Y72.861
G01 X199.423 Y69.024
G01 X198.757 Y65.185
G01 X198.093 Y61.348
G01 X197.427 Y57.510
G01 X196.760 Y53.673
G01 X196.096 Y49.834
G01 X195.430 Y45.996
G01 X194.764 Y42.159
G01 X194.099 Y38.322
G01 X193.433 Y34.483
G01 X192.767 Y30.645
G01 X192.101 Y26.808
G01 X191.435 Y22.971
G01 X190.771 Y19.132
G01 X190.105 Y15.294
G01 X189.439 Y11.457
G01 X188.774 Y7.620
G01 X189.536 Y11.446
G01 X190.298 Y15.270
G01 X191.060 Y19.097
G01 X191.824 Y22.923
G01 X192.586 Y26.749
G01 X193.349 Y30.575
G01 X194.112 Y34.401
G01 X194.874 Y38.227
G01 X195.637 Y42.053
G01 X196.399 Y45.879
G01 X197.161 Y49.704
G01 X197.923 Y53.531
G01 X198.687 Y57.357
G01 X199.450 Y61.183
G01 X200.212 Y65.009
G01 X200.975 Y68.834
G01 X201.737 Y72.661
G01 X202.500 Y76.487
G01 X203.262 Y80.312
G01 X204.024 Y84.139
G01 X204.788 Y87.964
G01 X205.550 Y91.791
G01 X206.312 Y95.617
G01 X207.075 Y99.442
G01 X207.838 Y103.269
G01 X208.601 Y107.095
G01 X209.363 Y110.921
G01 X210.125 Y114.747
G01 X210.887 Y118.572
G01 X211.651 Y122.399
G01 X212.413 Y126.225
G01 X213.175 Y130.050
G01 X213.939 Y133.877
G01 X214.701 Y137.703
G01 X215.464 Y141.529
G01 X216.226 Y145.353
G01 X216.988 Y149.180
G01 X217.750 Y153.007
G01 X218.514 Y156.832
G01 X219.276 Y160.657
G01 X220.038 Y164.484
G01 X220.802 Y168.310
G01 X221.564 Y172.136
G01 X222.327 Y175.962
G01 X223.089 Y179.787
G01 X223.851 Y183.614
G01 X224.615 Y187.440
G01 X225.377 Y191.266
G01 X226.139 Y195.091
G01 X226.901 Y198.918
G01 X227.665 Y202.744
G01 X228.427 Y206.570
G01 X229.190 Y210.395
G01 X229.952 Y214.222
G01 X230.714 Y218.048
G01 X231.478 Y221.874
G01 X232.240 Y225.700
G01 X232.814 Y228.757
G01 X233.002 Y229.525
G01 X233.411 Y231.904
G01 X233.764 Y233.352
G01 X234.040 Y235.165
G01 X234.451 Y236.910
G01 X234.528 Y237.178
G01 X234.701 Y238.540
G01 X234.968 Y239.852
G01 X235.291 Y241.004
G01 X235.392 Y242.024
G01 X235.558 Y243.012
G01 X235.786 Y243.964
G01 X236.053 Y244.829
G01 X236.115 Y245.615
G01 X236.221 Y246.382
G01 X236.368 Y247.127
G01 X236.553 Y247.850
G01 X236.776 Y248.547
G01 X236.815 Y248.656
G01 X236.862 Y249.310
G01 X236.940 Y249.956
G01 X237.050 Y250.593
G01 X237.190 Y251.218
G01 X237.361 Y251.832
G01 X237.560 Y252.431
G01 X237.577 Y252.482
G01 X237.620 Y253.112
G01 X237.695 Y253.744
G01 X237.803 Y254.376
G01 X237.944 Y255.006
G01 X238.117 Y255.632
G01 X238.322 Y256.255
G01 X238.341 Y256.308
G01 X238.394 Y257.034
G01 X238.493 Y257.772
G01 X238.637 Y258.517
G01 X238.826 Y259.264
G01 X239.062 Y260.014
G01 X239.103 Y260.134
G01 X239.195 Y261.086
G01 X239.353 Y262.052
G01 X239.582 Y263.029
G01 X239.865 Y263.959
G01 X240.026 Y265.259
G01 X240.293 Y266.575
G01 X240.629 Y267.786
G01 X240.894 Y269.550
G01 X241.310 Y271.329
G01 X241.391 Y271.612
G01 X241.793 Y273.957
G01 X242.154 Y275.438
G01 X242.724 Y278.480
G01 X242.916 Y279.264
G01 X243.678 Y283.089
G01 X244.442 Y286.916
G01 X245.204 Y290.742
G01 X245.966 Y294.567
G01 X246.728 Y298.392
G01 X247.492 Y302.219
G01 X248.254 Y306.045
G01 X249.017 Y309.870
G01 X249.780 Y313.697
G01 X250.542 Y317.522
G01 X251.305 Y321.349
G01 X252.067 Y325.175
G01 X252.829 Y329.000
G01 X253.591 Y332.827
G01 X254.355 Y336.653
G01 X255.118 Y340.478
G01 X255.880 Y344.305
G01 X256.643 Y348.130
G01 X257.405 Y351.957
G01 X258.168 Y355.783
G01 X258.930 Y359.608
G01 X259.692 Y363.435
G01 X260.456 Y367.260
G01 X261.218 Y371.087
G01 X261.981 Y374.913
G01 X262.743 Y378.738
G01 X263.506 Y382.565
G01 X264.268 Y386.391
G01 X265.031 Y390.216
G01 X265.793 Y394.043
G01 X266.555 Y397.868
G01 X267.319 Y401.695
G01 X268.081 Y405.521
G01 X268.844 Y409.346
G01 X269.606 Y413.173
G01 X270.369 Y416.999
G01 X271.132 Y420.825
G01 X271.894 Y424.651
G01 X272.656 Y428.476
G01 X273.418 Y432.302
G01 X274.182 Y436.129
G01 X274.944 Y439.954
G01 X275.707 Y443.779
G01 X276.470 Y447.606
G01 X277.232 Y451.432
G01 X277.995 Y455.257
G01 X278.757 Y459.084
G01 X279.519 Y462.909
G01 X280.281 Y466.736
G01 X281.045 Y470.562
G01 X281.808 Y474.387
G01 X282.570 Y478.214
G01 X283.333 Y482.040
G01 X284.095 Y485.865
G01 X284.858 Y489.692
G01 X285.620 Y493.517
G01 X286.382 Y497.344
G01 X285.488 Y493.557
G01 X284.593 Y489.769
G01 X283.697 Y485.981
G01 X282.803 Y482.194
G01 X281.906 Y478.406
G01 X281.012 Y474.618
G01 X280.117 Y470.832
G01 X279.222 Y467.045
G01 X278.327 Y463.257
G01 X277.430 Y459.469
G01 X276.536 Y455.682
G01 X275.641 Y451.894
G01 X274.746 Y448.106
G01 X273.851 Y444.320
G01 X272.956 Y440.531
G01 X272.060 Y436.745
G01 X271.165 Y432.957
G01 X270.269 Y429.170
G01 X269.375 Y425.382
G01 X268.480 Y421.594
G01 X267.585 Y417.808
G01 X266.689 Y414.019
G01 X265.793 Y410.233
G01 X264.899 Y406.445
G01 X264.004 Y402.658
G01 X263.109 Y398.870
G01 X262.213 Y395.082
G01 X261.317 Y391.296
G01 X260.423 Y387.507
G01 X259.528 Y383.721
G01 X258.632 Y379.933
G01 X257.738 Y376.146
G01 X256.843 Y372.358
G01 X255.947 Y368.570
G01 X255.052 Y364.784
G01 X254.156 Y360.995
G01 X253.262 Y357.209
G01 X252.367 Y353.421
G01 X251.471 Y349.634
G01 X250.576 Y345.846
G01 X249.680 Y342.058
G01 X248.786 Y338.272
G01 X247.891 Y334.483
G01 X246.996 Y330.697
G01 X246.100 Y326.909
G01 X245.204 Y323.122
G01 X244.310 Y319.334
G01 X243.415 Y315.546
G01 X242.519 Y311.759
G01 X241.625 Y307.971
G01 X240.728 Y304.185
G01 X239.834 Y300.397
G01 X238.939 Y296.610
G01 X238.043 Y292.822
G01 X237.149 Y289.034
G01 X236.317 Y285.579
G01 X236.254 Y285.247
G01 X235.526 Y282.329
G01 X235.358 Y281.459
G01 X234.725 Y279.010
G01 X234.463 Y277.671
G01 X233.911 Y275.624
G01 X233.567 Y273.885
G01 X233.087 Y272.170
G01 X232.733 Y270.468
G01 X232.673 Y270.096
G01 X232.252 Y268.651
G01 X231.930 Y267.213
G01 X231.778 Y266.310
G01 X231.406 Y265.067
G01 X231.112 Y263.827
G01 X230.892 Y262.596
G01 X230.882 Y262.522
G01 X230.546 Y261.418
G01 X230.272 Y260.314
G01 X230.060 Y259.209
G01 X229.987 Y258.735
G01 X229.673 Y257.709
G01 X229.409 Y256.671
G01 X229.201 Y255.629
G01 X229.091 Y254.948
G01 X228.781 Y253.933
G01 X228.519 Y252.900
G01 X228.307 Y251.850
G01 X228.197 Y251.160
G01 X227.870 Y250.090
G01 X227.596 Y248.990
G01 X227.377 Y247.864
G01 X227.302 Y247.373
G01 X226.942 Y246.175
G01 X226.647 Y244.938
G01 X226.418 Y243.662
G01 X226.406 Y243.585
G01 X225.999 Y242.191
G01 X225.673 Y240.740
G01 X225.512 Y239.798
G01 X225.043 Y238.132
G01 X224.680 Y236.399
G01 X224.617 Y236.011
G01 X224.075 Y234.005
G01 X223.721 Y232.222
G01 X223.094 Y229.805
G01 X222.826 Y228.436
G01 X222.103 Y225.537
G01 X221.930 Y224.648
G01 X221.101 Y221.201
G01 X221.036 Y220.861
G01 X220.141 Y217.073
G01 X219.245 Y213.286
G01 X218.350 Y209.498
G01 X217.454 Y205.710
G01 X216.560 Y201.924
G01 X215.665 Y198.136
G01 X214.769 Y194.349
G01 X213.874 Y190.561
G01 X212.978 Y186.774
G01 X212.084 Y182.986
G01 X211.189 Y179.198
G01 X210.293 Y175.411
G01 X209.399 Y171.624
G01 X208.502 Y167.837
G01 X207.608 Y164.049
G01 X206.713 Y160.262
G01 X205.817 Y156.474
G01 X204.923 Y152.686
G01 X204.028 Y148.899
G01 X203.132 Y145.112
G01 X202.237 Y141.325
G01 X201.341 Y137.537
G01 X200.447 Y133.750
G01 X199.552 Y129.962
G01 X198.656 Y126.175
G01 X197.762 Y122.387
G01 X196.865 Y118.600
G01 X195.971 Y114.812
G01 X195.076 Y111.024
G01 X194.180 Y107.238
G01 X193.286 Y103.450
G01 X192.389 Y99.663
G01 X191.495 Y95.875
G01 X190.600 Y92.088
G01 X189.704 Y88.300
G01 X188.810 Y84.512
G01 X187.915 Y80.725
G01 X187.019 Y76.938
G01 X186.124 Y73.149
G01 X185.228 Y69.363
G01 X184.334 Y65.576
G01 X183.439 Y61.788
G01 X182.543 Y58.001
G01 X181.649 Y54.213
G01 X180.752 Y50.425
G01 X179.858 Y46.638
G01 X178.963 Y42.851
G01 X178.067 Y39.064
G01 X177.173 Y35.276
G01 X176.276 Y31.489
G01 X175.382 Y27.701
G01 X174.487 Y23.913
G01 X173.591 Y20.126
G01 X172.697 Y16.339
G01 X171.802 Y12.550
G01 X172.793 Y16.322
G01 X173.784 Y20.093
G01 X174.776 Y23.864
G01 X175.767 Y27.633
G01 X176.759 Y31.406
G01 X177.750 Y35.175
G01 X178.740 Y38.947
G01 X179.733 Y42.718
G01 X180.724 Y46.489
G01 X181.714 Y50.260
G01 X182.707 Y54.031
G01 X183.697 Y57.800
G01 X184.690 Y61.572
G01 X185.680 Y65.343
G01 X186.671 Y69.113
G01 X187.663 Y72.885
G01 X188.654 Y76.655
G01 X189.647 Y80.425
G01 X190.637 Y84.197
G01 X191.629 Y87.968
G01 X192.620 Y91.738
G01 X193.612 Y95.510
G01 X194.603 Y99.280
G01 X195.594 Y103.050
G01 X196.586 Y106.822
G01 X197.577 Y110.593
G01 X198.569 Y114.363
G01 X199.560 Y118.134
G01 X200.552 Y121.905
G01 X201.543 Y125.676
G01 X202.534 Y129.447
G01 X203.526 Y133.218
G01 X204.517 Y136.989
G01 X205.509 Y140.758
G01 X206.500 Y144.530
G01 X207.492 Y148.300
G01 X208.483 Y152.072
G01 X209.474 Y155.843
G01 X210.466 Y159.613
G01 X211.457 Y163.383
G01 X212.449 Y167.155
G01 X213.440 Y170.925
G01 X214.430 Y174.697
G01 X215.423 Y178.468
G01 X216.413 Y182.238
G01 X217.404 Y186.008
G01 X218.397 Y189.780
G01 X219.387 Y193.550
G01 X220.380 Y197.322
G01 X221.370 Y201.091
G01 X222.362 Y204.863
G01 X223.353 Y208.633
G01 X224.344 Y212.405
G01 X225.337 Y216.175
G01 X226.327 Y219.947
G01 X227.319 Y223.718
G01 X228.190 Y227.103
G01 X228.310 Y227.488
G01 X228.983 Y230.227
G01 X229.302 Y231.258
G01 X229.805 Y233.444
G01 X230.293 Y235.030
G01 X230.661 Y236.754
G01 X231.147 Y238.404
G01 X231.284 Y238.800
G01 X231.546 Y240.154
G01 X231.894 Y241.453
G01 X232.276 Y242.572
G01 X232.464 Y243.643
G01 X232.713 Y244.678
G01 X233.019 Y245.673
G01 X233.267 Y246.341
G01 X233.409 Y247.219
G01 X233.598 Y248.072
G01 X233.827 Y248.900
G01 X234.100 Y249.701
G01 X234.259 Y250.113
G01 X234.379 Y250.880
G01 X234.536 Y251.636
G01 X234.731 Y252.377
G01 X234.959 Y253.105
G01 X235.223 Y253.816
G01 X235.250 Y253.883
G01 X235.367 Y254.632
G01 X235.521 Y255.379
G01 X235.714 Y256.120
G01 X235.945 Y256.856
G01 X236.214 Y257.584
G01 X236.242 Y257.654
G01 X236.374 Y258.483
G01 X236.553 Y259.315
G01 X236.784 Y260.151
G01 X237.065 Y260.986
G01 X237.233 Y261.425
G01 X237.406 Y262.435
G01 X237.649 Y263.454
G01 X237.963 Y264.480
G01 X238.225 Y265.197
G01 X238.471 Y266.488
G01 X238.817 Y267.791
G01 X239.216 Y268.966
G01 X239.570 Y270.639
G01 X240.062 Y272.320
G01 X240.207 Y272.738
G01 X240.701 Y274.885
G01 X241.199 Y276.509
G01 X241.865 Y279.225
G01 X242.190 Y280.279
G01 X243.060 Y283.656
G01 X243.182 Y284.050
G01 X244.173 Y287.820
G01 X245.163 Y291.591
G01 X246.156 Y295.363
G01 X247.147 Y299.134
G01 X248.138 Y302.904
G01 X249.130 Y306.675
G01 X250.121 Y310.445
G01 X251.113 Y314.216
G01 X252.103 Y317.988
G01 X253.096 Y321.759
G01 X254.087 Y325.529
G01 X255.078 Y329.300
G01 X256.070 Y333.070
G01 X257.061 Y336.841
G01 X258.053 Y340.613
G01 X259.043 Y344.384
G01 X260.035 Y348.154
G01 X261.026 Y351.925
G01 X262.018 Y355.695
G01 X263.009 Y359.466
G01 X264.001 Y363.238
G01 X264.992 Y367.009
G01 X265.984 Y370.779
G01 X266.975 Y374.550
G01 X267.966 Y378.320
G01 X268.958 Y382.091
G01 X269.949 Y385.863
G01 X270.941 Y389.634
G01 X271.932 Y393.404
G01 X272.923 Y397.175
G01 X273.915 Y400.945
G01 X274.906 Y404.716
G01 X275.897 Y408.488
G01 X276.889 Y412.259
G01 X277.880 Y416.029
G01 X278.872 Y419.800
G01 X279.863 Y423.570
G01 X280.853 Y427.341
G01 X281.846 Y431.113
G01 X282.837 Y434.884
G01 X283.829 Y438.654
G01 X284.820 Y442.425
G01 X285.811 Y446.195
G01 X286.803 Y449.966
G01 X287.793 Y453.738
G01 X288.785 Y457.507
G01 X289.776 Y461.279
G01 X290.768 Y465.050
G01 X291.760 Y468.820
G01 X292.751 Y472.591
G01 X293.742 Y476.363
G01 X294.734 Y480.132
G01 X295.725 Y483.904
G01 X296.716 Y487.675
G01 X297.708 Y491.445
G01 X298.700 Y495.216
G01 X297.579 Y491.493
G01 X296.458 Y487.771
G01 X295.337 Y484.048
G01 X294.216 Y480.325
G01 X293.095 Y476.601
G01 X291.974 Y472.879
G01 X290.853 Y469.156
G01 X289.732 Y465.433
G01 X288.611 Y461.709
G01 X287.490 Y457.987
G01 X286.369 Y454.264
G01 X285.248 Y450.541
G01 X284.127 Y446.817
G01 X283.006 Y443.094
G01 X281.885 Y439.370
G01 X280.764 Y435.647
G01 X279.644 Y431.925
G01 X278.523 Y428.202
G01 X277.401 Y424.478
G01 X276.281 Y420.755
G01 X275.160 Y417.033
G01 X274.038 Y413.310
G01 X272.918 Y409.587
G01 X271.797 Y405.863
G01 X270.675 Y402.141
G01 X269.555 Y398.418
G01 X268.434 Y394.695
G01 X267.312 Y390.971
G01 X266.192 Y387.249
G01 X265.072 Y383.526
G01 X263.951 Y379.803
G01 X262.829 Y376.079
G01 X261.709 Y372.356
G01 X260.588 Y368.634
G01 X259.466 Y364.911
G01 X258.346 Y361.188
G01 X257.225 Y357.464
G01 X256.103 Y353.742
G01 X254.983 Y350.019
G01 X253.862 Y346.296
G01 X252.740 Y342.572
G01 X251.620 Y338.850
G01 X250.499 Y335.127
G01 X249.379 Y331.404
G01 X248.257 Y327.680
G01 X247.137 Y323.957
G01 X246.016 Y320.235
G01 X244.894 Y316.512
G01 X243.774 Y312.788
G01 X242.653 Y309.065
G01 X241.531 Y305.343
G01 X240.411 Y301.620
G01 X239.290 Y297.897
G01 X238.168 Y294.173
G01 X237.048 Y290.451
G01 X236.046 Y287.190
G01 X235.927 Y286.728
G01 X235.048 Y283.938
G01 X234.805 Y283.004
G01 X234.036 Y280.627
G01 X233.685 Y279.281
G01 X233.010 Y277.255
G01 X232.565 Y275.558
G01 X231.971 Y273.827
G01 X231.505 Y272.101
G01 X231.444 Y271.834
G01 X230.918 Y270.339
G01 X230.495 Y268.846
G01 X230.322 Y268.112
G01 X229.853 Y266.796
G01 X229.463 Y265.478
G01 X229.202 Y264.389
G01 X228.771 Y263.195
G01 X228.406 Y261.995
G01 X228.108 Y260.791
G01 X228.081 Y260.666
G01 X227.671 Y259.540
G01 X227.320 Y258.399
G01 X227.026 Y257.248
G01 X226.959 Y256.942
G01 X226.553 Y255.827
G01 X226.202 Y254.688
G01 X225.906 Y253.528
G01 X225.839 Y253.220
G01 X225.416 Y252.055
G01 X225.052 Y250.856
G01 X224.745 Y249.627
G01 X224.718 Y249.496
G01 X224.260 Y248.222
G01 X223.868 Y246.900
G01 X223.596 Y245.774
G01 X223.087 Y244.326
G01 X222.656 Y242.817
G01 X222.476 Y242.050
G01 X221.897 Y240.365
G01 X221.418 Y238.606
G01 X221.355 Y238.328
G01 X220.692 Y236.345
G01 X220.233 Y234.605
G01 X219.473 Y232.261
G01 X219.113 Y230.882
G01 X218.240 Y228.115
G01 X217.992 Y227.159
G01 X216.993 Y223.910
G01 X216.872 Y223.436
G01 X215.750 Y219.713
G01 X214.630 Y215.990
G01 X213.509 Y212.267
G01 X212.387 Y208.543
G01 X211.267 Y204.821
G01 X210.146 Y201.097
G01 X209.024 Y197.375
G01 X207.904 Y193.651
G01 X206.783 Y189.929
G01 X205.661 Y186.206
G01 X204.541 Y182.483
G01 X203.420 Y178.760
G01 X202.300 Y175.037
G01 X201.178 Y171.314
G01 X200.058 Y167.591
G01 X198.937 Y163.868
G01 X197.815 Y160.144
G01 X196.695 Y156.422
G01 X195.574 Y152.698
G01 X194.452 Y148.976
G01 X193.332 Y145.252
G01 X192.211 Y141.530
G01 X191.089 Y137.806
G01 X189.969 Y134.084
G01 X188.848 Y130.361
G01 X187.726 Y126.638
G01 X186.606 Y122.915
G01 X185.486 Y119.192
G01 X184.365 Y115.468
G01 X183.243 Y111.745
G01 X182.123 Y108.022
G01 X181.002 Y104.298
G01 X179.880 Y100.576
G01 X178.760 Y96.853
G01 X177.639 Y93.130
G01 X176.517 Y89.406
G01 X175.397 Y85.684
G01 X174.276 Y81.961
G01 X173.154 Y78.238
G01 X172.034 Y74.514
G01 X170.913 Y70.792
G01 X169.791 Y67.069
G01 X168.671 Y63.346
G01 X167.550 Y59.623
G01 X166.430 Y55.900
G01 X165.308 Y52.177
G01 X164.188 Y48.454
G01 X163.067 Y44.731
G01 X161.945 Y41.007
G01 X160.825 Y37.285
G01 X159.704 Y33.562
G01 X158.582 Y29.839
G01 X157.462 Y26.115
G01 X156.341 Y22.393
G01 X155.219 Y18.669
G01 X156.437 Y22.371
G01 X157.653 Y26.073
G01 X158.868 Y29.775
G01 X160.084 Y33.476
G01 X161.300 Y37.178
G01 X162.517 Y40.880
G01 X163.733 Y44.581
G01 X164.950 Y48.282
G01 X166.166 Y51.984
G01 X167.382 Y55.685
G01 X168.599 Y59.388
G01 X169.815 Y63.089
G01 X171.031 Y66.791
G01 X172.247 Y70.493
G01 X173.463 Y74.194
G01 X174.680 Y77.896
G01 X175.896 Y81.598
G01 X177.112 Y85.298
G01 X178.327 Y89.000
G01 X179.543 Y92.702
G01 X180.760 Y96.404
G01 X181.976 Y100.106
G01 X183.192 Y103.807
G01 X184.409 Y107.509
G01 X185.625 Y111.209
G01 X186.841 Y114.911
G01 X188.058 Y118.613
G01 X189.274 Y122.315
G01 X190.490 Y126.017
G01 X191.706 Y129.718
G01 X192.923 Y133.419
G01 X194.139 Y137.121
G01 X195.355 Y140.823
G01 X196.570 Y144.525
G01 X197.786 Y148.227
G01 X199.004 Y151.928
G01 X200.219 Y155.630
G01 X201.435 Y159.331
G01 X202.651 Y163.032
G01 X203.868 Y166.734
G01 X205.084 Y170.436
G01 X206.300 Y174.138
G01 X207.517 Y177.839
G01 X208.733 Y181.541
G01 X209.949 Y185.243
G01 X211.166 Y188.944
G01 X212.382 Y192.645
G01 X213.598 Y196.347
G01 X214.814 Y200.049
G01 X216.029 Y203.751
G01 X217.247 Y207.452
G01 X218.463 Y211.154
G01 X219.678 Y214.856
G01 X220.894 Y218.556
G01 X222.111 Y222.258
G01 X223.324 Y225.951
G01 X223.327 Y225.960
G01 X224.308 Y229.035
G01 X224.543 Y229.662
G01 X225.322 Y232.195
G01 X225.760 Y233.364
G01 X226.368 Y235.433
G01 X226.976 Y237.065
G01 X227.445 Y238.748
G01 X228.021 Y240.352
G01 X228.192 Y240.767
G01 X228.553 Y242.137
G01 X228.995 Y243.450
G01 X229.409 Y244.468
G01 X229.692 Y245.601
G01 X230.036 Y246.692
G01 X230.437 Y247.738
G01 X230.625 Y248.169
G01 X230.858 Y249.137
G01 X231.139 Y250.076
G01 X231.466 Y250.986
G01 X231.837 Y251.864
G01 X231.841 Y251.871
G01 X232.048 Y252.746
G01 X232.300 Y253.605
G01 X232.591 Y254.446
G01 X232.921 Y255.266
G01 X233.057 Y255.573
G01 X233.260 Y256.433
G01 X233.509 Y257.284
G01 X233.800 Y258.129
G01 X234.135 Y258.961
G01 X234.274 Y259.274
G01 X234.495 Y260.201
G01 X234.772 Y261.127
G01 X235.101 Y262.050
G01 X235.486 Y262.968
G01 X235.490 Y262.976
G01 X235.757 Y264.053
G01 X236.096 Y265.135
G01 X236.507 Y266.218
G01 X236.706 Y266.678
G01 X237.048 Y267.992
G01 X237.490 Y269.310
G01 X237.921 Y270.380
G01 X238.374 Y272.010
G01 X238.959 Y273.644
G01 X239.137 Y274.082
G01 X239.733 Y276.111
G01 X240.353 Y277.783
G01 X241.123 Y280.288
G01 X241.570 Y281.485
G01 X242.546 Y284.545
G01 X242.786 Y285.185
G01 X244.000 Y288.879
G01 X244.002 Y288.887
G01 X245.219 Y292.589
G01 X246.435 Y296.291
G01 X247.651 Y299.993
G01 X248.868 Y303.694
G01 X250.084 Y307.396
G01 X251.299 Y311.098
G01 X252.516 Y314.798
G01 X253.733 Y318.500
G01 X254.948 Y322.202
G01 X256.165 Y325.904
G01 X257.381 Y329.606
G01 X258.597 Y333.307
G01 X259.814 Y337.009
G01 X261.030 Y340.709
G01 X262.246 Y344.411
G01 X263.462 Y348.113
G01 X264.679 Y351.815
G01 X265.894 Y355.517
G01 X267.111 Y359.218
G01 X268.327 Y362.920
G01 X269.543 Y366.622
G01 X270.759 Y370.322
G01 X271.976 Y374.024
G01 X273.192 Y377.726
G01 X274.408 Y381.428
G01 X275.624 Y385.130
G01 X276.841 Y388.831
G01 X278.057 Y392.533
G01 X279.273 Y396.235
G01 X280.489 Y399.935
G01 X281.704 Y403.637
G01 X282.922 Y407.339
G01 X284.138 Y411.041
G01 X285.353 Y414.743
G01 X286.570 Y418.444
G01 X287.786 Y422.146
G01 X289.002 Y425.848
G01 X290.219 Y429.548
G01 X291.435 Y433.250
G01 X292.651 Y436.952
G01 X293.867 Y440.654
G01 X295.084 Y444.356
G01 X296.300 Y448.057
G01 X297.516 Y451.759
G01 X298.732 Y455.461
G01 X299.948 Y459.161
G01 X301.165 Y462.863
G01 X302.381 Y466.565
G01 X303.597 Y470.267
G01 X304.812 Y473.969
G01 X306.029 Y477.670
G01 X307.246 Y481.372
G01 X308.462 Y485.074
G01 X309.678 Y488.774
G01 X310.894 Y492.476
G01 X309.552 Y488.832
G01 X308.210 Y485.187
G01 X306.868 Y481.541
G01 X305.526 Y477.897
G01 X304.184 Y474.252
G01 X302.841 Y470.608
G01 X301.500 Y466.963
G01 X300.158 Y463.319
G01 X298.816 Y459.673
G01 X297.474 Y456.029
G01 X296.132 Y452.384
G01 X294.790 Y448.738
G01 X293.448 Y445.094
G01 X292.106 Y441.450
G01 X290.764 Y437.805
G01 X289.421 Y434.159
G01 X288.079 Y430.514
G01 X286.737 Y426.870
G01 X285.394 Y423.226
G01 X284.053 Y419.581
G01 X282.711 Y415.935
G01 X281.369 Y412.291
G01 X280.026 Y408.647
G01 X278.685 Y405.002
G01 X277.343 Y401.356
G01 X276.001 Y397.712
G01 X274.659 Y394.067
G01 X273.317 Y390.423
G01 X271.975 Y386.778
G01 X270.632 Y383.132
G01 X269.291 Y379.488
G01 X267.949 Y375.844
G01 X266.607 Y372.199
G01 X265.264 Y368.553
G01 X263.923 Y364.909
G01 X262.581 Y361.264
G01 X261.239 Y357.620
G01 X259.896 Y353.975
G01 X258.554 Y350.329
G01 X257.212 Y346.685
G01 X255.870 Y343.041
G01 X254.528 Y339.396
G01 X253.186 Y335.750
G01 X251.844 Y332.106
G01 X250.502 Y328.462
G01 X249.160 Y324.817
G01 X247.817 Y321.171
G01 X246.476 Y317.526
G01 X245.133 Y313.882
G01 X243.791 Y310.238
G01 X242.450 Y306.593
G01 X241.108 Y302.947
G01 X239.766 Y299.303
G01 X238.423 Y295.658
G01 X237.103 Y292.081
G01 X237.082 Y292.014
G01 X235.913 Y288.906
G01 X235.740 Y288.368
G01 X234.707 Y285.678
G01 X234.397 Y284.724
G01 X233.487 Y282.397
G01 X233.055 Y281.079
G01 X232.250 Y279.065
G01 X231.714 Y277.435
G01 X230.999 Y275.680
G01 X230.411 Y273.925
G01 X230.372 Y273.790
G01 X229.731 Y272.245
G01 X229.195 Y270.695
G01 X229.029 Y270.144
G01 X228.449 Y268.759
G01 X227.952 Y267.365
G01 X227.688 Y266.500
G01 X227.149 Y265.223
G01 X226.680 Y263.933
G01 X226.346 Y262.856
G01 X225.829 Y261.637
G01 X225.375 Y260.399
G01 X225.002 Y259.211
G01 X224.490 Y258.000
G01 X224.036 Y256.764
G01 X223.661 Y255.566
G01 X223.132 Y254.312
G01 X222.661 Y253.020
G01 X222.319 Y251.921
G01 X221.752 Y250.571
G01 X221.252 Y249.168
G01 X220.976 Y248.275
G01 X220.353 Y246.773
G01 X219.808 Y245.204
G01 X219.635 Y244.632
G01 X218.937 Y242.919
G01 X218.334 Y241.127
G01 X218.293 Y240.987
G01 X217.502 Y239.012
G01 X216.951 Y237.341
G01 X216.053 Y235.048
G01 X215.608 Y233.697
G01 X214.586 Y231.030
G01 X214.267 Y230.053
G01 X213.103 Y226.958
G01 X212.925 Y226.407
G01 X211.605 Y222.832
G01 X211.582 Y222.763
G01 X210.240 Y219.118
G01 X208.899 Y215.472
G01 X207.557 Y211.829
G01 X206.214 Y208.184
G01 X204.873 Y204.538
G01 X203.531 Y200.894
G01 X202.189 Y197.250
G01 X200.846 Y193.605
G01 X199.505 Y189.960
G01 X198.163 Y186.315
G01 X196.820 Y182.669
G01 X195.478 Y179.025
G01 X194.135 Y175.381
G01 X192.795 Y171.736
G01 X191.452 Y168.091
G01 X190.110 Y164.447
G01 X188.767 Y160.802
G01 X187.425 Y157.156
G01 X186.084 Y153.512
G01 X184.742 Y149.867
G01 X183.399 Y146.222
G01 X182.058 Y142.578
G01 X180.716 Y138.933
G01 X179.374 Y135.287
G01 X178.031 Y131.644
G01 X176.690 Y127.999
G01 X175.348 Y124.354
G01 X174.005 Y120.709
G01 X172.663 Y117.064
G01 X171.322 Y113.420
G01 X169.980 Y109.774
G01 X168.637 Y106.130
G01 X167.296 Y102.485
G01 X165.954 Y98.841
G01 X164.612 Y95.196
G01 X163.269 Y91.550
G01 X161.928 Y87.906
G01 X160.586 Y84.261
G01 X159.243 Y80.617
G01 X157.901 Y76.971
G01 X156.558 Y73.327
G01 X155.216 Y69.682
G01 X153.875 Y66.036
G01 X152.533 Y62.393
G01 X151.190 Y58.748
G01 X149.849 Y55.103
G01 X148.507 Y51.458
G01 X147.165 Y47.814
G01 X145.822 Y44.168
G01 X144.481 Y40.524
G01 X143.139 Y36.879
G01 X141.796 Y33.233
G01 X140.454 Y29.590
G01 X139.113 Y25.945
G01 X140.548 Y29.564
G01 X141.985 Y33.181
G01 X143.421 Y36.800
G01 X144.856 Y40.418
G01 X146.293 Y44.038
G01 X147.730 Y47.656
G01 X149.166 Y51.275
G01 X150.601 Y54.894
G01 X152.038 Y58.513
G01 X153.474 Y62.131
G01 X154.909 Y65.750
G01 X156.346 Y69.369
G01 X157.781 Y72.987
G01 X159.218 Y76.606
G01 X160.654 Y80.224
G01 X162.091 Y83.843
G01 X163.526 Y87.462
G01 X164.963 Y91.079
G01 X166.399 Y94.699
G01 X167.834 Y98.317
G01 X169.271 Y101.935
G01 X170.707 Y105.555
G01 X172.144 Y109.173
G01 X173.579 Y112.792
G01 X175.016 Y116.411
G01 X176.452 Y120.029
G01 X177.887 Y123.648
G01 X179.324 Y127.267
G01 X180.760 Y130.885
G01 X182.197 Y134.504
G01 X183.632 Y138.123
G01 X185.069 Y141.740
G01 X186.505 Y145.359
G01 X187.940 Y148.978
G01 X189.377 Y152.597
G01 X190.812 Y156.216
G01 X192.249 Y159.834
G01 X193.685 Y163.453
G01 X195.122 Y167.072
G01 X196.558 Y170.690
G01 X197.993 Y174.309
G01 X199.430 Y177.928
G01 X200.865 Y181.546
G01 X202.302 Y185.165
G01 X203.738 Y188.782
G01 X205.173 Y192.401
G01 X206.611 Y196.020
G01 X208.046 Y199.638
G01 X209.483 Y203.257
G01 X210.918 Y206.877
G01 X212.355 Y210.495
G01 X213.791 Y214.114
G01 X215.226 Y217.733
G01 X216.663 Y221.351
G01 X218.100 Y224.970
G01 X219.428 Y228.350
G01 X219.536 Y228.589
G01 X220.630 Y231.442
G01 X220.971 Y232.207
G01 X221.863 Y234.601
G01 X222.408 Y235.826
G01 X223.129 Y237.823
G01 X223.844 Y239.444
G01 X224.425 Y241.112
G01 X225.103 Y242.696
G01 X225.279 Y243.062
G01 X225.750 Y244.463
G01 X226.298 Y245.799
G01 X226.716 Y246.681
G01 X227.106 Y247.877
G01 X227.558 Y249.025
G01 X228.065 Y250.126
G01 X228.151 Y250.299
G01 X228.490 Y251.353
G01 X228.877 Y252.375
G01 X229.314 Y253.361
G01 X229.589 Y253.918
G01 X229.897 Y254.893
G01 X230.254 Y255.847
G01 X230.654 Y256.776
G01 X231.024 Y257.538
G01 X231.329 Y258.500
G01 X231.683 Y259.450
G01 X232.087 Y260.385
G01 X232.461 Y261.156
G01 X232.786 Y262.175
G01 X233.170 Y263.189
G01 X233.612 Y264.194
G01 X233.897 Y264.774
G01 X234.269 Y265.923
G01 X234.718 Y267.069
G01 X235.240 Y268.209
G01 X235.332 Y268.394
G01 X235.784 Y269.742
G01 X236.334 Y271.089
G01 X236.769 Y272.012
G01 X237.331 Y273.630
G01 X238.021 Y275.245
G01 X238.204 Y275.630
G01 X238.909 Y277.588
G01 X239.641 Y279.249
G01 X240.522 Y281.613
G01 X241.077 Y282.868
G01 X242.166 Y285.704
G01 X242.514 Y286.487
G01 X243.841 Y289.861
G01 X243.950 Y290.105
G01 X245.386 Y293.724
G01 X246.822 Y297.343
G01 X248.257 Y300.961
G01 X249.694 Y304.579
G01 X251.130 Y308.199
G01 X252.567 Y311.817
G01 X254.002 Y315.435
G01 X255.439 Y319.055
G01 X256.875 Y322.673
G01 X258.311 Y326.291
G01 X259.747 Y329.909
G01 X261.183 Y333.529
G01 X262.619 Y337.147
G01 X264.055 Y340.766
G01 X265.492 Y344.385
G01 X266.928 Y348.004
G01 X268.364 Y351.622
G01 X269.800 Y355.240
G01 X271.236 Y358.860
G01 X272.672 Y362.478
G01 X274.109 Y366.096
G01 X275.545 Y369.714
G01 X276.981 Y373.334
G01 X278.417 Y376.952
G01 X279.853 Y380.570
G01 X281.288 Y384.190
G01 X282.725 Y387.808
G01 X284.161 Y391.427
G01 X285.598 Y395.046
G01 X287.034 Y398.665
G01 X288.470 Y402.283
G01 X289.906 Y405.901
G01 X291.341 Y409.519
G01 X292.778 Y413.139
G01 X294.214 Y416.757
G01 X295.650 Y420.375
G01 X297.086 Y423.995
G01 X298.523 Y427.613
G01 X299.959 Y431.231
G01 X301.394 Y434.851
G01 X302.831 Y438.469
G01 X304.267 Y442.088
G01 X305.703 Y445.707
G01 X307.139 Y449.325
G01 X308.575 Y452.944
G01 X310.011 Y456.562
G01 X311.447 Y460.180
G01 X312.884 Y463.800
G01 X314.320 Y467.418
G01 X315.756 Y471.036
G01 X317.192 Y474.656
G01 X318.627 Y478.274
G01 X320.064 Y481.892
G01 X321.500 Y485.512
G01 X322.937 Y489.130
G01 X321.379 Y485.577
G01 X319.821 Y482.024
G01 X318.264 Y478.471
G01 X316.706 Y474.918
G01 X315.148 Y471.365
G01 X313.591 Y467.812
G01 X312.033 Y464.259
G01 X310.476 Y460.706
G01 X308.918 Y457.153
G01 X307.360 Y453.600
G01 X305.803 Y450.046
G01 X304.245 Y446.493
G01 X302.687 Y442.940
G01 X301.130 Y439.387
G01 X299.572 Y435.834
G01 X298.014 Y432.281
G01 X296.457 Y428.728
G01 X294.899 Y425.175
G01 X293.341 Y421.622
G01 X291.784 Y418.069
G01 X290.226 Y414.516
G01 X288.668 Y410.963
G01 X287.111 Y407.409
G01 X285.553 Y403.856
G01 X283.996 Y400.303
G01 X282.438 Y396.750
G01 X280.881 Y393.197
G01 X279.323 Y389.644
G01 X277.764 Y386.091
G01 X276.208 Y382.538
G01 X274.650 Y378.986
G01 X273.091 Y375.433
G01 X271.535 Y371.880
G01 X269.977 Y368.327
G01 X268.420 Y364.774
G01 X266.862 Y361.221
G01 X265.304 Y357.666
G01 X263.747 Y354.115
G01 X262.189 Y350.560
G01 X260.631 Y347.007
G01 X259.074 Y343.454
G01 X257.516 Y339.901
G01 X255.958 Y336.349
G01 X254.400 Y332.796
G01 X252.843 Y329.243
G01 X251.286 Y325.690
G01 X249.728 Y322.137
G01 X248.169 Y318.584
G01 X246.613 Y315.031
G01 X245.055 Y311.478
G01 X243.497 Y307.925
G01 X241.940 Y304.372
G01 X240.382 Y300.819
G01 X238.824 Y297.264
G01 X237.327 Y293.865
G01 X237.267 Y293.712
G01 X235.933 Y290.730
G01 X235.709 Y290.159
G01 X234.524 Y287.548
G01 X234.151 Y286.606
G01 X233.096 Y284.320
G01 X232.594 Y283.053
G01 X231.653 Y281.043
G01 X231.036 Y279.500
G01 X230.192 Y277.723
G01 X229.478 Y275.947
G01 X228.714 Y274.356
G01 X228.053 Y272.754
G01 X227.921 Y272.394
G01 X227.218 Y270.945
G01 X226.603 Y269.481
G01 X226.363 Y268.841
G01 X225.704 Y267.488
G01 X225.120 Y266.117
G01 X224.805 Y265.288
G01 X224.170 Y263.988
G01 X223.601 Y262.661
G01 X223.248 Y261.735
G01 X222.615 Y260.442
G01 X222.046 Y259.115
G01 X221.690 Y258.182
G01 X221.040 Y256.850
G01 X220.452 Y255.472
G01 X220.132 Y254.629
G01 X219.442 Y253.210
G01 X218.822 Y251.734
G01 X218.575 Y251.076
G01 X217.826 Y249.520
G01 X217.156 Y247.895
G01 X217.017 Y247.523
G01 X216.190 Y245.784
G01 X215.459 Y243.970
G01 X214.534 Y241.996
G01 X213.901 Y240.417
G01 X212.860 Y238.161
G01 X212.344 Y236.864
G01 X211.168 Y234.275
G01 X210.786 Y233.311
G01 X209.459 Y230.341
G01 X209.228 Y229.757
G01 X207.733 Y226.361
G01 X207.671 Y226.204
G01 X206.113 Y222.650
G01 X204.555 Y219.097
G01 X202.999 Y215.544
G01 X201.440 Y211.992
G01 X199.884 Y208.439
G01 X198.326 Y204.886
G01 X196.767 Y201.333
G01 X195.211 Y197.780
G01 X193.653 Y194.227
G01 X192.094 Y190.674
G01 X190.538 Y187.121
G01 X188.980 Y183.567
G01 X187.423 Y180.014
G01 X185.865 Y176.462
G01 X184.307 Y172.909
G01 X182.750 Y169.356
G01 X181.192 Y165.803
G01 X179.634 Y162.250
G01 X178.077 Y158.696
G01 X176.519 Y155.143
G01 X174.962 Y151.590
G01 X173.404 Y148.037
G01 X171.846 Y144.484
G01 X170.288 Y140.930
G01 X168.731 Y137.377
G01 X167.173 Y133.825
G01 X165.615 Y130.272
G01 X164.058 Y126.719
G01 X162.500 Y123.166
G01 X160.942 Y119.613
G01 X159.385 Y116.060
G01 X157.827 Y112.507
G01 X156.269 Y108.954
G01 X154.712 Y105.401
G01 X153.154 Y101.848
G01 X151.596 Y98.293
G01 X150.038 Y94.742
G01 X148.481 Y91.188
G01 X146.923 Y87.635
G01 X145.367 Y84.082
G01 X143.808 Y80.529
G01 X142.250 Y76.976
G01 X140.694 Y73.423
G01 X139.135 Y69.870
G01 X137.577 Y66.317
G01 X136.021 Y62.764
G01 X134.463 Y59.211
G01 X132.904 Y55.657
G01 X131.348 Y52.105
G01 X129.790 Y48.552
G01 X128.231 Y44.999
G01 X126.675 Y41.446
G01 X125.117 Y37.893
G01 X123.559 Y34.340
G01 X125.209 Y37.862
G01 X126.860 Y41.383
G01 X128.510 Y44.906
G01 X130.161 Y48.429
G01 X131.810 Y51.951
G01 X133.461 Y55.473
G01 X135.112 Y58.995
G01 X136.762 Y62.517
G01 X138.411 Y66.040
G01 X140.062 Y69.562
G01 X141.713 Y73.084
G01 X143.363 Y76.606
G01 X145.012 Y80.129
G01 X146.663 Y83.651
G01 X148.314 Y87.173
G01 X149.964 Y90.696
G01 X151.615 Y94.218
G01 X153.264 Y97.740
G01 X154.915 Y101.262
G01 X156.565 Y104.784
G01 X158.216 Y108.307
G01 X159.865 Y111.829
G01 X161.516 Y115.351
G01 X163.166 Y118.873
G01 X164.817 Y122.396
G01 X166.466 Y125.918
G01 X168.118 Y129.440
G01 X169.767 Y132.962
G01 X171.418 Y136.484
G01 X173.067 Y140.007
G01 X174.719 Y143.529
G01 X176.368 Y147.050
G01 X178.019 Y150.573
G01 X179.670 Y154.096
G01 X181.320 Y157.618
G01 X182.969 Y161.139
G01 X184.620 Y164.662
G01 X186.271 Y168.185
G01 X187.921 Y171.707
G01 X189.570 Y175.228
G01 X191.221 Y178.752
G01 X192.872 Y182.274
G01 X194.522 Y185.796
G01 X196.173 Y189.317
G01 X197.822 Y192.841
G01 X199.473 Y196.363
G01 X201.123 Y199.885
G01 X202.774 Y203.406
G01 X204.423 Y206.929
G01 X206.074 Y210.452
G01 X207.724 Y213.974
G01 X209.375 Y217.496
G01 X211.024 Y221.018
G01 X212.675 Y224.541
G01 X214.326 Y228.062
G01 X215.779 Y231.206
G01 X215.976 Y231.585
G01 X217.195 Y234.275
G01 X217.625 Y235.107
G01 X218.642 Y237.400
G01 X219.276 Y238.630
G01 X220.120 Y240.581
G01 X220.927 Y242.151
G01 X221.629 Y243.817
G01 X222.421 Y245.394
G01 X222.577 Y245.674
G01 X223.168 Y247.108
G01 X223.832 Y248.474
G01 X224.226 Y249.196
G01 X224.736 Y250.453
G01 X225.305 Y251.657
G01 X225.877 Y252.719
G01 X226.331 Y253.852
G01 X226.837 Y254.947
G01 X227.392 Y256.002
G01 X227.528 Y256.240
G01 X227.952 Y257.305
G01 X228.425 Y258.344
G01 X228.949 Y259.355
G01 X229.178 Y259.762
G01 X229.598 Y260.817
G01 X230.070 Y261.855
G01 X230.596 Y262.872
G01 X230.829 Y263.284
G01 X231.269 Y264.389
G01 X231.772 Y265.483
G01 X232.339 Y266.560
G01 X232.478 Y266.808
G01 X232.969 Y268.022
G01 X233.536 Y269.230
G01 X234.129 Y270.329
G01 X234.699 Y271.718
G01 X235.368 Y273.096
G01 X235.779 Y273.851
G01 X236.461 Y275.473
G01 X237.267 Y277.081
G01 X237.430 Y277.374
G01 X238.255 Y279.286
G01 X239.079 Y280.897
G01 X240.081 Y283.159
G01 X240.730 Y284.418
G01 X241.939 Y287.088
G01 X242.380 Y287.940
G01 X243.829 Y291.075
G01 X244.031 Y291.463
G01 X245.680 Y294.985
G01 X247.331 Y298.507
G01 X248.982 Y302.029
G01 X250.632 Y305.552
G01 X252.281 Y309.074
G01 X253.933 Y312.596
G01 X255.583 Y316.118
G01 X257.233 Y319.641
G01 X258.884 Y323.163
G01 X260.534 Y326.685
G01 X262.184 Y330.207
G01 X263.834 Y333.730
G01 X265.485 Y337.252
G01 X267.135 Y340.774
G01 X268.785 Y344.296
G01 X270.435 Y347.819
G01 X272.086 Y351.341
G01 X273.736 Y354.863
G01 X275.386 Y358.385
G01 X277.037 Y361.908
G01 X278.687 Y365.430
G01 X280.337 Y368.952
G01 X281.988 Y372.475
G01 X283.638 Y375.997
G01 X285.288 Y379.519
G01 X286.938 Y383.041
G01 X288.589 Y386.564
G01 X290.239 Y390.086
G01 X291.889 Y393.608
G01 X293.538 Y397.130
G01 X295.190 Y400.653
G01 X296.840 Y404.175
G01 X298.490 Y407.697
G01 X300.141 Y411.219
G01 X301.791 Y414.742
G01 X303.441 Y418.264
G01 X305.091 Y421.786
G01 X306.742 Y425.308
G01 X308.392 Y428.831
G01 X310.042 Y432.353
G01 X311.692 Y435.875
G01 X313.343 Y439.397
G01 X314.993 Y442.920
G01 X316.644 Y446.442
G01 X318.293 Y449.964
G01 X319.944 Y453.486
G01 X321.595 Y457.009
G01 X323.245 Y460.531
G01 X324.894 Y464.053
G01 X326.545 Y467.575
G01 X328.196 Y471.096
G01 X329.846 Y474.620
G01 X331.496 Y478.142
G01 X333.146 Y481.663
G01 X334.797 Y485.187
G01 X333.030 Y481.738
G01 X331.263 Y478.290
G01 X329.496 Y474.841
G01 X327.728 Y471.394
G01 X325.963 Y467.945
G01 X324.196 Y464.497
G01 X322.429 Y461.048
G01 X320.662 Y457.601
G01 X318.894 Y454.151
G01 X317.127 Y450.704
G01 X315.361 Y447.255
G01 X313.595 Y443.808
G01 X311.828 Y440.358
G01 X310.061 Y436.911
G01 X308.293 Y433.463
G01 X306.526 Y430.014
G01 X304.760 Y426.567
G01 X302.993 Y423.118
G01 X301.226 Y419.670
G01 X299.460 Y416.221
G01 X297.692 Y412.774
G01 X295.925 Y409.325
G01 X294.159 Y405.877
G01 X292.392 Y402.428
G01 X290.625 Y398.981
G01 X288.858 Y395.531
G01 X287.091 Y392.084
G01 X285.325 Y388.635
G01 X283.558 Y385.188
G01 X281.791 Y381.738
G01 X280.024 Y378.291
G01 X278.257 Y374.843
G01 X276.490 Y371.394
G01 X274.723 Y367.947
G01 X272.957 Y364.498
G01 X271.190 Y361.050
G01 X269.423 Y357.601
G01 X267.656 Y354.154
G01 X265.889 Y350.704
G01 X264.122 Y347.257
G01 X262.355 Y343.808
G01 X260.589 Y340.361
G01 X258.822 Y336.911
G01 X257.055 Y333.464
G01 X255.287 Y330.016
G01 X253.520 Y326.567
G01 X251.754 Y323.118
G01 X249.987 Y319.671
G01 X248.221 Y316.223
G01 X246.454 Y312.774
G01 X244.686 Y309.326
G01 X242.920 Y305.877
G01 X241.153 Y302.430
G01 X239.385 Y298.981
G01 X237.713 Y295.735
G01 X237.618 Y295.534
G01 X236.120 Y292.659
G01 X235.851 Y292.084
G01 X234.509 Y289.543
G01 X234.086 Y288.637
G01 X232.880 Y286.384
G01 X232.319 Y285.189
G01 X231.233 Y283.183
G01 X230.552 Y281.740
G01 X229.567 Y279.942
G01 X228.784 Y278.291
G01 X227.884 Y276.661
G01 X227.091 Y275.010
G01 X227.017 Y274.844
G01 X226.182 Y273.339
G01 X225.437 Y271.812
G01 X225.250 Y271.396
G01 X224.459 Y269.976
G01 X223.747 Y268.531
G01 X223.483 Y267.947
G01 X222.716 Y266.575
G01 X222.021 Y265.171
G01 X221.718 Y264.499
G01 X220.954 Y263.132
G01 X220.255 Y261.726
G01 X219.951 Y261.050
G01 X219.168 Y259.649
G01 X218.452 Y258.197
G01 X218.183 Y257.603
G01 X217.361 Y256.124
G01 X216.608 Y254.582
G01 X216.416 Y254.155
G01 X215.533 Y252.555
G01 X214.726 Y250.877
G01 X214.649 Y250.706
G01 X213.683 Y248.942
G01 X212.882 Y247.257
G01 X211.814 Y245.286
G01 X211.115 Y243.810
G01 X209.925 Y241.585
G01 X209.350 Y240.362
G01 X208.017 Y237.841
G01 X207.582 Y236.912
G01 X206.091 Y234.054
G01 X205.815 Y233.465
G01 X204.144 Y230.222
G01 X204.048 Y230.017
G01 X202.281 Y226.569
G01 X200.514 Y223.121
G01 X198.748 Y219.672
G01 X196.981 Y216.224
G01 X195.214 Y212.775
G01 X193.447 Y209.328
G01 X191.680 Y205.879
G01 X189.913 Y202.430
G01 X188.147 Y198.983
G01 X186.380 Y195.535
G01 X184.613 Y192.085
G01 X182.846 Y188.638
G01 X181.079 Y185.190
G01 X179.312 Y181.742
G01 X177.546 Y178.293
G01 X175.779 Y174.845
G01 X174.012 Y171.397
G01 X172.245 Y167.948
G01 X170.478 Y164.500
G01 X168.712 Y161.052
G01 X166.945 Y157.603
G01 X165.178 Y154.156
G01 X163.411 Y150.708
G01 X161.644 Y147.258
G01 X159.877 Y143.811
G01 X158.111 Y140.363
G01 X156.344 Y136.913
G01 X154.577 Y133.466
G01 X152.810 Y130.018
G01 X151.043 Y126.570
G01 X149.276 Y123.122
G01 X147.509 Y119.673
G01 X145.743 Y116.225
G01 X143.976 Y112.776
G01 X142.209 Y109.329
G01 X140.442 Y105.880
G01 X138.675 Y102.432
G01 X136.908 Y98.983
G01 X135.141 Y95.536
G01 X133.374 Y92.087
G01 X131.608 Y88.639
G01 X129.841 Y85.191
G01 X128.074 Y81.743
G01 X126.307 Y78.295
G01 X124.540 Y74.846
G01 X122.772 Y71.398
G01 X121.005 Y67.950
G01 X119.240 Y64.502
G01 X117.473 Y61.053
G01 X115.706 Y57.605
G01 X113.939 Y54.156
G01 X112.171 Y50.709
G01 X110.404 Y47.260
G01 X108.637 Y43.812
G01 X110.495 Y47.225
G01 X112.353 Y50.638
G01 X114.212 Y54.050
G01 X116.070 Y57.464
G01 X117.928 Y60.876
G01 X119.786 Y64.288
G01 X121.642 Y67.702
G01 X123.500 Y71.115
G01 X125.358 Y74.528
G01 X127.216 Y77.940
G01 X129.075 Y81.353
G01 X130.933 Y84.766
G01 X132.791 Y88.179
G01 X134.649 Y91.591
G01 X136.505 Y95.005
G01 X138.363 Y98.418
G01 X140.221 Y101.829
G01 X142.079 Y105.243
G01 X143.938 Y108.656
G01 X145.796 Y112.069
G01 X147.654 Y115.482
G01 X149.512 Y118.894
G01 X151.368 Y122.307
G01 X153.226 Y125.720
G01 X155.084 Y129.132
G01 X156.942 Y132.546
G01 X158.800 Y135.959
G01 X160.659 Y139.371
G01 X162.516 Y142.784
G01 X164.374 Y146.197
G01 X166.231 Y149.609
G01 X168.089 Y153.023
G01 X169.947 Y156.436
G01 X171.805 Y159.849
G01 X173.663 Y163.261
G01 X175.522 Y166.674
G01 X177.379 Y170.087
G01 X179.237 Y173.500
G01 X181.094 Y176.912
G01 X182.952 Y180.326
G01 X184.810 Y183.738
G01 X186.668 Y187.150
G01 X188.526 Y190.564
G01 X190.384 Y193.977
G01 X192.242 Y197.389
G01 X194.100 Y200.803
G01 X195.957 Y204.215
G01 X197.815 Y207.627
G01 X199.673 Y211.041
G01 X201.531 Y214.454
G01 X203.389 Y217.867
G01 X205.247 Y221.279
G01 X207.105 Y224.692
G01 X208.963 Y228.105
G01 X210.810 Y231.502
G01 X210.820 Y231.518
G01 X212.404 Y234.472
G01 X212.678 Y234.930
G01 X214.029 Y237.492
G01 X214.536 Y238.344
G01 X215.683 Y240.560
G01 X216.394 Y241.756
G01 X217.370 Y243.674
G01 X218.252 Y245.168
G01 X219.086 Y246.839
G01 X220.004 Y248.415
G01 X220.110 Y248.582
G01 X220.831 Y250.049
G01 X221.623 Y251.442
G01 X221.968 Y251.995
G01 X222.605 Y253.306
G01 X223.302 Y254.561
G01 X223.826 Y255.407
G01 X224.406 Y256.613
G01 X225.041 Y257.774
G01 X225.683 Y258.820
G01 X226.233 Y259.966
G01 X226.838 Y261.079
G01 X227.493 Y262.158
G01 X227.541 Y262.233
G01 X228.087 Y263.370
G01 X228.690 Y264.483
G01 X229.350 Y265.570
G01 X229.399 Y265.646
G01 X229.966 Y266.827
G01 X230.601 Y267.988
G01 X231.257 Y269.058
G01 X231.875 Y270.336
G01 X232.575 Y271.598
G01 X233.115 Y272.471
G01 X233.815 Y273.899
G01 X234.613 Y275.308
G01 X234.973 Y275.885
G01 X235.784 Y277.512
G01 X236.721 Y279.122
G01 X236.831 Y279.298
G01 X237.786 Y281.178
G01 X238.689 Y282.709
G01 X239.820 Y284.896
G01 X240.546 Y286.123
G01 X241.885 Y288.663
G01 X242.404 Y289.536
G01 X243.981 Y292.478
G01 X244.263 Y292.949
G01 X246.111 Y296.344
G01 X246.120 Y296.362
G01 X247.978 Y299.774
G01 X249.835 Y303.187
G01 X251.694 Y306.600
G01 X253.552 Y310.012
G01 X255.410 Y313.425
G01 X257.268 Y316.839
G01 X259.125 Y320.252
G01 X260.983 Y323.663
G01 X262.841 Y327.077
G01 X264.699 Y330.490
G01 X266.557 Y333.903
G01 X268.415 Y337.315
G01 X270.273 Y340.728
G01 X272.130 Y344.142
G01 X273.988 Y347.553
G01 X275.846 Y350.966
G01 X277.704 Y354.380
G01 X279.562 Y357.793
G01 X281.420 Y361.206
G01 X283.278 Y364.618
G01 X285.136 Y368.031
G01 X286.993 Y371.444
G01 X288.851 Y374.856
G01 X290.709 Y378.269
G01 X292.567 Y381.683
G01 X294.425 Y385.094
G01 X296.283 Y388.507
G01 X298.141 Y391.921
G01 X299.998 Y395.334
G01 X301.856 Y398.747
G01 X303.714 Y402.159
G01 X305.572 Y405.572
G01 X307.430 Y408.985
G01 X309.288 Y412.397
G01 X311.146 Y415.810
G01 X313.004 Y419.224
G01 X314.861 Y422.637
G01 X316.719 Y426.050
G01 X318.577 Y429.462
G01 X320.435 Y432.875
G01 X322.293 Y436.288
G01 X324.151 Y439.701
G01 X326.009 Y443.113
G01 X327.865 Y446.526
G01 X329.724 Y449.939
G01 X331.582 Y453.351
G01 X333.440 Y456.764
G01 X335.298 Y460.178
G01 X337.156 Y463.591
G01 X339.014 Y467.002
G01 X340.871 Y470.416
G01 X342.728 Y473.829
G01 X344.587 Y477.242
G01 X346.445 Y480.654
G01 X344.476 Y477.324
G01 X342.507 Y473.993
G01 X340.538 Y470.661
G01 X338.569 Y467.332
G01 X336.601 Y464.000
G01 X334.632 Y460.670
G01 X332.663 Y457.339
G01 X330.694 Y454.009
G01 X328.725 Y450.678
G01 X326.756 Y447.346
G01 X324.787 Y444.016
G01 X322.817 Y440.685
G01 X320.849 Y437.355
G01 X318.880 Y434.024
G01 X316.911 Y430.692
G01 X314.942 Y427.362
G01 X312.974 Y424.031
G01 X311.005 Y420.701
G01 X309.036 Y417.370
G01 X307.067 Y414.038
G01 X305.098 Y410.709
G01 X303.129 Y407.377
G01 X301.160 Y404.046
G01 X299.191 Y400.716
G01 X297.222 Y397.385
G01 X295.252 Y394.055
G01 X293.284 Y390.724
G01 X291.315 Y387.392
G01 X289.346 Y384.062
G01 X287.377 Y380.731
G01 X285.409 Y377.401
G01 X283.440 Y374.070
G01 X281.471 Y370.738
G01 X279.502 Y367.408
G01 X277.533 Y364.077
G01 X275.564 Y360.747
G01 X273.595 Y357.416
G01 X271.626 Y354.084
G01 X269.656 Y350.754
G01 X267.688 Y347.423
G01 X265.719 Y344.093
G01 X263.751 Y340.762
G01 X261.781 Y337.430
G01 X259.812 Y334.101
G01 X257.844 Y330.769
G01 X255.875 Y327.439
G01 X253.906 Y324.108
G01 X251.936 Y320.776
G01 X249.968 Y317.447
G01 X247.999 Y314.115
G01 X246.030 Y310.784
G01 X244.061 Y307.454
G01 X242.091 Y304.124
G01 X240.124 Y300.793
G01 X238.274 Y297.683
G01 X238.154 Y297.462
G01 X236.487 Y294.685
G01 X236.185 Y294.130
G01 X234.680 Y291.651
G01 X234.216 Y290.800
G01 X232.855 Y288.579
G01 X232.248 Y287.469
G01 X231.010 Y285.471
G01 X230.279 Y284.139
G01 X229.147 Y282.325
G01 X228.310 Y280.808
G01 X227.264 Y279.144
G01 X226.341 Y277.476
G01 X225.361 Y275.925
G01 X224.476 Y274.344
G01 X224.372 Y274.147
G01 X223.438 Y272.671
G01 X222.587 Y271.165
G01 X222.403 Y270.815
G01 X221.493 Y269.382
G01 X220.659 Y267.911
G01 X220.433 Y267.485
G01 X219.528 Y266.057
G01 X218.690 Y264.582
G01 X218.464 Y264.154
G01 X217.540 Y262.695
G01 X216.683 Y261.178
G01 X216.497 Y260.822
G01 X215.529 Y259.295
G01 X214.634 Y257.695
G01 X214.528 Y257.493
G01 X213.498 Y255.856
G01 X212.558 Y254.162
G01 X211.444 Y252.377
G01 X210.589 Y250.831
G01 X209.370 Y248.862
G01 X208.620 Y247.500
G01 X207.274 Y245.305
G01 X206.651 Y244.169
G01 X205.159 Y241.710
G01 X204.683 Y240.839
G01 X203.022 Y238.077
G01 X202.714 Y237.507
G01 X200.868 Y234.404
G01 X200.745 Y234.177
G01 X198.776 Y230.846
G01 X196.807 Y227.516
G01 X194.838 Y224.185
G01 X192.870 Y220.853
G01 X190.901 Y217.523
G01 X188.932 Y214.192
G01 X186.963 Y210.862
G01 X184.993 Y207.531
G01 X183.024 Y204.200
G01 X181.055 Y200.870
G01 X179.087 Y197.538
G01 X177.118 Y194.208
G01 X175.149 Y190.877
G01 X173.180 Y187.546
G01 X171.211 Y184.216
G01 X169.243 Y180.885
G01 X167.274 Y177.554
G01 X165.305 Y174.222
G01 X163.336 Y170.893
G01 X161.367 Y167.561
G01 X159.397 Y164.231
G01 X157.428 Y160.900
G01 X155.459 Y157.570
G01 X153.490 Y154.239
G01 X151.522 Y150.907
G01 X149.553 Y147.577
G01 X147.584 Y144.246
G01 X145.615 Y140.916
G01 X143.647 Y137.585
G01 X141.678 Y134.254
G01 X139.709 Y130.923
G01 X137.740 Y127.592
G01 X135.771 Y124.261
G01 X133.802 Y120.930
G01 X131.832 Y117.600
G01 X129.863 Y114.269
G01 X127.894 Y110.939
G01 X125.925 Y107.608
G01 X123.956 Y104.276
G01 X121.988 Y100.946
G01 X120.019 Y97.615
G01 X118.050 Y94.285
G01 X116.082 Y90.954
G01 X114.113 Y87.623
G01 X112.144 Y84.292
G01 X110.175 Y80.962
G01 X108.206 Y77.631
G01 X106.237 Y74.300
G01 X104.267 Y70.969
G01 X102.298 Y67.639
G01 X100.329 Y64.308
G01 X98.362 Y60.977
G01 X96.392 Y57.645
G01 X94.423 Y54.315
G01 X96.481 Y57.606
G01 X98.540 Y60.897
G01 X100.598 Y64.188
G01 X102.656 Y67.478
G01 X104.714 Y70.769
G01 X106.772 Y74.060
G01 X108.829 Y77.351
G01 X110.887 Y80.642
G01 X112.945 Y83.933
G01 X115.004 Y87.224
G01 X117.062 Y90.514
G01 X119.120 Y93.805
G01 X121.178 Y97.096
G01 X123.235 Y100.387
G01 X125.293 Y103.678
G01 X127.351 Y106.969
G01 X129.409 Y110.260
G01 X131.468 Y113.550
G01 X133.526 Y116.841
G01 X135.584 Y120.132
G01 X137.642 Y123.424
G01 X139.700 Y126.714
G01 X141.759 Y130.005
G01 X143.815 Y133.296
G01 X145.875 Y136.587
G01 X147.933 Y139.877
G01 X149.990 Y143.168
G01 X152.048 Y146.460
G01 X154.106 Y149.750
G01 X156.165 Y153.041
G01 X158.223 Y156.332
G01 X160.281 Y159.623
G01 X162.339 Y162.913
G01 X164.397 Y166.204
G01 X166.454 Y169.496
G01 X168.512 Y172.787
G01 X170.570 Y176.078
G01 X172.629 Y179.368
G01 X174.687 Y182.659
G01 X176.745 Y185.950
G01 X178.803 Y189.240
G01 X180.861 Y192.531
G01 X182.918 Y195.823
G01 X184.976 Y199.114
G01 X187.034 Y202.404
G01 X189.093 Y205.695
G01 X191.151 Y208.986
G01 X193.209 Y212.276
G01 X195.267 Y215.567
G01 X197.325 Y218.859
G01 X199.382 Y222.150
G01 X201.440 Y225.440
G01 X203.500 Y228.731
G01 X205.558 Y232.022
G01 X207.541 Y235.204
G01 X207.615 Y235.312
G01 X209.337 Y238.109
G01 X209.673 Y238.603
G01 X211.163 Y241.056
G01 X211.731 Y241.894
G01 X213.019 Y244.047
G01 X213.790 Y245.186
G01 X214.906 Y247.078
G01 X215.848 Y248.477
G01 X216.822 Y250.150
G01 X217.875 Y251.724
G01 X217.906 Y251.767
G01 X218.766 Y253.263
G01 X219.695 Y254.680
G01 X219.964 Y255.058
G01 X220.740 Y256.418
G01 X221.575 Y257.714
G01 X222.022 Y258.349
G01 X222.740 Y259.615
G01 X223.514 Y260.831
G01 X224.079 Y261.639
G01 X224.767 Y262.855
G01 X225.510 Y264.029
G01 X226.137 Y264.930
G01 X226.820 Y266.139
G01 X227.565 Y267.315
G01 X228.195 Y268.221
G01 X228.901 Y269.468
G01 X229.678 Y270.688
G01 X230.254 Y271.512
G01 X231.010 Y272.843
G01 X231.851 Y274.149
G01 X232.312 Y274.803
G01 X233.151 Y276.264
G01 X234.091 Y277.701
G01 X234.370 Y278.094
G01 X235.320 Y279.731
G01 X236.396 Y281.339
G01 X236.428 Y281.385
G01 X237.522 Y283.243
G01 X238.486 Y284.675
G01 X239.755 Y286.798
G01 X240.543 Y287.966
G01 X242.019 Y290.399
G01 X242.601 Y291.257
G01 X244.316 Y294.043
G01 X244.660 Y294.548
G01 X246.643 Y297.728
G01 X246.718 Y297.839
G01 X248.775 Y301.130
G01 X250.834 Y304.421
G01 X252.892 Y307.712
G01 X254.950 Y311.002
G01 X257.009 Y314.293
G01 X259.067 Y317.584
G01 X261.125 Y320.875
G01 X263.183 Y324.166
G01 X265.240 Y327.457
G01 X267.299 Y330.748
G01 X269.357 Y334.038
G01 X271.415 Y337.329
G01 X273.473 Y340.620
G01 X275.531 Y343.911
G01 X277.589 Y347.202
G01 X279.647 Y350.493
G01 X281.704 Y353.784
G01 X283.763 Y357.075
G01 X285.821 Y360.365
G01 X287.879 Y363.656
G01 X289.937 Y366.947
G01 X291.995 Y370.238
G01 X294.053 Y373.529
G01 X296.111 Y376.820
G01 X298.168 Y380.111
G01 X300.227 Y383.401
G01 X302.285 Y386.692
G01 X304.343 Y389.983
G01 X306.401 Y393.274
G01 X308.459 Y396.565
G01 X310.517 Y399.856
G01 X312.575 Y403.147
G01 X314.634 Y406.438
G01 X316.692 Y409.728
G01 X318.749 Y413.019
G01 X320.807 Y416.310
G01 X322.865 Y419.601
G01 X324.924 Y422.892
G01 X326.982 Y426.183
G01 X329.040 Y429.474
G01 X331.098 Y432.764
G01 X333.156 Y436.055
G01 X335.214 Y439.346
G01 X337.272 Y442.637
G01 X339.329 Y445.928
G01 X341.388 Y449.219
G01 X343.446 Y452.510
G01 X345.504 Y455.800
G01 X347.562 Y459.091
G01 X349.620 Y462.382
G01 X351.678 Y465.673
G01 X353.736 Y468.964
G01 X355.793 Y472.255
G01 X357.852 Y475.546
G01 X355.689 Y472.344
G01 X353.526 Y469.144
G01 X351.363 Y465.942
G01 X349.200 Y462.742
G01 X347.037 Y459.541
G01 X344.874 Y456.339
G01 X342.711 Y453.137
G01 X340.548 Y449.937
G01 X338.385 Y446.736
G01 X336.222 Y443.534
G01 X334.059 Y440.334
G01 X331.896 Y437.132
G01 X329.733 Y433.930
G01 X327.570 Y430.730
G01 X325.406 Y427.529
G01 X323.244 Y424.327
G01 X321.081 Y421.127
G01 X318.918 Y417.925
G01 X316.755 Y414.724
G01 X314.591 Y411.522
G01 X312.429 Y408.322
G01 X310.266 Y405.120
G01 X308.103 Y401.920
G01 X305.940 Y398.718
G01 X303.776 Y395.517
G01 X301.614 Y392.315
G01 X299.451 Y389.115
G01 X297.288 Y385.913
G01 X295.125 Y382.712
G01 X292.962 Y379.510
G01 X290.799 Y376.310
G01 X288.636 Y373.108
G01 X286.473 Y369.908
G01 X284.310 Y366.707
G01 X282.147 Y363.505
G01 X279.984 Y360.303
G01 X277.821 Y357.103
G01 X275.658 Y353.901
G01 X273.495 Y350.701
G01 X271.332 Y347.500
G01 X269.168 Y344.298
G01 X267.006 Y341.096
G01 X264.843 Y337.896
G01 X262.680 Y334.695
G01 X260.517 Y331.493
G01 X258.353 Y328.293
G01 X256.191 Y325.091
G01 X254.028 Y321.889
G01 X251.865 Y318.689
G01 X249.702 Y315.488
G01 X247.538 Y312.286
G01 X245.376 Y309.086
G01 X243.213 Y305.884
G01 X241.050 Y302.683
G01 X239.022 Y299.702
G01 X238.887 Y299.481
G01 X237.048 Y296.798
G01 X236.724 Y296.281
G01 X235.052 Y293.863
G01 X234.560 Y293.079
G01 X233.036 Y290.894
G01 X232.397 Y289.877
G01 X231.000 Y287.892
G01 X230.233 Y286.677
G01 X228.945 Y284.856
G01 X228.070 Y283.476
G01 X226.870 Y281.788
G01 X225.908 Y280.274
G01 X224.776 Y278.688
G01 X223.745 Y277.074
G01 X222.659 Y275.555
G01 X221.658 Y273.998
G01 X221.582 Y273.873
G01 X220.521 Y272.392
G01 X219.536 Y270.865
G01 X219.418 Y270.671
G01 X218.361 Y269.195
G01 X217.374 Y267.663
G01 X217.255 Y267.469
G01 X216.178 Y265.964
G01 X215.170 Y264.396
G01 X215.093 Y264.269
G01 X213.974 Y262.702
G01 X212.930 Y261.067
G01 X211.745 Y259.404
G01 X210.767 Y257.867
G01 X209.497 Y256.072
G01 X208.603 Y254.666
G01 X207.225 Y252.704
G01 X206.440 Y251.464
G01 X204.933 Y249.302
G01 X204.278 Y248.263
G01 X202.618 Y245.864
G01 X202.115 Y245.061
G01 X200.284 Y242.392
G01 X199.952 Y241.861
G01 X197.930 Y238.885
G01 X197.788 Y238.660
G01 X195.625 Y235.459
G01 X193.463 Y232.257
G01 X191.300 Y229.055
G01 X189.137 Y225.855
G01 X186.974 Y222.654
G01 X184.810 Y219.453
G01 X182.647 Y216.252
G01 X180.485 Y213.049
G01 X178.322 Y209.849
G01 X176.159 Y206.648
G01 X173.995 Y203.447
G01 X171.832 Y200.246
G01 X169.670 Y197.044
G01 X167.507 Y193.843
G01 X165.344 Y190.642
G01 X163.180 Y187.441
G01 X161.017 Y184.240
G01 X158.855 Y181.038
G01 X156.692 Y177.838
G01 X154.529 Y174.636
G01 X152.365 Y171.435
G01 X150.202 Y168.234
G01 X148.040 Y165.032
G01 X145.877 Y161.832
G01 X143.714 Y158.631
G01 X141.550 Y155.429
G01 X139.387 Y152.228
G01 X137.225 Y149.026
G01 X135.062 Y145.826
G01 X132.899 Y142.625
G01 X130.736 Y139.423
G01 X128.572 Y136.222
G01 X126.409 Y133.021
G01 X124.247 Y129.820
G01 X122.084 Y126.619
G01 X119.921 Y123.418
G01 X117.757 Y120.216
G01 X115.594 Y117.014
G01 X113.432 Y113.814
G01 X111.269 Y110.613
G01 X109.106 Y107.411
G01 X106.942 Y104.211
G01 X104.779 Y101.009
G01 X102.617 Y97.808
G01 X100.454 Y94.607
G01 X98.291 Y91.406
G01 X96.127 Y88.204
G01 X93.964 Y85.004
G01 X91.802 Y81.802
G01 X89.639 Y78.601
G01 X87.476 Y75.399
G01 X85.312 Y72.199
G01 X83.149 Y68.998
G01 X80.987 Y65.797
G01 X83.237 Y68.952
G01 X85.487 Y72.110
G01 X87.737 Y75.267
G01 X89.987 Y78.423
G01 X92.237 Y81.581
G01 X94.487 Y84.738
G01 X96.737 Y87.894
G01 X98.987 Y91.050
G01 X101.237 Y94.208
G01 X103.487 Y97.365
G01 X105.737 Y100.522
G01 X107.987 Y103.679
G01 X110.237 Y106.836
G01 X112.487 Y109.992
G01 X114.737 Y113.149
G01 X116.987 Y116.305
G01 X119.237 Y119.463
G01 X121.487 Y122.620
G01 X123.737 Y125.777
G01 X125.987 Y128.934
G01 X128.237 Y132.090
G01 X130.487 Y135.247
G01 X132.737 Y138.404
G01 X134.987 Y141.561
G01 X137.237 Y144.718
G01 X139.487 Y147.875
G01 X141.737 Y151.031
G01 X143.987 Y154.189
G01 X146.237 Y157.345
G01 X148.487 Y160.502
G01 X150.737 Y163.659
G01 X152.987 Y166.816
G01 X155.237 Y169.972
G01 X157.487 Y173.130
G01 X159.738 Y176.287
G01 X161.988 Y179.444
G01 X164.238 Y182.600
G01 X166.488 Y185.757
G01 X168.738 Y188.913
G01 X170.988 Y192.071
G01 X173.238 Y195.228
G01 X175.488 Y198.385
G01 X177.738 Y201.541
G01 X179.988 Y204.698
G01 X182.238 Y207.855
G01 X184.488 Y211.012
G01 X186.738 Y214.168
G01 X188.988 Y217.326
G01 X191.238 Y220.483
G01 X193.488 Y223.638
G01 X195.738 Y226.796
G01 X197.988 Y229.953
G01 X200.238 Y233.109
G01 X202.488 Y236.267
G01 X204.615 Y239.263
G01 X204.738 Y239.424
G01 X206.603 Y242.083
G01 X206.988 Y242.581
G01 X208.624 Y244.939
G01 X209.238 Y245.738
G01 X210.673 Y247.831
G01 X211.488 Y248.894
G01 X212.752 Y250.760
G01 X213.738 Y252.050
G01 X214.860 Y253.725
G01 X215.988 Y255.208
G01 X216.997 Y256.726
G01 X218.070 Y258.156
G01 X218.238 Y258.365
G01 X219.161 Y259.762
G01 X220.144 Y261.091
G01 X220.488 Y261.522
G01 X221.353 Y262.838
G01 X222.276 Y264.096
G01 X222.738 Y264.678
G01 X223.572 Y265.950
G01 X224.466 Y267.173
G01 X224.988 Y267.834
G01 X225.817 Y269.101
G01 X226.713 Y270.327
G01 X227.238 Y270.992
G01 X228.091 Y272.291
G01 X229.019 Y273.555
G01 X229.488 Y274.149
G01 X230.394 Y275.522
G01 X231.385 Y276.863
G01 X231.738 Y277.305
G01 X232.726 Y278.793
G01 X233.815 Y280.248
G01 X233.988 Y280.463
G01 X235.088 Y282.103
G01 X236.238 Y283.620
G01 X237.480 Y285.454
G01 X238.488 Y286.776
G01 X239.904 Y288.844
G01 X240.738 Y289.933
G01 X242.358 Y292.272
G01 X242.988 Y293.089
G01 X244.845 Y295.737
G01 X245.238 Y296.247
G01 X247.362 Y299.240
G01 X247.488 Y299.404
G01 X249.739 Y302.560
G01 X251.989 Y305.718
G01 X254.239 Y308.875
G01 X256.489 Y312.031
G01 X258.739 Y315.189
G01 X260.989 Y318.344
G01 X263.239 Y321.502
G01 X265.489 Y324.659
G01 X267.739 Y327.815
G01 X269.989 Y330.973
G01 X272.239 Y334.130
G01 X274.489 Y337.286
G01 X276.739 Y340.442
G01 X278.989 Y343.600
G01 X281.239 Y346.757
G01 X283.489 Y349.913
G01 X285.739 Y353.070
G01 X287.989 Y356.228
G01 X290.239 Y359.384
G01 X292.489 Y362.541
G01 X294.739 Y365.697
G01 X296.989 Y368.855
G01 X299.239 Y372.012
G01 X301.489 Y375.168
G01 X303.739 Y378.326
G01 X305.989 Y381.481
G01 X308.239 Y384.639
G01 X310.489 Y387.796
G01 X312.739 Y390.952
G01 X314.989 Y394.110
G01 X317.239 Y397.267
G01 X319.489 Y400.423
G01 X321.739 Y403.581
G01 X323.989 Y406.737
G01 X326.239 Y409.894
G01 X328.489 Y413.050
G01 X330.739 Y416.207
G01 X332.989 Y419.365
G01 X335.240 Y422.522
G01 X337.490 Y425.678
G01 X339.740 Y428.834
G01 X341.990 Y431.992
G01 X344.240 Y435.149
G01 X346.490 Y438.305
G01 X348.740 Y441.463
G01 X350.990 Y444.620
G01 X353.240 Y447.776
G01 X355.490 Y450.933
G01 X357.740 Y454.089
G01 X359.990 Y457.247
G01 X362.240 Y460.404
G01 X364.490 Y463.560
G01 X366.740 Y466.718
G01 X368.990 Y469.874
G01 X366.642 Y466.815
G01 X364.293 Y463.754
G01 X361.945 Y460.695
G01 X359.596 Y457.635
G01 X357.248 Y454.575
G01 X354.899 Y451.514
G01 X352.550 Y448.454
G01 X350.203 Y445.394
G01 X347.853 Y442.334
G01 X345.506 Y439.274
G01 X343.158 Y436.214
G01 X340.809 Y433.154
G01 X338.461 Y430.094
G01 X336.112 Y427.034
G01 X333.764 Y423.975
G01 X331.415 Y420.915
G01 X329.067 Y417.855
G01 X326.719 Y414.795
G01 X324.370 Y411.735
G01 X322.022 Y408.675
G01 X319.673 Y405.615
G01 X317.325 Y402.555
G01 X314.977 Y399.495
G01 X312.627 Y396.435
G01 X310.280 Y393.375
G01 X307.930 Y390.315
G01 X305.583 Y387.255
G01 X303.235 Y384.195
G01 X300.886 Y381.135
G01 X298.538 Y378.076
G01 X296.189 Y375.016
G01 X293.841 Y371.954
G01 X291.493 Y368.894
G01 X289.144 Y365.836
G01 X286.796 Y362.776
G01 X284.447 Y359.716
G01 X282.099 Y356.656
G01 X279.751 Y353.596
G01 X277.401 Y350.536
G01 X275.054 Y347.476
G01 X272.704 Y344.416
G01 X270.357 Y341.356
G01 X268.009 Y338.296
G01 X265.660 Y335.236
G01 X263.312 Y332.175
G01 X260.963 Y329.115
G01 X258.615 Y326.055
G01 X256.267 Y322.995
G01 X253.918 Y319.935
G01 X251.570 Y316.875
G01 X249.221 Y313.815
G01 X246.873 Y310.755
G01 X244.525 Y307.695
G01 X242.175 Y304.635
G01 X239.971 Y301.778
G01 X239.827 Y301.576
G01 X237.814 Y298.986
G01 X237.478 Y298.516
G01 X235.637 Y296.163
G01 X235.130 Y295.456
G01 X233.439 Y293.310
G01 X232.781 Y292.396
G01 X231.221 Y290.428
G01 X230.433 Y289.336
G01 X228.981 Y287.517
G01 X228.086 Y286.276
G01 X226.723 Y284.576
G01 X225.737 Y283.216
G01 X224.442 Y281.606
G01 X223.389 Y280.156
G01 X222.142 Y278.608
G01 X221.040 Y277.096
G01 X219.817 Y275.581
G01 X218.692 Y274.036
G01 X217.473 Y272.524
G01 X216.344 Y270.976
G01 X215.103 Y269.439
G01 X213.995 Y267.916
G01 X212.714 Y266.322
G01 X211.647 Y264.856
G01 X210.300 Y263.177
G01 X209.298 Y261.796
G01 X207.863 Y260.000
G01 X206.950 Y258.737
G01 X205.404 Y256.791
G01 X204.601 Y255.677
G01 X202.925 Y253.550
G01 X202.252 Y252.617
G01 X200.423 Y250.280
G01 X199.904 Y249.556
G01 X197.899 Y246.978
G01 X197.555 Y246.496
G01 X195.355 Y243.644
G01 X195.207 Y243.436
G01 X192.860 Y240.377
G01 X190.510 Y237.317
G01 X188.163 Y234.257
G01 X185.814 Y231.197
G01 X183.466 Y228.137
G01 X181.118 Y225.077
G01 X178.769 Y222.017
G01 X176.421 Y218.957
G01 X174.072 Y215.897
G01 X171.724 Y212.837
G01 X169.375 Y209.776
G01 X167.026 Y206.716
G01 X164.678 Y203.656
G01 X162.329 Y200.597
G01 X159.981 Y197.537
G01 X157.634 Y194.477
G01 X155.284 Y191.417
G01 X152.937 Y188.357
G01 X150.588 Y185.297
G01 X148.240 Y182.237
G01 X145.892 Y179.177
G01 X143.543 Y176.117
G01 X141.195 Y173.056
G01 X138.846 Y169.998
G01 X136.498 Y166.938
G01 X134.149 Y163.877
G01 X131.800 Y160.817
G01 X129.452 Y157.757
G01 X127.103 Y154.697
G01 X124.755 Y151.638
G01 X122.408 Y148.578
G01 X120.058 Y145.518
G01 X117.711 Y142.458
G01 X115.362 Y139.398
G01 X113.014 Y136.338
G01 X110.666 Y133.278
G01 X108.317 Y130.218
G01 X105.969 Y127.158
G01 X103.620 Y124.098
G01 X101.272 Y121.038
G01 X98.923 Y117.978
G01 X96.575 Y114.918
G01 X94.226 Y111.858
G01 X91.877 Y108.798
G01 X89.529 Y105.738
G01 X87.182 Y102.678
G01 X84.832 Y99.618
G01 X82.485 Y96.558
G01 X80.135 Y93.498
G01 X77.788 Y90.438
G01 X75.439 Y87.377
G01 X73.091 Y84.317
G01 X70.742 Y81.257
G01 X68.394 Y78.197
G01 X70.827 Y81.209
G01 X73.260 Y84.221
G01 X75.694 Y87.232
G01 X78.127 Y90.244
G01 X80.560 Y93.255
G01 X82.993 Y96.267
G01 X85.425 Y99.278
G01 X87.858 Y102.288
G01 X90.291 Y105.300
G01 X92.725 Y108.312
G01 X95.158 Y111.322
G01 X97.591 Y114.334
G01 X100.024 Y117.346
G01 X102.457 Y120.357
G01 X104.889 Y123.369
G01 X107.324 Y126.380
G01 X109.757 Y129.392
G01 X112.190 Y132.403
G01 X114.623 Y135.413
G01 X117.055 Y138.425
G01 X119.488 Y141.437
G01 X121.921 Y144.449
G01 X124.355 Y147.460
G01 X126.788 Y150.471
G01 X129.221 Y153.482
G01 X131.654 Y156.494
G01 X134.088 Y159.505
G01 X136.521 Y162.517
G01 X138.954 Y165.528
G01 X141.387 Y168.538
G01 X143.820 Y171.550
G01 X146.252 Y174.561
G01 X148.685 Y177.573
G01 X151.118 Y180.585
G01 X153.552 Y183.596
G01 X155.986 Y186.608
G01 X158.418 Y189.619
G01 X160.851 Y192.630
G01 X163.284 Y195.641
G01 X165.718 Y198.653
G01 X168.151 Y201.663
G01 X170.584 Y204.675
G01 X173.017 Y207.686
G01 X175.450 Y210.698
G01 X177.882 Y213.710
G01 X180.315 Y216.721
G01 X182.750 Y219.732
G01 X185.183 Y222.744
G01 X187.615 Y225.755
G01 X190.048 Y228.767
G01 X192.481 Y231.778
G01 X194.915 Y234.788
G01 X197.348 Y237.800
G01 X199.781 Y240.811
G01 X202.055 Y243.641
G01 X202.214 Y243.823
G01 X204.231 Y246.356
G01 X204.647 Y246.835
G01 X206.435 Y249.103
G01 X207.081 Y249.846
G01 X208.670 Y251.882
G01 X209.514 Y252.857
G01 X210.933 Y254.692
G01 X211.947 Y255.869
G01 X213.225 Y257.536
G01 X214.380 Y258.880
G01 X215.545 Y260.409
G01 X216.772 Y261.848
G01 X216.812 Y261.892
G01 X217.892 Y263.317
G01 X219.031 Y264.665
G01 X219.245 Y264.903
G01 X220.267 Y266.255
G01 X221.348 Y267.543
G01 X221.678 Y267.913
G01 X222.670 Y269.228
G01 X223.721 Y270.487
G01 X224.112 Y270.925
G01 X225.099 Y272.233
G01 X226.151 Y273.495
G01 X226.545 Y273.937
G01 X227.555 Y275.276
G01 X228.642 Y276.572
G01 X228.978 Y276.947
G01 X230.041 Y278.351
G01 X231.192 Y279.714
G01 X231.411 Y279.959
G01 X232.555 Y281.463
G01 X233.803 Y282.925
G01 X233.844 Y282.971
G01 X235.100 Y284.610
G01 X236.278 Y285.981
G01 X237.675 Y287.791
G01 X238.711 Y288.993
G01 X240.279 Y291.005
G01 X241.144 Y292.005
G01 X242.916 Y294.255
G01 X243.577 Y295.017
G01 X245.583 Y297.536
G01 X246.010 Y298.028
G01 X248.280 Y300.851
G01 X248.442 Y301.038
G01 X250.876 Y304.050
G01 X253.309 Y307.062
G01 X255.742 Y310.072
G01 X258.175 Y313.084
G01 X260.609 Y316.096
G01 X263.042 Y319.108
G01 X265.475 Y322.118
G01 X267.908 Y325.130
G01 X270.341 Y328.142
G01 X272.774 Y331.153
G01 X275.207 Y334.163
G01 X277.639 Y337.175
G01 X280.073 Y340.187
G01 X282.506 Y343.197
G01 X284.940 Y346.209
G01 X287.373 Y349.221
G01 X289.805 Y352.231
G01 X292.239 Y355.243
G01 X294.672 Y358.255
G01 X297.105 Y361.267
G01 X299.538 Y364.278
G01 X301.971 Y367.288
G01 X304.404 Y370.300
G01 X306.837 Y373.312
G01 X309.269 Y376.322
G01 X311.703 Y379.334
G01 X314.137 Y382.346
G01 X316.570 Y385.356
G01 X319.002 Y388.368
G01 X321.436 Y391.380
G01 X323.869 Y394.391
G01 X326.302 Y397.403
G01 X328.735 Y400.413
G01 X331.168 Y403.425
G01 X333.601 Y406.437
G01 X336.034 Y409.447
G01 X338.468 Y412.459
G01 X340.901 Y415.471
G01 X343.334 Y418.483
G01 X345.767 Y421.493
G01 X348.200 Y424.505
G01 X350.632 Y427.516
G01 X353.066 Y430.528
G01 X355.499 Y433.538
G01 X357.932 Y436.550
G01 X360.365 Y439.562
G01 X362.798 Y442.572
G01 X365.232 Y445.584
G01 X367.665 Y448.596
G01 X370.098 Y451.606
G01 X372.531 Y454.618
G01 X374.964 Y457.630
G01 X377.397 Y460.641
G01 X379.829 Y463.653
G01 X377.306 Y460.745
G01 X374.781 Y457.837
G01 X372.257 Y454.930
G01 X369.733 Y452.022
G01 X367.208 Y449.113
G01 X364.684 Y446.206
G01 X362.160 Y443.298
G01 X359.635 Y440.391
G01 X357.111 Y437.483
G01 X354.586 Y434.575
G01 X352.062 Y431.668
G01 X349.538 Y428.760
G01 X347.013 Y425.851
G01 X344.489 Y422.944
G01 X341.965 Y420.036
G01 X339.440 Y417.129
G01 X336.916 Y414.221
G01 X334.391 Y411.312
G01 X331.867 Y408.404
G01 X329.343 Y405.498
G01 X326.817 Y402.589
G01 X324.293 Y399.682
G01 X321.769 Y396.774
G01 X319.245 Y393.867
G01 X316.721 Y390.959
G01 X314.196 Y388.050
G01 X311.672 Y385.142
G01 X309.148 Y382.236
G01 X306.623 Y379.327
G01 X304.099 Y376.420
G01 X301.574 Y373.512
G01 X299.050 Y370.603
G01 X296.526 Y367.697
G01 X294.001 Y364.788
G01 X291.477 Y361.880
G01 X288.952 Y358.973
G01 X286.428 Y356.065
G01 X283.904 Y353.158
G01 X281.379 Y350.250
G01 X278.855 Y347.341
G01 X276.331 Y344.435
G01 X273.805 Y341.526
G01 X271.281 Y338.618
G01 X268.757 Y335.711
G01 X266.233 Y332.803
G01 X263.709 Y329.896
G01 X261.184 Y326.988
G01 X258.660 Y324.079
G01 X256.136 Y321.171
G01 X253.611 Y318.264
G01 X251.087 Y315.356
G01 X248.561 Y312.449
G01 X246.037 Y309.541
G01 X243.514 Y306.634
G01 X241.129 Y303.899
G01 X240.988 Y303.726
G01 X238.798 Y301.231
G01 X238.464 Y300.817
G01 X236.447 Y298.534
G01 X235.940 Y297.909
G01 X234.076 Y295.812
G01 X233.416 Y295.002
G01 X231.683 Y293.064
G01 X230.892 Y292.094
G01 X229.269 Y290.288
G01 X228.367 Y289.187
G01 X226.836 Y287.487
G01 X225.843 Y286.279
G01 X224.380 Y284.659
G01 X223.319 Y283.370
G01 X221.903 Y281.807
G01 X220.793 Y280.464
G01 X219.404 Y278.928
G01 X218.269 Y277.555
G01 X216.882 Y276.024
G01 X215.745 Y274.647
G01 X214.337 Y273.093
G01 X213.221 Y271.740
G01 X211.769 Y270.135
G01 X210.697 Y268.832
G01 X209.180 Y267.149
G01 X208.171 Y265.925
G01 X206.567 Y264.137
G01 X205.647 Y263.017
G01 X203.932 Y261.096
G01 X203.124 Y260.108
G01 X201.274 Y258.029
G01 X200.599 Y257.202
G01 X198.594 Y254.933
G01 X198.075 Y254.293
G01 X195.892 Y251.808
G01 X195.550 Y251.386
G01 X193.170 Y248.656
G01 X193.026 Y248.478
G01 X190.502 Y245.570
G01 X187.976 Y242.662
G01 X185.452 Y239.755
G01 X182.928 Y236.847
G01 X180.404 Y233.939
G01 X177.880 Y231.031
G01 X175.355 Y228.124
G01 X172.831 Y225.216
G01 X170.307 Y222.308
G01 X167.781 Y219.400
G01 X165.257 Y216.493
G01 X162.733 Y213.585
G01 X160.209 Y210.677
G01 X157.685 Y207.769
G01 X155.159 Y204.862
G01 X152.635 Y201.954
G01 X150.112 Y199.046
G01 X147.587 Y196.138
G01 X145.062 Y193.231
G01 X142.538 Y190.323
G01 X140.014 Y187.415
G01 X137.490 Y184.507
G01 X134.964 Y181.600
G01 X132.440 Y178.692
G01 X129.916 Y175.784
G01 X127.392 Y172.876
G01 X124.868 Y169.969
G01 X122.343 Y167.061
G01 X119.819 Y164.153
G01 X117.295 Y161.245
G01 X114.769 Y158.338
G01 X112.245 Y155.430
G01 X109.721 Y152.522
G01 X107.197 Y149.614
G01 X104.673 Y146.706
G01 X102.147 Y143.799
G01 X99.624 Y140.891
G01 X97.100 Y137.983
G01 X94.575 Y135.075
G01 X92.050 Y132.168
G01 X89.526 Y129.260
G01 X87.002 Y126.352
G01 X84.478 Y123.444
G01 X81.952 Y120.536
G01 X79.428 Y117.629
G01 X76.904 Y114.721
G01 X74.380 Y111.812
G01 X71.856 Y108.905
G01 X69.332 Y105.998
G01 X66.807 Y103.089
G01 X64.283 Y100.182
G01 X61.757 Y97.274
G01 X59.233 Y94.367
G01 X56.709 Y91.459
G01 X59.315 Y94.314
G01 X61.923 Y97.168
G01 X64.529 Y100.024
G01 X67.135 Y102.879
G01 X69.742 Y105.733
G01 X72.349 Y108.589
G01 X74.954 Y111.444
G01 X77.562 Y114.298
G01 X80.168 Y117.154
G01 X82.774 Y120.009
G01 X85.380 Y122.864
G01 X87.988 Y125.719
G01 X90.594 Y128.574
G01 X93.201 Y131.429
G01 X95.808 Y134.284
G01 X98.413 Y137.139
G01 X101.021 Y139.994
G01 X103.627 Y142.849
G01 X106.233 Y145.704
G01 X108.839 Y148.559
G01 X111.447 Y151.413
G01 X114.053 Y154.269
G01 X116.659 Y157.124
G01 X119.266 Y159.978
G01 X121.873 Y162.834
G01 X124.480 Y165.689
G01 X127.086 Y168.543
G01 X129.692 Y171.399
G01 X132.298 Y174.252
G01 X134.904 Y177.109
G01 X137.512 Y179.963
G01 X140.118 Y182.819
G01 X142.725 Y185.673
G01 X145.332 Y188.529
G01 X147.938 Y191.383
G01 X150.545 Y194.238
G01 X153.151 Y197.093
G01 X155.757 Y199.948
G01 X158.363 Y202.803
G01 X160.971 Y205.657
G01 X163.577 Y208.513
G01 X166.183 Y211.368
G01 X168.790 Y214.222
G01 X171.397 Y217.078
G01 X174.004 Y219.933
G01 X176.610 Y222.787
G01 X179.216 Y225.643
G01 X181.822 Y228.498
G01 X184.430 Y231.353
G01 X187.036 Y234.208
G01 X189.642 Y237.062
G01 X192.249 Y239.918
G01 X194.856 Y242.773
G01 X197.462 Y245.627
G01 X199.887 Y248.299
G01 X200.069 Y248.483
G01 X202.240 Y250.894
G01 X202.675 Y251.338
G01 X204.620 Y253.518
G01 X205.281 Y254.192
G01 X207.031 Y256.168
G01 X207.889 Y257.048
G01 X209.469 Y258.848
G01 X210.495 Y259.903
G01 X211.935 Y261.555
G01 X213.101 Y262.757
G01 X214.430 Y264.288
G01 X215.707 Y265.613
G01 X216.952 Y267.052
G01 X218.252 Y268.406
G01 X218.315 Y268.468
G01 X219.500 Y269.844
G01 X220.743 Y271.147
G01 X220.921 Y271.322
G01 X222.076 Y272.665
G01 X223.291 Y273.944
G01 X223.528 Y274.178
G01 X224.678 Y275.516
G01 X225.897 Y276.798
G01 X226.134 Y277.033
G01 X227.308 Y278.397
G01 X228.560 Y279.709
G01 X228.740 Y279.887
G01 X229.968 Y281.308
G01 X231.284 Y282.680
G01 X231.346 Y282.743
G01 X232.656 Y284.252
G01 X233.954 Y285.598
G01 X235.373 Y287.226
G01 X236.560 Y288.452
G01 X238.120 Y290.228
G01 X239.166 Y291.308
G01 X240.897 Y293.262
G01 X241.772 Y294.163
G01 X243.704 Y296.326
G01 X244.380 Y297.017
G01 X246.541 Y299.418
G01 X246.987 Y299.873
G01 X249.407 Y302.538
G01 X249.593 Y302.728
G01 X252.200 Y305.582
G01 X254.805 Y308.438
G01 X257.413 Y311.293
G01 X260.019 Y314.147
G01 X262.626 Y317.002
G01 X265.232 Y319.858
G01 X267.839 Y322.713
G01 X270.445 Y325.567
G01 X273.052 Y328.423
G01 X275.658 Y331.278
G01 X278.264 Y334.132
G01 X280.871 Y336.988
G01 X283.478 Y339.843
G01 X286.085 Y342.697
G01 X288.691 Y345.553
G01 X291.298 Y348.408
G01 X293.904 Y351.262
G01 X296.511 Y354.118
G01 X299.117 Y356.973
G01 X301.724 Y359.827
G01 X304.329 Y362.683
G01 X306.937 Y365.538
G01 X309.543 Y368.392
G01 X312.150 Y371.248
G01 X314.756 Y374.103
G01 X317.363 Y376.957
G01 X319.970 Y379.812
G01 X322.576 Y382.668
G01 X325.182 Y385.522
G01 X327.788 Y388.377
G01 X330.396 Y391.233
G01 X333.002 Y394.088
G01 X335.609 Y396.942
G01 X338.215 Y399.798
G01 X340.822 Y402.651
G01 X343.428 Y405.507
G01 X346.035 Y408.363
G01 X348.641 Y411.218
G01 X351.248 Y414.072
G01 X353.853 Y416.928
G01 X356.461 Y419.781
G01 X359.067 Y422.637
G01 X361.674 Y425.492
G01 X364.281 Y428.346
G01 X366.887 Y431.202
G01 X369.494 Y434.057
G01 X372.100 Y436.911
G01 X374.707 Y439.767
G01 X377.312 Y442.622
G01 X379.920 Y445.476
G01 X382.526 Y448.332
G01 X385.132 Y451.187
G01 X387.740 Y454.041
G01 X390.346 Y456.897
G01 X387.656 Y454.151
G01 X384.964 Y451.406
G01 X382.274 Y448.661
G01 X379.584 Y445.916
G01 X376.894 Y443.171
G01 X374.204 Y440.425
G01 X371.514 Y437.680
G01 X368.824 Y434.935
G01 X366.132 Y432.190
G01 X363.442 Y429.445
G01 X360.752 Y426.700
G01 X358.062 Y423.954
G01 X355.372 Y421.209
G01 X352.682 Y418.464
G01 X349.992 Y415.719
G01 X347.300 Y412.974
G01 X344.611 Y410.228
G01 X341.921 Y407.483
G01 X339.231 Y404.738
G01 X336.541 Y401.993
G01 X333.850 Y399.248
G01 X331.160 Y396.502
G01 X328.470 Y393.757
G01 X325.779 Y391.012
G01 X323.089 Y388.267
G01 X320.399 Y385.522
G01 X317.709 Y382.776
G01 X315.018 Y380.031
G01 X312.328 Y377.286
G01 X309.638 Y374.541
G01 X306.947 Y371.796
G01 X304.257 Y369.050
G01 X301.567 Y366.305
G01 X298.877 Y363.560
G01 X296.186 Y360.815
G01 X293.496 Y358.070
G01 X290.805 Y355.325
G01 X288.115 Y352.579
G01 X285.425 Y349.834
G01 X282.735 Y347.089
G01 X280.045 Y344.344
G01 X277.353 Y341.599
G01 X274.663 Y338.853
G01 X271.974 Y336.108
G01 X269.284 Y333.363
G01 X266.593 Y330.618
G01 X263.903 Y327.873
G01 X261.213 Y325.127
G01 X258.522 Y322.382
G01 X255.832 Y319.637
G01 X253.142 Y316.892
G01 X250.452 Y314.147
G01 X247.761 Y311.401
G01 X245.071 Y308.656
G01 X242.505 Y306.048
G01 X242.380 Y305.911
G01 X240.012 Y303.516
G01 X239.690 Y303.166
G01 X237.495 Y300.959
G01 X237.000 Y300.421
G01 X234.959 Y298.380
G01 X234.310 Y297.675
G01 X232.401 Y295.776
G01 X231.620 Y294.930
G01 X229.822 Y293.149
G01 X228.930 Y292.185
G01 X227.223 Y290.499
G01 X226.238 Y289.440
G01 X224.601 Y287.826
G01 X223.548 Y286.695
G01 X221.959 Y285.130
G01 X220.858 Y283.950
G01 X219.293 Y282.409
G01 X218.168 Y281.204
G01 X216.605 Y279.668
G01 X215.478 Y278.459
G01 X213.894 Y276.901
G01 X212.788 Y275.714
G01 X211.161 Y274.111
G01 X210.098 Y272.969
G01 X208.404 Y271.296
G01 X207.406 Y270.224
G01 X205.625 Y268.459
G01 X204.716 Y267.478
G01 X202.824 Y265.596
G01 X202.026 Y264.733
G01 X200.000 Y262.707
G01 X199.336 Y261.988
G01 X197.153 Y259.793
G01 X196.646 Y259.243
G01 X194.284 Y256.856
G01 X193.956 Y256.498
G01 X191.394 Y253.893
G01 X191.266 Y253.752
G01 X188.575 Y251.007
G01 X185.885 Y248.262
G01 X183.195 Y245.517
G01 X180.505 Y242.772
G01 X177.814 Y240.026
G01 X175.124 Y237.281
G01 X172.433 Y234.536
G01 X169.743 Y231.791
G01 X167.053 Y229.046
G01 X164.363 Y226.300
G01 X161.673 Y223.555
G01 X158.981 Y220.810
G01 X156.291 Y218.065
G01 X153.601 Y215.320
G01 X150.911 Y212.575
G01 X148.221 Y209.829
G01 X145.531 Y207.084
G01 X142.841 Y204.339
G01 X140.151 Y201.594
G01 X137.459 Y198.849
G01 X134.769 Y196.103
G01 X132.079 Y193.358
G01 X129.389 Y190.613
G01 X126.699 Y187.868
G01 X124.009 Y185.123
G01 X121.319 Y182.377
G01 X118.627 Y179.632
G01 X115.938 Y176.887
G01 X113.248 Y174.142
G01 X110.557 Y171.397
G01 X107.867 Y168.651
G01 X105.177 Y165.906
G01 X102.487 Y163.161
G01 X99.796 Y160.416
G01 X97.106 Y157.671
G01 X94.416 Y154.925
G01 X91.726 Y152.180
G01 X89.034 Y149.435
G01 X86.344 Y146.690
G01 X83.654 Y143.945
G01 X80.964 Y141.199
G01 X78.274 Y138.454
G01 X75.584 Y135.709
G01 X72.894 Y132.964
G01 X70.202 Y130.219
G01 X67.512 Y127.474
G01 X64.822 Y124.728
G01 X62.132 Y121.983
G01 X59.442 Y119.238
G01 X56.752 Y116.493
G01 X54.062 Y113.747
G01 X51.370 Y111.002
G01 X48.680 Y108.257
G01 X45.990 Y105.512
G01 X48.760 Y108.200
G01 X51.529 Y110.889
G01 X54.300 Y113.577
G01 X57.070 Y116.264
G01 X59.839 Y118.954
G01 X62.608 Y121.642
G01 X65.379 Y124.331
G01 X68.147 Y127.019
G01 X70.918 Y129.707
G01 X73.688 Y132.396
G01 X76.457 Y135.084
G01 X79.226 Y137.772
G01 X81.997 Y140.461
G01 X84.767 Y143.149
G01 X87.536 Y145.838
G01 X90.305 Y148.526
G01 X93.076 Y151.214
G01 X95.844 Y153.903
G01 X98.615 Y156.591
G01 X101.385 Y159.279
G01 X104.154 Y161.968
G01 X106.923 Y164.656
G01 X109.694 Y167.345
G01 X112.463 Y170.033
G01 X115.233 Y172.722
G01 X118.002 Y175.410
G01 X120.772 Y178.098
G01 X123.541 Y180.787
G01 X126.312 Y183.475
G01 X129.082 Y186.162
G01 X131.851 Y188.852
G01 X134.620 Y191.540
G01 X137.391 Y194.228
G01 X140.159 Y196.917
G01 X142.930 Y199.605
G01 X145.700 Y202.293
G01 X148.469 Y204.982
G01 X151.238 Y207.669
G01 X154.009 Y210.359
G01 X156.778 Y213.047
G01 X159.548 Y215.734
G01 X162.317 Y218.424
G01 X165.087 Y221.112
G01 X167.856 Y223.800
G01 X170.627 Y226.489
G01 X173.396 Y229.177
G01 X176.166 Y231.865
G01 X178.935 Y234.554
G01 X181.706 Y237.243
G01 X184.475 Y239.930
G01 X187.245 Y242.619
G01 X190.014 Y245.308
G01 X192.784 Y247.996
G01 X195.553 Y250.684
G01 X198.135 Y253.202
G01 X198.324 Y253.373
G01 X200.654 Y255.663
G01 X201.094 Y256.060
G01 X203.201 Y258.149
G01 X203.863 Y258.750
G01 X205.776 Y260.659
G01 X206.632 Y261.438
G01 X208.380 Y263.192
G01 X209.403 Y264.125
G01 X211.010 Y265.750
G01 X212.171 Y266.815
G01 X213.670 Y268.334
G01 X214.942 Y269.502
G01 X216.355 Y270.942
G01 X217.711 Y272.190
G01 X219.067 Y273.575
G01 X220.481 Y274.880
G01 X221.807 Y276.233
G01 X223.194 Y277.517
G01 X223.250 Y277.567
G01 X224.572 Y278.918
G01 X225.963 Y280.206
G01 X226.021 Y280.257
G01 X227.367 Y281.630
G01 X228.790 Y282.945
G01 X230.188 Y284.368
G01 X231.560 Y285.632
G01 X233.038 Y287.135
G01 X234.329 Y288.322
G01 X235.916 Y289.927
G01 X237.099 Y291.010
G01 X238.826 Y292.745
G01 X239.868 Y293.697
G01 X241.764 Y295.589
G01 X242.639 Y296.387
G01 X244.731 Y298.459
G01 X245.407 Y299.075
G01 X247.728 Y301.356
G01 X248.178 Y301.764
G01 X250.754 Y304.276
G01 X250.948 Y304.452
G01 X253.716 Y307.141
G01 X256.487 Y309.829
G01 X259.257 Y312.517
G01 X262.026 Y315.206
G01 X264.796 Y317.894
G01 X267.566 Y320.582
G01 X270.336 Y323.271
G01 X273.105 Y325.959
G01 X275.875 Y328.647
G01 X278.644 Y331.336
G01 X281.413 Y334.024
G01 X284.184 Y336.713
G01 X286.954 Y339.401
G01 X289.723 Y342.089
G01 X292.493 Y344.778
G01 X295.263 Y347.466
G01 X298.031 Y350.154
G01 X300.802 Y352.843
G01 X303.572 Y355.531
G01 X306.341 Y358.219
G01 X309.111 Y360.908
G01 X311.881 Y363.596
G01 X314.651 Y366.284
G01 X317.420 Y368.973
G01 X320.190 Y371.661
G01 X322.960 Y374.350
G01 X325.728 Y377.038
G01 X328.499 Y379.726
G01 X331.269 Y382.415
G01 X334.038 Y385.103
G01 X336.808 Y387.791
G01 X339.578 Y390.480
G01 X342.348 Y393.168
G01 X345.117 Y395.856
G01 X347.887 Y398.545
G01 X350.656 Y401.233
G01 X353.425 Y403.921
G01 X356.196 Y406.610
G01 X358.965 Y409.298
G01 X361.735 Y411.987
G01 X364.505 Y414.675
G01 X367.274 Y417.363
G01 X370.043 Y420.053
G01 X372.814 Y422.740
G01 X375.584 Y425.428
G01 X378.353 Y428.118
G01 X381.123 Y430.805
G01 X383.893 Y433.493
G01 X386.661 Y436.183
G01 X389.432 Y438.870
G01 X392.202 Y441.558
G01 X394.971 Y444.248
G01 X397.740 Y446.935
G01 X400.510 Y449.625
G01 X397.664 Y447.052
G01 X394.820 Y444.478
G01 X391.974 Y441.906
G01 X389.129 Y439.332
G01 X386.284 Y436.760
G01 X383.438 Y434.187
G01 X380.592 Y431.613
G01 X377.747 Y429.041
G01 X374.902 Y426.468
G01 X372.056 Y423.894
G01 X369.211 Y421.322
G01 X366.365 Y418.749
G01 X363.519 Y416.175
G01 X360.674 Y413.603
G01 X357.829 Y411.029
G01 X354.984 Y408.457
G01 X352.138 Y405.884
G01 X349.293 Y403.312
G01 X346.447 Y400.738
G01 X343.602 Y398.166
G01 X340.756 Y395.593
G01 X337.911 Y393.019
G01 X335.065 Y390.447
G01 X332.220 Y387.874
G01 X329.374 Y385.300
G01 X326.529 Y382.728
G01 X323.683 Y380.154
G01 X320.838 Y377.582
G01 X317.992 Y375.009
G01 X315.147 Y372.435
G01 X312.302 Y369.863
G01 X309.456 Y367.290
G01 X306.611 Y364.716
G01 X303.764 Y362.144
G01 X300.920 Y359.570
G01 X298.074 Y356.998
G01 X295.228 Y354.425
G01 X292.382 Y351.853
G01 X289.538 Y349.279
G01 X286.692 Y346.706
G01 X283.847 Y344.134
G01 X281.002 Y341.560
G01 X278.156 Y338.988
G01 X275.311 Y336.415
G01 X272.465 Y333.841
G01 X269.620 Y331.269
G01 X266.774 Y328.695
G01 X263.929 Y326.123
G01 X261.083 Y323.550
G01 X258.238 Y320.976
G01 X255.392 Y318.404
G01 X252.547 Y315.831
G01 X249.701 Y313.257
G01 X246.856 Y310.685
G01 X244.109 Y308.209
G01 X244.011 Y308.112
G01 X241.461 Y305.825
G01 X241.165 Y305.538
G01 X238.791 Y303.420
G01 X238.320 Y302.966
G01 X236.099 Y300.993
G01 X235.474 Y300.392
G01 X233.387 Y298.546
G01 X232.629 Y297.820
G01 X230.653 Y296.079
G01 X229.783 Y295.248
G01 X227.897 Y293.589
G01 X226.938 Y292.675
G01 X225.120 Y291.081
G01 X224.091 Y290.101
G01 X222.322 Y288.550
G01 X221.247 Y287.529
G01 X219.500 Y286.000
G01 X218.401 Y284.956
G01 X216.658 Y283.430
G01 X215.555 Y282.382
G01 X213.791 Y280.838
G01 X212.711 Y279.810
G01 X210.904 Y278.225
G01 X209.865 Y277.237
G01 X207.992 Y275.591
G01 X207.019 Y274.663
G01 X205.058 Y272.935
G01 X204.173 Y272.091
G01 X202.101 Y270.257
G01 X201.329 Y269.517
G01 X199.120 Y267.558
G01 X198.483 Y266.945
G01 X196.118 Y264.836
G01 X195.637 Y264.372
G01 X193.094 Y262.091
G01 X192.791 Y261.798
G01 X190.048 Y259.325
G01 X189.947 Y259.226
G01 X187.101 Y256.653
G01 X184.255 Y254.079
G01 X181.409 Y251.507
G01 X178.565 Y248.935
G01 X175.719 Y246.362
G01 X172.874 Y243.788
G01 X170.029 Y241.216
G01 X167.183 Y238.643
G01 X164.338 Y236.070
G01 X161.492 Y233.496
G01 X158.647 Y230.924
G01 X155.800 Y228.351
G01 X152.956 Y225.778
G01 X150.111 Y223.204
G01 X147.264 Y220.632
G01 X144.418 Y218.059
G01 X141.574 Y215.486
G01 X138.728 Y212.912
G01 X135.882 Y210.340
G01 X133.038 Y207.767
G01 X130.192 Y205.194
G01 X127.346 Y202.621
G01 X124.500 Y200.049
G01 X121.656 Y197.476
G01 X118.810 Y194.901
G01 X115.964 Y192.329
G01 X113.118 Y189.757
G01 X110.274 Y187.184
G01 X107.428 Y184.611
G01 X104.582 Y182.038
G01 X101.738 Y179.465
G01 X98.892 Y176.892
G01 X96.046 Y174.319
G01 X93.201 Y171.746
G01 X90.356 Y169.173
G01 X87.510 Y166.600
G01 X84.665 Y164.026
G01 X81.819 Y161.454
G01 X78.974 Y158.881
G01 X76.127 Y156.308
G01 X73.283 Y153.735
G01 X70.438 Y151.162
G01 X67.591 Y148.589
G01 X64.747 Y146.017
G01 X61.901 Y143.442
G01 X59.055 Y140.871
G01 X56.209 Y138.298
G01 X53.365 Y135.725
G01 X50.519 Y133.151
G01 X47.673 Y130.579
G01 X44.827 Y128.006
G01 X41.983 Y125.433
G01 X39.137 Y122.860
G01 X36.291 Y120.286
G01 X39.214 Y122.799
G01 X42.135 Y125.312
G01 X45.058 Y127.824
G01 X47.980 Y130.336
G01 X50.901 Y132.848
G01 X53.824 Y135.360
G01 X56.745 Y137.873
G01 X59.668 Y140.385
G01 X62.589 Y142.897
G01 X65.510 Y145.409
G01 X68.433 Y147.922
G01 X71.355 Y150.434
G01 X74.276 Y152.946
G01 X77.199 Y155.458
G01 X80.120 Y157.971
G01 X83.043 Y160.483
G01 X85.964 Y162.995
G01 X88.887 Y165.507
G01 X91.808 Y168.019
G01 X94.731 Y170.531
G01 X97.653 Y173.043
G01 X100.575 Y175.555
G01 X103.497 Y178.067
G01 X106.418 Y180.581
G01 X109.339 Y183.093
G01 X112.262 Y185.605
G01 X115.183 Y188.117
G01 X118.106 Y190.630
G01 X121.028 Y193.142
G01 X123.950 Y195.654
G01 X126.872 Y198.166
G01 X129.793 Y200.679
G01 X132.716 Y203.191
G01 X135.637 Y205.703
G01 X138.560 Y208.215
G01 X141.481 Y210.727
G01 X144.404 Y213.240
G01 X147.326 Y215.752
G01 X150.247 Y218.263
G01 X153.168 Y220.775
G01 X156.091 Y223.288
G01 X159.012 Y225.800
G01 X161.935 Y228.312
G01 X164.856 Y230.825
G01 X167.779 Y233.338
G01 X170.701 Y235.850
G01 X173.623 Y238.362
G01 X176.545 Y240.874
G01 X179.466 Y243.387
G01 X182.389 Y245.899
G01 X185.310 Y248.411
G01 X188.233 Y250.923
G01 X191.154 Y253.435
G01 X194.077 Y255.948
G01 X196.815 Y258.312
G01 X196.998 Y258.459
G01 X199.490 Y260.627
G01 X199.920 Y260.971
G01 X202.192 Y262.963
G01 X202.841 Y263.483
G01 X204.923 Y265.319
G01 X205.764 Y265.997
G01 X207.682 Y267.697
G01 X208.685 Y268.509
G01 X210.466 Y270.096
G01 X211.608 Y271.021
G01 X213.279 Y272.516
G01 X214.529 Y273.533
G01 X216.118 Y274.957
G01 X217.452 Y276.046
G01 X218.983 Y277.421
G01 X220.374 Y278.558
G01 X221.875 Y279.908
G01 X223.296 Y281.070
G01 X224.793 Y282.418
G01 X226.218 Y283.582
G01 X227.740 Y284.951
G01 X229.139 Y286.094
G01 X230.714 Y287.507
G01 X232.062 Y288.606
G01 X233.714 Y290.086
G01 X234.983 Y291.118
G01 X236.745 Y292.689
G01 X237.904 Y293.630
G01 X239.803 Y295.314
G01 X240.827 Y296.142
G01 X242.891 Y297.963
G01 X243.749 Y298.656
G01 X246.007 Y300.634
G01 X246.671 Y301.168
G01 X249.153 Y303.327
G01 X249.593 Y303.680
G01 X252.327 Y306.041
G01 X252.514 Y306.192
G01 X255.436 Y308.704
G01 X258.359 Y311.216
G01 X261.281 Y313.728
G01 X264.203 Y316.240
G01 X267.125 Y318.752
G01 X270.047 Y321.266
G01 X272.969 Y323.778
G01 X275.891 Y326.290
G01 X278.812 Y328.802
G01 X281.734 Y331.315
G01 X284.656 Y333.827
G01 X287.578 Y336.339
G01 X290.500 Y338.851
G01 X293.422 Y341.363
G01 X296.344 Y343.875
G01 X299.266 Y346.387
G01 X302.188 Y348.899
G01 X305.110 Y351.413
G01 X308.031 Y353.925
G01 X310.954 Y356.437
G01 X313.876 Y358.949
G01 X316.798 Y361.461
G01 X319.720 Y363.974
G01 X322.642 Y366.486
G01 X325.562 Y368.998
G01 X328.485 Y371.510
G01 X331.406 Y374.022
G01 X334.329 Y376.534
G01 X337.251 Y379.046
G01 X340.173 Y381.558
G01 X343.095 Y384.072
G01 X346.017 Y386.584
G01 X348.939 Y389.096
G01 X351.861 Y391.608
G01 X354.783 Y394.120
G01 X357.704 Y396.632
G01 X360.627 Y399.144
G01 X363.549 Y401.656
G01 X366.471 Y404.168
G01 X369.392 Y406.682
G01 X372.314 Y409.194
G01 X375.236 Y411.706
G01 X378.158 Y414.218
G01 X381.079 Y416.731
G01 X384.002 Y419.243
G01 X386.923 Y421.755
G01 X389.846 Y424.267
G01 X392.768 Y426.779
G01 X395.690 Y429.291
G01 X398.611 Y431.803
G01 X401.534 Y434.315
G01 X404.456 Y436.827
G01 X407.377 Y439.341
G01 X410.300 Y441.853
G01 X407.310 Y439.461
G01 X404.321 Y437.070
G01 X401.332 Y434.678
G01 X398.341 Y432.286
G01 X395.353 Y429.894
G01 X392.363 Y427.502
G01 X389.374 Y425.111
G01 X386.385 Y422.719
G01 X383.394 Y420.327
G01 X380.406 Y417.935
G01 X377.417 Y415.543
G01 X374.427 Y413.151
G01 X371.438 Y410.760
G01 X368.449 Y408.368
G01 X365.459 Y405.976
G01 X362.470 Y403.584
G01 X359.481 Y401.192
G01 X356.490 Y398.802
G01 X353.502 Y396.409
G01 X350.512 Y394.017
G01 X347.523 Y391.625
G01 X344.534 Y389.235
G01 X341.543 Y386.843
G01 X338.555 Y384.451
G01 X335.566 Y382.060
G01 X332.576 Y379.668
G01 X329.587 Y377.276
G01 X326.597 Y374.884
G01 X323.608 Y372.493
G01 X320.619 Y370.101
G01 X317.629 Y367.709
G01 X314.639 Y365.317
G01 X311.651 Y362.925
G01 X308.661 Y360.534
G01 X305.672 Y358.142
G01 X302.683 Y355.750
G01 X299.692 Y353.358
G01 X296.704 Y350.966
G01 X293.715 Y348.575
G01 X290.725 Y346.183
G01 X287.736 Y343.791
G01 X284.746 Y341.399
G01 X281.757 Y339.007
G01 X278.768 Y336.617
G01 X275.778 Y334.225
G01 X272.788 Y331.832
G01 X269.800 Y329.440
G01 X266.810 Y327.048
G01 X263.821 Y324.658
G01 X260.831 Y322.266
G01 X257.841 Y319.874
G01 X254.853 Y317.483
G01 X251.863 Y315.091
G01 X248.874 Y312.699
G01 X245.947 Y310.361
G01 X245.885 Y310.307
G01 X243.154 Y308.137
G01 X242.894 Y307.916
G01 X240.339 Y305.892
G01 X239.906 Y305.524
G01 X237.504 Y303.630
G01 X236.916 Y303.132
G01 X234.647 Y301.351
G01 X233.927 Y300.740
G01 X231.769 Y299.052
G01 X230.938 Y298.349
G01 X228.868 Y296.733
G01 X227.947 Y295.957
G01 X225.947 Y294.399
G01 X224.959 Y293.565
G01 X223.005 Y292.045
G01 X221.969 Y291.173
G01 X220.040 Y289.673
G01 X218.980 Y288.781
G01 X217.053 Y287.283
G01 X215.990 Y286.389
G01 X214.043 Y284.875
G01 X213.002 Y283.998
G01 X211.010 Y282.447
G01 X210.012 Y281.606
G01 X207.954 Y280.002
G01 X207.022 Y279.214
G01 X204.877 Y277.536
G01 X204.034 Y276.822
G01 X201.776 Y275.052
G01 X201.043 Y274.430
G01 X198.654 Y272.548
G01 X198.055 Y272.040
G01 X195.509 Y270.024
G01 X195.065 Y269.647
G01 X192.341 Y267.481
G01 X192.076 Y267.255
G01 X189.151 Y264.918
G01 X189.087 Y264.863
G01 X186.098 Y262.473
G01 X183.108 Y260.081
G01 X180.118 Y257.689
G01 X177.129 Y255.297
G01 X174.139 Y252.906
G01 X171.151 Y250.513
G01 X168.161 Y248.121
G01 X165.171 Y245.730
G01 X162.183 Y243.339
G01 X159.192 Y240.947
G01 X156.204 Y238.555
G01 X153.214 Y236.163
G01 X150.225 Y233.772
G01 X147.236 Y231.380
G01 X144.245 Y228.988
G01 X141.257 Y226.596
G01 X138.267 Y224.204
G01 X135.278 Y221.812
G01 X132.288 Y219.421
G01 X129.298 Y217.030
G01 X126.310 Y214.638
G01 X123.320 Y212.246
G01 X120.331 Y209.853
G01 X117.341 Y207.463
G01 X114.353 Y205.071
G01 X111.363 Y202.679
G01 X108.374 Y200.287
G01 X105.385 Y197.895
G01 X102.394 Y195.504
G01 X99.406 Y193.112
G01 X96.416 Y190.720
G01 X93.427 Y188.329
G01 X90.438 Y185.937
G01 X87.449 Y183.545
G01 X84.459 Y181.154
G01 X81.469 Y178.762
G01 X78.480 Y176.370
G01 X75.490 Y173.978
G01 X72.502 Y171.587
G01 X69.512 Y169.195
G01 X66.522 Y166.803
G01 X63.533 Y164.411
G01 X60.543 Y162.019
G01 X57.555 Y159.627
G01 X54.565 Y157.236
G01 X51.576 Y154.844
G01 X48.587 Y152.453
G01 X45.596 Y150.061
G01 X42.608 Y147.668
G01 X39.618 Y145.276
G01 X36.629 Y142.886
G01 X33.639 Y140.494
G01 X30.651 Y138.102
G01 X27.661 Y135.711
G01 X30.724 Y138.038
G01 X33.786 Y140.365
G01 X36.849 Y142.692
G01 X39.911 Y145.019
G01 X42.975 Y147.347
G01 X46.038 Y149.674
G01 X49.100 Y152.001
G01 X52.163 Y154.329
G01 X55.226 Y156.656
G01 X58.288 Y158.983
G01 X61.351 Y161.311
G01 X64.413 Y163.638
G01 X67.476 Y165.965
G01 X70.538 Y168.292
G01 X73.601 Y170.619
G01 X76.665 Y172.947
G01 X79.726 Y175.274
G01 X82.790 Y177.601
G01 X85.853 Y179.929
G01 X88.915 Y182.256
G01 X91.978 Y184.583
G01 X95.041 Y186.911
G01 X98.103 Y189.238
G01 X101.166 Y191.565
G01 X104.228 Y193.892
G01 X107.291 Y196.220
G01 X110.353 Y198.547
G01 X113.416 Y200.874
G01 X116.480 Y203.202
G01 X119.541 Y205.529
G01 X122.605 Y207.856
G01 X125.668 Y210.183
G01 X128.731 Y212.510
G01 X131.793 Y214.838
G01 X134.856 Y217.165
G01 X137.918 Y219.492
G01 X140.981 Y221.820
G01 X144.043 Y224.147
G01 X147.106 Y226.474
G01 X150.170 Y228.802
G01 X153.231 Y231.129
G01 X156.295 Y233.456
G01 X159.358 Y235.782
G01 X162.420 Y238.111
G01 X165.483 Y240.438
G01 X168.546 Y242.764
G01 X171.608 Y245.091
G01 X174.671 Y247.419
G01 X177.733 Y249.746
G01 X180.796 Y252.073
G01 X183.858 Y254.401
G01 X186.921 Y256.728
G01 X189.985 Y259.055
G01 X193.046 Y261.382
G01 X195.945 Y263.594
G01 X196.110 Y263.711
G01 X198.764 Y265.749
G01 X199.173 Y266.038
G01 X201.613 Y267.923
G01 X202.236 Y268.365
G01 X204.488 Y270.115
G01 X205.298 Y270.692
G01 X207.389 Y272.326
G01 X208.361 Y273.019
G01 X210.317 Y274.555
G01 X211.423 Y275.346
G01 X213.272 Y276.802
G01 X214.486 Y277.673
G01 X216.252 Y279.067
G01 X217.548 Y280.002
G01 X219.260 Y281.353
G01 X220.612 Y282.329
G01 X222.293 Y283.659
G01 X223.675 Y284.656
G01 X225.353 Y285.983
G01 X226.737 Y286.983
G01 X228.440 Y288.329
G01 X229.800 Y289.310
G01 X231.553 Y290.695
G01 X232.863 Y291.637
G01 X234.694 Y293.079
G01 X235.925 Y293.964
G01 X237.863 Y295.486
G01 X238.988 Y296.291
G01 X241.060 Y297.911
G01 X242.050 Y298.620
G01 X244.286 Y300.356
G01 X245.113 Y300.947
G01 X247.540 Y302.822
G01 X248.175 Y303.274
G01 X250.822 Y305.305
G01 X251.239 Y305.601
G01 X254.132 Y307.808
G01 X254.300 Y307.928
G01 X257.364 Y310.255
G01 X260.427 Y312.582
G01 X263.490 Y314.911
G01 X266.552 Y317.238
G01 X269.615 Y319.565
G01 X272.678 Y321.892
G01 X275.740 Y324.219
G01 X278.803 Y326.546
G01 X281.865 Y328.874
G01 X284.929 Y331.202
G01 X287.990 Y333.529
G01 X291.054 Y335.856
G01 X294.117 Y338.183
G01 X297.179 Y340.510
G01 X300.242 Y342.838
G01 X303.305 Y345.165
G01 X306.368 Y347.493
G01 X309.430 Y349.820
G01 X312.493 Y352.147
G01 X315.555 Y354.474
G01 X318.618 Y356.802
G01 X321.680 Y359.129
G01 X324.744 Y361.456
G01 X327.807 Y363.783
G01 X330.869 Y366.111
G01 X333.932 Y368.438
G01 X336.995 Y370.766
G01 X340.057 Y373.093
G01 X343.120 Y375.420
G01 X346.183 Y377.747
G01 X349.245 Y380.075
G01 X352.308 Y382.401
G01 X355.371 Y384.728
G01 X358.434 Y387.055
G01 X361.496 Y389.384
G01 X364.559 Y391.711
G01 X367.622 Y394.038
G01 X370.684 Y396.365
G01 X373.747 Y398.692
G01 X376.810 Y401.019
G01 X379.873 Y403.346
G01 X382.935 Y405.673
G01 X385.998 Y408.002
G01 X389.060 Y410.329
G01 X392.123 Y412.656
G01 X395.185 Y414.983
G01 X398.249 Y417.310
G01 X401.310 Y419.637
G01 X404.374 Y421.964
G01 X407.437 Y424.293
G01 X410.500 Y426.620
G01 X413.562 Y428.947
G01 X416.625 Y431.274
G01 X419.688 Y433.601
G01 X416.566 Y431.399
G01 X413.445 Y429.197
G01 X410.322 Y426.995
G01 X407.202 Y424.793
G01 X404.079 Y422.589
G01 X400.959 Y420.387
G01 X397.837 Y418.185
G01 X394.716 Y415.983
G01 X391.595 Y413.781
G01 X388.473 Y411.579
G01 X385.351 Y409.375
G01 X382.230 Y407.173
G01 X379.108 Y404.971
G01 X375.987 Y402.769
G01 X372.865 Y400.567
G01 X369.745 Y398.365
G01 X366.623 Y396.161
G01 X363.502 Y393.959
G01 X360.380 Y391.757
G01 X357.259 Y389.555
G01 X354.137 Y387.353
G01 X351.016 Y385.151
G01 X347.894 Y382.949
G01 X344.773 Y380.745
G01 X341.651 Y378.543
G01 X338.530 Y376.341
G01 X335.408 Y374.139
G01 X332.287 Y371.937
G01 X329.166 Y369.735
G01 X326.043 Y367.531
G01 X322.923 Y365.329
G01 X319.800 Y363.127
G01 X316.680 Y360.925
G01 X313.558 Y358.723
G01 X310.437 Y356.521
G01 X307.315 Y354.317
G01 X304.194 Y352.115
G01 X301.072 Y349.913
G01 X297.951 Y347.711
G01 X294.829 Y345.509
G01 X291.708 Y343.307
G01 X288.587 Y341.103
G01 X285.465 Y338.901
G01 X282.344 Y336.700
G01 X279.222 Y334.497
G01 X276.101 Y332.295
G01 X272.978 Y330.093
G01 X269.858 Y327.891
G01 X266.736 Y325.688
G01 X263.615 Y323.486
G01 X260.494 Y321.284
G01 X257.372 Y319.081
G01 X254.251 Y316.879
G01 X251.129 Y314.677
G01 X248.023 Y312.486
G01 X248.007 Y312.474
G01 X245.097 Y310.430
G01 X244.886 Y310.272
G01 X242.149 Y308.358
G01 X241.764 Y308.070
G01 X239.180 Y306.269
G01 X238.642 Y305.867
G01 X236.190 Y304.166
G01 X235.522 Y303.665
G01 X233.180 Y302.045
G01 X232.401 Y301.463
G01 X230.147 Y299.908
G01 X229.279 Y299.260
G01 X227.093 Y297.755
G01 X226.158 Y297.058
G01 X224.017 Y295.586
G01 X223.036 Y294.856
G01 X220.920 Y293.401
G01 X219.915 Y292.653
G01 X217.800 Y291.200
G01 X216.793 Y290.451
G01 X214.659 Y288.981
G01 X213.671 Y288.249
G01 X211.493 Y286.749
G01 X210.550 Y286.046
G01 X208.308 Y284.499
G01 X207.428 Y283.844
G01 X205.098 Y282.231
G01 X204.307 Y281.642
G01 X201.865 Y279.949
G01 X201.185 Y279.440
G01 X198.612 Y277.647
G01 X198.065 Y277.237
G01 X195.336 Y275.329
G01 X194.942 Y275.034
G01 X192.036 Y272.995
G01 X191.822 Y272.832
G01 X188.716 Y270.642
G01 X188.700 Y270.630
G01 X185.579 Y268.428
G01 X182.457 Y266.226
G01 X179.336 Y264.022
G01 X176.214 Y261.820
G01 X173.093 Y259.618
G01 X169.971 Y257.416
G01 X166.850 Y255.214
G01 X163.728 Y253.012
G01 X160.606 Y250.809
G01 X157.486 Y248.607
G01 X154.363 Y246.405
G01 X151.243 Y244.203
G01 X148.120 Y242.000
G01 X145.000 Y239.798
G01 X141.877 Y237.596
G01 X138.757 Y235.393
G01 X135.635 Y233.191
G01 X132.514 Y230.989
G01 X129.392 Y228.786
G01 X126.271 Y226.584
G01 X123.149 Y224.382
G01 X120.028 Y222.179
G01 X116.906 Y219.977
G01 X113.784 Y217.775
G01 X110.663 Y215.572
G01 X107.541 Y213.370
G01 X104.421 Y211.168
G01 X101.298 Y208.965
G01 X98.178 Y206.763
G01 X95.057 Y204.561
G01 X91.935 Y202.358
G01 X88.814 Y200.156
G01 X85.692 Y197.954
G01 X82.570 Y195.751
G01 X79.449 Y193.549
G01 X76.327 Y191.347
G01 X73.207 Y189.144
G01 X70.084 Y186.942
G01 X66.963 Y184.740
G01 X63.841 Y182.538
G01 X60.721 Y180.335
G01 X57.599 Y178.132
G01 X54.478 Y175.930
G01 X51.356 Y173.728
G01 X48.235 Y171.526
G01 X45.113 Y169.324
G01 X41.992 Y167.121
G01 X38.870 Y164.918
G01 X35.749 Y162.716
G01 X32.627 Y160.514
G01 X29.505 Y158.312
G01 X26.385 Y156.110
G01 X23.262 Y153.908
G01 X20.142 Y151.704
G01 X23.332 Y153.839
G01 X26.524 Y155.974
G01 X29.716 Y158.108
G01 X32.908 Y160.242
G01 X36.099 Y162.376
G01 X39.291 Y164.511
G01 X42.481 Y166.644
G01 X45.673 Y168.779
G01 X48.865 Y170.913
G01 X52.055 Y173.048
G01 X55.248 Y175.182
G01 X58.440 Y177.317
G01 X61.630 Y179.451
G01 X64.822 Y181.585
G01 X68.014 Y183.719
G01 X71.204 Y185.853
G01 X74.397 Y187.988
G01 X77.588 Y190.121
G01 X80.779 Y192.256
G01 X83.971 Y194.391
G01 X87.163 Y196.525
G01 X90.353 Y198.659
G01 X93.546 Y200.793
G01 X96.737 Y202.928
G01 X99.928 Y205.061
G01 X103.120 Y207.196
G01 X106.312 Y209.331
G01 X109.502 Y211.465
G01 X112.695 Y213.599
G01 X115.885 Y215.733
G01 X119.077 Y217.868
G01 X122.269 Y220.002
G01 X125.461 Y222.136
G01 X128.651 Y224.269
G01 X131.844 Y226.405
G01 X135.034 Y228.538
G01 X138.226 Y230.673
G01 X141.418 Y232.806
G01 X144.608 Y234.942
G01 X147.800 Y237.076
G01 X150.992 Y239.210
G01 X154.183 Y241.345
G01 X157.375 Y243.478
G01 X160.567 Y245.613
G01 X163.759 Y247.746
G01 X166.950 Y249.882
G01 X170.142 Y252.016
G01 X173.332 Y254.150
G01 X176.524 Y256.284
G01 X179.716 Y258.418
G01 X182.906 Y260.553
G01 X186.099 Y262.687
G01 X189.290 Y264.820
G01 X192.481 Y266.956
G01 X195.538 Y269.005
G01 X195.673 Y269.089
G01 X198.492 Y270.993
G01 X198.865 Y271.224
G01 X201.473 Y272.995
G01 X202.055 Y273.358
G01 X204.481 Y275.012
G01 X205.248 Y275.493
G01 X207.514 Y277.046
G01 X208.439 Y277.627
G01 X210.572 Y279.096
G01 X211.630 Y279.760
G01 X213.658 Y281.161
G01 X214.822 Y281.896
G01 X216.769 Y283.243
G01 X218.014 Y284.029
G01 X219.906 Y285.341
G01 X221.204 Y286.163
G01 X223.069 Y287.457
G01 X224.397 Y288.298
G01 X226.257 Y289.589
G01 X227.588 Y290.433
G01 X229.473 Y291.740
G01 X230.779 Y292.567
G01 X232.714 Y293.906
G01 X233.971 Y294.701
G01 X235.983 Y296.091
G01 X237.163 Y296.836
G01 X239.279 Y298.293
G01 X240.353 Y298.969
G01 X242.603 Y300.512
G01 X243.546 Y301.103
G01 X245.954 Y302.748
G01 X246.737 Y303.238
G01 X249.333 Y305.000
G01 X249.929 Y305.373
G01 X252.739 Y307.269
G01 X253.120 Y307.507
G01 X256.173 Y309.555
G01 X256.312 Y309.641
G01 X259.502 Y311.776
G01 X262.695 Y313.909
G01 X265.886 Y316.043
G01 X269.077 Y318.178
G01 X272.269 Y320.312
G01 X275.460 Y322.447
G01 X278.651 Y324.581
G01 X281.843 Y326.714
G01 X285.035 Y328.849
G01 X288.226 Y330.983
G01 X291.418 Y333.118
G01 X294.609 Y335.252
G01 X297.800 Y337.387
G01 X300.992 Y339.521
G01 X304.184 Y341.654
G01 X307.375 Y343.788
G01 X310.567 Y345.923
G01 X313.757 Y348.058
G01 X316.950 Y350.192
G01 X320.140 Y352.327
G01 X323.332 Y354.461
G01 X326.524 Y356.594
G01 X329.716 Y358.728
G01 X332.906 Y360.863
G01 X336.099 Y362.998
G01 X339.289 Y365.132
G01 X342.482 Y367.266
G01 X345.673 Y369.401
G01 X348.865 Y371.534
G01 X352.055 Y373.668
G01 X355.247 Y375.803
G01 X358.439 Y377.938
G01 X361.631 Y380.072
G01 X364.822 Y382.206
G01 X368.013 Y384.341
G01 X371.204 Y386.475
G01 X374.396 Y388.608
G01 X377.588 Y390.743
G01 X380.779 Y392.877
G01 X383.971 Y395.012
G01 X387.161 Y397.146
G01 X390.353 Y399.279
G01 X393.545 Y401.415
G01 X396.736 Y403.548
G01 X399.928 Y405.683
G01 X403.120 Y407.817
G01 X406.310 Y409.952
G01 X409.502 Y412.086
G01 X412.693 Y414.219
G01 X415.885 Y416.355
G01 X419.077 Y418.488
G01 X422.269 Y420.623
G01 X425.459 Y422.757
G01 X428.651 Y424.892
G01 X425.409 Y422.885
G01 X422.168 Y420.880
G01 X418.928 Y418.875
G01 X415.687 Y416.870
G01 X412.446 Y414.863
G01 X409.204 Y412.858
G01 X405.962 Y410.853
G01 X402.721 Y408.848
G01 X399.480 Y406.843
G01 X396.238 Y404.837
G01 X392.998 Y402.831
G01 X389.757 Y400.826
G01 X386.514 Y398.820
G01 X383.274 Y396.815
G01 X380.033 Y394.808
G01 X376.792 Y392.803
G01 X373.550 Y390.798
G01 X370.309 Y388.793
G01 X367.067 Y386.788
G01 X363.827 Y384.781
G01 X360.585 Y382.776
G01 X357.344 Y380.771
G01 X354.103 Y378.766
G01 X350.862 Y376.760
G01 X347.620 Y374.755
G01 X344.379 Y372.749
G01 X341.138 Y370.743
G01 X337.897 Y368.738
G01 X334.655 Y366.733
G01 X331.413 Y364.728
G01 X328.173 Y362.721
G01 X324.930 Y360.716
G01 X321.690 Y358.711
G01 X318.448 Y356.706
G01 X315.207 Y354.700
G01 X311.966 Y352.695
G01 X308.725 Y350.689
G01 X305.484 Y348.683
G01 X302.243 Y346.678
G01 X299.001 Y344.673
G01 X295.760 Y342.666
G01 X292.519 Y340.661
G01 X289.278 Y338.656
G01 X286.036 Y336.651
G01 X282.795 Y334.644
G01 X279.554 Y332.639
G01 X276.312 Y330.634
G01 X273.071 Y328.629
G01 X269.829 Y326.624
G01 X266.589 Y324.618
G01 X263.348 Y322.613
G01 X260.106 Y320.606
G01 X256.865 Y318.601
G01 X253.624 Y316.596
G01 X250.382 Y314.591
G01 X247.293 Y312.685
G01 X247.141 Y312.584
G01 X244.224 Y310.793
G01 X243.899 Y310.579
G01 X241.134 Y308.887
G01 X240.659 Y308.574
G01 X238.022 Y306.966
G01 X237.418 Y306.569
G01 X234.891 Y305.031
G01 X234.175 Y304.562
G01 X231.738 Y303.084
G01 X230.935 Y302.558
G01 X228.562 Y301.120
G01 X227.694 Y300.553
G01 X225.367 Y299.144
G01 X224.452 Y298.546
G01 X222.149 Y297.154
G01 X221.211 Y296.541
G01 X218.909 Y295.149
G01 X217.969 Y294.536
G01 X215.647 Y293.130
G01 X214.728 Y292.529
G01 X212.363 Y291.098
G01 X211.488 Y290.524
G01 X209.058 Y289.050
G01 X208.245 Y288.519
G01 X205.730 Y286.990
G01 X205.005 Y286.514
G01 X202.379 Y284.913
G01 X201.764 Y284.509
G01 X199.007 Y282.822
G01 X198.522 Y282.502
G01 X195.612 Y280.716
G01 X195.281 Y280.498
G01 X192.195 Y278.594
G01 X192.040 Y278.492
G01 X188.798 Y276.487
G01 X185.558 Y274.481
G01 X182.315 Y272.476
G01 X179.075 Y270.469
G01 X175.834 Y268.464
G01 X172.593 Y266.459
G01 X169.351 Y264.454
G01 X166.110 Y262.447
G01 X162.868 Y260.442
G01 X159.627 Y258.437
G01 X156.385 Y256.432
G01 X153.144 Y254.425
G01 X149.904 Y252.421
G01 X146.663 Y250.416
G01 X143.421 Y248.410
G01 X140.180 Y246.405
G01 X136.939 Y244.399
G01 X133.697 Y242.394
G01 X130.456 Y240.388
G01 X127.214 Y238.382
G01 X123.974 Y236.377
G01 X120.731 Y234.371
G01 X117.490 Y232.365
G01 X114.250 Y230.361
G01 X111.009 Y228.355
G01 X107.767 Y226.350
G01 X104.526 Y224.344
G01 X101.284 Y222.339
G01 X98.043 Y220.333
G01 X94.802 Y218.328
G01 X91.560 Y216.323
G01 X88.320 Y214.317
G01 X85.079 Y212.311
G01 X81.837 Y210.305
G01 X78.596 Y208.300
G01 X75.355 Y206.295
G01 X72.113 Y204.290
G01 X68.872 Y202.284
G01 X65.630 Y200.279
G01 X62.389 Y198.273
G01 X59.149 Y196.268
G01 X55.906 Y194.262
G01 X52.666 Y192.257
G01 X49.425 Y190.251
G01 X46.183 Y188.246
G01 X42.942 Y186.240
G01 X39.701 Y184.235
G01 X36.459 Y182.230
G01 X33.219 Y180.224
G01 X29.976 Y178.219
G01 X26.736 Y176.213
G01 X23.495 Y174.208
G01 X20.254 Y172.202
G01 X17.012 Y170.197
G01 X13.771 Y168.191
G01 X17.079 Y170.125
G01 X20.387 Y172.059
G01 X23.694 Y173.993
G01 X27.002 Y175.927
G01 X30.310 Y177.861
G01 X33.618 Y179.795
G01 X36.925 Y181.728
G01 X40.233 Y183.663
G01 X43.541 Y185.597
G01 X46.849 Y187.531
G01 X50.156 Y189.465
G01 X53.464 Y191.399
G01 X56.772 Y193.333
G01 X60.079 Y195.267
G01 X63.387 Y197.201
G01 X66.695 Y199.135
G01 X70.004 Y201.069
G01 X73.310 Y203.002
G01 X76.618 Y204.936
G01 X79.927 Y206.871
G01 X83.235 Y208.805
G01 X86.543 Y210.740
G01 X89.850 Y212.673
G01 X93.158 Y214.607
G01 X96.466 Y216.541
G01 X99.774 Y218.475
G01 X103.082 Y220.409
G01 X106.389 Y222.343
G01 X109.697 Y224.276
G01 X113.005 Y226.210
G01 X116.312 Y228.144
G01 X119.620 Y230.079
G01 X122.928 Y232.013
G01 X126.236 Y233.947
G01 X129.543 Y235.882
G01 X132.851 Y237.815
G01 X136.159 Y239.750
G01 X139.466 Y241.684
G01 X142.774 Y243.618
G01 X146.082 Y245.552
G01 X149.391 Y247.486
G01 X152.699 Y249.419
G01 X156.005 Y251.353
G01 X159.314 Y253.287
G01 X162.622 Y255.222
G01 X165.930 Y257.156
G01 X169.238 Y259.089
G01 X172.545 Y261.024
G01 X175.853 Y262.957
G01 X179.161 Y264.892
G01 X182.469 Y266.826
G01 X185.776 Y268.760
G01 X189.084 Y270.694
G01 X192.392 Y272.627
G01 X195.606 Y274.510
G01 X195.700 Y274.562
G01 X198.682 Y276.319
G01 X199.007 Y276.495
G01 X201.784 Y278.141
G01 X202.315 Y278.430
G01 X204.911 Y279.975
G01 X205.623 Y280.363
G01 X208.064 Y281.824
G01 X208.930 Y282.298
G01 X211.243 Y283.685
G01 X212.238 Y284.231
G01 X214.447 Y285.560
G01 X215.546 Y286.166
G01 X217.675 Y287.450
G01 X218.853 Y288.100
G01 X220.930 Y289.353
G01 X222.161 Y290.034
G01 X224.209 Y291.272
G01 X225.469 Y291.968
G01 X227.514 Y293.204
G01 X228.778 Y293.901
G01 X230.846 Y295.151
G01 X232.086 Y295.836
G01 X234.204 Y297.113
G01 X235.394 Y297.769
G01 X237.587 Y299.091
G01 X238.701 Y299.704
G01 X240.998 Y301.082
G01 X242.009 Y301.637
G01 X244.435 Y303.089
G01 X245.317 Y303.572
G01 X247.899 Y305.110
G01 X248.625 Y305.505
G01 X251.388 Y307.144
G01 X251.931 Y307.440
G01 X254.906 Y309.192
G01 X255.240 Y309.374
G01 X258.452 Y311.255
G01 X258.548 Y311.308
G01 X261.856 Y313.242
G01 X265.163 Y315.175
G01 X268.471 Y317.110
G01 X271.779 Y319.043
G01 X275.087 Y320.978
G01 X278.394 Y322.911
G01 X281.703 Y324.846
G01 X285.010 Y326.779
G01 X288.317 Y328.714
G01 X291.626 Y330.647
G01 X294.934 Y332.582
G01 X298.242 Y334.516
G01 X301.549 Y336.450
G01 X304.857 Y338.384
G01 X308.165 Y340.317
G01 X311.473 Y342.252
G01 X314.781 Y344.185
G01 X318.087 Y346.120
G01 X321.395 Y348.053
G01 X324.704 Y349.988
G01 X328.012 Y351.921
G01 X331.320 Y353.856
G01 X334.627 Y355.790
G01 X337.935 Y357.724
G01 X341.243 Y359.658
G01 X344.550 Y361.591
G01 X347.859 Y363.526
G01 X351.166 Y365.459
G01 X354.474 Y367.394
G01 X357.781 Y369.327
G01 X361.090 Y371.262
G01 X364.398 Y373.195
G01 X367.704 Y375.130
G01 X371.013 Y377.064
G01 X374.321 Y378.998
G01 X377.629 Y380.932
G01 X380.937 Y382.865
G01 X384.244 Y384.800
G01 X387.552 Y386.733
G01 X390.860 Y388.668
G01 X394.168 Y390.601
G01 X397.476 Y392.536
G01 X400.783 Y394.469
G01 X404.091 Y396.404
G01 X407.399 Y398.338
G01 X410.707 Y400.272
G01 X414.014 Y402.206
G01 X417.322 Y404.139
G01 X420.630 Y406.075
G01 X423.938 Y408.009
G01 X427.245 Y409.942
G01 X430.553 Y411.875
G01 X433.861 Y413.810
G01 X437.168 Y415.745
G01 X433.821 Y413.942
G01 X430.473 Y412.141
G01 X427.124 Y410.338
G01 X423.776 Y408.536
G01 X420.427 Y406.733
G01 X417.079 Y404.932
G01 X413.731 Y403.130
G01 X410.382 Y401.327
G01 X407.034 Y399.526
G01 X403.685 Y397.724
G01 X400.337 Y395.921
G01 X396.988 Y394.120
G01 X393.640 Y392.317
G01 X390.292 Y390.516
G01 X386.943 Y388.714
G01 X383.596 Y386.911
G01 X380.247 Y385.110
G01 X376.899 Y383.308
G01 X373.551 Y381.505
G01 X370.202 Y379.704
G01 X366.853 Y377.901
G01 X363.506 Y376.100
G01 X360.156 Y374.298
G01 X356.809 Y372.495
G01 X353.461 Y370.694
G01 X350.112 Y368.892
G01 X346.764 Y367.089
G01 X343.416 Y365.288
G01 X340.067 Y363.486
G01 X336.719 Y361.683
G01 X333.370 Y359.882
G01 X330.022 Y358.079
G01 X326.673 Y356.278
G01 X323.325 Y354.476
G01 X319.976 Y352.673
G01 X316.629 Y350.872
G01 X313.280 Y349.070
G01 X309.932 Y347.267
G01 X306.584 Y345.466
G01 X303.235 Y343.663
G01 X299.887 Y341.862
G01 X296.538 Y340.060
G01 X293.190 Y338.257
G01 X289.841 Y336.456
G01 X286.494 Y334.654
G01 X283.144 Y332.851
G01 X279.797 Y331.050
G01 X276.449 Y329.248
G01 X273.100 Y327.445
G01 X269.752 Y325.644
G01 X266.404 Y323.841
G01 X263.055 Y322.038
G01 X259.707 Y320.238
G01 X256.359 Y318.435
G01 X253.010 Y316.634
G01 X249.745 Y314.879
G01 X249.662 Y314.831
G01 X246.566 Y313.175
G01 X246.312 Y313.029
G01 X243.367 Y311.459
G01 X242.964 Y311.226
G01 X240.147 Y309.730
G01 X239.617 Y309.425
G01 X236.906 Y307.988
G01 X236.269 Y307.623
G01 X233.644 Y306.236
G01 X232.920 Y305.820
G01 X230.362 Y304.471
G01 X229.572 Y304.019
G01 X227.058 Y302.694
G01 X226.223 Y302.216
G01 X223.733 Y300.904
G01 X222.875 Y300.415
G01 X220.385 Y299.103
G01 X219.526 Y298.613
G01 X217.017 Y297.290
G01 X216.178 Y296.810
G01 X213.627 Y295.464
G01 X212.829 Y295.009
G01 X210.214 Y293.625
G01 X209.481 Y293.207
G01 X206.779 Y291.776
G01 X206.132 Y291.404
G01 X203.324 Y289.913
G01 X202.784 Y289.603
G01 X199.846 Y288.036
G01 X199.437 Y287.800
G01 X196.346 Y286.147
G01 X196.088 Y285.999
G01 X192.824 Y284.245
G01 X192.740 Y284.197
G01 X189.392 Y282.394
G01 X186.043 Y280.593
G01 X182.695 Y278.791
G01 X179.346 Y276.988
G01 X175.998 Y275.187
G01 X172.649 Y273.385
G01 X169.302 Y271.582
G01 X165.952 Y269.781
G01 X162.605 Y267.978
G01 X159.255 Y266.177
G01 X155.908 Y264.375
G01 X152.560 Y262.572
G01 X149.212 Y260.771
G01 X145.863 Y258.969
G01 X142.514 Y257.166
G01 X139.166 Y255.365
G01 X135.817 Y253.562
G01 X132.469 Y251.761
G01 X129.122 Y249.959
G01 X125.772 Y248.156
G01 X122.425 Y246.355
G01 X119.076 Y244.553
G01 X115.728 Y242.751
G01 X112.380 Y240.948
G01 X109.031 Y239.147
G01 X105.683 Y237.345
G01 X102.334 Y235.543
G01 X98.986 Y233.740
G01 X95.637 Y231.938
G01 X92.290 Y230.136
G01 X88.940 Y228.335
G01 X85.593 Y226.531
G01 X82.245 Y224.731
G01 X78.896 Y222.928
G01 X75.548 Y221.126
G01 X72.200 Y219.323
G01 X68.851 Y217.523
G01 X65.502 Y215.720
G01 X62.154 Y213.918
G01 X58.805 Y212.115
G01 X55.457 Y210.314
G01 X52.110 Y208.512
G01 X48.760 Y206.710
G01 X45.413 Y204.908
G01 X42.064 Y203.106
G01 X38.716 Y201.304
G01 X35.368 Y199.502
G01 X32.019 Y197.700
G01 X28.671 Y195.898
G01 X25.322 Y194.096
G01 X21.975 Y192.293
G01 X18.625 Y190.492
G01 X15.278 Y188.690
G01 X11.928 Y186.888
G01 X8.581 Y185.086
G01 X11.992 Y186.812
G01 X15.404 Y188.541
G01 X18.815 Y190.268
G01 X22.226 Y191.995
G01 X25.637 Y193.723
G01 X29.048 Y195.450
G01 X32.459 Y197.177
G01 X35.870 Y198.905
G01 X39.281 Y200.632
G01 X42.692 Y202.359
G01 X46.103 Y204.087
G01 X49.516 Y205.814
G01 X52.927 Y207.541
G01 X56.338 Y209.269
G01 X59.749 Y210.996
G01 X63.161 Y212.723
G01 X66.572 Y214.450
G01 X69.983 Y216.178
G01 X73.394 Y217.905
G01 X76.805 Y219.632
G01 X80.216 Y221.359
G01 X83.627 Y223.087
G01 X87.038 Y224.815
G01 X90.451 Y226.542
G01 X93.862 Y228.269
G01 X97.272 Y229.996
G01 X100.683 Y231.724
G01 X104.096 Y233.451
G01 X107.507 Y235.178
G01 X110.918 Y236.906
G01 X114.329 Y238.632
G01 X117.740 Y240.359
G01 X121.151 Y242.088
G01 X124.562 Y243.815
G01 X127.974 Y245.542
G01 X131.385 Y247.269
G01 X134.796 Y248.996
G01 X138.207 Y250.724
G01 X141.618 Y252.452
G01 X145.029 Y254.179
G01 X148.442 Y255.906
G01 X151.853 Y257.632
G01 X155.264 Y259.361
G01 X158.675 Y261.088
G01 X162.086 Y262.815
G01 X165.498 Y264.543
G01 X168.909 Y266.269
G01 X172.320 Y267.997
G01 X175.731 Y269.725
G01 X179.142 Y271.452
G01 X182.553 Y273.178
G01 X185.964 Y274.906
G01 X189.375 Y276.634
G01 X192.788 Y278.361
G01 X196.156 Y280.069
G01 X196.199 Y280.089
G01 X199.341 Y281.690
G01 X199.610 Y281.815
G01 X202.552 Y283.322
G01 X203.021 Y283.543
G01 X205.786 Y284.966
G01 X206.433 Y285.271
G01 X209.046 Y286.622
G01 X209.844 Y286.998
G01 X212.332 Y288.288
G01 X213.255 Y288.725
G01 X215.642 Y289.966
G01 X216.666 Y290.452
G01 X218.976 Y291.656
G01 X220.077 Y292.180
G01 X222.334 Y293.358
G01 X223.488 Y293.906
G01 X225.719 Y295.072
G01 X226.899 Y295.634
G01 X229.129 Y296.798
G01 X230.310 Y297.362
G01 X232.562 Y298.538
G01 X233.721 Y299.089
G01 X236.022 Y300.288
G01 X237.134 Y300.817
G01 X239.507 Y302.052
G01 X240.545 Y302.543
G01 X243.019 Y303.827
G01 X243.956 Y304.271
G01 X246.556 Y305.615
G01 X247.367 Y305.998
G01 X250.121 Y307.416
G01 X250.779 Y307.726
G01 X253.710 Y309.228
G01 X254.190 Y309.452
G01 X257.327 Y311.052
G01 X257.601 Y311.180
G01 X260.969 Y312.887
G01 X261.012 Y312.908
G01 X264.424 Y314.635
G01 X267.835 Y316.362
G01 X271.246 Y318.089
G01 X274.656 Y319.817
G01 X278.067 Y321.543
G01 X281.480 Y323.272
G01 X284.891 Y324.999
G01 X288.302 Y326.726
G01 X291.713 Y328.454
G01 X295.125 Y330.180
G01 X298.536 Y331.908
G01 X301.947 Y333.635
G01 X305.358 Y335.363
G01 X308.769 Y337.089
G01 X312.180 Y338.817
G01 X315.591 Y340.545
G01 X319.002 Y342.272
G01 X322.414 Y344.000
G01 X325.826 Y345.726
G01 X329.236 Y347.454
G01 X332.648 Y349.180
G01 X336.058 Y350.909
G01 X339.471 Y352.635
G01 X342.882 Y354.363
G01 X346.293 Y356.091
G01 X349.704 Y357.817
G01 X353.115 Y359.545
G01 X356.526 Y361.272
G01 X359.938 Y363.000
G01 X363.349 Y364.726
G01 X366.760 Y366.454
G01 X370.172 Y368.182
G01 X373.583 Y369.909
G01 X376.994 Y371.637
G01 X380.404 Y373.363
G01 X383.817 Y375.091
G01 X387.228 Y376.819
G01 X390.639 Y378.546
G01 X394.050 Y380.272
G01 X397.462 Y382.000
G01 X400.873 Y383.728
G01 X404.284 Y385.454
G01 X407.695 Y387.183
G01 X411.106 Y388.909
G01 X414.518 Y390.637
G01 X417.928 Y392.365
G01 X421.339 Y394.091
G01 X424.750 Y395.819
G01 X428.163 Y397.546
G01 X431.574 Y399.274
G01 X434.985 Y401.000
G01 X438.395 Y402.728
G01 X441.808 Y404.456
G01 X445.219 Y406.183
G01 X441.776 Y404.589
G01 X438.334 Y402.997
G01 X434.892 Y401.404
G01 X431.449 Y399.812
G01 X428.007 Y398.219
G01 X424.565 Y396.625
G01 X421.122 Y395.033
G01 X417.680 Y393.440
G01 X414.238 Y391.848
G01 X410.795 Y390.255
G01 X407.353 Y388.661
G01 X403.911 Y387.070
G01 X400.467 Y385.476
G01 X397.026 Y383.884
G01 X393.582 Y382.291
G01 X390.140 Y380.697
G01 X386.699 Y379.106
G01 X383.257 Y377.512
G01 X379.813 Y375.920
G01 X376.372 Y374.327
G01 X372.929 Y372.733
G01 X369.487 Y371.141
G01 X366.045 Y369.548
G01 X362.602 Y367.956
G01 X359.160 Y366.363
G01 X355.717 Y364.771
G01 X352.274 Y363.178
G01 X348.832 Y361.584
G01 X345.390 Y359.992
G01 X341.947 Y358.399
G01 X338.505 Y356.805
G01 X335.062 Y355.214
G01 X331.620 Y353.620
G01 X328.178 Y352.028
G01 X324.736 Y350.435
G01 X321.293 Y348.841
G01 X317.851 Y347.250
G01 X314.409 Y345.656
G01 X310.966 Y344.064
G01 X307.525 Y342.471
G01 X304.082 Y340.879
G01 X300.639 Y339.286
G01 X297.198 Y337.692
G01 X293.755 Y336.100
G01 X290.312 Y334.507
G01 X286.871 Y332.915
G01 X283.428 Y331.322
G01 X279.986 Y329.728
G01 X276.543 Y328.135
G01 X273.101 Y326.543
G01 X269.659 Y324.951
G01 X266.216 Y323.358
G01 X262.774 Y321.764
G01 X259.332 Y320.171
G01 X255.888 Y318.579
G01 X252.452 Y316.988
G01 X252.447 Y316.986
G01 X249.177 Y315.480
G01 X249.005 Y315.394
G01 X245.882 Y313.959
G01 X245.561 Y313.800
G01 X242.565 Y312.428
G01 X242.120 Y312.207
G01 X239.228 Y310.889
G01 X238.678 Y310.615
G01 X235.872 Y309.337
G01 X235.235 Y309.022
G01 X232.493 Y307.776
G01 X231.793 Y307.430
G01 X229.094 Y306.204
G01 X228.351 Y305.837
G01 X225.675 Y304.622
G01 X224.908 Y304.243
G01 X222.233 Y303.029
G01 X221.466 Y302.651
G01 X218.771 Y301.427
G01 X218.024 Y301.058
G01 X215.286 Y299.814
G01 X214.581 Y299.466
G01 X211.781 Y298.190
G01 X211.139 Y297.873
G01 X208.255 Y296.557
G01 X207.695 Y296.279
G01 X204.707 Y294.911
G01 X204.254 Y294.687
G01 X201.137 Y293.255
G01 X200.812 Y293.094
G01 X197.545 Y291.589
G01 X197.368 Y291.502
G01 X193.932 Y289.911
G01 X193.927 Y289.909
G01 X190.485 Y288.315
G01 X187.041 Y286.724
G01 X183.600 Y285.130
G01 X180.158 Y283.538
G01 X176.714 Y281.945
G01 X173.272 Y280.351
G01 X169.831 Y278.759
G01 X166.387 Y277.166
G01 X162.945 Y275.574
G01 X159.504 Y273.981
G01 X156.060 Y272.387
G01 X152.618 Y270.796
G01 X149.177 Y269.202
G01 X145.733 Y267.610
G01 X142.291 Y266.017
G01 X138.849 Y264.423
G01 X135.406 Y262.832
G01 X131.964 Y261.238
G01 X128.522 Y259.646
G01 X125.079 Y258.053
G01 X121.637 Y256.459
G01 X118.195 Y254.868
G01 X114.752 Y253.275
G01 X111.310 Y251.681
G01 X107.868 Y250.089
G01 X104.425 Y248.496
G01 X100.983 Y246.904
G01 X97.541 Y245.311
G01 X94.099 Y243.718
G01 X90.656 Y242.125
G01 X87.214 Y240.531
G01 X83.772 Y238.940
G01 X80.329 Y237.347
G01 X76.887 Y235.754
G01 X73.445 Y234.161
G01 X70.002 Y232.569
G01 X66.560 Y230.976
G01 X63.118 Y229.382
G01 X59.675 Y227.790
G01 X56.233 Y226.197
G01 X52.791 Y224.603
G01 X49.348 Y223.012
G01 X45.906 Y221.418
G01 X42.463 Y219.826
G01 X39.021 Y218.233
G01 X35.579 Y216.639
G01 X32.135 Y215.048
G01 X28.694 Y213.454
G01 X25.252 Y211.862
G01 X21.808 Y210.269
G01 X18.367 Y208.677
G01 X14.925 Y207.084
G01 X11.481 Y205.490
G01 X8.040 Y203.898
G01 X4.598 Y202.305
G01 X8.099 Y203.820
G01 X11.601 Y205.335
G01 X15.101 Y206.851
G01 X18.603 Y208.365
G01 X22.105 Y209.881
G01 X25.606 Y211.396
G01 X29.108 Y212.911
G01 X32.608 Y214.425
G01 X36.110 Y215.941
G01 X39.612 Y217.456
G01 X43.113 Y218.971
G01 X46.615 Y220.486
G01 X50.115 Y222.001
G01 X53.618 Y223.516
G01 X57.118 Y225.031
G01 X60.620 Y226.546
G01 X64.122 Y228.061
G01 X67.623 Y229.576
G01 X71.125 Y231.091
G01 X74.625 Y232.606
G01 X78.127 Y234.121
G01 X81.629 Y235.636
G01 X85.130 Y237.150
G01 X88.632 Y238.666
G01 X92.132 Y240.181
G01 X95.635 Y241.697
G01 X99.135 Y243.212
G01 X102.637 Y244.727
G01 X106.139 Y246.242
G01 X109.641 Y247.757
G01 X113.142 Y249.272
G01 X116.642 Y250.787
G01 X120.144 Y252.302
G01 X123.646 Y253.817
G01 X127.147 Y255.332
G01 X130.649 Y256.846
G01 X134.151 Y258.362
G01 X137.651 Y259.877
G01 X141.153 Y261.392
G01 X144.654 Y262.906
G01 X148.156 Y264.421
G01 X151.658 Y265.937
G01 X155.159 Y267.452
G01 X158.659 Y268.966
G01 X162.161 Y270.481
G01 X165.663 Y271.997
G01 X169.165 Y273.512
G01 X172.666 Y275.028
G01 X176.168 Y276.543
G01 X179.668 Y278.058
G01 X183.171 Y279.572
G01 X186.671 Y281.088
G01 X190.173 Y282.603
G01 X193.675 Y284.118
G01 X197.175 Y285.632
G01 X200.476 Y287.067
G01 X200.678 Y287.147
G01 X203.781 Y288.505
G01 X204.178 Y288.663
G01 X207.112 Y289.951
G01 X207.680 Y290.178
G01 X210.466 Y291.406
G01 X211.182 Y291.692
G01 X213.844 Y292.872
G01 X214.683 Y293.207
G01 X217.247 Y294.346
G01 X218.185 Y294.723
G01 X220.673 Y295.829
G01 X221.685 Y296.238
G01 X224.124 Y297.324
G01 X225.188 Y297.752
G01 X227.600 Y298.827
G01 X228.689 Y299.267
G01 X231.099 Y300.343
G01 X232.190 Y300.783
G01 X234.623 Y301.867
G01 X235.692 Y302.298
G01 X238.171 Y303.401
G01 X239.192 Y303.812
G01 X241.745 Y304.947
G01 X242.695 Y305.327
G01 X245.346 Y306.502
G01 X246.196 Y306.844
G01 X248.970 Y308.067
G01 X249.698 Y308.358
G01 X252.620 Y309.642
G01 X253.198 Y309.874
G01 X256.295 Y311.228
G01 X256.700 Y311.389
G01 X259.996 Y312.822
G01 X260.202 Y312.904
G01 X263.703 Y314.418
G01 X267.204 Y315.933
G01 X270.706 Y317.449
G01 X274.208 Y318.964
G01 X277.709 Y320.478
G01 X281.211 Y321.993
G01 X284.712 Y323.509
G01 X288.213 Y325.024
G01 X291.715 Y326.538
G01 X295.216 Y328.053
G01 X298.718 Y329.569
G01 X302.219 Y331.084
G01 X305.720 Y332.599
G01 X309.222 Y334.113
G01 X312.723 Y335.629
G01 X316.225 Y337.144
G01 X319.726 Y338.659
G01 X323.228 Y340.173
G01 X326.728 Y341.689
G01 X330.231 Y343.204
G01 X333.731 Y344.719
G01 X337.233 Y346.235
G01 X340.735 Y347.750
G01 X344.236 Y349.264
G01 X347.738 Y350.779
G01 X351.239 Y352.295
G01 X354.740 Y353.810
G01 X358.241 Y355.325
G01 X361.743 Y356.839
G01 X365.245 Y358.355
G01 X368.745 Y359.870
G01 X372.248 Y361.385
G01 X375.749 Y362.899
G01 X379.250 Y364.415
G01 X382.752 Y365.930
G01 X386.252 Y367.445
G01 X389.755 Y368.959
G01 X393.255 Y370.475
G01 X396.757 Y371.990
G01 X400.259 Y373.505
G01 X403.760 Y375.021
G01 X407.262 Y376.536
G01 X410.762 Y378.050
G01 X414.264 Y379.565
G01 X417.765 Y381.081
G01 X421.268 Y382.596
G01 X424.769 Y384.111
G01 X428.271 Y385.625
G01 X431.772 Y387.141
G01 X435.273 Y388.656
G01 X438.774 Y390.171
G01 X442.276 Y391.685
G01 X445.778 Y393.201
G01 X449.279 Y394.716
G01 X452.779 Y396.231
G01 X449.257 Y394.853
G01 X445.733 Y393.474
G01 X442.212 Y392.094
G01 X438.688 Y390.716
G01 X435.166 Y389.338
G01 X431.643 Y387.959
G01 X428.120 Y386.581
G01 X424.596 Y385.202
G01 X421.074 Y383.822
G01 X417.550 Y382.444
G01 X414.028 Y381.065
G01 X410.505 Y379.687
G01 X406.981 Y378.308
G01 X403.459 Y376.930
G01 X399.935 Y375.550
G01 X396.413 Y374.173
G01 X392.889 Y372.793
G01 X389.366 Y371.415
G01 X385.844 Y370.036
G01 X382.321 Y368.658
G01 X378.798 Y367.279
G01 X375.274 Y365.901
G01 X371.752 Y364.522
G01 X368.228 Y363.142
G01 X364.706 Y361.764
G01 X361.183 Y360.385
G01 X357.659 Y359.007
G01 X354.137 Y357.629
G01 X350.614 Y356.250
G01 X347.091 Y354.872
G01 X343.568 Y353.493
G01 X340.046 Y352.113
G01 X336.523 Y350.735
G01 X333.000 Y349.356
G01 X329.476 Y347.978
G01 X325.954 Y346.599
G01 X322.430 Y345.221
G01 X318.908 Y343.841
G01 X315.385 Y342.464
G01 X311.862 Y341.084
G01 X308.339 Y339.706
G01 X304.816 Y338.327
G01 X301.293 Y336.949
G01 X297.769 Y335.570
G01 X294.247 Y334.192
G01 X290.724 Y332.812
G01 X287.201 Y331.433
G01 X283.678 Y330.055
G01 X280.155 Y328.677
G01 X276.632 Y327.298
G01 X273.109 Y325.920
G01 X269.586 Y324.541
G01 X266.062 Y323.161
G01 X262.540 Y321.784
G01 X259.017 Y320.404
G01 X255.494 Y319.026
G01 X252.055 Y317.683
G01 X251.971 Y317.647
G01 X248.675 Y316.365
G01 X248.448 Y316.269
G01 X245.276 Y315.038
G01 X244.925 Y314.889
G01 X241.858 Y313.704
G01 X241.403 Y313.512
G01 X238.418 Y312.360
G01 X237.880 Y312.132
G01 X234.957 Y311.007
G01 X234.356 Y310.754
G01 X231.478 Y309.646
G01 X230.834 Y309.375
G01 X227.976 Y308.276
G01 X227.310 Y307.997
G01 X224.454 Y306.899
G01 X223.788 Y306.618
G01 X220.911 Y305.512
G01 X220.264 Y305.240
G01 X217.348 Y304.115
G01 X216.742 Y303.861
G01 X213.762 Y302.712
G01 X213.219 Y302.483
G01 X210.156 Y301.298
G01 X209.695 Y301.103
G01 X206.529 Y299.875
G01 X206.173 Y299.725
G01 X202.880 Y298.445
G01 X202.649 Y298.346
G01 X199.212 Y297.004
G01 X199.127 Y296.968
G01 X195.603 Y295.589
G01 X192.081 Y294.211
G01 X188.558 Y292.832
G01 X185.034 Y291.452
G01 X181.512 Y290.075
G01 X177.988 Y288.695
G01 X174.466 Y287.317
G01 X170.942 Y285.939
G01 X167.420 Y284.560
G01 X163.897 Y283.180
G01 X160.374 Y281.803
G01 X156.851 Y280.423
G01 X153.329 Y279.045
G01 X149.805 Y277.666
G01 X146.281 Y276.288
G01 X142.759 Y274.909
G01 X139.236 Y273.531
G01 X135.714 Y272.151
G01 X132.190 Y270.772
G01 X128.668 Y269.394
G01 X125.144 Y268.016
G01 X121.622 Y266.637
G01 X118.099 Y265.259
G01 X114.576 Y263.880
G01 X111.053 Y262.502
G01 X107.529 Y261.123
G01 X104.007 Y259.743
G01 X100.483 Y258.365
G01 X96.961 Y256.987
G01 X93.438 Y255.608
G01 X89.915 Y254.230
G01 X86.392 Y252.851
G01 X82.868 Y251.472
G01 X79.346 Y250.094
G01 X75.822 Y248.715
G01 X72.300 Y247.335
G01 X68.776 Y245.958
G01 X65.254 Y244.579
G01 X61.731 Y243.200
G01 X58.207 Y241.822
G01 X54.685 Y240.442
G01 X51.161 Y239.064
G01 X47.639 Y237.686
G01 X44.115 Y236.306
G01 X40.594 Y234.928
G01 X37.070 Y233.550
G01 X33.548 Y232.171
G01 X30.024 Y230.792
G01 X26.502 Y229.413
G01 X22.978 Y228.035
G01 X19.456 Y226.656
G01 X15.933 Y225.278
G01 X12.409 Y223.899
G01 X8.887 Y222.519
G01 X5.363 Y221.142
G01 X1.841 Y219.763
G01 X5.418 Y221.061
G01 X8.997 Y222.359
G01 X12.575 Y223.658
G01 X16.153 Y224.954
G01 X19.731 Y226.252
G01 X23.308 Y227.552
G01 X26.887 Y228.850
G01 X30.464 Y230.148
G01 X34.043 Y231.446
G01 X37.622 Y232.744
G01 X41.200 Y234.042
G01 X44.778 Y235.340
G01 X48.356 Y236.638
G01 X51.933 Y237.936
G01 X55.512 Y239.234
G01 X59.089 Y240.531
G01 X62.668 Y241.829
G01 X66.245 Y243.127
G01 X69.824 Y244.425
G01 X73.403 Y245.724
G01 X76.981 Y247.022
G01 X80.558 Y248.320
G01 X84.137 Y249.618
G01 X87.714 Y250.916
G01 X91.293 Y252.215
G01 X94.870 Y253.513
G01 X98.449 Y254.811
G01 X102.026 Y256.108
G01 X105.605 Y257.406
G01 X109.183 Y258.704
G01 X112.760 Y260.002
G01 X116.339 Y261.300
G01 X119.918 Y262.599
G01 X123.495 Y263.897
G01 X127.074 Y265.195
G01 X130.651 Y266.493
G01 X134.230 Y267.791
G01 X137.808 Y269.089
G01 X141.385 Y270.387
G01 X144.964 Y271.685
G01 X148.541 Y272.983
G01 X152.120 Y274.281
G01 X155.697 Y275.579
G01 X159.276 Y276.877
G01 X162.855 Y278.175
G01 X166.433 Y279.474
G01 X170.010 Y280.772
G01 X173.589 Y282.070
G01 X177.166 Y283.368
G01 X180.745 Y284.666
G01 X184.322 Y285.964
G01 X187.901 Y287.262
G01 X191.478 Y288.560
G01 X195.057 Y289.858
G01 X198.635 Y291.156
G01 X202.088 Y292.413
G01 X202.213 Y292.454
G01 X205.476 Y293.647
G01 X205.791 Y293.752
G01 X208.887 Y294.891
G01 X209.370 Y295.050
G01 X212.322 Y296.141
G01 X212.947 Y296.348
G01 X215.781 Y297.397
G01 X216.526 Y297.646
G01 X219.262 Y298.663
G01 X220.103 Y298.944
G01 X222.767 Y299.937
G01 X223.682 Y300.242
G01 X226.296 Y301.218
G01 X227.260 Y301.540
G01 X229.850 Y302.507
G01 X230.838 Y302.839
G01 X233.425 Y303.805
G01 X234.416 Y304.137
G01 X237.026 Y305.110
G01 X237.993 Y305.435
G01 X240.651 Y306.423
G01 X241.572 Y306.733
G01 X244.299 Y307.747
G01 X245.150 Y308.031
G01 X247.972 Y309.077
G01 X248.728 Y309.329
G01 X251.671 Y310.416
G01 X252.306 Y310.627
G01 X255.394 Y311.762
G01 X255.885 Y311.925
G01 X259.141 Y313.117
G01 X259.463 Y313.223
G01 X262.913 Y314.478
G01 X263.041 Y314.521
G01 X266.619 Y315.819
G01 X270.197 Y317.117
G01 X273.775 Y318.415
G01 X277.353 Y319.713
G01 X280.930 Y321.010
G01 X284.509 Y322.308
G01 X288.087 Y323.606
G01 X291.665 Y324.904
G01 X295.244 Y326.204
G01 X298.822 Y327.500
G01 X302.400 Y328.800
G01 X305.978 Y330.098
G01 X309.555 Y331.396
G01 X313.134 Y332.694
G01 X316.712 Y333.992
G01 X320.289 Y335.290
G01 X323.868 Y336.588
G01 X327.446 Y337.885
G01 X331.024 Y339.183
G01 X334.603 Y340.481
G01 X338.180 Y341.779
G01 X341.759 Y343.077
G01 X345.337 Y344.375
G01 X348.914 Y345.673
G01 X352.493 Y346.971
G01 X356.071 Y348.269
G01 X359.649 Y349.567
G01 X363.226 Y350.865
G01 X366.805 Y352.165
G01 X370.382 Y353.463
G01 X373.961 Y354.760
G01 X377.539 Y356.058
G01 X381.118 Y357.356
G01 X384.696 Y358.654
G01 X388.274 Y359.952
G01 X391.851 Y361.250
G01 X395.430 Y362.548
G01 X399.007 Y363.846
G01 X402.586 Y365.144
G01 X406.163 Y366.442
G01 X409.741 Y367.740
G01 X413.320 Y369.038
G01 X416.898 Y370.337
G01 X420.476 Y371.635
G01 X424.055 Y372.933
G01 X427.632 Y374.231
G01 X431.211 Y375.529
G01 X434.788 Y376.827
G01 X438.366 Y378.125
G01 X441.945 Y379.423
G01 X445.523 Y380.721
G01 X449.101 Y382.019
G01 X452.678 Y383.317
G01 X456.257 Y384.615
G01 X459.834 Y385.913
G01 X456.245 Y384.752
G01 X452.654 Y383.593
G01 X449.066 Y382.432
G01 X445.476 Y381.272
G01 X441.885 Y380.111
G01 X438.296 Y378.951
G01 X434.706 Y377.791
G01 X431.115 Y376.630
G01 X427.526 Y375.469
G01 X423.935 Y374.308
G01 X420.346 Y373.149
G01 X416.755 Y371.988
G01 X413.166 Y370.827
G01 X409.576 Y369.666
G01 X405.986 Y368.507
G01 X402.396 Y367.346
G01 X398.807 Y366.185
G01 X395.216 Y365.024
G01 X391.627 Y363.865
G01 X388.036 Y362.704
G01 X384.447 Y361.543
G01 X380.856 Y360.382
G01 X377.267 Y359.223
G01 X373.677 Y358.062
G01 X370.087 Y356.901
G01 X366.496 Y355.740
G01 X362.906 Y354.581
G01 X359.317 Y353.420
G01 X355.726 Y352.260
G01 X352.138 Y351.099
G01 X348.548 Y349.939
G01 X344.957 Y348.778
G01 X341.368 Y347.618
G01 X337.778 Y346.457
G01 X334.188 Y345.296
G01 X330.597 Y344.137
G01 X327.007 Y342.976
G01 X323.418 Y341.815
G01 X319.827 Y340.654
G01 X316.238 Y339.495
G01 X312.648 Y338.334
G01 X309.058 Y337.173
G01 X305.468 Y336.012
G01 X301.877 Y334.853
G01 X298.288 Y333.692
G01 X294.699 Y332.531
G01 X291.109 Y331.370
G01 X287.519 Y330.211
G01 X283.929 Y329.050
G01 X280.339 Y327.889
G01 X276.749 Y326.728
G01 X273.159 Y325.569
G01 X269.569 Y324.408
G01 X265.978 Y323.248
G01 X262.389 Y322.087
G01 X258.799 Y320.927
G01 X255.209 Y319.766
G01 X251.746 Y318.651
G01 X251.619 Y318.606
G01 X248.279 Y317.533
G01 X248.030 Y317.445
G01 X244.790 Y316.409
G01 X244.440 Y316.284
G01 X241.281 Y315.276
G01 X240.850 Y315.124
G01 X237.752 Y314.137
G01 X237.260 Y313.964
G01 X234.204 Y312.990
G01 X233.670 Y312.803
G01 X230.635 Y311.838
G01 X230.079 Y311.642
G01 X227.046 Y310.678
G01 X226.490 Y310.483
G01 X223.437 Y309.510
G01 X222.899 Y309.322
G01 X219.807 Y308.336
G01 X219.310 Y308.161
G01 X216.156 Y307.154
G01 X215.719 Y307.000
G01 X212.485 Y305.966
G01 X212.130 Y305.841
G01 X208.793 Y304.769
G01 X208.540 Y304.680
G01 X205.079 Y303.565
G01 X204.950 Y303.519
G01 X201.360 Y302.358
G01 X197.769 Y301.199
G01 X194.180 Y300.038
G01 X190.591 Y298.877
G01 X187.000 Y297.716
G01 X183.411 Y296.557
G01 X179.820 Y295.396
G01 X176.231 Y294.236
G01 X172.641 Y293.075
G01 X169.050 Y291.915
G01 X165.461 Y290.754
G01 X161.870 Y289.594
G01 X158.281 Y288.433
G01 X154.690 Y287.272
G01 X151.101 Y286.112
G01 X147.512 Y284.952
G01 X143.921 Y283.791
G01 X140.332 Y282.630
G01 X136.742 Y281.469
G01 X133.151 Y280.310
G01 X129.562 Y279.149
G01 X125.971 Y277.988
G01 X122.382 Y276.829
G01 X118.791 Y275.668
G01 X115.202 Y274.507
G01 X111.612 Y273.346
G01 X108.022 Y272.187
G01 X104.432 Y271.026
G01 X100.841 Y269.865
G01 X97.252 Y268.704
G01 X93.663 Y267.545
G01 X90.072 Y266.384
G01 X86.483 Y265.224
G01 X82.892 Y264.062
G01 X79.303 Y262.903
G01 X75.713 Y261.742
G01 X72.123 Y260.582
G01 X68.533 Y259.421
G01 X64.942 Y258.260
G01 X61.353 Y257.100
G01 X57.762 Y255.940
G01 X54.173 Y254.779
G01 X50.582 Y253.619
G01 X46.993 Y252.458
G01 X43.404 Y251.298
G01 X39.814 Y250.137
G01 X36.224 Y248.977
G01 X32.634 Y247.817
G01 X29.043 Y246.656
G01 X25.454 Y245.495
G01 X21.863 Y244.335
G01 X18.274 Y243.175
G01 X14.683 Y242.014
G01 X11.094 Y240.853
G01 X7.504 Y239.692
G01 X3.913 Y238.533
G01 X0.324 Y237.372
G01 X3.964 Y238.450
G01 X7.606 Y239.526
G01 X11.247 Y240.603
G01 X14.887 Y241.680
G01 X18.529 Y242.757
G01 X22.170 Y243.835
G01 X25.810 Y244.912
G01 X29.452 Y245.990
G01 X33.093 Y247.067
G01 X36.733 Y248.144
G01 X40.375 Y249.222
G01 X44.016 Y250.299
G01 X47.656 Y251.376
G01 X51.298 Y252.453
G01 X54.939 Y253.531
G01 X58.579 Y254.608
G01 X62.221 Y255.685
G01 X65.861 Y256.762
G01 X69.502 Y257.839
G01 X73.142 Y258.916
G01 X76.784 Y259.993
G01 X80.425 Y261.070
G01 X84.065 Y262.147
G01 X87.707 Y263.225
G01 X91.348 Y264.303
G01 X94.988 Y265.380
G01 X98.630 Y266.457
G01 X102.271 Y267.534
G01 X105.911 Y268.612
G01 X109.553 Y269.689
G01 X113.194 Y270.766
G01 X116.834 Y271.843
G01 X120.476 Y272.920
G01 X124.117 Y273.998
G01 X127.757 Y275.075
G01 X131.397 Y276.151
G01 X135.038 Y277.228
G01 X138.680 Y278.307
G01 X142.320 Y279.384
G01 X145.962 Y280.461
G01 X149.603 Y281.538
G01 X153.243 Y282.615
G01 X156.885 Y283.692
G01 X160.526 Y284.769
G01 X164.166 Y285.846
G01 X167.808 Y286.923
G01 X171.449 Y288.002
G01 X175.089 Y289.079
G01 X178.731 Y290.156
G01 X182.372 Y291.233
G01 X186.012 Y292.310
G01 X189.654 Y293.387
G01 X193.295 Y294.464
G01 X196.935 Y295.541
G01 X200.577 Y296.618
G01 X204.175 Y297.685
G01 X204.216 Y297.697
G01 X207.632 Y298.714
G01 X207.858 Y298.774
G01 X211.111 Y299.748
G01 X211.499 Y299.851
G01 X214.613 Y300.788
G01 X215.139 Y300.928
G01 X218.139 Y301.834
G01 X218.781 Y302.005
G01 X221.685 Y302.885
G01 X222.421 Y303.082
G01 X225.257 Y303.942
G01 X226.062 Y304.159
G01 X228.850 Y305.007
G01 X229.704 Y305.237
G01 X232.466 Y306.077
G01 X233.344 Y306.314
G01 X236.106 Y307.154
G01 X236.986 Y307.392
G01 X239.769 Y308.238
G01 X240.627 Y308.469
G01 X243.454 Y309.327
G01 X244.268 Y309.546
G01 X247.165 Y310.423
G01 X247.909 Y310.623
G01 X250.898 Y311.526
G01 X251.549 Y311.701
G01 X254.656 Y312.635
G01 X255.191 Y312.778
G01 X258.437 Y313.750
G01 X258.832 Y313.855
G01 X262.242 Y314.870
G01 X262.473 Y314.932
G01 X266.071 Y315.998
G01 X266.114 Y316.010
G01 X269.755 Y317.087
G01 X273.396 Y318.163
G01 X277.036 Y319.240
G01 X280.677 Y320.317
G01 X284.317 Y321.396
G01 X287.959 Y322.473
G01 X291.600 Y323.550
G01 X295.240 Y324.627
G01 X298.882 Y325.704
G01 X302.523 Y326.781
G01 X306.163 Y327.858
G01 X309.805 Y328.935
G01 X313.446 Y330.012
G01 X317.087 Y331.091
G01 X320.728 Y332.168
G01 X324.369 Y333.245
G01 X328.010 Y334.322
G01 X331.650 Y335.399
G01 X335.292 Y336.476
G01 X338.933 Y337.553
G01 X342.572 Y338.630
G01 X346.215 Y339.707
G01 X349.855 Y340.786
G01 X353.495 Y341.863
G01 X357.137 Y342.940
G01 X360.778 Y344.017
G01 X364.418 Y345.094
G01 X368.060 Y346.171
G01 X371.701 Y347.249
G01 X375.341 Y348.326
G01 X378.983 Y349.403
G01 X382.624 Y350.481
G01 X386.264 Y351.558
G01 X389.906 Y352.635
G01 X393.547 Y353.712
G01 X397.188 Y354.788
G01 X400.829 Y355.867
G01 X404.470 Y356.944
G01 X408.111 Y358.021
G01 X411.750 Y359.099
G01 X415.393 Y360.175
G01 X419.034 Y361.252
G01 X422.675 Y362.329
G01 X426.315 Y363.406
G01 X429.956 Y364.485
G01 X433.596 Y365.562
G01 X437.238 Y366.639
G01 X440.879 Y367.716
G01 X444.519 Y368.793
G01 X448.161 Y369.870
G01 X451.802 Y370.947
G01 X455.442 Y372.024
G01 X459.084 Y373.101
G01 X462.725 Y374.178
G01 X466.365 Y375.257
G01 X462.723 Y374.317
G01 X459.079 Y373.379
G01 X455.437 Y372.439
G01 X451.793 Y371.500
G01 X448.149 Y370.560
G01 X444.507 Y369.622
G01 X440.864 Y368.682
G01 X437.221 Y367.743
G01 X433.577 Y366.803
G01 X429.935 Y365.865
G01 X426.292 Y364.925
G01 X422.649 Y363.987
G01 X419.005 Y363.048
G01 X415.363 Y362.108
G01 X411.720 Y361.168
G01 X408.077 Y360.230
G01 X404.433 Y359.291
G01 X400.791 Y358.351
G01 X397.148 Y357.413
G01 X393.505 Y356.474
G01 X389.861 Y355.534
G01 X386.219 Y354.594
G01 X382.576 Y353.656
G01 X378.933 Y352.716
G01 X375.289 Y351.778
G01 X371.647 Y350.839
G01 X368.004 Y349.899
G01 X364.360 Y348.959
G01 X360.717 Y348.021
G01 X357.073 Y347.082
G01 X353.430 Y346.142
G01 X349.788 Y345.204
G01 X346.144 Y344.264
G01 X342.502 Y343.325
G01 X338.859 Y342.385
G01 X335.216 Y341.447
G01 X331.572 Y340.507
G01 X327.930 Y339.569
G01 X324.287 Y338.630
G01 X320.644 Y337.690
G01 X317.000 Y336.750
G01 X313.358 Y335.812
G01 X309.715 Y334.873
G01 X306.072 Y333.933
G01 X302.429 Y332.995
G01 X298.786 Y332.055
G01 X295.143 Y331.115
G01 X291.500 Y330.177
G01 X287.856 Y329.238
G01 X284.213 Y328.298
G01 X280.570 Y327.358
G01 X276.927 Y326.420
G01 X273.284 Y325.481
G01 X269.641 Y324.541
G01 X265.998 Y323.603
G01 X262.355 Y322.663
G01 X258.712 Y321.725
G01 X255.091 Y320.791
G01 X255.069 Y320.784
G01 X251.566 Y319.885
G01 X251.425 Y319.846
G01 X248.022 Y318.975
G01 X247.782 Y318.906
G01 X244.458 Y318.058
G01 X244.139 Y317.968
G01 X240.875 Y317.135
G01 X240.497 Y317.029
G01 X237.272 Y316.209
G01 X236.853 Y316.089
G01 X233.649 Y315.274
G01 X233.211 Y315.151
G01 X230.007 Y314.336
G01 X229.567 Y314.211
G01 X226.344 Y313.391
G01 X225.925 Y313.272
G01 X222.661 Y312.440
G01 X222.281 Y312.332
G01 X218.959 Y311.485
G01 X218.639 Y311.394
G01 X215.237 Y310.524
G01 X214.995 Y310.454
G01 X211.495 Y309.555
G01 X211.351 Y309.516
G01 X207.731 Y308.582
G01 X207.709 Y308.576
G01 X204.065 Y307.637
G01 X200.423 Y306.697
G01 X196.779 Y305.759
G01 X193.137 Y304.820
G01 X189.493 Y303.880
G01 X185.851 Y302.940
G01 X182.207 Y302.002
G01 X178.565 Y301.062
G01 X174.921 Y300.124
G01 X171.279 Y299.185
G01 X167.635 Y298.245
G01 X163.993 Y297.305
G01 X160.350 Y296.367
G01 X156.707 Y295.428
G01 X153.064 Y294.488
G01 X149.421 Y293.550
G01 X145.778 Y292.611
G01 X142.135 Y291.671
G01 X138.492 Y290.731
G01 X134.848 Y289.793
G01 X131.206 Y288.853
G01 X127.562 Y287.915
G01 X123.918 Y286.976
G01 X120.276 Y286.036
G01 X116.632 Y285.096
G01 X112.990 Y284.158
G01 X109.346 Y283.219
G01 X105.704 Y282.279
G01 X102.060 Y281.341
G01 X98.418 Y280.401
G01 X94.774 Y279.462
G01 X91.132 Y278.522
G01 X87.488 Y277.584
G01 X83.846 Y276.644
G01 X80.202 Y275.706
G01 X76.560 Y274.767
G01 X72.916 Y273.827
G01 X69.274 Y272.887
G01 X65.630 Y271.949
G01 X61.988 Y271.010
G01 X58.344 Y270.070
G01 X54.702 Y269.132
G01 X51.058 Y268.192
G01 X47.415 Y267.252
G01 X43.772 Y266.314
G01 X40.129 Y265.375
G01 X36.486 Y264.435
G01 X32.843 Y263.497
G01 X29.200 Y262.557
G01 X25.557 Y261.618
G01 X21.913 Y260.678
G01 X18.271 Y259.740
G01 X14.627 Y258.800
G01 X10.985 Y257.862
G01 X7.341 Y256.923
G01 X3.699 Y255.983
G01 X0.055 Y255.044
G01 X3.745 Y255.898
G01 X7.435 Y256.750
G01 X11.125 Y257.605
G01 X14.815 Y258.457
G01 X18.505 Y259.310
G01 X22.195 Y260.165
G01 X25.885 Y261.019
G01 X29.574 Y261.872
G01 X33.264 Y262.725
G01 X36.954 Y263.579
G01 X40.644 Y264.432
G01 X44.334 Y265.286
G01 X48.024 Y266.139
G01 X51.714 Y266.993
G01 X55.403 Y267.846
G01 X59.093 Y268.699
G01 X62.783 Y269.553
G01 X66.473 Y270.406
G01 X70.163 Y271.260
G01 X73.853 Y272.113
G01 X77.541 Y272.966
G01 X81.231 Y273.820
G01 X84.921 Y274.673
G01 X88.612 Y275.526
G01 X92.302 Y276.380
G01 X95.992 Y277.233
G01 X99.682 Y278.088
G01 X103.370 Y278.940
G01 X107.060 Y279.795
G01 X110.750 Y280.647
G01 X114.440 Y281.500
G01 X118.130 Y282.355
G01 X121.820 Y283.207
G01 X125.510 Y284.062
G01 X129.200 Y284.915
G01 X132.889 Y285.769
G01 X136.579 Y286.622
G01 X140.269 Y287.476
G01 X143.959 Y288.329
G01 X147.649 Y289.183
G01 X151.339 Y290.036
G01 X155.029 Y290.889
G01 X158.719 Y291.743
G01 X162.409 Y292.596
G01 X166.099 Y293.450
G01 X169.788 Y294.303
G01 X173.478 Y295.156
G01 X177.168 Y296.010
G01 X180.858 Y296.863
G01 X184.548 Y297.716
G01 X188.238 Y298.570
G01 X191.927 Y299.423
G01 X195.617 Y300.276
G01 X199.307 Y301.130
G01 X202.997 Y301.983
G01 X206.687 Y302.838
G01 X210.245 Y303.665
G01 X210.377 Y303.690
G01 X213.779 Y304.487
G01 X214.067 Y304.545
G01 X217.334 Y305.312
G01 X217.755 Y305.397
G01 X220.913 Y306.142
G01 X221.445 Y306.252
G01 X224.512 Y306.978
G01 X225.135 Y307.105
G01 X228.134 Y307.817
G01 X228.826 Y307.959
G01 X231.778 Y308.661
G01 X232.516 Y308.812
G01 X235.444 Y309.509
G01 X236.206 Y309.665
G01 X239.132 Y310.362
G01 X239.894 Y310.519
G01 X242.844 Y311.219
G01 X243.584 Y311.372
G01 X246.578 Y312.082
G01 X247.275 Y312.226
G01 X250.335 Y312.950
G01 X250.965 Y313.079
G01 X254.114 Y313.822
G01 X254.655 Y313.933
G01 X257.917 Y314.699
G01 X258.345 Y314.786
G01 X261.743 Y315.581
G01 X262.035 Y315.639
G01 X265.591 Y316.466
G01 X265.724 Y316.493
G01 X269.413 Y317.346
G01 X273.103 Y318.200
G01 X276.793 Y319.053
G01 X280.484 Y319.906
G01 X284.174 Y320.760
G01 X287.863 Y321.613
G01 X291.553 Y322.466
G01 X295.243 Y323.320
G01 X298.933 Y324.173
G01 X302.623 Y325.028
G01 X306.312 Y325.880
G01 X310.002 Y326.733
G01 X313.692 Y327.588
G01 X317.382 Y328.442
G01 X321.072 Y329.295
G01 X324.762 Y330.147
G01 X328.452 Y331.002
G01 X332.140 Y331.855
G01 X335.831 Y332.709
G01 X339.520 Y333.562
G01 X343.211 Y334.416
G01 X346.900 Y335.269
G01 X350.591 Y336.123
G01 X354.281 Y336.976
G01 X357.970 Y337.829
G01 X361.659 Y338.683
G01 X365.350 Y339.536
G01 X369.039 Y340.389
G01 X372.730 Y341.243
G01 X376.418 Y342.096
G01 X380.110 Y342.950
G01 X383.798 Y343.803
G01 X387.488 Y344.656
G01 X391.178 Y345.510
G01 X394.869 Y346.363
G01 X398.558 Y347.216
G01 X402.249 Y348.070
G01 X405.938 Y348.925
G01 X409.627 Y349.778
G01 X413.317 Y350.630
G01 X417.007 Y351.485
G01 X420.697 Y352.338
G01 X424.387 Y353.192
G01 X428.077 Y354.045
G01 X431.767 Y354.899
G01 X435.457 Y355.752
G01 X439.147 Y356.606
G01 X442.837 Y357.459
G01 X446.526 Y358.312
G01 X450.216 Y359.166
G01 X453.906 Y360.019
G01 X457.596 Y360.873
G01 X461.286 Y361.726
G01 X464.976 Y362.579
G01 X468.664 Y363.433
G01 X472.355 Y364.286
G01 X468.673 Y363.570
G01 X464.990 Y362.855
G01 X461.308 Y362.139
G01 X457.627 Y361.423
G01 X453.943 Y360.709
G01 X450.262 Y359.993
G01 X446.579 Y359.278
G01 X442.898 Y358.562
G01 X439.216 Y357.846
G01 X435.534 Y357.130
G01 X431.851 Y356.415
G01 X428.168 Y355.700
G01 X424.486 Y354.983
G01 X420.805 Y354.267
G01 X417.123 Y353.553
G01 X413.441 Y352.837
G01 X409.757 Y352.122
G01 X406.076 Y351.406
G01 X402.394 Y350.690
G01 X398.712 Y349.975
G01 X395.029 Y349.259
G01 X391.346 Y348.543
G01 X387.664 Y347.827
G01 X383.983 Y347.113
G01 X380.300 Y346.397
G01 X376.619 Y345.680
G01 X372.937 Y344.966
G01 X369.254 Y344.250
G01 X365.572 Y343.534
G01 X361.889 Y342.819
G01 X358.207 Y342.103
G01 X354.525 Y341.387
G01 X350.842 Y340.671
G01 X347.161 Y339.957
G01 X343.478 Y339.240
G01 X339.797 Y338.524
G01 X336.115 Y337.810
G01 X332.433 Y337.094
G01 X328.750 Y336.379
G01 X325.067 Y335.663
G01 X321.385 Y334.947
G01 X317.704 Y334.231
G01 X314.022 Y333.516
G01 X310.340 Y332.800
G01 X306.656 Y332.084
G01 X302.975 Y331.370
G01 X299.293 Y330.654
G01 X295.611 Y329.938
G01 X291.929 Y329.223
G01 X288.246 Y328.507
G01 X284.564 Y327.791
G01 X280.882 Y327.076
G01 X277.200 Y326.360
G01 X273.518 Y325.644
G01 X269.835 Y324.928
G01 X266.153 Y324.214
G01 X262.471 Y323.498
G01 X258.788 Y322.781
G01 X255.132 Y322.072
G01 X255.107 Y322.067
G01 X251.546 Y321.377
G01 X251.424 Y321.351
G01 X247.941 Y320.680
G01 X247.743 Y320.635
G01 X244.317 Y319.976
G01 X244.060 Y319.920
G01 X240.673 Y319.269
G01 X240.377 Y319.204
G01 X237.010 Y318.558
G01 X236.695 Y318.488
G01 X233.329 Y317.843
G01 X233.014 Y317.772
G01 X229.629 Y317.123
G01 X229.332 Y317.058
G01 X225.908 Y316.399
G01 X225.649 Y316.341
G01 X222.168 Y315.671
G01 X221.966 Y315.625
G01 X218.408 Y314.938
G01 X218.284 Y314.911
G01 X214.629 Y314.201
G01 X214.603 Y314.195
G01 X210.921 Y313.480
G01 X207.238 Y312.764
G01 X203.555 Y312.048
G01 X199.874 Y311.332
G01 X196.192 Y310.617
G01 X192.510 Y309.901
G01 X188.827 Y309.185
G01 X185.144 Y308.471
G01 X181.463 Y307.755
G01 X177.781 Y307.038
G01 X174.099 Y306.324
G01 X170.416 Y305.608
G01 X166.735 Y304.892
G01 X163.052 Y304.177
G01 X159.370 Y303.461
G01 X155.688 Y302.745
G01 X152.005 Y302.029
G01 X148.324 Y301.315
G01 X144.642 Y300.599
G01 X140.959 Y299.884
G01 X137.276 Y299.168
G01 X133.594 Y298.452
G01 X129.913 Y297.737
G01 X126.231 Y297.021
G01 X122.548 Y296.305
G01 X118.865 Y295.589
G01 X115.183 Y294.875
G01 X111.502 Y294.159
G01 X107.820 Y293.442
G01 X104.137 Y292.728
G01 X100.454 Y292.012
G01 X96.772 Y291.296
G01 X93.091 Y290.581
G01 X89.409 Y289.865
G01 X85.726 Y289.149
G01 X82.043 Y288.433
G01 X78.362 Y287.718
G01 X74.680 Y287.002
G01 X70.998 Y286.286
G01 X67.315 Y285.572
G01 X63.634 Y284.856
G01 X59.951 Y284.139
G01 X56.269 Y283.425
G01 X52.587 Y282.709
G01 X48.904 Y281.993
G01 X45.223 Y281.278
G01 X41.540 Y280.562
G01 X37.858 Y279.846
G01 X34.175 Y279.130
G01 X30.493 Y278.416
G01 X26.812 Y277.700
G01 X23.130 Y276.983
G01 X19.447 Y276.269
G01 X15.764 Y275.553
G01 X12.082 Y274.838
G01 X8.401 Y274.122
G01 X4.719 Y273.406
G01 X1.036 Y272.690
G01 X4.760 Y273.319
G01 X8.486 Y273.945
G01 X12.209 Y274.574
G01 X15.935 Y275.202
G01 X19.659 Y275.829
G01 X23.384 Y276.457
G01 X27.108 Y277.084
G01 X30.832 Y277.712
G01 X34.558 Y278.339
G01 X38.283 Y278.968
G01 X42.007 Y279.594
G01 X45.731 Y280.223
G01 X49.457 Y280.851
G01 X53.180 Y281.478
G01 X56.906 Y282.106
G01 X60.630 Y282.733
G01 X64.355 Y283.361
G01 X68.079 Y283.988
G01 X71.803 Y284.617
G01 X75.529 Y285.243
G01 X79.254 Y285.872
G01 X82.978 Y286.500
G01 X86.702 Y287.127
G01 X90.428 Y287.755
G01 X94.151 Y288.382
G01 X97.877 Y289.010
G01 X101.601 Y289.637
G01 X105.326 Y290.264
G01 X109.050 Y290.892
G01 X112.774 Y291.521
G01 X116.500 Y292.147
G01 X120.225 Y292.776
G01 X123.949 Y293.404
G01 X127.673 Y294.031
G01 X131.397 Y294.659
G01 X135.123 Y295.286
G01 X138.848 Y295.913
G01 X142.572 Y296.541
G01 X146.296 Y297.170
G01 X150.022 Y297.796
G01 X153.745 Y298.425
G01 X157.471 Y299.053
G01 X161.195 Y299.680
G01 X164.920 Y300.308
G01 X168.644 Y300.935
G01 X172.368 Y301.562
G01 X176.094 Y302.190
G01 X179.819 Y302.817
G01 X183.543 Y303.445
G01 X187.267 Y304.074
G01 X190.993 Y304.702
G01 X194.716 Y305.329
G01 X198.442 Y305.957
G01 X202.166 Y306.584
G01 X205.891 Y307.212
G01 X209.615 Y307.839
G01 X213.310 Y308.463
G01 X213.339 Y308.466
G01 X216.885 Y309.070
G01 X217.065 Y309.094
G01 X220.480 Y309.678
G01 X220.790 Y309.723
G01 X224.096 Y310.291
G01 X224.514 Y310.350
G01 X227.733 Y310.906
G01 X228.238 Y310.978
G01 X231.392 Y311.524
G01 X231.964 Y311.606
G01 X235.072 Y312.144
G01 X235.688 Y312.233
G01 X238.774 Y312.769
G01 X239.413 Y312.861
G01 X242.499 Y313.397
G01 X243.137 Y313.488
G01 X246.244 Y314.028
G01 X246.862 Y314.115
G01 X250.012 Y314.661
G01 X250.587 Y314.743
G01 X253.800 Y315.298
G01 X254.311 Y315.372
G01 X257.612 Y315.939
G01 X258.036 Y315.999
G01 X261.446 Y316.582
G01 X261.761 Y316.627
G01 X265.302 Y317.228
G01 X265.485 Y317.255
G01 X269.180 Y317.877
G01 X269.210 Y317.882
G01 X272.935 Y318.510
G01 X276.659 Y319.137
G01 X280.384 Y319.764
G01 X284.109 Y320.392
G01 X287.833 Y321.021
G01 X291.558 Y321.647
G01 X295.281 Y322.276
G01 X299.007 Y322.903
G01 X302.732 Y323.531
G01 X306.456 Y324.159
G01 X310.180 Y324.786
G01 X313.905 Y325.413
G01 X317.630 Y326.041
G01 X321.355 Y326.668
G01 X325.079 Y327.296
G01 X328.803 Y327.925
G01 X332.529 Y328.552
G01 X336.252 Y329.180
G01 X339.978 Y329.808
G01 X343.702 Y330.435
G01 X347.427 Y331.062
G01 X351.151 Y331.690
G01 X354.875 Y332.317
G01 X358.601 Y332.945
G01 X362.326 Y333.574
G01 X366.049 Y334.201
G01 X369.774 Y334.829
G01 X373.500 Y335.457
G01 X377.224 Y336.084
G01 X380.949 Y336.712
G01 X384.673 Y337.339
G01 X388.398 Y337.966
G01 X392.123 Y338.594
G01 X395.846 Y339.221
G01 X399.572 Y339.850
G01 X403.297 Y340.478
G01 X407.021 Y341.106
G01 X410.745 Y341.733
G01 X414.470 Y342.361
G01 X418.195 Y342.988
G01 X421.920 Y343.615
G01 X425.644 Y344.243
G01 X429.369 Y344.870
G01 X433.094 Y345.499
G01 X436.817 Y346.127
G01 X440.543 Y346.754
G01 X444.268 Y347.382
G01 X447.991 Y348.010
G01 X451.716 Y348.637
G01 X455.441 Y349.264
G01 X459.166 Y349.892
G01 X462.890 Y350.519
G01 X466.615 Y351.147
G01 X470.340 Y351.776
G01 X474.065 Y352.403
G01 X477.788 Y353.031
G01 X470.375 Y352.050
G01 X462.959 Y351.067
G01 X455.546 Y350.087
G01 X448.130 Y349.106
G01 X440.716 Y348.124
G01 X433.302 Y347.142
G01 X425.887 Y346.161
G01 X418.473 Y345.180
G01 X411.058 Y344.199
G01 X403.644 Y343.216
G01 X396.230 Y342.236
G01 X388.815 Y341.255
G01 X381.401 Y340.272
G01 X373.986 Y339.291
G01 X366.572 Y338.310
G01 X359.156 Y337.329
G01 X351.743 Y336.348
G01 X344.327 Y335.367
G01 X336.913 Y334.385
G01 X329.499 Y333.404
G01 X322.085 Y332.423
G01 X314.669 Y331.440
G01 X307.748 Y330.543
G01 X307.256 Y330.459
G01 X301.000 Y329.673
G01 X299.841 Y329.478
G01 X294.178 Y328.790
G01 X292.427 Y328.497
G01 X287.284 Y327.892
G01 X285.012 Y327.516
G01 X280.316 Y326.980
G01 X277.598 Y326.534
G01 X273.276 Y326.055
G01 X270.183 Y325.553
G01 X266.165 Y325.117
G01 X262.769 Y324.572
G01 X258.981 Y324.168
G01 X255.353 Y323.591
G01 X251.724 Y323.207
G01 X248.144 Y322.647
G01 X247.940 Y322.608
G01 X244.394 Y322.237
G01 X240.880 Y321.692
G01 X240.524 Y321.627
G01 X236.988 Y321.257
G01 X233.466 Y320.712
G01 X233.111 Y320.646
G01 X229.509 Y320.267
G01 X225.904 Y319.702
G01 X225.695 Y319.665
G01 X221.952 Y319.267
G01 X218.281 Y318.683
G01 X214.317 Y318.255
G01 X210.867 Y317.702
G01 X206.605 Y317.231
G01 X203.452 Y316.721
G01 X198.815 Y316.192
G01 X196.038 Y315.740
G01 X190.947 Y315.142
G01 X188.624 Y314.757
G01 X183.002 Y314.076
G01 X181.209 Y313.776
G01 X174.981 Y312.995
G01 X173.795 Y312.796
G01 X166.885 Y311.899
G01 X166.380 Y311.814
G01 X158.966 Y310.832
G01 X151.550 Y309.851
G01 X144.137 Y308.870
G01 X136.721 Y307.889
G01 X129.308 Y306.906
G01 X121.892 Y305.925
G01 X114.478 Y304.945
G01 X107.064 Y303.963
G01 X99.649 Y302.981
G01 X92.235 Y302.000
G01 X84.820 Y301.019
G01 X77.406 Y300.038
G01 X69.992 Y299.057
G01 X62.577 Y298.075
G01 X55.163 Y297.094
G01 X47.748 Y296.113
G01 X40.334 Y295.130
G01 X32.920 Y294.149
G01 X25.505 Y293.168
G01 X18.089 Y292.187
G01 X10.675 Y291.206
G01 X3.260 Y290.225
G01 X7.007 Y290.625
G01 X10.752 Y291.026
G01 X14.497 Y291.427
G01 X18.243 Y291.827
G01 X21.988 Y292.228
G01 X25.733 Y292.629
G01 X29.478 Y293.029
G01 X33.223 Y293.430
G01 X36.969 Y293.831
G01 X40.714 Y294.231
G01 X44.459 Y294.632
G01 X48.204 Y295.033
G01 X51.950 Y295.433
G01 X55.695 Y295.834
G01 X59.440 Y296.236
G01 X63.185 Y296.635
G01 X66.930 Y297.036
G01 X70.675 Y297.438
G01 X74.421 Y297.838
G01 X78.166 Y298.238
G01 X81.911 Y298.639
G01 X85.656 Y299.041
G01 X89.401 Y299.440
G01 X93.147 Y299.841
G01 X96.892 Y300.243
G01 X100.637 Y300.642
G01 X104.382 Y301.043
G01 X108.127 Y301.445
G01 X111.874 Y301.846
G01 X115.618 Y302.245
G01 X119.363 Y302.647
G01 X123.108 Y303.048
G01 X126.855 Y303.449
G01 X130.600 Y303.849
G01 X134.344 Y304.250
G01 X138.089 Y304.651
G01 X141.836 Y305.052
G01 X145.581 Y305.452
G01 X149.326 Y305.853
G01 X153.070 Y306.254
G01 X156.817 Y306.654
G01 X160.562 Y307.055
G01 X164.307 Y307.456
G01 X168.053 Y307.856
G01 X171.798 Y308.257
G01 X175.543 Y308.658
G01 X179.288 Y309.058
G01 X183.034 Y309.459
G01 X186.779 Y309.860
G01 X190.524 Y310.260
G01 X194.269 Y310.661
G01 X198.014 Y311.062
G01 X201.760 Y311.463
G01 X205.505 Y311.863
G01 X209.250 Y312.264
G01 X212.995 Y312.665
G01 X216.740 Y313.065
G01 X220.416 Y313.461
G01 X220.486 Y313.466
G01 X224.036 Y313.851
G01 X224.231 Y313.867
G01 X227.678 Y314.243
G01 X227.976 Y314.267
G01 X231.339 Y314.637
G01 X231.721 Y314.668
G01 X235.022 Y315.033
G01 X235.466 Y315.070
G01 X238.724 Y315.430
G01 X239.212 Y315.469
G01 X242.447 Y315.829
G01 X242.957 Y315.870
G01 X246.192 Y316.230
G01 X246.703 Y316.272
G01 X249.958 Y316.632
G01 X250.448 Y316.673
G01 X253.745 Y317.036
G01 X254.192 Y317.072
G01 X257.553 Y317.442
G01 X257.939 Y317.474
G01 X261.382 Y317.850
G01 X261.684 Y317.875
G01 X265.232 Y318.260
G01 X265.429 Y318.276
G01 X269.103 Y318.671
G01 X269.174 Y318.675
G01 X272.920 Y319.077
G01 X276.665 Y319.478
G01 X280.410 Y319.879
G01 X284.155 Y320.279
G01 X287.901 Y320.680
G01 X291.646 Y321.079
G01 X295.391 Y321.481
G01 X299.136 Y321.882
G01 X302.882 Y322.283
G01 X306.627 Y322.683
G01 X310.372 Y323.084
G01 X314.116 Y323.485
G01 X317.863 Y323.885
G01 X321.608 Y324.286
G01 X325.353 Y324.687
G01 X329.097 Y325.088
G01 X332.844 Y325.488
G01 X336.589 Y325.889
G01 X340.334 Y326.290
G01 X344.079 Y326.690
G01 X347.825 Y327.091
G01 X351.570 Y327.492
G01 X355.315 Y327.892
G01 X359.060 Y328.293
G01 X362.805 Y328.694
G01 X366.550 Y329.094
G01 X370.296 Y329.495
G01 X374.041 Y329.897
G01 X377.786 Y330.296
G01 X381.531 Y330.697
G01 X385.276 Y331.099
G01 X389.022 Y331.500
G01 X392.768 Y331.899
G01 X396.512 Y332.300
G01 X400.257 Y332.702
G01 X404.004 Y333.101
G01 X407.749 Y333.502
G01 X411.494 Y333.904
G01 X415.238 Y334.305
G01 X418.983 Y334.704
G01 X422.730 Y335.106
G01 X426.475 Y335.507
G01 X430.220 Y335.906
G01 X433.966 Y336.308
G01 X437.711 Y336.709
G01 X441.456 Y337.110
G01 X445.201 Y337.510
G01 X448.946 Y337.911
G01 X452.692 Y338.312
G01 X456.437 Y338.712
G01 X460.182 Y339.113
G01 X463.928 Y339.514
G01 X467.673 Y339.915
G01 X471.418 Y340.315
G01 X475.163 Y340.716
G01 X478.908 Y341.117
G01 X482.654 Y341.517
G01 X475.216 Y340.987
G01 X467.781 Y340.456
G01 X460.344 Y339.925
G01 X452.908 Y339.394
G01 X445.471 Y338.865
G01 X438.034 Y338.334
G01 X430.599 Y337.803
G01 X423.161 Y337.272
G01 X415.726 Y336.742
G01 X408.288 Y336.211
G01 X400.853 Y335.680
G01 X393.416 Y335.149
G01 X385.978 Y334.618
G01 X378.543 Y334.089
G01 X371.106 Y333.558
G01 X363.669 Y333.028
G01 X356.234 Y332.497
G01 X348.797 Y331.966
G01 X341.361 Y331.435
G01 X333.923 Y330.904
G01 X326.488 Y330.374
G01 X319.050 Y329.844
G01 X312.101 Y329.365
G01 X311.615 Y329.312
G01 X305.310 Y328.903
G01 X304.178 Y328.781
G01 X298.448 Y328.430
G01 X296.742 Y328.252
G01 X291.514 Y327.950
G01 X289.305 Y327.721
G01 X284.511 Y327.459
G01 X281.869 Y327.190
G01 X277.438 Y326.962
G01 X274.433 Y326.659
G01 X270.293 Y326.456
G01 X266.996 Y326.129
G01 X263.079 Y325.942
G01 X259.560 Y325.599
G01 X255.796 Y325.423
G01 X252.123 Y325.067
G01 X248.441 Y324.897
G01 X244.781 Y324.548
G01 X244.686 Y324.536
G01 X241.014 Y324.368
G01 X237.344 Y324.017
G01 X237.250 Y324.007
G01 X233.514 Y323.832
G01 X229.814 Y323.476
G01 X225.939 Y323.291
G01 X222.377 Y322.945
G01 X218.290 Y322.745
G01 X214.940 Y322.415
G01 X210.565 Y322.190
G01 X207.504 Y321.884
G01 X202.764 Y321.627
G01 X200.067 Y321.353
G01 X194.891 Y321.055
G01 X192.630 Y320.822
G01 X186.940 Y320.475
G01 X185.195 Y320.291
G01 X178.918 Y319.885
G01 X177.759 Y319.762
G01 X170.820 Y319.284
G01 X170.322 Y319.231
G01 X162.885 Y318.700
G01 X155.449 Y318.170
G01 X148.012 Y317.639
G01 X140.576 Y317.108
G01 X133.139 Y316.577
G01 X125.702 Y316.046
G01 X118.267 Y315.517
G01 X110.829 Y314.986
G01 X103.394 Y314.454
G01 X95.957 Y313.925
G01 X88.521 Y313.394
G01 X81.084 Y312.863
G01 X73.647 Y312.332
G01 X66.211 Y311.802
G01 X58.774 Y311.272
G01 X51.338 Y310.740
G01 X43.901 Y310.209
G01 X36.464 Y309.680
G01 X29.029 Y309.149
G01 X21.593 Y308.618
G01 X14.156 Y308.088
G01 X6.719 Y307.557
G01 X10.471 Y307.731
G01 X14.223 Y307.904
G01 X17.975 Y308.077
G01 X21.726 Y308.250
G01 X25.478 Y308.425
G01 X29.230 Y308.599
G01 X32.981 Y308.772
G01 X36.733 Y308.945
G01 X40.485 Y309.118
G01 X44.236 Y309.293
G01 X47.988 Y309.466
G01 X51.740 Y309.639
G01 X55.492 Y309.814
G01 X59.243 Y309.987
G01 X62.995 Y310.161
G01 X66.747 Y310.334
G01 X70.499 Y310.507
G01 X74.250 Y310.680
G01 X78.002 Y310.855
G01 X81.754 Y311.029
G01 X85.505 Y311.202
G01 X89.257 Y311.375
G01 X93.009 Y311.550
G01 X96.760 Y311.723
G01 X100.512 Y311.897
G01 X104.264 Y312.070
G01 X108.014 Y312.243
G01 X111.767 Y312.416
G01 X115.519 Y312.591
G01 X119.269 Y312.764
G01 X123.022 Y312.938
G01 X126.774 Y313.112
G01 X130.526 Y313.284
G01 X134.276 Y313.459
G01 X138.029 Y313.632
G01 X141.781 Y313.805
G01 X145.531 Y313.980
G01 X149.284 Y314.153
G01 X153.036 Y314.327
G01 X156.788 Y314.500
G01 X160.538 Y314.673
G01 X164.291 Y314.848
G01 X168.043 Y315.021
G01 X171.793 Y315.195
G01 X175.546 Y315.368
G01 X179.298 Y315.541
G01 X183.048 Y315.714
G01 X186.800 Y315.889
G01 X190.553 Y316.062
G01 X194.303 Y316.236
G01 X198.055 Y316.409
G01 X201.808 Y316.582
G01 X205.560 Y316.757
G01 X209.310 Y316.930
G01 X213.062 Y317.103
G01 X216.815 Y317.278
G01 X220.565 Y317.451
G01 X224.317 Y317.625
G01 X227.993 Y317.796
G01 X228.070 Y317.798
G01 X231.644 Y317.969
G01 X231.820 Y317.971
G01 X235.317 Y318.139
G01 X235.572 Y318.146
G01 X239.007 Y318.312
G01 X239.325 Y318.319
G01 X242.719 Y318.485
G01 X243.077 Y318.493
G01 X246.450 Y318.658
G01 X246.828 Y318.666
G01 X250.201 Y318.832
G01 X250.579 Y318.839
G01 X253.972 Y319.005
G01 X254.332 Y319.014
G01 X257.764 Y319.180
G01 X258.083 Y319.187
G01 X261.576 Y319.355
G01 X261.835 Y319.361
G01 X265.409 Y319.531
G01 X265.587 Y319.534
G01 X269.261 Y319.706
G01 X269.338 Y319.707
G01 X273.090 Y319.880
G01 X276.841 Y320.055
G01 X280.593 Y320.228
G01 X284.345 Y320.401
G01 X288.097 Y320.576
G01 X291.849 Y320.749
G01 X295.600 Y320.923
G01 X299.352 Y321.096
G01 X303.103 Y321.269
G01 X306.855 Y321.444
G01 X310.607 Y321.617
G01 X314.359 Y321.791
G01 X318.110 Y321.964
G01 X321.861 Y322.137
G01 X325.614 Y322.312
G01 X329.365 Y322.485
G01 X333.116 Y322.659
G01 X336.869 Y322.832
G01 X340.620 Y323.005
G01 X344.371 Y323.180
G01 X348.124 Y323.353
G01 X351.875 Y323.526
G01 X355.627 Y323.700
G01 X359.379 Y323.874
G01 X363.130 Y324.046
G01 X366.882 Y324.221
G01 X370.634 Y324.394
G01 X374.385 Y324.567
G01 X378.137 Y324.742
G01 X381.889 Y324.915
G01 X385.640 Y325.089
G01 X389.393 Y325.262
G01 X393.144 Y325.435
G01 X396.896 Y325.610
G01 X400.648 Y325.783
G01 X404.399 Y325.957
G01 X408.151 Y326.130
G01 X411.903 Y326.303
G01 X415.654 Y326.478
G01 X419.406 Y326.651
G01 X423.158 Y326.825
G01 X426.909 Y326.998
G01 X430.661 Y327.171
G01 X434.413 Y327.346
G01 X438.164 Y327.519
G01 X441.916 Y327.692
G01 X445.668 Y327.865
G01 X449.419 Y328.040
G01 X453.171 Y328.213
G01 X456.923 Y328.387
G01 X460.675 Y328.560
G01 X464.427 Y328.733
G01 X468.178 Y328.908
G01 X471.930 Y329.081
G01 X475.682 Y329.255
G01 X479.433 Y329.428
G01 X483.185 Y329.601
G01 X486.937 Y329.776
G01 X479.505 Y329.695
G01 X472.076 Y329.613
G01 X464.645 Y329.533
G01 X457.215 Y329.452
G01 X449.784 Y329.370
G01 X442.355 Y329.291
G01 X434.923 Y329.209
G01 X427.494 Y329.129
G01 X420.062 Y329.048
G01 X412.632 Y328.966
G01 X405.202 Y328.885
G01 X397.773 Y328.805
G01 X390.341 Y328.725
G01 X382.911 Y328.644
G01 X375.481 Y328.562
G01 X368.050 Y328.481
G01 X360.620 Y328.401
G01 X353.190 Y328.320
G01 X345.760 Y328.240
G01 X338.329 Y328.159
G01 X330.899 Y328.077
G01 X323.469 Y327.997
G01 X316.507 Y327.938
G01 X316.038 Y327.916
G01 X309.701 Y327.885
G01 X308.608 Y327.836
G01 X302.825 Y327.827
G01 X301.178 Y327.755
G01 X295.881 Y327.764
G01 X293.747 Y327.673
G01 X288.869 Y327.697
G01 X286.317 Y327.593
G01 X281.788 Y327.627
G01 X278.887 Y327.512
G01 X274.641 Y327.553
G01 X271.456 Y327.430
G01 X267.425 Y327.476
G01 X264.026 Y327.350
G01 X260.142 Y327.397
G01 X256.596 Y327.269
G01 X252.790 Y327.317
G01 X249.165 Y327.189
G01 X245.368 Y327.237
G01 X241.735 Y327.108
G01 X237.875 Y327.154
G01 X234.305 Y327.026
G01 X230.312 Y327.072
G01 X226.874 Y326.945
G01 X222.675 Y326.988
G01 X219.444 Y326.865
G01 X214.968 Y326.899
G01 X212.012 Y326.784
G01 X207.187 Y326.808
G01 X204.582 Y326.704
G01 X199.334 Y326.714
G01 X197.153 Y326.623
G01 X191.408 Y326.615
G01 X189.721 Y326.541
G01 X183.411 Y326.512
G01 X182.291 Y326.461
G01 X175.341 Y326.403
G01 X174.862 Y326.380
G01 X167.430 Y326.298
G01 X160.000 Y326.219
G01 X152.570 Y326.137
G01 X145.139 Y326.057
G01 X137.709 Y325.976
G01 X130.279 Y325.894
G01 X122.849 Y325.814
G01 X115.418 Y325.733
G01 X107.988 Y325.653
G01 X100.558 Y325.572
G01 X93.127 Y325.490
G01 X85.697 Y325.409
G01 X78.267 Y325.329
G01 X70.837 Y325.248
G01 X63.406 Y325.168
G01 X55.976 Y325.087
G01 X48.546 Y325.005
G01 X41.115 Y324.925
G01 X33.685 Y324.844
G01 X26.254 Y324.762
G01 X18.824 Y324.683
G01 X11.394 Y324.601
G01 X18.882 Y324.495
G01 X26.370 Y324.389
G01 X33.858 Y324.284
G01 X41.346 Y324.178
G01 X48.834 Y324.072
G01 X56.322 Y323.966
G01 X63.810 Y323.862
G01 X71.298 Y323.755
G01 X78.786 Y323.649
G01 X86.274 Y323.543
G01 X93.762 Y323.439
G01 X101.250 Y323.332
G01 X108.738 Y323.226
G01 X116.226 Y323.120
G01 X123.714 Y323.016
G01 X131.202 Y322.909
G01 X138.690 Y322.803
G01 X146.178 Y322.699
G01 X153.666 Y322.593
G01 X161.154 Y322.487
G01 X168.642 Y322.380
G01 X176.130 Y322.276
G01 X183.118 Y322.195
G01 X183.618 Y322.170
G01 X189.920 Y322.123
G01 X191.106 Y322.064
G01 X196.796 Y322.045
G01 X198.594 Y321.957
G01 X203.750 Y321.962
G01 X206.082 Y321.851
G01 X210.779 Y321.873
G01 X213.570 Y321.747
G01 X217.882 Y321.779
G01 X221.058 Y321.641
G01 X225.058 Y321.680
G01 X228.546 Y321.534
G01 X232.310 Y321.579
G01 X236.026 Y321.430
G01 X236.034 Y321.430
G01 X239.635 Y321.476
G01 X243.209 Y321.344
G01 X243.522 Y321.324
G01 X247.037 Y321.372
G01 X250.542 Y321.248
G01 X251.011 Y321.218
G01 X254.514 Y321.267
G01 X258.026 Y321.142
G01 X258.499 Y321.112
G01 X262.071 Y321.159
G01 X265.668 Y321.026
G01 X265.987 Y321.007
G01 X269.704 Y321.052
G01 X273.466 Y320.901
G01 X273.475 Y320.901
G01 X277.418 Y320.942
G01 X280.963 Y320.795
G01 X285.213 Y320.827
G01 X288.451 Y320.689
G01 X293.087 Y320.711
G01 X295.939 Y320.584
G01 X301.041 Y320.588
G01 X303.427 Y320.478
G01 X309.074 Y320.459
G01 X310.915 Y320.372
G01 X317.187 Y320.326
G01 X318.403 Y320.266
G01 X325.377 Y320.187
G01 X325.890 Y320.161
G01 X333.379 Y320.055
G01 X340.866 Y319.949
G01 X348.355 Y319.843
G01 X355.842 Y319.738
G01 X363.331 Y319.632
G01 X370.818 Y319.526
G01 X378.307 Y319.421
G01 X385.795 Y319.315
G01 X393.283 Y319.209
G01 X400.771 Y319.103
G01 X408.259 Y318.997
G01 X415.747 Y318.892
G01 X423.235 Y318.786
G01 X430.723 Y318.680
G01 X438.211 Y318.575
G01 X445.699 Y318.469
G01 X453.187 Y318.363
G01 X460.675 Y318.257
G01 X468.163 Y318.151
G01 X475.651 Y318.046
G01 X483.139 Y317.940
G01 X490.627 Y317.834
G01 X483.231 Y318.201
G01 X475.834 Y318.567
G01 X468.438 Y318.933
G01 X461.042 Y319.298
G01 X453.645 Y319.665
G01 X446.249 Y320.031
G01 X438.853 Y320.397
G01 X431.457 Y320.764
G01 X424.060 Y321.130
G01 X416.663 Y321.497
G01 X409.268 Y321.863
G01 X401.870 Y322.228
G01 X394.475 Y322.594
G01 X387.077 Y322.962
G01 X379.682 Y323.327
G01 X372.286 Y323.694
G01 X364.889 Y324.060
G01 X357.493 Y324.427
G01 X350.096 Y324.793
G01 X342.700 Y325.159
G01 X335.303 Y325.524
G01 X327.908 Y325.892
G01 X320.954 Y326.252
G01 X320.510 Y326.257
G01 X314.158 Y326.608
G01 X313.115 Y326.624
G01 X307.296 Y326.964
G01 X305.719 Y326.990
G01 X300.368 Y327.319
G01 X298.322 Y327.356
G01 X293.374 Y327.675
G01 X290.925 Y327.723
G01 X286.315 Y328.029
G01 X283.529 Y328.089
G01 X279.191 Y328.387
G01 X276.132 Y328.454
G01 X272.001 Y328.745
G01 X268.737 Y328.822
G01 X264.746 Y329.105
G01 X261.340 Y329.188
G01 X257.424 Y329.468
G01 X253.944 Y329.553
G01 X250.036 Y329.832
G01 X246.548 Y329.920
G01 X242.579 Y330.202
G01 X239.151 Y330.286
G01 X235.055 Y330.574
G01 X231.755 Y330.653
G01 X227.461 Y330.947
G01 X224.358 Y331.019
G01 X219.796 Y331.324
G01 X216.962 Y331.385
G01 X212.064 Y331.701
G01 X209.565 Y331.750
G01 X204.260 Y332.079
G01 X202.170 Y332.118
G01 X196.387 Y332.456
G01 X194.772 Y332.483
G01 X188.445 Y332.832
G01 X187.377 Y332.850
G01 X180.433 Y333.209
G01 X179.980 Y333.216
G01 X172.584 Y333.582
G01 X165.188 Y333.949
G01 X157.791 Y334.315
G01 X150.394 Y334.680
G01 X142.999 Y335.048
G01 X135.601 Y335.413
G01 X128.206 Y335.779
G01 X120.810 Y336.146
G01 X113.413 Y336.512
G01 X106.017 Y336.879
G01 X98.620 Y337.245
G01 X91.224 Y337.612
G01 X83.827 Y337.978
G01 X76.430 Y338.344
G01 X69.034 Y338.709
G01 X61.639 Y339.076
G01 X54.242 Y339.442
G01 X46.846 Y339.808
G01 X39.450 Y340.175
G01 X32.053 Y340.541
G01 X24.656 Y340.908
G01 X17.260 Y341.274
G01 X24.704 Y340.718
G01 X32.149 Y340.163
G01 X39.594 Y339.606
G01 X47.038 Y339.052
G01 X54.483 Y338.497
G01 X61.928 Y337.940
G01 X69.373 Y337.385
G01 X76.817 Y336.829
G01 X84.262 Y336.274
G01 X91.707 Y335.719
G01 X99.151 Y335.163
G01 X106.596 Y334.608
G01 X114.041 Y334.053
G01 X121.485 Y333.497
G01 X128.930 Y332.942
G01 X136.375 Y332.385
G01 X143.819 Y331.831
G01 X151.264 Y331.274
G01 X158.707 Y330.719
G01 X166.153 Y330.163
G01 X173.598 Y329.608
G01 X181.041 Y329.053
G01 X187.995 Y328.553
G01 X188.487 Y328.498
G01 X194.784 Y328.069
G01 X195.932 Y327.942
G01 X201.646 Y327.575
G01 X203.375 Y327.387
G01 X208.579 Y327.072
G01 X210.820 Y326.831
G01 X215.582 Y326.558
G01 X218.266 Y326.276
G01 X222.659 Y326.036
G01 X225.709 Y325.719
G01 X229.805 Y325.507
G01 X233.154 Y325.165
G01 X237.024 Y324.971
G01 X240.599 Y324.608
G01 X244.314 Y324.427
G01 X247.988 Y324.060
G01 X248.043 Y324.053
G01 X251.675 Y323.877
G01 X255.285 Y323.524
G01 X255.489 Y323.499
G01 X259.111 Y323.322
G01 X262.728 Y322.968
G01 X262.933 Y322.942
G01 X266.620 Y322.762
G01 X270.321 Y322.394
G01 X270.377 Y322.387
G01 X274.204 Y322.195
G01 X277.823 Y321.832
G01 X281.865 Y321.623
G01 X285.267 Y321.276
G01 X289.603 Y321.043
G01 X292.712 Y320.721
G01 X297.418 Y320.452
G01 X300.156 Y320.166
G01 X305.308 Y319.855
G01 X307.601 Y319.610
G01 X313.274 Y319.245
G01 X315.046 Y319.055
G01 X321.315 Y318.627
G01 X322.490 Y318.499
G01 X329.430 Y318.000
G01 X329.935 Y317.944
G01 X337.380 Y317.387
G01 X344.823 Y316.832
G01 X352.269 Y316.276
G01 X359.714 Y315.721
G01 X367.158 Y315.166
G01 X374.603 Y314.611
G01 X382.048 Y314.055
G01 X389.491 Y313.500
G01 X396.937 Y312.945
G01 X404.380 Y312.389
G01 X411.826 Y311.834
G01 X419.271 Y311.278
G01 X426.714 Y310.723
G01 X434.159 Y310.166
G01 X441.605 Y309.612
G01 X449.048 Y309.055
G01 X456.494 Y308.500
G01 X463.938 Y307.945
G01 X471.382 Y307.389
G01 X478.827 Y306.834
G01 X486.272 Y306.279
G01 X493.716 Y305.723
G01 X486.382 Y306.531
G01 X479.047 Y307.341
G01 X471.712 Y308.149
G01 X464.377 Y308.959
G01 X457.043 Y309.767
G01 X449.707 Y310.576
G01 X442.373 Y311.385
G01 X435.038 Y312.194
G01 X427.704 Y313.002
G01 X420.369 Y313.812
G01 X413.034 Y314.620
G01 X405.699 Y315.428
G01 X398.365 Y316.238
G01 X391.029 Y317.046
G01 X383.695 Y317.856
G01 X376.360 Y318.665
G01 X369.025 Y319.474
G01 X361.691 Y320.283
G01 X354.356 Y321.091
G01 X347.020 Y321.899
G01 X339.686 Y322.709
G01 X332.351 Y323.517
G01 X325.423 Y324.296
G01 X325.017 Y324.327
G01 X318.666 Y325.060
G01 X317.682 Y325.135
G01 X311.844 Y325.827
G01 X310.347 Y325.944
G01 X304.960 Y326.600
G01 X303.013 Y326.754
G01 X298.012 Y327.375
G01 X295.678 Y327.562
G01 X291.001 Y328.154
G01 X288.343 Y328.370
G01 X283.927 Y328.937
G01 X281.007 Y329.180
G01 X276.790 Y329.726
G01 X273.673 Y329.988
G01 X269.591 Y330.521
G01 X266.338 Y330.798
G01 X262.327 Y331.322
G01 X259.004 Y331.606
G01 X255.000 Y332.130
G01 X251.668 Y332.415
G01 X247.607 Y332.945
G01 X244.334 Y333.224
G01 X240.149 Y333.767
G01 X236.999 Y334.033
G01 X232.625 Y334.594
G01 X229.665 Y334.841
G01 X225.033 Y335.428
G01 X222.329 Y335.651
G01 X217.375 Y336.267
G01 X214.995 Y336.459
G01 X209.649 Y337.110
G01 X207.659 Y337.267
G01 X201.856 Y337.957
G01 X200.325 Y338.077
G01 X193.998 Y338.808
G01 X192.990 Y338.885
G01 X186.072 Y339.663
G01 X185.656 Y339.695
G01 X178.320 Y340.504
G01 X170.986 Y341.312
G01 X163.651 Y342.122
G01 X156.317 Y342.930
G01 X148.981 Y343.738
G01 X141.647 Y344.548
G01 X134.312 Y345.356
G01 X126.976 Y346.166
G01 X119.642 Y346.975
G01 X112.308 Y347.784
G01 X104.973 Y348.591
G01 X97.637 Y349.401
G01 X90.303 Y350.209
G01 X82.969 Y351.019
G01 X75.634 Y351.827
G01 X68.298 Y352.637
G01 X60.964 Y353.445
G01 X53.630 Y354.254
G01 X46.295 Y355.062
G01 X38.959 Y355.872
G01 X31.625 Y356.680
G01 X24.291 Y357.490
G01 X31.663 Y356.488
G01 X39.038 Y355.488
G01 X46.411 Y354.488
G01 X53.784 Y353.488
G01 X61.158 Y352.488
G01 X68.531 Y351.488
G01 X75.904 Y350.488
G01 X83.279 Y349.488
G01 X90.651 Y348.487
G01 X98.026 Y347.487
G01 X105.399 Y346.487
G01 X112.772 Y345.487
G01 X120.147 Y344.486
G01 X127.519 Y343.486
G01 X134.894 Y342.486
G01 X142.267 Y341.486
G01 X149.641 Y340.485
G01 X157.014 Y339.485
G01 X164.387 Y338.485
G01 X171.760 Y337.485
G01 X179.135 Y336.483
G01 X186.507 Y335.483
G01 X193.409 Y334.565
G01 X193.882 Y334.483
G01 X200.159 Y333.671
G01 X201.255 Y333.483
G01 X206.976 Y332.764
G01 X208.629 Y332.483
G01 X213.861 Y331.843
G01 X216.002 Y331.483
G01 X220.815 Y330.909
G01 X223.375 Y330.483
G01 X227.836 Y329.963
G01 X230.750 Y329.481
G01 X234.925 Y329.005
G01 X238.123 Y328.481
G01 X242.082 Y328.036
G01 X245.496 Y327.481
G01 X249.309 Y327.055
G01 X252.870 Y326.481
G01 X256.603 Y326.067
G01 X260.244 Y325.481
G01 X263.968 Y325.067
G01 X267.617 Y324.481
G01 X271.404 Y324.058
G01 X274.990 Y323.481
G01 X278.912 Y323.040
G01 X282.364 Y322.481
G01 X286.492 Y322.010
G01 X289.738 Y321.480
G01 X294.144 Y320.968
G01 X297.112 Y320.480
G01 X301.871 Y319.913
G01 X304.485 Y319.480
G01 X309.668 Y318.846
G01 X311.858 Y318.480
G01 X317.539 Y317.766
G01 X319.231 Y317.478
G01 X325.481 Y316.671
G01 X326.606 Y316.478
G01 X333.495 Y315.562
G01 X333.978 Y315.478
G01 X341.353 Y314.478
G01 X348.726 Y313.478
G01 X356.100 Y312.478
G01 X363.472 Y311.478
G01 X370.846 Y310.478
G01 X378.220 Y309.476
G01 X385.594 Y308.476
G01 X392.966 Y307.476
G01 X400.341 Y306.476
G01 X407.714 Y305.476
G01 X415.087 Y304.476
G01 X422.462 Y303.476
G01 X429.834 Y302.475
G01 X437.209 Y301.475
G01 X444.582 Y300.475
G01 X451.956 Y299.475
G01 X459.329 Y298.475
G01 X466.702 Y297.474
G01 X474.076 Y296.474
G01 X481.450 Y295.474
G01 X488.822 Y294.473
G01 X496.197 Y293.473
G01 X488.951 Y294.718
G01 X481.704 Y295.964
G01 X474.459 Y297.209
G01 X467.212 Y298.454
G01 X459.966 Y299.699
G01 X452.721 Y300.944
G01 X445.474 Y302.190
G01 X438.228 Y303.435
G01 X430.983 Y304.680
G01 X423.736 Y305.925
G01 X416.490 Y307.171
G01 X409.244 Y308.416
G01 X401.998 Y309.661
G01 X394.752 Y310.906
G01 X387.505 Y312.151
G01 X380.260 Y313.397
G01 X373.014 Y314.642
G01 X365.768 Y315.887
G01 X358.522 Y317.132
G01 X351.275 Y318.377
G01 X344.029 Y319.623
G01 X336.784 Y320.868
G01 X329.900 Y322.064
G01 X329.537 Y322.113
G01 X323.207 Y323.233
G01 X322.291 Y323.358
G01 X316.454 Y324.408
G01 X315.044 Y324.603
G01 X309.638 Y325.591
G01 X307.799 Y325.849
G01 X302.763 Y326.781
G01 X300.553 Y327.094
G01 X295.827 Y327.978
G01 X293.307 Y328.339
G01 X288.829 Y329.185
G01 X286.061 Y329.584
G01 X281.774 Y330.399
G01 X278.815 Y330.829
G01 X274.656 Y331.624
G01 X271.569 Y332.076
G01 X267.478 Y332.858
G01 X264.323 Y333.320
G01 X260.239 Y334.101
G01 X257.077 Y334.565
G01 X252.938 Y335.356
G01 X249.831 Y335.810
G01 X245.573 Y336.620
G01 X242.584 Y337.057
G01 X238.146 Y337.896
G01 X235.339 Y338.302
G01 X230.654 Y339.178
G01 X228.091 Y339.546
G01 X223.098 Y340.471
G01 X220.846 Y340.791
G01 X215.478 Y341.772
G01 X213.600 Y342.036
G01 X207.793 Y343.082
G01 X206.353 Y343.283
G01 X200.046 Y344.397
G01 X199.108 Y344.528
G01 X192.235 Y345.721
G01 X191.862 Y345.772
G01 X184.615 Y347.017
G01 X177.370 Y348.264
G01 X170.124 Y349.509
G01 X162.877 Y350.754
G01 X155.632 Y351.999
G01 X148.385 Y353.243
G01 X141.139 Y354.490
G01 X133.894 Y355.735
G01 X126.647 Y356.980
G01 X119.401 Y358.225
G01 X112.154 Y359.471
G01 X104.909 Y360.716
G01 X97.663 Y361.961
G01 X90.416 Y363.206
G01 X83.171 Y364.452
G01 X75.925 Y365.697
G01 X68.678 Y366.942
G01 X61.433 Y368.187
G01 X54.187 Y369.433
G01 X46.940 Y370.678
G01 X39.695 Y371.923
G01 X32.449 Y373.168
G01 X39.724 Y371.730
G01 X46.999 Y370.291
G01 X54.274 Y368.853
G01 X61.548 Y367.415
G01 X68.825 Y365.976
G01 X76.100 Y364.538
G01 X83.375 Y363.100
G01 X90.649 Y361.661
G01 X97.925 Y360.223
G01 X105.201 Y358.784
G01 X112.476 Y357.346
G01 X119.750 Y355.908
G01 X127.026 Y354.469
G01 X134.302 Y353.031
G01 X141.577 Y351.593
G01 X148.851 Y350.154
G01 X156.127 Y348.716
G01 X163.401 Y347.278
G01 X170.677 Y345.839
G01 X177.952 Y344.401
G01 X185.228 Y342.963
G01 X192.502 Y341.524
G01 X199.336 Y340.190
G01 X199.778 Y340.087
G01 X206.017 Y338.889
G01 X207.053 Y338.647
G01 X212.762 Y337.572
G01 X214.329 Y337.209
G01 X219.574 Y336.240
G01 X221.603 Y335.771
G01 X226.449 Y334.889
G01 X228.879 Y334.332
G01 X233.389 Y333.524
G01 X236.154 Y332.894
G01 X240.394 Y332.142
G01 X243.430 Y331.456
G01 X247.464 Y330.747
G01 X250.704 Y330.017
G01 X254.597 Y329.337
G01 X257.980 Y328.579
G01 X261.799 Y327.913
G01 X265.255 Y327.141
G01 X269.066 Y326.476
G01 X272.530 Y325.702
G01 X276.401 Y325.026
G01 X279.805 Y324.264
G01 X283.804 Y323.562
G01 X287.081 Y322.826
G01 X291.276 Y322.082
G01 X294.356 Y321.387
G01 X298.817 Y320.589
G01 X301.631 Y319.950
G01 X306.427 Y319.077
G01 X308.906 Y318.510
G01 X314.106 Y317.550
G01 X316.182 Y317.072
G01 X321.853 Y316.005
G01 X323.457 Y315.635
G01 X329.669 Y314.444
G01 X330.731 Y314.195
G01 X337.553 Y312.863
G01 X338.007 Y312.757
G01 X345.283 Y311.319
G01 X352.558 Y309.880
G01 X359.832 Y308.442
G01 X367.108 Y307.005
G01 X374.382 Y305.565
G01 X381.659 Y304.127
G01 X388.933 Y302.689
G01 X396.209 Y301.250
G01 X403.483 Y299.812
G01 X410.759 Y298.375
G01 X418.034 Y296.935
G01 X425.310 Y295.498
G01 X432.584 Y294.058
G01 X439.860 Y292.620
G01 X447.135 Y291.183
G01 X454.411 Y289.743
G01 X461.685 Y288.305
G01 X468.961 Y286.868
G01 X476.236 Y285.428
G01 X483.510 Y283.990
G01 X490.787 Y282.553
G01 X498.062 Y281.113
G01 X490.930 Y282.788
G01 X483.800 Y284.462
G01 X476.669 Y286.135
G01 X469.538 Y287.808
G01 X462.408 Y289.483
G01 X455.278 Y291.156
G01 X448.147 Y292.829
G01 X441.015 Y294.504
G01 X433.885 Y296.178
G01 X426.754 Y297.851
G01 X419.624 Y299.524
G01 X412.493 Y301.199
G01 X405.361 Y302.873
G01 X398.231 Y304.546
G01 X391.101 Y306.219
G01 X383.970 Y307.894
G01 X376.839 Y309.567
G01 X369.707 Y311.240
G01 X362.577 Y312.915
G01 X355.447 Y314.588
G01 X348.316 Y316.262
G01 X341.186 Y317.935
G01 X334.369 Y319.546
G01 X334.055 Y319.610
G01 X327.765 Y321.115
G01 X326.923 Y321.283
G01 X321.105 Y322.692
G01 X319.793 Y322.957
G01 X314.385 Y324.281
G01 X312.662 Y324.630
G01 X307.608 Y325.880
G01 X305.531 Y326.303
G01 X300.773 Y327.490
G01 X298.401 Y327.978
G01 X293.881 Y329.112
G01 X291.269 Y329.651
G01 X286.930 Y330.745
G01 X284.139 Y331.325
G01 X279.923 Y332.392
G01 X277.009 Y332.999
G01 X272.857 Y334.050
G01 X269.877 Y334.673
G01 X265.732 Y335.723
G01 X262.747 Y336.346
G01 X258.548 Y337.409
G01 X255.615 Y338.019
G01 X251.304 Y339.108
G01 X248.486 Y339.694
G01 X244.000 Y340.820
G01 X241.355 Y341.368
G01 X236.635 Y342.545
G01 X234.224 Y343.041
G01 X229.209 Y344.281
G01 X227.094 Y344.714
G01 X221.721 Y346.031
G01 X219.963 Y346.389
G01 X214.173 Y347.791
G01 X212.832 Y348.062
G01 X206.562 Y349.562
G01 X205.701 Y349.736
G01 X198.892 Y351.346
G01 X198.570 Y351.409
G01 X191.440 Y353.084
G01 X184.308 Y354.757
G01 X177.178 Y356.430
G01 X170.046 Y358.105
G01 X162.916 Y359.778
G01 X155.786 Y361.452
G01 X148.654 Y363.125
G01 X141.524 Y364.800
G01 X134.394 Y366.473
G01 X127.263 Y368.147
G01 X120.132 Y369.820
G01 X113.000 Y371.493
G01 X105.870 Y373.168
G01 X98.740 Y374.841
G01 X91.608 Y376.514
G01 X84.478 Y378.189
G01 X77.348 Y379.863
G01 X70.216 Y381.536
G01 X63.086 Y383.209
G01 X55.956 Y384.884
G01 X48.825 Y386.558
G01 X41.694 Y388.231
G01 X48.844 Y386.363
G01 X55.993 Y384.495
G01 X63.144 Y382.627
G01 X70.295 Y380.759
G01 X77.445 Y378.891
G01 X84.594 Y377.022
G01 X91.745 Y375.154
G01 X98.896 Y373.286
G01 X106.046 Y371.418
G01 X113.195 Y369.550
G01 X120.346 Y367.683
G01 X127.495 Y365.815
G01 X134.647 Y363.947
G01 X141.796 Y362.079
G01 X148.947 Y360.211
G01 X156.096 Y358.343
G01 X163.247 Y356.475
G01 X170.397 Y354.606
G01 X177.548 Y352.738
G01 X184.697 Y350.870
G01 X191.848 Y349.002
G01 X198.998 Y347.135
G01 X205.743 Y345.387
G01 X206.149 Y345.267
G01 X212.329 Y343.687
G01 X213.298 Y343.399
G01 X218.978 Y341.966
G01 X220.449 Y341.531
G01 X225.688 Y340.226
G01 X227.599 Y339.663
G01 X232.459 Y338.466
G01 X234.749 Y337.795
G01 X239.291 Y336.687
G01 X241.899 Y335.927
G01 X246.185 Y334.889
G01 X249.049 Y334.058
G01 X253.139 Y333.075
G01 X256.200 Y332.190
G01 X260.156 Y331.243
G01 X263.350 Y330.322
G01 X267.237 Y329.394
G01 X270.500 Y328.454
G01 X274.380 Y327.526
G01 X277.651 Y326.587
G01 X281.587 Y325.644
G01 X284.800 Y324.718
G01 X288.858 Y323.743
G01 X291.951 Y322.850
G01 X296.195 Y321.825
G01 X299.101 Y320.981
G01 X303.598 Y319.887
G01 X306.251 Y319.113
G01 X311.066 Y317.930
G01 X313.401 Y317.245
G01 X318.599 Y315.952
G01 X320.552 Y315.377
G01 X326.197 Y313.954
G01 X327.702 Y313.510
G01 X333.860 Y311.937
G01 X334.851 Y311.642
G01 X341.587 Y309.897
G01 X342.002 Y309.774
G01 X349.153 Y307.906
G01 X356.303 Y306.038
G01 X363.452 Y304.170
G01 X370.603 Y302.302
G01 X377.752 Y300.433
G01 X384.904 Y298.565
G01 X392.053 Y296.697
G01 X399.204 Y294.829
G01 X406.353 Y292.962
G01 X413.504 Y291.094
G01 X420.654 Y289.226
G01 X427.805 Y287.358
G01 X434.954 Y285.490
G01 X442.105 Y283.622
G01 X449.255 Y281.754
G01 X456.406 Y279.885
G01 X463.555 Y278.017
G01 X470.706 Y276.149
G01 X477.856 Y274.281
G01 X485.005 Y272.413
G01 X492.156 Y270.546
G01 X499.307 Y268.678
G01 X492.317 Y270.769
G01 X485.327 Y272.863
G01 X478.337 Y274.954
G01 X471.349 Y277.048
G01 X464.358 Y279.141
G01 X457.370 Y281.233
G01 X450.380 Y283.326
G01 X443.390 Y285.418
G01 X436.401 Y287.510
G01 X429.411 Y289.603
G01 X422.423 Y291.695
G01 X415.433 Y293.788
G01 X408.443 Y295.880
G01 X401.454 Y297.974
G01 X394.464 Y300.067
G01 X387.475 Y302.159
G01 X380.486 Y304.252
G01 X373.495 Y306.344
G01 X366.507 Y308.437
G01 X359.517 Y310.529
G01 X352.528 Y312.622
G01 X345.538 Y314.714
G01 X338.808 Y316.738
G01 X338.548 Y316.807
G01 X332.321 Y318.699
G01 X331.558 Y318.899
G01 X325.779 Y320.671
G01 X324.570 Y320.993
G01 X319.180 Y322.658
G01 X317.579 Y323.084
G01 X312.528 Y324.658
G01 X310.591 Y325.178
G01 X305.819 Y326.671
G01 X303.601 Y327.269
G01 X299.055 Y328.701
G01 X296.612 Y329.363
G01 X292.239 Y330.745
G01 X289.623 Y331.456
G01 X285.365 Y332.803
G01 X282.632 Y333.548
G01 X278.438 Y334.877
G01 X275.644 Y335.641
G01 X271.454 Y336.969
G01 X268.654 Y337.733
G01 X264.413 Y339.077
G01 X261.665 Y339.826
G01 X257.316 Y341.200
G01 X254.674 Y341.918
G01 X250.162 Y343.339
G01 X247.686 Y344.010
G01 X242.949 Y345.495
G01 X240.695 Y346.103
G01 X235.678 Y347.666
G01 X233.707 Y348.195
G01 X228.350 Y349.851
G01 X226.716 Y350.288
G01 X220.963 Y352.053
G01 X219.728 Y352.380
G01 X213.517 Y354.267
G01 X212.738 Y354.474
G01 X206.014 Y356.497
G01 X205.749 Y356.567
G01 X198.760 Y358.659
G01 X191.769 Y360.752
G01 X184.779 Y362.844
G01 X177.791 Y364.937
G01 X170.800 Y367.029
G01 X163.812 Y369.122
G01 X156.822 Y371.214
G01 X149.832 Y373.307
G01 X142.844 Y375.399
G01 X135.853 Y377.492
G01 X128.865 Y379.584
G01 X121.875 Y381.678
G01 X114.885 Y383.769
G01 X107.896 Y385.863
G01 X100.906 Y387.954
G01 X93.918 Y390.048
G01 X86.928 Y392.139
G01 X79.938 Y394.233
G01 X72.949 Y396.326
G01 X65.959 Y398.418
G01 X58.969 Y400.510
G01 X51.981 Y402.603
G01 X58.980 Y400.315
G01 X65.978 Y398.028
G01 X72.978 Y395.740
G01 X79.976 Y393.452
G01 X86.976 Y391.165
G01 X93.976 Y388.877
G01 X100.975 Y386.589
G01 X107.974 Y384.303
G01 X114.973 Y382.014
G01 X121.971 Y379.726
G01 X128.971 Y377.440
G01 X135.971 Y375.151
G01 X142.969 Y372.863
G01 X149.969 Y370.577
G01 X156.968 Y368.288
G01 X163.968 Y366.000
G01 X170.966 Y363.714
G01 X177.966 Y361.425
G01 X184.964 Y359.137
G01 X191.964 Y356.851
G01 X198.963 Y354.562
G01 X205.963 Y352.274
G01 X212.601 Y350.120
G01 X212.962 Y349.988
G01 X219.067 Y348.026
G01 X219.961 Y347.700
G01 X225.591 Y345.909
G01 X226.959 Y345.413
G01 X232.175 Y343.769
G01 X233.959 Y343.125
G01 X238.815 Y341.608
G01 X240.959 Y340.837
G01 X245.513 Y339.425
G01 X247.958 Y338.550
G01 X252.269 Y337.219
G01 X254.957 Y336.262
G01 X259.085 Y334.995
G01 X261.956 Y333.974
G01 X265.958 Y332.750
G01 X268.954 Y331.687
G01 X272.891 Y330.483
G01 X275.954 Y329.399
G01 X279.882 Y328.199
G01 X282.954 Y327.111
G01 X286.937 Y325.892
G01 X289.953 Y324.824
G01 X294.050 Y323.567
G01 X296.952 Y322.536
G01 X301.227 Y321.219
G01 X303.951 Y320.248
G01 X308.465 Y318.850
G01 X310.950 Y317.961
G01 X315.764 Y316.457
G01 X317.950 Y315.673
G01 X323.125 Y314.043
G01 X324.948 Y313.385
G01 X330.548 Y311.605
G01 X331.947 Y311.098
G01 X338.031 Y309.142
G01 X338.947 Y308.810
G01 X345.576 Y306.658
G01 X345.946 Y306.522
G01 X352.945 Y304.235
G01 X359.945 Y301.947
G01 X366.943 Y299.659
G01 X373.942 Y297.372
G01 X380.942 Y295.084
G01 X387.941 Y292.796
G01 X394.941 Y290.509
G01 X401.940 Y288.221
G01 X408.938 Y285.933
G01 X415.938 Y283.646
G01 X422.937 Y281.358
G01 X429.935 Y279.070
G01 X436.935 Y276.783
G01 X443.935 Y274.495
G01 X450.933 Y272.207
G01 X457.933 Y269.920
G01 X464.932 Y267.632
G01 X471.932 Y265.344
G01 X478.930 Y263.057
G01 X485.930 Y260.769
G01 X492.928 Y258.481
G01 X499.928 Y256.194
G01 X493.105 Y258.695
G01 X486.281 Y261.195
G01 X479.459 Y263.695
G01 X472.635 Y266.195
G01 X465.812 Y268.695
G01 X458.990 Y271.195
G01 X452.168 Y273.695
G01 X445.344 Y276.197
G01 X438.522 Y278.697
G01 X431.697 Y281.197
G01 X424.875 Y283.697
G01 X418.052 Y286.197
G01 X411.228 Y288.697
G01 X404.406 Y291.199
G01 X397.584 Y293.699
G01 X390.760 Y296.199
G01 X383.937 Y298.699
G01 X377.113 Y301.200
G01 X370.292 Y303.700
G01 X363.467 Y306.200
G01 X356.645 Y308.701
G01 X349.822 Y311.201
G01 X343.200 Y313.635
G01 X342.999 Y313.701
G01 X336.853 Y315.978
G01 X336.175 Y316.201
G01 X330.454 Y318.337
G01 X329.353 Y318.702
G01 X324.002 Y320.712
G01 X322.529 Y321.202
G01 X317.499 Y323.103
G01 X315.707 Y323.702
G01 X310.942 Y325.512
G01 X308.885 Y326.202
G01 X304.334 Y327.938
G01 X302.062 Y328.702
G01 X297.674 Y330.380
G01 X295.239 Y331.202
G01 X290.961 Y332.841
G01 X288.416 Y333.702
G01 X284.196 Y335.322
G01 X281.593 Y336.204
G01 X277.377 Y337.820
G01 X274.769 Y338.704
G01 X270.507 Y340.338
G01 X267.947 Y341.204
G01 X263.582 Y342.874
G01 X261.124 Y343.704
G01 X256.602 Y345.428
G01 X254.300 Y346.204
G01 X249.567 Y348.002
G01 X247.478 Y348.704
G01 X242.478 Y350.594
G01 X240.654 Y351.204
G01 X235.332 Y353.204
G01 X233.832 Y353.706
G01 X228.132 Y355.832
G01 X227.009 Y356.206
G01 X220.877 Y358.476
G01 X220.185 Y358.706
G01 X213.567 Y361.139
G01 X213.363 Y361.207
G01 X206.540 Y363.707
G01 X199.716 Y366.207
G01 X192.894 Y368.707
G01 X186.070 Y371.207
G01 X179.248 Y373.707
G01 X172.425 Y376.207
G01 X165.601 Y378.709
G01 X158.779 Y381.209
G01 X151.956 Y383.709
G01 X145.132 Y386.209
G01 X138.310 Y388.709
G01 X131.487 Y391.209
G01 X124.664 Y393.711
G01 X117.841 Y396.211
G01 X111.017 Y398.711
G01 X104.195 Y401.211
G01 X97.372 Y403.712
G01 X90.548 Y406.212
G01 X83.726 Y408.712
G01 X76.903 Y411.213
G01 X70.079 Y413.713
G01 X63.257 Y416.213
G01 X70.079 Y413.517
G01 X76.903 Y410.822
G01 X83.726 Y408.125
G01 X90.548 Y405.430
G01 X97.370 Y402.735
G01 X104.195 Y400.040
G01 X111.017 Y397.344
G01 X117.839 Y394.647
G01 X124.663 Y391.952
G01 X131.486 Y389.257
G01 X138.308 Y386.562
G01 X145.132 Y383.865
G01 X151.954 Y381.171
G01 X158.778 Y378.475
G01 X165.601 Y375.779
G01 X172.423 Y373.084
G01 X179.247 Y370.387
G01 X186.070 Y367.692
G01 X192.892 Y364.997
G01 X199.716 Y362.302
G01 X206.538 Y359.606
G01 X213.362 Y356.909
G01 X219.873 Y354.351
G01 X220.185 Y354.214
G01 X226.194 Y351.872
G01 X227.007 Y351.519
G01 X232.570 Y349.368
G01 X233.829 Y348.824
G01 X239.000 Y346.839
G01 X240.653 Y346.127
G01 X245.486 Y344.286
G01 X247.476 Y343.432
G01 X252.025 Y341.709
G01 X254.299 Y340.737
G01 X258.620 Y339.108
G01 X261.122 Y338.041
G01 X265.269 Y336.483
G01 X267.945 Y335.346
G01 X271.973 Y333.836
G01 X274.768 Y332.649
G01 X278.733 Y331.166
G01 X281.591 Y329.954
G01 X285.550 Y328.471
G01 X288.413 Y327.259
G01 X292.424 Y325.755
G01 X295.237 Y324.562
G01 X299.356 Y323.016
G01 X302.060 Y321.868
G01 X306.346 Y320.252
G01 X308.882 Y319.171
G01 X313.394 Y317.464
G01 X315.706 Y316.476
G01 X320.500 Y314.651
G01 X322.529 Y313.781
G01 X327.663 Y311.812
G01 X329.351 Y311.084
G01 X334.885 Y308.945
G01 X336.174 Y308.389
G01 X342.164 Y306.055
G01 X342.998 Y305.694
G01 X349.500 Y303.137
G01 X349.821 Y302.999
G01 X356.643 Y300.303
G01 X363.466 Y297.606
G01 X370.288 Y294.911
G01 X377.111 Y292.216
G01 X383.935 Y289.521
G01 X390.757 Y286.825
G01 X397.581 Y284.129
G01 X404.404 Y281.433
G01 X411.226 Y278.738
G01 X418.050 Y276.043
G01 X424.873 Y273.346
G01 X431.696 Y270.651
G01 X438.519 Y267.956
G01 X445.341 Y265.260
G01 X452.164 Y262.565
G01 X458.988 Y259.868
G01 X465.810 Y257.173
G01 X472.634 Y254.478
G01 X479.457 Y251.782
G01 X486.279 Y249.086
G01 X493.101 Y246.390
G01 X499.924 Y243.695
G01 X493.293 Y246.590
G01 X486.661 Y249.485
G01 X480.029 Y252.380
G01 X473.397 Y255.276
G01 X466.764 Y258.171
G01 X460.132 Y261.067
G01 X453.500 Y263.962
G01 X446.868 Y266.858
G01 X440.236 Y269.752
G01 X433.603 Y272.647
G01 X426.971 Y275.543
G01 X420.339 Y278.439
G01 X413.707 Y281.334
G01 X407.075 Y284.228
G01 X400.442 Y287.125
G01 X393.810 Y290.019
G01 X387.178 Y292.915
G01 X380.546 Y295.810
G01 X373.913 Y298.706
G01 X367.281 Y301.601
G01 X360.649 Y304.495
G01 X354.018 Y307.391
G01 X347.524 Y310.231
G01 X347.385 Y310.286
G01 X341.341 Y312.947
G01 X340.752 Y313.182
G01 X335.111 Y315.680
G01 X334.120 Y316.077
G01 X328.829 Y318.433
G01 X327.489 Y318.971
G01 X322.499 Y321.204
G01 X320.856 Y321.867
G01 X316.119 Y323.997
G01 X314.225 Y324.762
G01 X309.689 Y326.808
G01 X307.591 Y327.658
G01 X303.211 Y329.637
G01 X300.960 Y330.553
G01 X296.683 Y332.490
G01 X294.328 Y333.449
G01 X290.105 Y335.362
G01 X287.696 Y336.344
G01 X283.477 Y338.255
G01 X281.064 Y339.238
G01 X276.799 Y341.170
G01 X274.432 Y342.134
G01 X270.070 Y344.106
G01 X267.800 Y345.029
G01 X263.290 Y347.062
G01 X261.167 Y347.925
G01 X256.458 Y350.041
G01 X254.535 Y350.820
G01 X249.573 Y353.041
G01 X247.903 Y353.714
G01 X242.637 Y356.060
G01 X241.271 Y356.611
G01 X235.649 Y359.101
G01 X234.639 Y359.505
G01 X228.608 Y362.161
G01 X228.005 Y362.401
G01 X221.516 Y365.240
G01 X221.374 Y365.296
G01 X214.742 Y368.190
G01 X208.110 Y371.087
G01 X201.478 Y373.981
G01 X194.846 Y376.877
G01 X188.213 Y379.772
G01 X181.581 Y382.668
G01 X174.949 Y385.562
G01 X168.317 Y388.457
G01 X161.685 Y391.353
G01 X155.053 Y394.249
G01 X148.420 Y397.144
G01 X141.788 Y400.038
G01 X135.156 Y402.935
G01 X128.524 Y405.829
G01 X121.892 Y408.725
G01 X115.259 Y411.620
G01 X108.627 Y414.516
G01 X101.995 Y417.411
G01 X95.363 Y420.305
G01 X88.731 Y423.201
G01 X82.099 Y426.096
G01 X75.466 Y428.992
G01 X82.089 Y425.901
G01 X88.711 Y422.810
G01 X95.334 Y419.721
G01 X101.956 Y416.630
G01 X108.577 Y413.541
G01 X115.201 Y410.450
G01 X121.822 Y407.360
G01 X128.445 Y404.269
G01 X135.067 Y401.178
G01 X141.690 Y398.089
G01 X148.312 Y394.999
G01 X154.935 Y391.908
G01 X161.557 Y388.817
G01 X168.180 Y385.728
G01 X174.802 Y382.637
G01 X181.423 Y379.546
G01 X188.046 Y376.457
G01 X194.668 Y373.365
G01 X201.291 Y370.276
G01 X207.913 Y367.185
G01 X214.536 Y364.096
G01 X221.159 Y361.005
G01 X227.522 Y358.046
G01 X227.781 Y357.915
G01 X233.673 Y355.195
G01 X234.403 Y354.825
G01 X239.877 Y352.315
G01 X241.026 Y351.733
G01 X246.131 Y349.409
G01 X247.648 Y348.644
G01 X252.436 Y346.475
G01 X254.269 Y345.553
G01 X258.792 Y343.514
G01 X260.893 Y342.463
G01 X265.200 Y340.529
G01 X267.514 Y339.373
G01 X271.659 Y337.517
G01 X274.137 Y336.283
G01 X278.170 Y334.481
G01 X280.760 Y333.192
G01 X284.734 Y331.418
G01 X287.382 Y330.101
G01 X291.351 Y328.331
G01 X294.004 Y327.012
G01 X298.022 Y325.216
G01 X300.627 Y323.921
G01 X304.746 Y322.077
G01 X307.249 Y320.831
G01 X311.526 Y318.911
G01 X313.872 Y317.740
G01 X318.359 Y315.719
G01 X320.494 Y314.651
G01 X325.248 Y312.498
G01 X327.115 Y311.560
G01 X332.190 Y309.250
G01 X333.739 Y308.469
G01 X339.187 Y305.973
G01 X340.361 Y305.380
G01 X346.236 Y302.668
G01 X346.983 Y302.290
G01 X353.341 Y299.334
G01 X353.606 Y299.199
G01 X360.228 Y296.108
G01 X366.850 Y293.019
G01 X373.473 Y289.928
G01 X380.095 Y286.838
G01 X386.716 Y283.748
G01 X393.339 Y280.658
G01 X399.962 Y277.567
G01 X406.584 Y274.476
G01 X413.207 Y271.387
G01 X419.829 Y268.296
G01 X426.452 Y265.206
G01 X433.074 Y262.115
G01 X439.696 Y259.024
G01 X446.318 Y255.935
G01 X452.941 Y252.845
G01 X459.563 Y249.755
G01 X466.185 Y246.663
G01 X472.808 Y243.573
G01 X479.430 Y240.483
G01 X486.053 Y237.392
G01 X492.674 Y234.303
G01 X499.298 Y231.212
G01 X492.880 Y234.488
G01 X486.462 Y237.764
G01 X480.043 Y241.041
G01 X473.625 Y244.317
G01 X467.207 Y247.593
G01 X460.789 Y250.869
G01 X454.371 Y254.144
G01 X447.954 Y257.421
G01 X441.536 Y260.697
G01 X435.118 Y263.973
G01 X428.700 Y267.249
G01 X422.281 Y270.524
G01 X415.863 Y273.800
G01 X409.446 Y277.077
G01 X403.028 Y280.353
G01 X396.610 Y283.629
G01 X390.192 Y286.904
G01 X383.774 Y290.180
G01 X377.356 Y293.457
G01 X370.938 Y296.733
G01 X364.520 Y300.009
G01 X358.103 Y303.284
G01 X351.759 Y306.524
G01 X351.685 Y306.560
G01 X345.765 Y309.601
G01 X345.267 Y309.836
G01 X339.726 Y312.697
G01 X338.849 Y313.113
G01 X333.638 Y315.815
G01 X332.430 Y316.387
G01 X327.504 Y318.956
G01 X326.013 Y319.665
G01 X321.322 Y322.117
G01 X319.595 Y322.940
G01 X315.096 Y325.300
G01 X313.177 Y326.216
G01 X308.822 Y328.505
G01 X306.759 Y329.492
G01 X302.502 Y331.731
G01 X300.341 Y332.767
G01 X296.135 Y334.983
G01 X293.923 Y336.043
G01 X289.721 Y338.257
G01 X287.505 Y339.320
G01 X283.260 Y341.555
G01 X281.087 Y342.596
G01 X276.751 Y344.875
G01 X274.668 Y345.872
G01 X270.192 Y348.219
G01 X268.251 Y349.147
G01 X263.587 Y351.588
G01 X261.833 Y352.423
G01 X256.932 Y354.978
G01 X255.415 Y355.700
G01 X250.228 Y358.392
G01 X248.996 Y358.976
G01 X243.474 Y361.829
G01 X242.579 Y362.252
G01 X236.671 Y365.288
G01 X236.161 Y365.528
G01 X229.820 Y368.767
G01 X229.743 Y368.803
G01 X223.326 Y372.079
G01 X216.908 Y375.356
G01 X210.490 Y378.632
G01 X204.072 Y381.908
G01 X197.654 Y385.183
G01 X191.236 Y388.459
G01 X184.817 Y391.736
G01 X178.399 Y395.012
G01 X171.981 Y398.288
G01 X165.564 Y401.564
G01 X159.146 Y404.839
G01 X152.728 Y408.115
G01 X146.310 Y411.392
G01 X139.892 Y414.668
G01 X133.474 Y417.944
G01 X127.056 Y421.219
G01 X120.637 Y424.495
G01 X114.219 Y427.772
G01 X107.802 Y431.048
G01 X101.384 Y434.324
G01 X94.966 Y437.600
G01 X88.548 Y440.875
G01 X94.947 Y437.406
G01 X101.344 Y433.935
G01 X107.743 Y430.464
G01 X114.142 Y426.995
G01 X120.541 Y423.524
G01 X126.939 Y420.053
G01 X133.337 Y416.584
G01 X139.736 Y413.113
G01 X146.134 Y409.642
G01 X152.533 Y406.173
G01 X158.930 Y402.702
G01 X165.329 Y399.233
G01 X171.728 Y395.762
G01 X178.125 Y392.291
G01 X184.524 Y388.822
G01 X190.923 Y385.351
G01 X197.322 Y381.880
G01 X203.719 Y378.411
G01 X210.118 Y374.940
G01 X216.517 Y371.469
G01 X222.915 Y368.000
G01 X229.314 Y364.529
G01 X235.509 Y361.178
G01 X235.712 Y361.058
G01 X241.468 Y357.964
G01 X242.110 Y357.589
G01 X247.474 Y354.721
G01 X248.508 Y354.118
G01 X253.528 Y351.450
G01 X254.906 Y350.647
G01 X259.630 Y348.149
G01 X261.305 Y347.178
G01 X265.780 Y344.820
G01 X267.704 Y343.707
G01 X271.977 Y341.464
G01 X274.102 Y340.237
G01 X278.223 Y338.079
G01 X280.501 Y336.767
G01 X284.518 Y334.666
G01 X286.899 Y333.296
G01 X290.862 Y331.226
G01 X293.298 Y329.827
G01 X297.255 Y327.759
G01 X299.696 Y326.356
G01 X303.699 Y324.262
G01 X306.095 Y322.885
G01 X310.192 Y320.740
G01 X312.493 Y319.416
G01 X316.739 Y317.187
G01 X318.890 Y315.945
G01 X323.335 Y313.605
G01 X325.289 Y312.475
G01 X329.981 Y309.993
G01 X331.688 Y309.005
G01 X336.678 Y306.351
G01 X338.087 Y305.534
G01 X343.428 Y302.680
G01 X344.485 Y302.064
G01 X350.226 Y298.978
G01 X350.882 Y298.594
G01 X357.073 Y295.245
G01 X357.281 Y295.123
G01 X363.680 Y291.653
G01 X370.079 Y288.183
G01 X376.476 Y284.713
G01 X382.875 Y281.242
G01 X389.274 Y277.772
G01 X395.672 Y274.302
G01 X402.071 Y270.831
G01 X408.469 Y267.361
G01 X414.868 Y263.891
G01 X421.265 Y260.420
G01 X427.663 Y256.950
G01 X434.062 Y253.480
G01 X440.461 Y250.008
G01 X446.860 Y246.538
G01 X453.257 Y243.069
G01 X459.656 Y239.599
G01 X466.055 Y236.127
G01 X472.452 Y232.657
G01 X478.851 Y229.188
G01 X485.250 Y225.716
G01 X491.648 Y222.246
G01 X498.047 Y218.776
G01 X491.865 Y222.418
G01 X485.683 Y226.058
G01 X479.502 Y229.700
G01 X473.321 Y233.341
G01 X467.139 Y236.982
G01 X460.957 Y240.623
G01 X454.776 Y244.263
G01 X448.596 Y247.905
G01 X442.413 Y251.547
G01 X436.233 Y255.188
G01 X430.050 Y258.829
G01 X423.870 Y262.469
G01 X417.688 Y266.111
G01 X411.507 Y269.752
G01 X405.326 Y273.392
G01 X399.144 Y277.034
G01 X392.962 Y280.675
G01 X386.781 Y284.315
G01 X380.600 Y287.957
G01 X374.418 Y291.598
G01 X368.238 Y295.240
G01 X362.055 Y298.880
G01 X355.885 Y302.516
G01 X355.875 Y302.522
G01 X350.101 Y305.939
G01 X349.692 Y306.163
G01 X344.274 Y309.385
G01 X343.512 Y309.803
G01 X338.404 Y312.853
G01 X337.331 Y313.445
G01 X332.488 Y316.346
G01 X331.149 Y317.086
G01 X326.529 Y319.863
G01 X324.967 Y320.726
G01 X320.526 Y323.404
G01 X318.786 Y324.368
G01 X314.480 Y326.968
G01 X312.605 Y328.009
G01 X308.389 Y330.557
G01 X306.423 Y331.649
G01 X302.257 Y334.171
G01 X300.242 Y335.291
G01 X296.079 Y337.810
G01 X294.061 Y338.933
G01 X289.856 Y341.474
G01 X287.879 Y342.574
G01 X283.589 Y345.163
G01 X281.698 Y346.214
G01 X277.276 Y348.880
G01 X275.517 Y349.856
G01 X270.918 Y352.620
G01 X269.335 Y353.497
G01 X264.514 Y356.385
G01 X263.154 Y357.137
G01 X258.066 Y360.177
G01 X256.972 Y360.779
G01 X251.570 Y363.992
G01 X250.791 Y364.420
G01 X245.028 Y367.832
G01 X244.609 Y368.060
G01 X238.439 Y371.695
G01 X238.428 Y371.702
G01 X232.247 Y375.344
G01 X226.065 Y378.985
G01 X219.884 Y382.625
G01 X213.702 Y386.267
G01 X207.521 Y389.908
G01 X201.339 Y393.548
G01 X195.158 Y397.190
G01 X188.976 Y400.831
G01 X182.796 Y404.471
G01 X176.613 Y408.113
G01 X170.433 Y411.755
G01 X164.250 Y415.394
G01 X158.070 Y419.036
G01 X151.889 Y422.678
G01 X145.707 Y426.319
G01 X139.526 Y429.959
G01 X133.344 Y433.601
G01 X127.163 Y437.242
G01 X120.981 Y440.882
G01 X114.800 Y444.524
G01 X108.618 Y448.165
G01 X102.438 Y451.807
G01 X108.589 Y447.971
G01 X114.742 Y444.137
G01 X120.894 Y440.303
G01 X127.046 Y436.469
G01 X133.197 Y432.635
G01 X139.350 Y428.800
G01 X145.502 Y424.966
G01 X151.654 Y421.132
G01 X157.807 Y417.298
G01 X163.959 Y413.464
G01 X170.111 Y409.630
G01 X176.262 Y405.796
G01 X182.416 Y401.962
G01 X188.567 Y398.127
G01 X194.719 Y394.293
G01 X200.872 Y390.459
G01 X207.024 Y386.625
G01 X213.175 Y382.791
G01 X219.329 Y378.957
G01 X225.481 Y375.123
G01 X231.632 Y371.288
G01 X237.784 Y367.454
G01 X243.791 Y363.718
G01 X243.937 Y363.620
G01 X249.535 Y360.156
G01 X250.089 Y359.786
G01 X255.322 Y356.565
G01 X256.242 Y355.952
G01 X261.154 Y352.942
G01 X262.394 Y352.118
G01 X267.030 Y349.290
G01 X268.546 Y348.284
G01 X272.950 Y345.606
G01 X274.698 Y344.449
G01 X278.915 Y341.892
G01 X280.850 Y340.615
G01 X284.925 Y338.149
G01 X287.002 Y336.781
G01 X290.981 Y334.377
G01 X293.155 Y332.947
G01 X297.083 Y330.576
G01 X299.307 Y329.112
G01 X303.231 Y326.743
G01 X305.459 Y325.278
G01 X309.425 Y322.882
G01 X311.611 Y321.444
G01 X315.667 Y318.992
G01 X317.763 Y317.610
G01 X321.956 Y315.069
G01 X323.914 Y313.776
G01 X328.292 Y311.115
G01 X330.067 Y309.942
G01 X334.675 Y307.130
G01 X336.220 Y306.106
G01 X341.106 Y303.113
G01 X342.371 Y302.272
G01 X347.585 Y299.065
G01 X348.524 Y298.439
G01 X354.109 Y294.983
G01 X354.675 Y294.605
G01 X360.680 Y290.870
G01 X360.829 Y290.771
G01 X366.981 Y286.937
G01 X373.132 Y283.101
G01 X379.284 Y279.267
G01 X385.437 Y275.433
G01 X391.589 Y271.600
G01 X397.741 Y267.766
G01 X403.894 Y263.932
G01 X410.046 Y260.096
G01 X416.197 Y256.262
G01 X422.350 Y252.429
G01 X428.502 Y248.595
G01 X434.654 Y244.760
G01 X440.807 Y240.927
G01 X446.959 Y237.091
G01 X453.111 Y233.257
G01 X459.263 Y229.423
G01 X465.414 Y225.589
G01 X471.567 Y221.755
G01 X477.720 Y217.921
G01 X483.871 Y214.087
G01 X490.024 Y210.252
G01 X496.175 Y206.418
G01 X490.252 Y210.407
G01 X484.329 Y214.397
G01 X478.404 Y218.385
G01 X472.481 Y222.375
G01 X466.558 Y226.365
G01 X460.634 Y230.353
G01 X454.711 Y234.343
G01 X448.786 Y238.332
G01 X442.864 Y242.322
G01 X436.940 Y246.311
G01 X431.015 Y250.299
G01 X425.092 Y254.288
G01 X419.168 Y258.278
G01 X413.245 Y262.267
G01 X407.322 Y266.257
G01 X401.398 Y270.245
G01 X395.475 Y274.235
G01 X389.550 Y278.224
G01 X383.627 Y282.214
G01 X377.704 Y286.202
G01 X371.779 Y290.192
G01 X365.856 Y294.180
G01 X359.933 Y298.171
G01 X354.329 Y301.959
G01 X354.009 Y302.159
G01 X348.736 Y305.738
G01 X348.086 Y306.149
G01 X343.101 Y309.543
G01 X342.162 Y310.137
G01 X337.427 Y313.374
G01 X336.238 Y314.127
G01 X331.710 Y317.230
G01 X330.315 Y318.117
G01 X325.954 Y321.112
G01 X324.390 Y322.106
G01 X320.156 Y325.019
G01 X318.466 Y326.094
G01 X314.317 Y328.952
G01 X312.543 Y330.084
G01 X308.438 Y332.913
G01 X306.620 Y334.074
G01 X302.518 Y336.899
G01 X300.696 Y338.062
G01 X296.555 Y340.915
G01 X294.773 Y342.052
G01 X290.552 Y344.956
G01 X288.849 Y346.041
G01 X284.506 Y349.024
G01 X282.925 Y350.029
G01 X278.417 Y353.120
G01 X277.002 Y354.019
G01 X272.286 Y357.243
G01 X271.078 Y358.009
G01 X266.112 Y361.392
G01 X265.155 Y361.998
G01 X259.894 Y365.567
G01 X259.231 Y365.987
G01 X253.633 Y369.771
G01 X253.306 Y369.976
G01 X247.383 Y373.966
G01 X241.459 Y377.954
G01 X235.536 Y381.944
G01 X229.613 Y385.933
G01 X223.689 Y389.923
G01 X217.766 Y393.911
G01 X211.841 Y397.901
G01 X205.918 Y401.889
G01 X199.995 Y405.879
G01 X194.070 Y409.868
G01 X188.147 Y413.858
G01 X182.224 Y417.846
G01 X176.300 Y421.836
G01 X170.377 Y425.825
G01 X164.452 Y429.814
G01 X158.529 Y433.803
G01 X152.606 Y437.793
G01 X146.682 Y441.781
G01 X140.757 Y445.771
G01 X134.834 Y449.760
G01 X128.911 Y453.750
G01 X122.988 Y457.738
G01 X117.064 Y461.728
G01 X122.949 Y457.548
G01 X128.834 Y453.367
G01 X134.718 Y449.185
G01 X140.603 Y445.005
G01 X146.488 Y440.825
G01 X152.373 Y436.644
G01 X158.257 Y432.464
G01 X164.142 Y428.283
G01 X170.026 Y424.103
G01 X175.911 Y419.921
G01 X181.796 Y415.742
G01 X187.680 Y411.560
G01 X193.565 Y407.380
G01 X199.451 Y403.200
G01 X205.336 Y399.019
G01 X211.219 Y394.839
G01 X217.105 Y390.658
G01 X222.990 Y386.476
G01 X228.875 Y382.296
G01 X234.760 Y378.115
G01 X240.644 Y373.935
G01 X246.529 Y369.755
G01 X252.326 Y365.641
G01 X252.413 Y365.574
G01 X257.832 Y361.748
G01 X258.299 Y361.394
G01 X263.379 Y357.822
G01 X264.184 Y357.213
G01 X268.966 Y353.865
G01 X270.067 Y353.033
G01 X274.595 Y349.875
G01 X275.953 Y348.851
G01 X280.264 Y345.853
G01 X281.838 Y344.671
G01 X285.977 Y341.800
G01 X287.723 Y340.490
G01 X291.730 Y337.716
G01 X293.607 Y336.310
G01 X297.525 Y333.601
G01 X299.492 Y332.129
G01 X303.363 Y329.454
G01 X305.377 Y327.949
G01 X309.244 Y325.276
G01 X311.262 Y323.767
G01 X315.168 Y321.067
G01 X317.145 Y319.588
G01 X321.137 Y316.826
G01 X323.031 Y315.406
G01 X327.149 Y312.553
G01 X328.916 Y311.226
G01 X333.204 Y308.245
G01 X334.800 Y307.046
G01 X339.303 Y303.906
G01 X340.686 Y302.865
G01 X345.447 Y299.534
G01 X346.571 Y298.685
G01 X351.632 Y295.127
G01 X352.454 Y294.504
G01 X357.863 Y290.685
G01 X358.340 Y290.324
G01 X364.135 Y286.211
G01 X364.225 Y286.142
G01 X370.110 Y281.962
G01 X375.994 Y277.781
G01 X381.879 Y273.601
G01 X387.764 Y269.421
G01 X393.649 Y265.240
G01 X399.533 Y261.058
G01 X405.418 Y256.879
G01 X411.303 Y252.698
G01 X417.188 Y248.518
G01 X423.072 Y244.337
G01 X428.957 Y240.156
G01 X434.841 Y235.976
G01 X440.726 Y231.794
G01 X446.611 Y227.615
G01 X452.496 Y223.434
G01 X458.380 Y219.252
G01 X464.265 Y215.072
G01 X470.151 Y210.892
G01 X476.036 Y206.712
G01 X481.921 Y202.531
G01 X487.805 Y198.349
G01 X493.690 Y194.169
G01 X488.043 Y198.488
G01 X482.398 Y202.808
G01 X476.752 Y207.127
G01 X471.106 Y211.445
G01 X465.461 Y215.764
G01 X459.815 Y220.084
G01 X454.168 Y224.402
G01 X448.523 Y228.722
G01 X442.877 Y233.042
G01 X437.231 Y237.361
G01 X431.586 Y241.680
G01 X425.940 Y245.999
G01 X420.293 Y250.317
G01 X414.648 Y254.637
G01 X409.002 Y258.956
G01 X403.356 Y263.274
G01 X397.709 Y267.594
G01 X392.065 Y271.913
G01 X386.418 Y276.231
G01 X380.773 Y280.552
G01 X375.127 Y284.870
G01 X369.481 Y289.190
G01 X363.835 Y293.509
G01 X358.422 Y297.661
G01 X358.188 Y297.827
G01 X353.084 Y301.759
G01 X352.543 Y302.147
G01 X347.707 Y305.882
G01 X346.898 Y306.466
G01 X342.292 Y310.034
G01 X341.252 Y310.784
G01 X336.839 Y314.213
G01 X335.606 Y315.103
G01 X331.347 Y318.418
G01 X329.960 Y319.423
G01 X325.818 Y322.651
G01 X324.313 Y323.742
G01 X320.252 Y326.911
G01 X318.668 Y328.062
G01 X314.647 Y331.200
G01 X313.022 Y332.380
G01 X309.004 Y335.517
G01 X307.377 Y336.700
G01 X303.322 Y339.863
G01 X301.731 Y341.019
G01 X297.602 Y344.237
G01 X296.085 Y345.338
G01 X291.841 Y348.639
G01 X290.439 Y349.656
G01 X286.043 Y353.072
G01 X284.793 Y353.976
G01 X280.204 Y357.531
G01 X279.147 Y358.295
G01 X274.325 Y362.019
G01 X273.501 Y362.613
G01 X268.406 Y366.536
G01 X267.856 Y366.933
G01 X262.447 Y371.082
G01 X262.210 Y371.252
G01 X256.564 Y375.572
G01 X250.918 Y379.891
G01 X245.272 Y384.209
G01 X239.625 Y388.529
G01 X233.980 Y392.848
G01 X228.334 Y397.166
G01 X222.689 Y401.486
G01 X217.043 Y405.805
G01 X211.397 Y410.124
G01 X205.750 Y414.442
G01 X200.105 Y418.762
G01 X194.459 Y423.081
G01 X188.812 Y427.401
G01 X183.168 Y431.719
G01 X177.522 Y436.038
G01 X171.875 Y440.358
G01 X166.230 Y444.677
G01 X160.584 Y448.995
G01 X154.938 Y453.315
G01 X149.291 Y457.634
G01 X143.647 Y461.952
G01 X138.000 Y466.272
G01 X132.355 Y470.591
G01 X137.952 Y466.082
G01 X143.550 Y461.575
G01 X149.147 Y457.067
G01 X154.745 Y452.558
G01 X160.341 Y448.050
G01 X165.940 Y443.541
G01 X171.536 Y439.033
G01 X177.135 Y434.524
G01 X182.731 Y430.017
G01 X188.329 Y425.509
G01 X193.927 Y421.000
G01 X199.524 Y416.492
G01 X205.122 Y411.983
G01 X210.719 Y407.475
G01 X216.317 Y402.966
G01 X221.915 Y398.459
G01 X227.512 Y393.951
G01 X233.110 Y389.442
G01 X238.707 Y384.933
G01 X244.305 Y380.425
G01 X249.901 Y375.916
G01 X255.500 Y371.409
G01 X261.066 Y366.928
G01 X261.097 Y366.901
G01 X266.314 Y362.719
G01 X266.695 Y362.392
G01 X271.600 Y358.476
G01 X272.292 Y357.884
G01 X276.924 Y354.202
G01 X277.889 Y353.375
G01 X282.285 Y349.892
G01 X283.487 Y348.868
G01 X287.685 Y345.550
G01 X289.085 Y344.358
G01 X293.123 Y341.175
G01 X294.682 Y339.851
G01 X298.599 Y336.767
G01 X300.280 Y335.343
G01 X304.114 Y332.327
G01 X305.877 Y330.834
G01 X309.668 Y327.855
G01 X311.475 Y326.326
G01 X315.263 Y323.350
G01 X317.072 Y321.817
G01 X320.897 Y318.810
G01 X322.669 Y317.308
G01 X326.572 Y314.238
G01 X328.267 Y312.800
G01 X332.287 Y309.632
G01 X333.865 Y308.293
G01 X338.042 Y304.993
G01 X339.462 Y303.784
G01 X343.837 Y300.319
G01 X345.060 Y299.276
G01 X349.672 Y295.608
G01 X350.656 Y294.767
G01 X355.548 Y290.865
G01 X356.255 Y290.259
G01 X361.462 Y286.086
G01 X361.851 Y285.750
G01 X367.417 Y281.271
G01 X367.450 Y281.243
G01 X373.047 Y276.735
G01 X378.644 Y272.226
G01 X384.241 Y267.718
G01 X389.839 Y263.209
G01 X395.437 Y258.701
G01 X401.034 Y254.192
G01 X406.632 Y249.685
G01 X412.230 Y245.175
G01 X417.827 Y240.668
G01 X423.425 Y236.160
G01 X429.022 Y231.651
G01 X434.620 Y227.143
G01 X440.216 Y222.635
G01 X445.815 Y218.127
G01 X451.413 Y213.618
G01 X457.010 Y209.109
G01 X462.606 Y204.601
G01 X468.204 Y200.092
G01 X473.803 Y195.584
G01 X479.399 Y191.077
G01 X484.996 Y186.568
G01 X490.595 Y182.060
G01 X485.245 Y186.690
G01 X479.895 Y191.320
G01 X474.547 Y195.948
G01 X469.197 Y200.579
G01 X463.848 Y205.207
G01 X458.499 Y209.837
G01 X453.149 Y214.466
G01 X447.800 Y219.097
G01 X442.450 Y223.726
G01 X437.101 Y228.356
G01 X431.752 Y232.986
G01 X426.401 Y237.615
G01 X421.053 Y242.245
G01 X415.702 Y246.874
G01 X410.353 Y251.504
G01 X405.005 Y256.132
G01 X399.654 Y260.762
G01 X394.305 Y265.392
G01 X388.957 Y270.022
G01 X383.606 Y274.651
G01 X378.257 Y279.281
G01 X372.908 Y283.911
G01 X367.558 Y288.540
G01 X362.359 Y293.048
G01 X362.210 Y293.170
G01 X357.293 Y297.445
G01 X356.860 Y297.798
G01 X352.192 Y301.872
G01 X351.510 Y302.428
G01 X347.057 Y306.326
G01 X346.161 Y307.058
G01 X341.885 Y310.808
G01 X340.812 Y311.688
G01 X336.678 Y315.319
G01 X335.462 Y316.317
G01 X331.438 Y319.858
G01 X330.113 Y320.947
G01 X326.161 Y324.427
G01 X324.764 Y325.577
G01 X320.850 Y329.024
G01 X319.413 Y330.207
G01 X315.502 Y333.651
G01 X314.065 Y334.836
G01 X310.120 Y338.310
G01 X308.716 Y339.466
G01 X304.701 Y342.997
G01 X303.365 Y344.094
G01 X299.247 Y347.714
G01 X298.017 Y348.725
G01 X293.756 Y352.462
G01 X292.667 Y353.353
G01 X288.228 Y357.238
G01 X287.317 Y357.983
G01 X282.663 Y362.046
G01 X281.969 Y362.613
G01 X277.061 Y366.882
G01 X276.619 Y367.243
G01 X271.422 Y371.749
G01 X271.269 Y371.873
G01 X265.920 Y376.502
G01 X260.571 Y381.132
G01 X255.222 Y385.760
G01 X249.871 Y390.391
G01 X244.523 Y395.019
G01 X239.173 Y399.649
G01 X233.824 Y404.279
G01 X228.475 Y408.909
G01 X223.125 Y413.538
G01 X217.776 Y418.168
G01 X212.427 Y422.798
G01 X207.077 Y427.427
G01 X201.728 Y432.057
G01 X196.377 Y436.685
G01 X191.029 Y441.315
G01 X185.680 Y445.945
G01 X180.329 Y450.575
G01 X174.981 Y455.204
G01 X169.630 Y459.834
G01 X164.281 Y464.464
G01 X158.933 Y469.094
G01 X153.582 Y473.723
G01 X148.233 Y478.353
G01 X153.526 Y473.536
G01 X158.817 Y468.719
G01 X164.108 Y463.904
G01 X169.399 Y459.088
G01 X174.692 Y454.272
G01 X179.983 Y449.456
G01 X185.274 Y444.639
G01 X190.567 Y439.824
G01 X195.858 Y435.007
G01 X201.149 Y430.190
G01 X206.442 Y425.375
G01 X211.733 Y420.558
G01 X217.024 Y415.743
G01 X222.317 Y410.927
G01 X227.608 Y406.111
G01 X232.899 Y401.295
G01 X238.192 Y396.478
G01 X243.483 Y391.661
G01 X248.775 Y386.846
G01 X254.066 Y382.029
G01 X259.358 Y377.214
G01 X264.650 Y372.397
G01 X269.941 Y367.582
G01 X274.935 Y363.053
G01 X275.233 Y362.766
G01 X279.941 Y358.512
G01 X280.525 Y357.949
G01 X284.982 Y353.938
G01 X285.816 Y353.132
G01 X290.058 Y349.327
G01 X291.108 Y348.317
G01 X295.168 Y344.683
G01 X296.400 Y343.500
G01 X300.312 Y340.005
G01 X301.691 Y338.685
G01 X305.494 Y335.295
G01 X306.983 Y333.868
G01 X310.710 Y330.548
G01 X312.274 Y329.053
G01 X315.962 Y325.769
G01 X317.566 Y324.237
G01 X321.252 Y320.956
G01 X322.858 Y319.421
G01 X326.577 Y316.108
G01 X328.149 Y314.603
G01 X331.938 Y311.226
G01 X333.441 Y309.788
G01 X337.339 Y306.308
G01 X338.733 Y304.971
G01 X342.774 Y301.356
G01 X344.024 Y300.156
G01 X348.248 Y296.368
G01 X349.316 Y295.339
G01 X353.757 Y291.343
G01 X354.608 Y290.524
G01 X359.303 Y286.283
G01 X359.899 Y285.707
G01 X364.885 Y281.185
G01 X365.191 Y280.892
G01 X370.483 Y276.075
G01 X375.774 Y271.259
G01 X381.066 Y266.442
G01 X386.356 Y261.627
G01 X391.649 Y256.810
G01 X396.941 Y251.995
G01 X402.231 Y247.179
G01 X407.524 Y242.362
G01 X412.816 Y237.546
G01 X418.106 Y232.730
G01 X423.399 Y227.913
G01 X428.690 Y223.097
G01 X433.981 Y218.281
G01 X439.274 Y213.466
G01 X444.565 Y208.649
G01 X449.856 Y203.834
G01 X455.149 Y199.017
G01 X460.440 Y194.200
G01 X465.731 Y189.385
G01 X471.024 Y184.568
G01 X476.315 Y179.752
G01 X481.606 Y174.936
G01 X486.898 Y170.120
G01 X481.863 Y175.039
G01 X476.827 Y179.959
G01 X471.792 Y184.880
G01 X466.755 Y189.798
G01 X461.721 Y194.717
G01 X456.685 Y199.637
G01 X451.649 Y204.558
G01 X446.614 Y209.476
G01 X441.577 Y214.397
G01 X436.543 Y219.316
G01 X431.507 Y224.236
G01 X426.471 Y229.155
G01 X421.435 Y234.075
G01 X416.399 Y238.995
G01 X411.365 Y243.913
G01 X406.329 Y248.834
G01 X401.293 Y253.752
G01 X396.257 Y258.673
G01 X391.221 Y263.591
G01 X386.187 Y268.512
G01 X381.151 Y273.430
G01 X376.115 Y278.351
G01 X371.079 Y283.269
G01 X366.115 Y288.125
G01 X366.043 Y288.190
G01 X361.341 Y292.803
G01 X361.009 Y293.110
G01 X356.534 Y297.512
G01 X355.972 Y298.029
G01 X351.695 Y302.249
G01 X350.938 Y302.949
G01 X346.822 Y307.016
G01 X345.901 Y307.868
G01 X341.918 Y311.812
G01 X340.866 Y312.788
G01 X336.981 Y316.637
G01 X335.831 Y317.707
G01 X332.013 Y321.495
G01 X330.796 Y322.627
G01 X327.012 Y326.382
G01 X325.760 Y327.546
G01 X321.978 Y331.300
G01 X320.724 Y332.466
G01 X316.912 Y336.248
G01 X315.688 Y337.385
G01 X311.812 Y341.228
G01 X310.653 Y342.305
G01 X306.680 Y346.238
G01 X305.618 Y347.225
G01 X301.514 Y351.279
G01 X300.582 Y352.144
G01 X296.315 Y356.353
G01 X295.546 Y357.064
G01 X291.081 Y361.457
G01 X290.511 Y361.983
G01 X285.814 Y366.591
G01 X285.475 Y366.903
G01 X280.512 Y371.755
G01 X280.440 Y371.822
G01 X275.404 Y376.742
G01 X270.369 Y381.661
G01 X265.333 Y386.581
G01 X260.297 Y391.500
G01 X255.262 Y396.420
G01 X250.226 Y401.339
G01 X245.191 Y406.259
G01 X240.154 Y411.178
G01 X235.120 Y416.099
G01 X230.084 Y421.017
G01 X225.048 Y425.938
G01 X220.012 Y430.856
G01 X214.976 Y435.776
G01 X209.942 Y440.695
G01 X204.906 Y445.615
G01 X199.870 Y450.534
G01 X194.834 Y455.454
G01 X189.798 Y460.375
G01 X184.764 Y465.293
G01 X179.728 Y470.214
G01 X174.692 Y475.132
G01 X169.656 Y480.053
G01 X164.620 Y484.971
G01 X169.589 Y479.868
G01 X174.558 Y474.767
G01 X179.526 Y469.663
G01 X184.495 Y464.560
G01 X189.464 Y459.457
G01 X194.433 Y454.353
G01 X199.401 Y449.250
G01 X204.370 Y444.147
G01 X209.338 Y439.045
G01 X214.307 Y433.942
G01 X219.276 Y428.839
G01 X224.243 Y423.736
G01 X229.213 Y418.632
G01 X234.180 Y413.529
G01 X239.149 Y408.428
G01 X244.119 Y403.325
G01 X249.087 Y398.221
G01 X254.055 Y393.118
G01 X259.024 Y388.014
G01 X263.993 Y382.911
G01 X268.961 Y377.810
G01 X273.930 Y372.706
G01 X278.899 Y367.603
G01 X283.648 Y362.740
G01 X283.867 Y362.500
G01 X288.357 Y357.920
G01 X288.836 Y357.397
G01 X293.097 Y353.064
G01 X293.804 Y352.295
G01 X297.869 Y348.173
G01 X298.773 Y347.192
G01 X302.672 Y343.247
G01 X303.740 Y342.089
G01 X307.507 Y338.286
G01 X308.710 Y336.986
G01 X312.376 Y333.290
G01 X313.679 Y331.882
G01 X317.275 Y328.260
G01 X318.647 Y326.779
G01 X322.209 Y323.195
G01 X323.615 Y321.677
G01 X327.174 Y318.094
G01 X328.584 Y316.574
G01 X332.173 Y312.957
G01 X333.553 Y311.471
G01 X337.207 Y307.786
G01 X338.520 Y306.368
G01 X342.274 Y302.579
G01 X343.490 Y301.264
G01 X347.374 Y297.336
G01 X348.457 Y296.161
G01 X352.507 Y292.055
G01 X353.427 Y291.058
G01 X357.674 Y286.738
G01 X358.395 Y285.956
G01 X362.875 Y281.385
G01 X363.364 Y280.853
G01 X368.109 Y275.993
G01 X368.332 Y275.750
G01 X373.300 Y270.647
G01 X378.269 Y265.543
G01 X383.238 Y260.440
G01 X388.207 Y255.338
G01 X393.175 Y250.234
G01 X398.144 Y245.132
G01 X403.113 Y240.029
G01 X408.081 Y234.925
G01 X413.050 Y229.823
G01 X418.018 Y224.720
G01 X422.986 Y219.617
G01 X427.956 Y214.513
G01 X432.923 Y209.411
G01 X437.893 Y204.308
G01 X442.861 Y199.204
G01 X447.829 Y194.101
G01 X452.798 Y188.998
G01 X457.767 Y183.895
G01 X462.736 Y178.793
G01 X467.704 Y173.690
G01 X472.673 Y168.587
G01 X477.640 Y163.483
G01 X482.610 Y158.380
G01 X477.904 Y163.568
G01 X473.197 Y168.757
G01 X468.491 Y173.945
G01 X463.786 Y179.132
G01 X459.079 Y184.320
G01 X454.375 Y189.508
G01 X449.668 Y194.697
G01 X444.962 Y199.885
G01 X440.257 Y205.072
G01 X435.550 Y210.260
G01 X430.845 Y215.448
G01 X426.139 Y220.638
G01 X421.433 Y225.826
G01 X416.728 Y231.013
G01 X412.022 Y236.202
G01 X407.316 Y241.389
G01 X402.611 Y246.578
G01 X397.904 Y251.766
G01 X393.199 Y256.954
G01 X388.493 Y262.142
G01 X383.786 Y267.329
G01 X379.081 Y272.519
G01 X374.375 Y277.706
G01 X369.668 Y282.894
G01 X365.201 Y287.836
G01 X364.964 Y288.082
G01 X360.704 Y292.805
G01 X360.257 Y293.271
G01 X356.177 Y297.807
G01 X355.552 Y298.459
G01 X351.620 Y302.837
G01 X350.846 Y303.647
G01 X347.034 Y307.899
G01 X346.139 Y308.834
G01 X342.418 Y312.990
G01 X341.435 Y314.022
G01 X337.774 Y318.115
G01 X336.728 Y319.211
G01 X333.099 Y323.269
G01 X332.023 Y324.399
G01 X328.394 Y328.456
G01 X327.317 Y329.587
G01 X323.661 Y333.673
G01 X322.611 Y334.774
G01 X318.897 Y338.923
G01 X317.904 Y339.963
G01 X314.103 Y344.206
G01 X313.199 Y345.151
G01 X309.278 Y349.519
G01 X308.494 Y350.339
G01 X304.422 Y354.865
G01 X303.788 Y355.528
G01 X299.535 Y360.243
G01 X299.082 Y360.716
G01 X294.617 Y365.653
G01 X294.376 Y365.904
G01 X289.670 Y371.091
G01 X284.964 Y376.279
G01 X280.259 Y381.468
G01 X275.553 Y386.656
G01 X270.847 Y391.844
G01 X266.141 Y397.031
G01 X261.435 Y402.219
G01 X256.728 Y407.408
G01 X252.023 Y412.596
G01 X247.317 Y417.784
G01 X242.612 Y422.973
G01 X237.906 Y428.161
G01 X233.200 Y433.349
G01 X228.493 Y438.536
G01 X223.788 Y443.725
G01 X219.082 Y448.913
G01 X214.377 Y454.101
G01 X209.671 Y459.288
G01 X204.964 Y464.476
G01 X200.259 Y469.665
G01 X195.553 Y474.853
G01 X190.846 Y480.041
G01 X186.142 Y485.230
G01 X181.435 Y490.418
G01 X186.065 Y485.050
G01 X190.695 Y479.682
G01 X195.325 Y474.314
G01 X199.954 Y468.945
G01 X204.584 Y463.577
G01 X209.214 Y458.209
G01 X213.844 Y452.841
G01 X218.474 Y447.474
G01 X223.103 Y442.106
G01 X227.733 Y436.738
G01 X232.363 Y431.370
G01 X236.993 Y426.002
G01 X241.622 Y420.634
G01 X246.252 Y415.267
G01 X250.882 Y409.899
G01 X255.512 Y404.531
G01 X260.142 Y399.163
G01 X264.771 Y393.795
G01 X269.401 Y388.427
G01 X274.031 Y383.058
G01 X278.660 Y377.690
G01 X283.290 Y372.322
G01 X287.920 Y366.954
G01 X292.404 Y361.767
G01 X292.550 Y361.587
G01 X296.799 Y356.688
G01 X297.180 Y356.219
G01 X301.223 Y351.572
G01 X301.809 Y350.851
G01 X305.675 Y346.421
G01 X306.439 Y345.483
G01 X310.155 Y341.233
G01 X311.069 Y340.115
G01 X314.664 Y336.010
G01 X315.698 Y334.748
G01 X319.204 Y330.752
G01 X320.327 Y329.380
G01 X323.772 Y325.457
G01 X324.957 Y324.012
G01 X328.369 Y320.129
G01 X329.587 Y318.644
G01 X332.996 Y314.762
G01 X334.217 Y313.276
G01 X337.654 Y309.362
G01 X338.846 Y307.908
G01 X342.342 Y303.923
G01 X343.476 Y302.540
G01 X347.062 Y298.449
G01 X348.106 Y297.171
G01 X351.810 Y292.937
G01 X352.736 Y291.803
G01 X356.589 Y287.387
G01 X357.365 Y286.435
G01 X361.399 Y281.802
G01 X361.995 Y281.067
G01 X366.238 Y276.178
G01 X366.625 Y275.700
G01 X371.106 Y270.516
G01 X371.255 Y270.332
G01 X375.885 Y264.964
G01 X380.514 Y259.596
G01 X385.144 Y254.228
G01 X389.774 Y248.861
G01 X394.404 Y243.493
G01 X399.034 Y238.125
G01 X403.663 Y232.757
G01 X408.293 Y227.388
G01 X412.923 Y222.020
G01 X417.553 Y216.653
G01 X422.183 Y211.285
G01 X426.812 Y205.916
G01 X431.442 Y200.548
G01 X436.072 Y195.180
G01 X440.702 Y189.812
G01 X445.332 Y184.445
G01 X449.961 Y179.077
G01 X454.591 Y173.709
G01 X459.221 Y168.341
G01 X463.851 Y162.974
G01 X468.480 Y157.606
G01 X473.110 Y152.238
G01 X477.740 Y146.870
G01 X473.377 Y152.303
G01 X469.015 Y157.738
G01 X464.654 Y163.173
G01 X460.293 Y168.606
G01 X455.930 Y174.041
G01 X451.570 Y179.474
G01 X447.207 Y184.909
G01 X442.846 Y190.344
G01 X438.485 Y195.777
G01 X434.123 Y201.212
G01 X429.760 Y206.645
G01 X425.399 Y212.080
G01 X421.038 Y217.514
G01 X416.675 Y222.948
G01 X412.315 Y228.382
G01 X407.952 Y233.817
G01 X403.591 Y239.252
G01 X399.230 Y244.686
G01 X394.868 Y250.120
G01 X390.505 Y255.555
G01 X386.144 Y260.988
G01 X381.783 Y266.423
G01 X377.421 Y271.856
G01 X373.060 Y277.291
G01 X368.846 Y282.550
G01 X368.697 Y282.726
G01 X364.674 Y287.762
G01 X364.336 Y288.159
G01 X360.476 Y293.004
G01 X359.975 Y293.594
G01 X356.249 Y298.276
G01 X355.613 Y299.029
G01 X351.995 Y303.582
G01 X351.250 Y304.463
G01 X347.716 Y308.918
G01 X346.889 Y309.897
G01 X343.409 Y314.286
G01 X342.528 Y315.331
G01 X339.076 Y319.687
G01 X338.166 Y320.766
G01 X334.716 Y325.120
G01 X333.805 Y326.200
G01 X330.329 Y330.584
G01 X329.442 Y331.634
G01 X325.913 Y336.082
G01 X325.081 Y337.067
G01 X321.471 Y341.613
G01 X320.720 Y342.502
G01 X317.002 Y347.175
G01 X316.358 Y347.937
G01 X312.505 Y352.772
G01 X311.996 Y353.370
G01 X307.978 Y358.399
G01 X307.635 Y358.805
G01 X303.425 Y364.060
G01 X303.273 Y364.240
G01 X298.911 Y369.673
G01 X294.550 Y375.108
G01 X290.188 Y380.541
G01 X285.826 Y385.976
G01 X281.465 Y391.411
G01 X277.103 Y396.844
G01 X272.740 Y402.279
G01 X268.380 Y407.713
G01 X264.018 Y413.147
G01 X259.656 Y418.582
G01 X255.294 Y424.016
G01 X250.933 Y429.451
G01 X246.571 Y434.885
G01 X242.209 Y440.319
G01 X237.848 Y445.752
G01 X233.486 Y451.187
G01 X229.124 Y456.622
G01 X224.762 Y462.055
G01 X220.401 Y467.490
G01 X216.040 Y472.923
G01 X211.678 Y478.358
G01 X207.315 Y483.793
G01 X202.954 Y489.226
G01 X198.593 Y494.661
G01 X202.870 Y489.050
G01 X207.146 Y483.440
G01 X211.423 Y477.831
G01 X215.700 Y472.221
G01 X219.976 Y466.611
G01 X224.252 Y461.000
G01 X228.529 Y455.391
G01 X232.805 Y449.781
G01 X237.082 Y444.171
G01 X241.360 Y438.560
G01 X245.636 Y432.951
G01 X249.912 Y427.339
G01 X254.190 Y421.731
G01 X258.466 Y416.120
G01 X262.743 Y410.510
G01 X267.019 Y404.899
G01 X271.296 Y399.290
G01 X275.573 Y393.680
G01 X279.850 Y388.070
G01 X284.126 Y382.459
G01 X288.403 Y376.850
G01 X292.680 Y371.240
G01 X296.957 Y365.630
G01 X301.154 Y360.130
G01 X301.233 Y360.019
G01 X305.221 Y354.812
G01 X305.510 Y354.409
G01 X309.312 Y349.459
G01 X309.787 Y348.800
G01 X313.430 Y344.069
G01 X314.062 Y343.189
G01 X317.573 Y338.642
G01 X318.340 Y337.579
G01 X321.743 Y333.178
G01 X322.616 Y331.969
G01 X325.938 Y327.680
G01 X326.893 Y326.358
G01 X330.159 Y322.144
G01 X331.169 Y320.749
G01 X334.406 Y316.574
G01 X335.447 Y315.139
G01 X338.683 Y310.966
G01 X339.722 Y309.529
G01 X342.985 Y305.322
G01 X344.000 Y303.918
G01 X347.313 Y299.639
G01 X348.276 Y298.308
G01 X351.669 Y293.921
G01 X352.553 Y292.699
G01 X356.053 Y288.166
G01 X356.829 Y287.089
G01 X360.464 Y282.372
G01 X361.106 Y281.478
G01 X364.900 Y276.540
G01 X365.382 Y275.868
G01 X369.365 Y270.670
G01 X369.659 Y270.257
G01 X373.856 Y264.762
G01 X373.937 Y264.647
G01 X378.212 Y259.038
G01 X382.490 Y253.428
G01 X386.767 Y247.817
G01 X391.043 Y242.208
G01 X395.320 Y236.597
G01 X399.596 Y230.988
G01 X403.874 Y225.377
G01 X408.149 Y219.768
G01 X412.427 Y214.157
G01 X416.704 Y208.548
G01 X420.980 Y202.938
G01 X425.257 Y197.327
G01 X429.534 Y191.717
G01 X433.810 Y186.106
G01 X438.087 Y180.496
G01 X442.364 Y174.887
G01 X446.639 Y169.276
G01 X450.917 Y163.666
G01 X455.193 Y158.056
G01 X459.470 Y152.447
G01 X463.746 Y146.837
G01 X468.024 Y141.226
G01 X472.300 Y135.616
G01 X468.296 Y141.274
G01 X464.291 Y146.930
G01 X460.286 Y152.589
G01 X456.281 Y158.245
G01 X452.278 Y163.902
G01 X448.273 Y169.560
G01 X444.268 Y175.217
G01 X440.264 Y180.875
G01 X436.259 Y186.531
G01 X432.255 Y192.188
G01 X428.250 Y197.846
G01 X424.245 Y203.503
G01 X420.240 Y209.161
G01 X416.236 Y214.819
G01 X412.231 Y220.476
G01 X408.226 Y226.132
G01 X404.223 Y231.790
G01 X400.217 Y237.448
G01 X396.212 Y243.105
G01 X392.209 Y248.762
G01 X388.204 Y254.418
G01 X384.200 Y260.077
G01 X380.195 Y265.733
G01 X376.190 Y271.391
G01 X372.255 Y276.954
G01 X372.185 Y277.048
G01 X368.422 Y282.385
G01 X368.180 Y282.706
G01 X364.562 Y287.846
G01 X364.177 Y288.363
G01 X360.680 Y293.341
G01 X360.172 Y294.019
G01 X356.773 Y298.867
G01 X356.167 Y299.678
G01 X352.841 Y304.425
G01 X352.163 Y305.334
G01 X348.887 Y310.014
G01 X348.158 Y310.992
G01 X344.908 Y315.637
G01 X344.154 Y316.649
G01 X340.904 Y321.293
G01 X340.149 Y322.307
G01 X336.875 Y326.983
G01 X336.144 Y327.964
G01 X332.823 Y332.704
G01 X332.139 Y333.620
G01 X328.746 Y338.459
G01 X328.135 Y339.279
G01 X324.644 Y344.248
G01 X324.130 Y344.935
G01 X320.518 Y350.070
G01 X320.125 Y350.593
G01 X316.365 Y355.923
G01 X316.121 Y356.250
G01 X312.189 Y361.812
G01 X312.117 Y361.908
G01 X308.112 Y367.565
G01 X304.108 Y373.221
G01 X300.103 Y378.880
G01 X296.099 Y384.536
G01 X292.094 Y390.194
G01 X288.089 Y395.851
G01 X284.085 Y401.509
G01 X280.079 Y407.166
G01 X276.076 Y412.822
G01 X272.071 Y418.481
G01 X268.067 Y424.137
G01 X264.062 Y429.795
G01 X260.057 Y435.452
G01 X256.053 Y441.110
G01 X252.048 Y446.767
G01 X248.043 Y452.423
G01 X244.038 Y458.081
G01 X240.034 Y463.738
G01 X236.029 Y469.396
G01 X232.024 Y475.053
G01 X228.019 Y480.711
G01 X224.016 Y486.368
G01 X220.010 Y492.024
G01 X216.007 Y497.682
G01 X219.918 Y491.853
G01 X223.829 Y486.024
G01 X227.740 Y480.195
G01 X231.649 Y474.368
G01 X235.560 Y468.538
G01 X239.471 Y462.711
G01 X243.382 Y456.882
G01 X247.293 Y451.053
G01 X251.204 Y445.225
G01 X255.115 Y439.396
G01 X259.026 Y433.567
G01 X262.938 Y427.738
G01 X266.849 Y421.909
G01 X270.760 Y416.081
G01 X274.670 Y410.252
G01 X278.582 Y404.423
G01 X282.492 Y398.594
G01 X286.403 Y392.767
G01 X290.314 Y386.938
G01 X294.225 Y381.110
G01 X298.136 Y375.281
G01 X302.047 Y369.452
G01 X305.958 Y363.624
G01 X309.848 Y357.827
G01 X309.869 Y357.795
G01 X313.573 Y352.293
G01 X313.780 Y351.966
G01 X317.321 Y346.724
G01 X317.691 Y346.137
G01 X321.091 Y341.118
G01 X321.601 Y340.308
G01 X324.884 Y335.474
G01 X325.513 Y334.481
G01 X328.698 Y329.793
G01 X329.423 Y328.651
G01 X332.538 Y324.077
G01 X333.334 Y322.822
G01 X336.399 Y318.325
G01 X337.245 Y316.993
G01 X340.286 Y312.534
G01 X341.156 Y311.166
G01 X344.195 Y306.709
G01 X345.067 Y305.337
G01 X348.129 Y300.844
G01 X348.978 Y299.509
G01 X352.086 Y294.944
G01 X352.889 Y293.680
G01 X356.067 Y289.005
G01 X356.799 Y287.851
G01 X360.072 Y283.029
G01 X360.711 Y282.022
G01 X364.103 Y277.014
G01 X364.621 Y276.194
G01 X368.156 Y270.962
G01 X368.533 Y270.365
G01 X372.233 Y264.870
G01 X372.443 Y264.536
G01 X376.334 Y258.740
G01 X376.355 Y258.707
G01 X380.265 Y252.880
G01 X384.175 Y247.050
G01 X388.087 Y241.222
G01 X391.998 Y235.394
G01 X395.909 Y229.565
G01 X399.820 Y223.736
G01 X403.731 Y217.907
G01 X407.642 Y212.079
G01 X411.553 Y206.250
G01 X415.464 Y200.422
G01 X419.375 Y194.593
G01 X423.286 Y188.763
G01 X427.197 Y182.935
G01 X431.106 Y177.106
G01 X435.018 Y171.279
G01 X438.928 Y165.450
G01 X442.840 Y159.620
G01 X446.750 Y153.793
G01 X450.661 Y147.964
G01 X454.572 Y142.135
G01 X458.483 Y136.306
G01 X462.394 Y130.478
G01 X466.305 Y124.648
G01 X462.669 Y130.505
G01 X459.033 Y136.361
G01 X455.397 Y142.219
G01 X451.760 Y148.075
G01 X448.125 Y153.931
G01 X444.489 Y159.788
G01 X440.853 Y165.644
G01 X437.216 Y171.500
G01 X433.579 Y177.358
G01 X429.943 Y183.214
G01 X426.308 Y189.070
G01 X422.672 Y194.927
G01 X419.036 Y200.784
G01 X415.399 Y206.639
G01 X411.762 Y212.496
G01 X408.127 Y218.353
G01 X404.490 Y224.210
G01 X400.855 Y230.067
G01 X397.219 Y235.923
G01 X393.582 Y241.780
G01 X389.946 Y247.636
G01 X386.310 Y253.492
G01 X382.673 Y259.349
G01 X379.038 Y265.204
G01 X375.403 Y271.060
G01 X375.401 Y271.062
G01 X371.918 Y276.685
G01 X371.764 Y276.918
G01 X368.412 Y282.344
G01 X368.129 Y282.774
G01 X364.884 Y288.036
G01 X364.493 Y288.632
G01 X361.335 Y293.760
G01 X360.856 Y294.488
G01 X357.764 Y299.517
G01 X357.220 Y300.344
G01 X354.171 Y305.305
G01 X353.584 Y306.201
G01 X350.558 Y311.127
G01 X349.947 Y312.058
G01 X346.922 Y316.983
G01 X346.312 Y317.913
G01 X343.264 Y322.870
G01 X342.675 Y323.769
G01 X339.587 Y328.793
G01 X339.039 Y329.627
G01 X335.885 Y334.749
G01 X335.403 Y335.483
G01 X332.163 Y340.738
G01 X331.767 Y341.339
G01 X328.418 Y346.760
G01 X328.130 Y347.197
G01 X324.650 Y352.817
G01 X324.495 Y353.053
G01 X320.860 Y358.906
G01 X320.859 Y358.909
G01 X317.222 Y364.766
G01 X313.587 Y370.622
G01 X309.950 Y376.478
G01 X306.314 Y382.336
G01 X302.678 Y388.192
G01 X299.042 Y394.048
G01 X295.406 Y399.904
G01 X291.769 Y405.762
G01 X288.132 Y411.618
G01 X284.497 Y417.475
G01 X280.861 Y423.331
G01 X277.225 Y429.188
G01 X273.589 Y435.043
G01 X269.952 Y440.901
G01 X266.316 Y446.757
G01 X262.680 Y452.613
G01 X259.043 Y458.469
G01 X255.407 Y464.327
G01 X251.772 Y470.183
G01 X248.135 Y476.040
G01 X244.499 Y481.896
G01 X240.863 Y487.752
G01 X237.226 Y493.608
G01 X233.591 Y499.466
G01 X237.125 Y493.442
G01 X240.659 Y487.420
G01 X244.192 Y481.397
G01 X247.727 Y475.374
G01 X251.261 Y469.351
G01 X254.794 Y463.327
G01 X258.329 Y457.305
G01 X261.863 Y451.281
G01 X265.397 Y445.259
G01 X268.930 Y439.236
G01 X272.465 Y433.213
G01 X275.999 Y427.190
G01 X279.533 Y421.166
G01 X283.067 Y415.144
G01 X286.602 Y409.120
G01 X290.136 Y403.098
G01 X293.670 Y397.075
G01 X297.204 Y391.052
G01 X300.738 Y385.029
G01 X304.272 Y379.005
G01 X307.805 Y372.983
G01 X311.340 Y366.959
G01 X314.874 Y360.937
G01 X318.408 Y354.913
G01 X321.808 Y349.134
G01 X321.942 Y348.891
G01 X325.200 Y343.370
G01 X325.476 Y342.868
G01 X328.611 Y337.570
G01 X329.010 Y336.844
G01 X332.041 Y331.733
G01 X332.543 Y330.822
G01 X335.491 Y325.860
G01 X336.077 Y324.798
G01 X338.962 Y319.950
G01 X339.611 Y318.776
G01 X342.454 Y314.002
G01 X343.145 Y312.754
G01 X345.966 Y308.019
G01 X346.680 Y306.731
G01 X349.499 Y301.998
G01 X350.214 Y300.707
G01 X353.053 Y295.940
G01 X353.749 Y294.685
G01 X356.627 Y289.844
G01 X357.283 Y288.661
G01 X360.224 Y283.709
G01 X360.817 Y282.639
G01 X363.841 Y277.538
G01 X364.351 Y276.615
G01 X367.478 Y271.329
G01 X367.885 Y270.593
G01 X371.138 Y265.081
G01 X371.418 Y264.570
G01 X374.817 Y258.793
G01 X374.952 Y258.546
G01 X378.486 Y252.524
G01 X382.021 Y246.501
G01 X385.555 Y240.478
G01 X389.089 Y234.454
G01 X392.623 Y228.431
G01 X396.156 Y222.409
G01 X399.691 Y216.386
G01 X403.225 Y210.363
G01 X406.759 Y204.340
G01 X410.293 Y198.317
G01 X413.827 Y192.293
G01 X417.361 Y186.270
G01 X420.896 Y180.248
G01 X424.430 Y174.224
G01 X427.964 Y168.202
G01 X431.498 Y162.178
G01 X435.031 Y156.156
G01 X438.566 Y150.132
G01 X442.100 Y144.109
G01 X445.634 Y138.087
G01 X449.168 Y132.063
G01 X452.702 Y126.041
G01 X456.236 Y120.019
G01 X459.769 Y113.995
G01 X456.512 Y120.026
G01 X453.254 Y126.057
G01 X449.995 Y132.089
G01 X446.738 Y138.120
G01 X443.480 Y144.151
G01 X440.221 Y150.183
G01 X436.964 Y156.214
G01 X433.706 Y162.245
G01 X430.447 Y168.277
G01 X427.190 Y174.308
G01 X423.932 Y180.339
G01 X420.673 Y186.371
G01 X417.416 Y192.403
G01 X414.158 Y198.434
G01 X410.899 Y204.466
G01 X407.642 Y210.496
G01 X404.384 Y216.528
G01 X401.125 Y222.560
G01 X397.868 Y228.591
G01 X394.610 Y234.621
G01 X391.351 Y240.654
G01 X388.094 Y246.685
G01 X384.836 Y252.716
G01 X381.577 Y258.748
G01 X378.320 Y264.779
G01 X375.139 Y270.677
G01 X375.062 Y270.810
G01 X371.994 Y276.510
G01 X371.803 Y276.841
G01 X368.832 Y282.375
G01 X368.546 Y282.873
G01 X365.649 Y288.272
G01 X365.287 Y288.904
G01 X362.448 Y294.204
G01 X362.029 Y294.935
G01 X359.230 Y300.166
G01 X358.772 Y300.966
G01 X355.990 Y306.163
G01 X355.513 Y306.999
G01 X352.734 Y312.194
G01 X352.255 Y313.029
G01 X349.457 Y318.257
G01 X348.996 Y319.060
G01 X346.162 Y324.355
G01 X345.739 Y325.093
G01 X342.846 Y330.486
G01 X342.481 Y331.124
G01 X339.513 Y336.651
G01 X339.222 Y337.154
G01 X336.159 Y342.850
G01 X335.965 Y343.187
G01 X332.784 Y349.082
G01 X332.707 Y349.218
G01 X329.448 Y355.249
G01 X326.191 Y361.281
G01 X322.933 Y367.312
G01 X319.675 Y373.344
G01 X316.417 Y379.375
G01 X313.159 Y385.406
G01 X309.901 Y391.438
G01 X306.643 Y397.469
G01 X303.385 Y403.500
G01 X300.127 Y409.531
G01 X296.869 Y415.562
G01 X293.611 Y421.594
G01 X290.353 Y427.625
G01 X287.095 Y433.656
G01 X283.837 Y439.688
G01 X280.579 Y445.719
G01 X277.321 Y451.750
G01 X274.062 Y457.781
G01 X270.805 Y463.814
G01 X267.547 Y469.844
G01 X264.288 Y475.877
G01 X261.031 Y481.908
G01 X257.773 Y487.939
G01 X254.515 Y493.971
G01 X251.257 Y500.002
G01 X254.405 Y493.808
G01 X257.552 Y487.617
G01 X260.700 Y481.423
G01 X263.848 Y475.231
G01 X266.995 Y469.038
G01 X270.143 Y462.846
G01 X273.291 Y456.654
G01 X276.438 Y450.462
G01 X279.586 Y444.269
G01 X282.734 Y438.077
G01 X285.882 Y431.884
G01 X289.029 Y425.692
G01 X292.177 Y419.499
G01 X295.325 Y413.307
G01 X298.473 Y407.113
G01 X301.620 Y400.921
G01 X304.768 Y394.728
G01 X307.916 Y388.536
G01 X311.062 Y382.344
G01 X314.211 Y376.151
G01 X317.359 Y369.959
G01 X320.505 Y363.767
G01 X323.654 Y357.574
G01 X326.802 Y351.382
G01 X329.879 Y345.338
G01 X329.948 Y345.189
G01 X332.904 Y339.404
G01 X333.096 Y338.997
G01 X335.945 Y333.435
G01 X336.245 Y332.803
G01 X339.004 Y327.428
G01 X339.393 Y326.612
G01 X342.079 Y321.385
G01 X342.539 Y320.418
G01 X345.173 Y315.305
G01 X345.688 Y314.226
G01 X348.284 Y309.190
G01 X348.836 Y308.034
G01 X351.413 Y303.036
G01 X351.984 Y301.841
G01 X354.560 Y296.844
G01 X355.130 Y295.649
G01 X357.725 Y290.617
G01 X358.279 Y289.457
G01 X360.908 Y284.351
G01 X361.427 Y283.264
G01 X364.109 Y278.048
G01 X364.573 Y277.072
G01 X367.327 Y271.707
G01 X367.721 Y270.879
G01 X370.566 Y265.327
G01 X370.870 Y264.687
G01 X373.821 Y258.909
G01 X374.018 Y258.493
G01 X377.094 Y252.453
G01 X377.164 Y252.302
G01 X380.312 Y246.109
G01 X383.461 Y239.917
G01 X386.608 Y233.724
G01 X389.755 Y227.531
G01 X392.904 Y221.339
G01 X396.052 Y215.147
G01 X399.199 Y208.954
G01 X402.346 Y202.762
G01 X405.494 Y196.569
G01 X408.642 Y190.377
G01 X411.789 Y184.183
G01 X414.938 Y177.991
G01 X418.086 Y171.798
G01 X421.233 Y165.606
G01 X424.380 Y159.413
G01 X427.529 Y153.221
G01 X430.675 Y147.029
G01 X433.824 Y140.837
G01 X436.971 Y134.644
G01 X440.119 Y128.452
G01 X443.267 Y122.258
G01 X446.414 Y116.067
G01 X449.562 Y109.874
G01 X452.709 Y103.682
G01 X449.837 Y109.863
G01 X446.966 Y116.043
G01 X444.095 Y122.225
G01 X441.223 Y128.406
G01 X438.351 Y134.587
G01 X435.480 Y140.769
G01 X432.608 Y146.950
G01 X429.736 Y153.132
G01 X426.863 Y159.313
G01 X423.993 Y165.495
G01 X421.120 Y171.676
G01 X418.249 Y177.858
G01 X415.377 Y184.038
G01 X412.505 Y190.221
G01 X409.634 Y196.401
G01 X406.762 Y202.583
G01 X403.889 Y208.764
G01 X401.018 Y214.946
G01 X398.147 Y221.127
G01 X395.274 Y227.309
G01 X392.403 Y233.490
G01 X389.531 Y239.672
G01 X386.659 Y245.853
G01 X383.788 Y252.034
G01 X380.916 Y258.216
G01 X378.057 Y264.370
G01 X378.043 Y264.397
G01 X375.284 Y270.353
G01 X375.172 Y270.577
G01 X372.495 Y276.368
G01 X372.300 Y276.760
G01 X369.688 Y282.416
G01 X369.428 Y282.940
G01 X366.866 Y288.497
G01 X366.557 Y289.123
G01 X364.028 Y294.611
G01 X363.685 Y295.303
G01 X361.173 Y300.757
G01 X360.812 Y301.485
G01 X358.302 Y306.938
G01 X357.942 Y307.666
G01 X355.413 Y313.151
G01 X355.070 Y313.848
G01 X352.510 Y319.399
G01 X352.197 Y320.029
G01 X349.589 Y325.680
G01 X349.326 Y326.209
G01 X346.650 Y331.995
G01 X346.454 Y332.392
G01 X343.696 Y338.346
G01 X343.582 Y338.572
G01 X340.724 Y344.728
G01 X340.711 Y344.755
G01 X337.839 Y350.935
G01 X334.966 Y357.117
G01 X332.095 Y363.298
G01 X329.224 Y369.480
G01 X326.352 Y375.661
G01 X323.480 Y381.843
G01 X320.608 Y388.024
G01 X317.737 Y394.206
G01 X314.865 Y400.387
G01 X311.993 Y406.567
G01 X309.121 Y412.750
G01 X306.249 Y418.930
G01 X303.377 Y425.112
G01 X300.506 Y431.293
G01 X297.634 Y437.475
G01 X294.762 Y443.656
G01 X291.891 Y449.838
G01 X289.019 Y456.019
G01 X286.147 Y462.201
G01 X283.275 Y468.382
G01 X280.404 Y474.562
G01 X277.531 Y480.745
G01 X274.660 Y486.925
G01 X271.788 Y493.106
G01 X268.916 Y499.288
G01 X271.670 Y492.952
G01 X274.424 Y486.615
G01 X277.177 Y480.278
G01 X279.930 Y473.942
G01 X282.684 Y467.605
G01 X285.438 Y461.267
G01 X288.191 Y454.930
G01 X290.945 Y448.594
G01 X293.698 Y442.257
G01 X296.452 Y435.921
G01 X299.206 Y429.584
G01 X301.959 Y423.247
G01 X304.712 Y416.909
G01 X307.466 Y410.572
G01 X310.220 Y404.237
G01 X312.973 Y397.899
G01 X315.727 Y391.562
G01 X318.480 Y385.226
G01 X321.234 Y378.889
G01 X323.988 Y372.553
G01 X326.740 Y366.216
G01 X329.495 Y359.879
G01 X332.248 Y353.541
G01 X335.002 Y347.204
G01 X337.736 Y340.915
G01 X337.755 Y340.868
G01 X340.385 Y334.837
G01 X340.509 Y334.531
G01 X343.049 Y328.721
G01 X343.262 Y328.195
G01 X345.728 Y322.570
G01 X346.015 Y321.858
G01 X348.421 Y316.382
G01 X348.769 Y315.521
G01 X351.129 Y310.158
G01 X351.523 Y309.185
G01 X353.851 Y303.897
G01 X354.276 Y302.848
G01 X356.589 Y297.599
G01 X357.029 Y296.510
G01 X359.341 Y291.262
G01 X359.784 Y290.173
G01 X362.110 Y284.891
G01 X362.537 Y283.837
G01 X364.894 Y278.481
G01 X365.291 Y277.500
G01 X367.692 Y272.034
G01 X368.043 Y271.163
G01 X370.507 Y265.548
G01 X370.798 Y264.827
G01 X373.336 Y259.024
G01 X373.550 Y258.490
G01 X376.180 Y252.464
G01 X376.305 Y252.153
G01 X379.038 Y245.864
G01 X379.058 Y245.817
G01 X381.812 Y239.480
G01 X384.566 Y233.143
G01 X387.318 Y226.805
G01 X390.072 Y220.469
G01 X392.826 Y214.132
G01 X395.579 Y207.796
G01 X398.332 Y201.459
G01 X401.087 Y195.121
G01 X403.841 Y188.785
G01 X406.594 Y182.448
G01 X409.348 Y176.111
G01 X412.101 Y169.774
G01 X414.855 Y163.438
G01 X417.608 Y157.101
G01 X420.361 Y150.764
G01 X423.115 Y144.428
G01 X425.869 Y138.091
G01 X428.623 Y131.753
G01 X431.375 Y125.416
G01 X434.130 Y119.079
G01 X436.882 Y112.744
G01 X439.637 Y106.406
G01 X442.389 Y100.070
G01 X445.144 Y93.733
G01 X442.664 Y100.040
G01 X440.185 Y106.346
G01 X437.707 Y112.651
G01 X435.228 Y118.958
G01 X432.749 Y125.263
G01 X430.269 Y131.570
G01 X427.789 Y137.877
G01 X425.310 Y144.183
G01 X422.832 Y150.488
G01 X420.353 Y156.794
G01 X417.874 Y163.101
G01 X415.394 Y169.407
G01 X412.916 Y175.714
G01 X410.435 Y182.019
G01 X407.957 Y188.326
G01 X405.478 Y194.632
G01 X402.999 Y200.939
G01 X400.519 Y207.245
G01 X398.041 Y213.550
G01 X395.562 Y219.857
G01 X393.082 Y226.162
G01 X390.603 Y232.470
G01 X388.125 Y238.775
G01 X385.644 Y245.082
G01 X383.166 Y251.388
G01 X380.687 Y257.694
G01 X378.254 Y263.892
G01 X378.207 Y264.000
G01 X375.845 Y270.031
G01 X375.728 Y270.307
G01 X373.422 Y276.204
G01 X373.250 Y276.613
G01 X370.986 Y282.411
G01 X370.770 Y282.918
G01 X368.534 Y288.649
G01 X368.292 Y289.225
G01 X366.070 Y294.921
G01 X365.812 Y295.531
G01 X363.591 Y301.226
G01 X363.334 Y301.838
G01 X361.097 Y307.565
G01 X360.855 Y308.144
G01 X358.591 Y313.939
G01 X358.375 Y314.450
G01 X356.070 Y320.344
G01 X355.895 Y320.755
G01 X353.534 Y326.784
G01 X353.417 Y327.062
G01 X350.985 Y333.257
G01 X350.938 Y333.368
G01 X348.459 Y339.675
G01 X345.980 Y345.981
G01 X343.500 Y352.286
G01 X341.022 Y358.593
G01 X338.543 Y364.899
G01 X336.062 Y371.206
G01 X333.584 Y377.512
G01 X331.105 Y383.817
G01 X328.626 Y390.124
G01 X326.147 Y396.430
G01 X323.668 Y402.737
G01 X321.189 Y409.043
G01 X318.710 Y415.349
G01 X316.231 Y421.654
G01 X313.752 Y427.962
G01 X311.273 Y434.267
G01 X308.793 Y440.574
G01 X306.314 Y446.880
G01 X303.835 Y453.185
G01 X301.356 Y459.492
G01 X298.877 Y465.798
G01 X296.398 Y472.105
G01 X293.918 Y478.411
G01 X291.440 Y484.716
G01 X288.961 Y491.022
G01 X286.482 Y497.329
G01 X288.835 Y490.874
G01 X291.188 Y484.418
G01 X293.541 Y477.963
G01 X295.894 Y471.507
G01 X298.248 Y465.052
G01 X300.601 Y458.596
G01 X302.954 Y452.141
G01 X305.308 Y445.685
G01 X307.661 Y439.230
G01 X310.014 Y432.774
G01 X312.367 Y426.319
G01 X314.721 Y419.863
G01 X317.074 Y413.408
G01 X319.427 Y406.952
G01 X321.780 Y400.497
G01 X324.134 Y394.041
G01 X326.487 Y387.586
G01 X328.840 Y381.130
G01 X331.192 Y374.675
G01 X333.547 Y368.219
G01 X335.899 Y361.762
G01 X338.252 Y355.308
G01 X340.606 Y348.851
G01 X342.960 Y342.397
G01 X345.312 Y335.940
G01 X347.601 Y329.680
G01 X347.666 Y329.486
G01 X349.880 Y323.445
G01 X350.019 Y323.029
G01 X352.172 Y317.173
G01 X352.373 Y316.575
G01 X354.475 Y310.865
G01 X354.726 Y310.118
G01 X356.791 Y304.521
G01 X357.079 Y303.663
G01 X359.119 Y298.139
G01 X359.432 Y297.207
G01 X361.459 Y291.723
G01 X361.786 Y290.752
G01 X363.812 Y285.269
G01 X364.139 Y284.296
G01 X366.177 Y278.778
G01 X366.491 Y277.841
G01 X368.555 Y272.250
G01 X368.845 Y271.385
G01 X370.946 Y265.683
G01 X371.198 Y264.930
G01 X373.349 Y259.081
G01 X373.552 Y258.475
G01 X375.764 Y252.440
G01 X375.904 Y252.019
G01 X378.192 Y245.762
G01 X378.257 Y245.564
G01 X380.611 Y239.108
G01 X382.964 Y232.653
G01 X385.317 Y226.197
G01 X387.671 Y219.742
G01 X390.024 Y213.286
G01 X392.377 Y206.831
G01 X394.731 Y200.375
G01 X397.084 Y193.919
G01 X399.438 Y187.464
G01 X401.791 Y181.008
G01 X404.144 Y174.553
G01 X406.497 Y168.097
G01 X408.851 Y161.642
G01 X411.204 Y155.185
G01 X413.557 Y148.731
G01 X415.909 Y142.274
G01 X418.264 Y135.820
G01 X420.616 Y129.363
G01 X422.970 Y122.908
G01 X425.322 Y116.452
G01 X427.677 Y109.998
G01 X430.029 Y103.542
G01 X432.382 Y97.087
G01 X434.736 Y90.631
G01 X437.090 Y84.175
G01 X435.007 Y90.581
G01 X432.925 Y96.987
G01 X430.845 Y103.393
G01 X428.762 Y109.798
G01 X426.680 Y116.204
G01 X424.600 Y122.608
G01 X422.518 Y129.014
G01 X420.435 Y135.421
G01 X418.355 Y141.825
G01 X416.273 Y148.231
G01 X414.192 Y154.637
G01 X412.110 Y161.043
G01 X410.028 Y167.448
G01 X407.947 Y173.853
G01 X405.865 Y180.260
G01 X403.783 Y186.665
G01 X401.702 Y193.071
G01 X399.620 Y199.477
G01 X397.538 Y205.882
G01 X395.457 Y212.287
G01 X393.375 Y218.694
G01 X391.293 Y225.099
G01 X389.212 Y231.505
G01 X387.130 Y237.910
G01 X385.048 Y244.316
G01 X382.966 Y250.721
G01 X380.885 Y257.127
G01 X378.856 Y263.382
G01 X378.803 Y263.533
G01 X376.822 Y269.656
G01 X376.721 Y269.938
G01 X374.774 Y275.962
G01 X374.639 Y276.344
G01 X372.716 Y282.300
G01 X372.558 Y282.749
G01 X370.647 Y288.673
G01 X370.476 Y289.154
G01 X368.566 Y295.077
G01 X368.394 Y295.560
G01 X366.471 Y301.516
G01 X366.313 Y301.966
G01 X364.368 Y307.988
G01 X364.231 Y308.372
G01 X362.250 Y314.493
G01 X362.149 Y314.776
G01 X360.123 Y321.031
G01 X360.068 Y321.183
G01 X357.986 Y327.589
G01 X355.904 Y333.993
G01 X353.823 Y340.399
G01 X351.741 Y346.805
G01 X349.661 Y353.211
G01 X347.579 Y359.617
G01 X345.496 Y366.022
G01 X343.416 Y372.428
G01 X341.334 Y378.832
G01 X339.252 Y385.238
G01 X337.171 Y391.644
G01 X335.089 Y398.050
G01 X333.007 Y404.456
G01 X330.925 Y410.862
G01 X328.844 Y417.267
G01 X326.762 Y423.673
G01 X324.680 Y430.077
G01 X322.599 Y436.483
G01 X320.518 Y442.889
G01 X318.436 Y449.295
G01 X316.353 Y455.701
G01 X314.273 Y462.106
G01 X312.191 Y468.512
G01 X310.109 Y474.918
G01 X308.028 Y481.322
G01 X305.946 Y487.728
G01 X303.864 Y494.134
G01 X305.812 Y487.586
G01 X307.761 Y481.038
G01 X309.710 Y474.488
G01 X311.658 Y467.940
G01 X313.607 Y461.392
G01 X315.555 Y454.844
G01 X317.504 Y448.295
G01 X319.452 Y441.747
G01 X321.401 Y435.197
G01 X323.349 Y428.649
G01 X325.298 Y422.101
G01 X327.246 Y415.553
G01 X329.195 Y409.004
G01 X331.143 Y402.456
G01 X333.091 Y395.906
G01 X335.040 Y389.358
G01 X336.989 Y382.810
G01 X338.937 Y376.262
G01 X340.886 Y369.713
G01 X342.834 Y363.165
G01 X344.783 Y356.617
G01 X346.731 Y350.067
G01 X348.680 Y343.519
G01 X350.627 Y336.971
G01 X352.577 Y330.423
G01 X354.504 Y323.952
G01 X354.524 Y323.874
G01 X356.394 Y317.620
G01 X356.474 Y317.326
G01 X358.293 Y311.254
G01 X358.422 Y310.776
G01 X360.202 Y304.851
G01 X360.370 Y304.228
G01 X362.120 Y298.413
G01 X362.318 Y297.680
G01 X364.048 Y291.938
G01 X364.268 Y291.132
G01 X365.988 Y285.427
G01 X366.216 Y284.582
G01 X367.936 Y278.879
G01 X368.164 Y278.034
G01 X369.894 Y272.296
G01 X370.113 Y271.487
G01 X371.861 Y265.675
G01 X372.062 Y264.938
G01 X373.839 Y259.017
G01 X374.010 Y258.389
G01 X375.829 Y252.323
G01 X375.959 Y251.841
G01 X377.827 Y245.591
G01 X377.906 Y245.293
G01 X379.834 Y238.823
G01 X379.856 Y238.744
G01 X381.803 Y232.196
G01 X383.752 Y225.647
G01 X385.701 Y219.099
G01 X387.649 Y212.549
G01 X389.598 Y206.002
G01 X391.547 Y199.453
G01 X393.495 Y192.905
G01 X395.443 Y186.357
G01 X397.392 Y179.808
G01 X399.339 Y173.260
G01 X401.288 Y166.710
G01 X403.236 Y160.162
G01 X405.185 Y153.613
G01 X407.134 Y147.065
G01 X409.082 Y140.517
G01 X411.031 Y133.969
G01 X412.980 Y127.419
G01 X414.928 Y120.872
G01 X416.877 Y114.322
G01 X418.825 Y107.774
G01 X420.774 Y101.226
G01 X422.721 Y94.678
G01 X424.671 Y88.130
G01 X426.619 Y81.581
G01 X428.567 Y75.033
G01 X426.887 Y81.512
G01 X425.206 Y87.992
G01 X423.524 Y94.471
G01 X421.842 Y100.950
G01 X420.161 Y107.430
G01 X418.481 Y113.909
G01 X416.800 Y120.389
G01 X415.119 Y126.867
G01 X413.438 Y133.347
G01 X411.757 Y139.827
G01 X410.076 Y146.306
G01 X408.394 Y152.786
G01 X406.714 Y159.265
G01 X405.031 Y165.745
G01 X403.351 Y172.224
G01 X401.670 Y178.704
G01 X399.988 Y185.183
G01 X398.308 Y191.662
G01 X396.627 Y198.143
G01 X394.946 Y204.621
G01 X393.264 Y211.102
G01 X391.584 Y217.581
G01 X389.903 Y224.060
G01 X388.221 Y230.540
G01 X386.541 Y237.019
G01 X384.858 Y243.499
G01 X383.178 Y249.978
G01 X381.502 Y256.439
G01 X381.497 Y256.457
G01 X379.858 Y262.788
G01 X379.816 Y262.937
G01 X378.206 Y269.168
G01 X378.135 Y269.416
G01 X376.543 Y275.582
G01 X376.454 Y275.896
G01 X374.872 Y282.029
G01 X374.773 Y282.375
G01 X373.191 Y288.507
G01 X373.091 Y288.855
G01 X371.500 Y295.019
G01 X371.411 Y295.334
G01 X369.800 Y301.565
G01 X369.730 Y301.814
G01 X368.091 Y308.142
G01 X368.048 Y308.293
G01 X366.373 Y314.754
G01 X366.368 Y314.772
G01 X364.686 Y321.252
G01 X363.005 Y327.731
G01 X361.323 Y334.212
G01 X359.643 Y340.690
G01 X357.962 Y347.171
G01 X356.281 Y353.649
G01 X354.600 Y360.130
G01 X352.918 Y366.608
G01 X351.238 Y373.089
G01 X349.557 Y379.567
G01 X347.875 Y386.046
G01 X346.195 Y392.526
G01 X344.514 Y399.005
G01 X342.832 Y405.486
G01 X341.151 Y411.964
G01 X339.470 Y418.445
G01 X337.788 Y424.923
G01 X336.108 Y431.404
G01 X334.427 Y437.882
G01 X332.746 Y444.363
G01 X331.065 Y450.841
G01 X329.382 Y457.322
G01 X327.702 Y463.800
G01 X326.021 Y470.281
G01 X324.340 Y476.760
G01 X322.659 Y483.240
G01 X320.978 Y489.719
G01 X322.519 Y483.103
G01 X324.060 Y476.488
G01 X325.601 Y469.873
G01 X327.142 Y463.257
G01 X328.683 Y456.641
G01 X330.224 Y450.026
G01 X331.764 Y443.409
G01 X333.305 Y436.795
G01 X334.847 Y430.178
G01 X336.388 Y423.564
G01 X337.929 Y416.947
G01 X339.470 Y410.332
G01 X341.011 Y403.718
G01 X342.552 Y397.101
G01 X344.093 Y390.486
G01 X345.632 Y383.870
G01 X347.174 Y377.255
G01 X348.716 Y370.639
G01 X350.255 Y364.024
G01 X351.797 Y357.409
G01 X353.337 Y350.793
G01 X354.879 Y344.178
G01 X356.419 Y337.562
G01 X357.961 Y330.947
G01 X359.502 Y324.331
G01 X361.043 Y317.716
G01 X362.548 Y311.269
G01 X362.584 Y311.101
G01 X364.053 Y304.832
G01 X364.125 Y304.485
G01 X365.565 Y298.361
G01 X365.666 Y297.868
G01 X367.082 Y291.853
G01 X367.207 Y291.254
G01 X368.609 Y285.310
G01 X368.748 Y284.637
G01 X370.142 Y278.731
G01 X370.288 Y278.022
G01 X371.683 Y272.117
G01 X371.829 Y271.406
G01 X373.231 Y265.466
G01 X373.370 Y264.791
G01 X374.786 Y258.779
G01 X374.911 Y258.177
G01 X376.350 Y252.056
G01 X376.452 Y251.561
G01 X377.921 Y245.298
G01 X377.994 Y244.945
G01 X379.499 Y238.502
G01 X379.534 Y238.329
G01 X381.076 Y231.714
G01 X382.616 Y225.099
G01 X384.156 Y218.483
G01 X385.699 Y211.868
G01 X387.238 Y205.252
G01 X388.779 Y198.637
G01 X390.321 Y192.020
G01 X391.861 Y185.406
G01 X393.403 Y178.791
G01 X394.943 Y172.174
G01 X396.485 Y165.558
G01 X398.026 Y158.943
G01 X399.567 Y152.327
G01 X401.108 Y145.712
G01 X402.649 Y139.096
G01 X404.190 Y132.481
G01 X405.731 Y125.866
G01 X407.272 Y119.250
G01 X408.812 Y112.635
G01 X410.353 Y106.019
G01 X411.894 Y99.404
G01 X413.435 Y92.788
G01 X414.976 Y86.173
G01 X416.518 Y79.558
G01 X418.058 Y72.942
G01 X419.600 Y66.327
G01 X418.320 Y72.855
G01 X417.041 Y79.382
G01 X415.762 Y85.910
G01 X414.483 Y92.438
G01 X413.204 Y98.966
G01 X411.925 Y105.494
G01 X410.646 Y112.021
G01 X409.366 Y118.548
G01 X408.087 Y125.076
G01 X406.808 Y131.604
G01 X405.529 Y138.132
G01 X404.250 Y144.659
G01 X402.971 Y151.188
G01 X401.692 Y157.716
G01 X400.413 Y164.243
G01 X399.134 Y170.772
G01 X397.855 Y177.298
G01 X396.576 Y183.827
G01 X395.297 Y190.355
G01 X394.018 Y196.882
G01 X392.738 Y203.411
G01 X391.459 Y209.938
G01 X390.180 Y216.466
G01 X388.901 Y222.994
G01 X387.622 Y229.522
G01 X386.342 Y236.049
G01 X385.063 Y242.577
G01 X383.784 Y249.105
G01 X382.507 Y255.621
G01 X382.505 Y255.632
G01 X381.250 Y262.052
G01 X381.226 Y262.161
G01 X379.986 Y268.514
G01 X379.947 Y268.688
G01 X378.714 Y275.010
G01 X378.668 Y275.216
G01 X377.435 Y281.538
G01 X377.389 Y281.743
G01 X376.149 Y288.098
G01 X376.110 Y288.272
G01 X374.855 Y294.690
G01 X374.831 Y294.798
G01 X373.555 Y301.315
G01 X373.552 Y301.327
G01 X372.273 Y307.855
G01 X370.994 Y314.382
G01 X369.715 Y320.911
G01 X368.436 Y327.438
G01 X367.156 Y333.966
G01 X365.877 Y340.493
G01 X364.597 Y347.022
G01 X363.318 Y353.550
G01 X362.039 Y360.077
G01 X360.761 Y366.605
G01 X359.482 Y373.132
G01 X358.203 Y379.661
G01 X356.924 Y386.189
G01 X355.644 Y392.716
G01 X354.365 Y399.243
G01 X353.086 Y405.772
G01 X351.807 Y412.300
G01 X350.528 Y418.827
G01 X349.249 Y425.355
G01 X347.970 Y431.882
G01 X346.691 Y438.411
G01 X345.412 Y444.939
G01 X344.132 Y451.466
G01 X342.853 Y457.993
G01 X341.574 Y464.522
G01 X340.295 Y471.050
G01 X339.016 Y477.577
G01 X337.737 Y484.106
G01 X338.869 Y477.449
G01 X340.002 Y470.791
G01 X341.134 Y464.135
G01 X342.266 Y457.478
G01 X343.399 Y450.822
G01 X344.531 Y444.166
G01 X345.663 Y437.509
G01 X346.796 Y430.851
G01 X347.928 Y424.195
G01 X349.061 Y417.538
G01 X350.192 Y410.882
G01 X351.325 Y404.226
G01 X352.458 Y397.569
G01 X353.590 Y390.911
G01 X354.722 Y384.255
G01 X355.855 Y377.599
G01 X356.987 Y370.942
G01 X358.119 Y364.286
G01 X359.252 Y357.629
G01 X360.384 Y350.973
G01 X361.515 Y344.315
G01 X362.649 Y337.659
G01 X363.781 Y331.002
G01 X364.913 Y324.346
G01 X366.046 Y317.689
G01 X367.178 Y311.033
G01 X368.305 Y304.416
G01 X368.311 Y304.375
G01 X369.412 Y297.933
G01 X369.442 Y297.719
G01 X370.524 Y291.418
G01 X370.575 Y291.062
G01 X371.640 Y284.867
G01 X371.707 Y284.406
G01 X372.762 Y278.281
G01 X372.839 Y277.749
G01 X373.889 Y271.659
G01 X373.971 Y271.093
G01 X375.022 Y265.004
G01 X375.105 Y264.435
G01 X376.159 Y258.312
G01 X376.236 Y257.779
G01 X377.302 Y251.587
G01 X377.369 Y251.123
G01 X378.450 Y244.825
G01 X378.502 Y244.466
G01 X379.603 Y238.026
G01 X379.634 Y237.810
G01 X380.760 Y231.192
G01 X380.767 Y231.153
G01 X381.899 Y224.496
G01 X383.031 Y217.840
G01 X384.163 Y211.183
G01 X385.296 Y204.525
G01 X386.428 Y197.870
G01 X387.560 Y191.213
G01 X388.692 Y184.555
G01 X389.825 Y177.899
G01 X390.957 Y171.243
G01 X392.089 Y164.587
G01 X393.221 Y157.930
G01 X394.355 Y151.272
G01 X395.486 Y144.616
G01 X396.619 Y137.959
G01 X397.752 Y131.303
G01 X398.884 Y124.646
G01 X400.015 Y117.990
G01 X401.149 Y111.333
G01 X402.281 Y104.677
G01 X403.413 Y98.019
G01 X404.546 Y91.363
G01 X405.678 Y84.707
G01 X406.810 Y78.050
G01 X407.942 Y71.393
G01 X409.075 Y64.737
G01 X410.207 Y58.079
G01 X409.329 Y64.631
G01 X408.452 Y71.180
G01 X407.575 Y77.732
G01 X406.697 Y84.283
G01 X405.821 Y90.834
G01 X404.942 Y97.384
G01 X404.066 Y103.935
G01 X403.188 Y110.485
G01 X402.310 Y117.036
G01 X401.433 Y123.586
G01 X400.557 Y130.137
G01 X399.678 Y136.688
G01 X398.802 Y143.238
G01 X397.925 Y149.788
G01 X397.047 Y156.339
G01 X396.170 Y162.890
G01 X395.293 Y169.440
G01 X394.414 Y175.991
G01 X393.538 Y182.543
G01 X392.661 Y189.093
G01 X391.783 Y195.644
G01 X390.906 Y202.195
G01 X390.029 Y208.745
G01 X389.151 Y215.296
G01 X388.274 Y221.847
G01 X387.396 Y228.397
G01 X386.519 Y234.948
G01 X385.642 Y241.498
G01 X384.764 Y248.049
G01 X383.887 Y254.600
G01 X383.014 Y261.123
G01 X383.010 Y261.149
G01 X382.142 Y267.642
G01 X382.132 Y267.701
G01 X381.264 Y274.192
G01 X381.255 Y274.252
G01 X380.382 Y280.774
G01 X380.377 Y280.803
G01 X379.500 Y287.353
G01 X378.623 Y293.904
G01 X377.745 Y300.454
G01 X376.869 Y307.005
G01 X375.990 Y313.555
G01 X375.113 Y320.106
G01 X374.236 Y326.656
G01 X373.358 Y333.207
G01 X372.481 Y339.757
G01 X371.605 Y346.308
G01 X370.726 Y352.860
G01 X369.850 Y359.409
G01 X368.971 Y365.961
G01 X368.095 Y372.512
G01 X367.218 Y379.062
G01 X366.340 Y385.613
G01 X365.463 Y392.163
G01 X364.586 Y398.714
G01 X363.708 Y405.264
G01 X362.831 Y411.815
G01 X361.954 Y418.365
G01 X361.076 Y424.916
G01 X360.199 Y431.466
G01 X359.322 Y438.017
G01 X358.444 Y444.569
G01 X357.567 Y451.118
G01 X356.690 Y457.670
G01 X355.812 Y464.221
G01 X354.935 Y470.771
G01 X354.058 Y477.322
G01 X354.781 Y470.649
G01 X355.506 Y463.978
G01 X356.231 Y457.305
G01 X356.954 Y450.634
G01 X357.679 Y443.962
G01 X358.404 Y437.290
G01 X359.127 Y430.618
G01 X359.852 Y423.945
G01 X360.577 Y417.274
G01 X361.300 Y410.601
G01 X362.025 Y403.930
G01 X362.750 Y397.257
G01 X363.474 Y390.586
G01 X364.198 Y383.913
G01 X364.923 Y377.242
G01 X365.647 Y370.570
G01 X366.370 Y363.897
G01 X367.096 Y357.226
G01 X367.820 Y350.553
G01 X368.543 Y343.882
G01 X369.269 Y337.209
G01 X369.993 Y330.538
G01 X370.716 Y323.865
G01 X371.442 Y317.194
G01 X372.166 Y310.522
G01 X372.889 Y303.850
G01 X373.615 Y297.178
G01 X374.332 Y290.582
G01 X374.339 Y290.505
G01 X375.046 Y284.048
G01 X375.062 Y283.834
G01 X375.760 Y277.478
G01 X375.788 Y277.161
G01 X376.480 Y270.875
G01 X376.512 Y270.490
G01 X377.201 Y264.238
G01 X377.236 Y263.817
G01 X377.925 Y257.567
G01 X377.961 Y257.146
G01 X378.651 Y250.862
G01 X378.685 Y250.474
G01 X379.382 Y244.121
G01 X379.409 Y243.802
G01 X380.115 Y237.346
G01 X380.134 Y237.130
G01 X380.851 Y230.536
G01 X380.858 Y230.458
G01 X381.582 Y223.786
G01 X382.307 Y217.113
G01 X383.031 Y210.441
G01 X383.755 Y203.769
G01 X384.480 Y197.097
G01 X385.204 Y190.425
G01 X385.928 Y183.753
G01 X386.653 Y177.080
G01 X387.377 Y170.409
G01 X388.101 Y163.736
G01 X388.826 Y157.065
G01 X389.550 Y150.392
G01 X390.274 Y143.721
G01 X390.999 Y137.048
G01 X391.723 Y130.377
G01 X392.447 Y123.704
G01 X393.172 Y117.033
G01 X393.896 Y110.361
G01 X394.620 Y103.689
G01 X395.345 Y97.017
G01 X396.068 Y90.345
G01 X396.793 Y83.673
G01 X397.518 Y77.000
G01 X398.241 Y70.329
G01 X398.966 Y63.656
G01 X399.691 Y56.984
G01 X400.414 Y50.312
G01 X399.938 Y56.862
G01 X399.459 Y63.410
G01 X398.983 Y69.958
G01 X398.505 Y76.506
G01 X398.028 Y83.055
G01 X397.550 Y89.603
G01 X397.072 Y96.151
G01 X396.596 Y102.699
G01 X396.118 Y109.248
G01 X395.640 Y115.796
G01 X395.163 Y122.343
G01 X394.685 Y128.892
G01 X394.207 Y135.440
G01 X393.731 Y141.988
G01 X393.252 Y148.536
G01 X392.776 Y155.084
G01 X392.298 Y161.633
G01 X391.821 Y168.181
G01 X391.342 Y174.729
G01 X390.865 Y181.279
G01 X390.387 Y187.827
G01 X389.911 Y194.375
G01 X389.433 Y200.923
G01 X388.956 Y207.472
G01 X388.478 Y214.019
G01 X388.000 Y220.567
G01 X387.524 Y227.117
G01 X387.046 Y233.665
G01 X386.568 Y240.213
G01 X386.091 Y246.761
G01 X385.613 Y253.310
G01 X385.137 Y259.858
G01 X384.659 Y266.406
G01 X384.182 Y272.954
G01 X383.704 Y279.502
G01 X383.226 Y286.050
G01 X382.749 Y292.599
G01 X382.272 Y299.147
G01 X381.793 Y305.695
G01 X381.317 Y312.243
G01 X380.839 Y318.791
G01 X380.361 Y325.341
G01 X379.885 Y331.889
G01 X379.406 Y338.437
G01 X378.930 Y344.985
G01 X378.452 Y351.534
G01 X377.975 Y358.082
G01 X377.497 Y364.630
G01 X377.019 Y371.178
G01 X376.542 Y377.726
G01 X376.065 Y384.274
G01 X375.587 Y390.822
G01 X375.110 Y397.372
G01 X374.633 Y403.920
G01 X374.155 Y410.468
G01 X373.678 Y417.016
G01 X373.200 Y423.565
G01 X372.723 Y430.113
G01 X372.245 Y436.661
G01 X371.768 Y443.209
G01 X371.290 Y449.757
G01 X370.812 Y456.305
G01 X370.335 Y462.853
G01 X369.858 Y469.401
G01 X370.175 Y462.740
G01 X370.495 Y456.079
G01 X370.814 Y449.416
G01 X371.132 Y442.755
G01 X371.451 Y436.093
G01 X371.769 Y429.430
G01 X372.088 Y422.769
G01 X372.407 Y416.108
G01 X372.725 Y409.445
G01 X373.043 Y402.784
G01 X373.362 Y396.122
G01 X373.681 Y389.461
G01 X374.000 Y382.798
G01 X374.317 Y376.137
G01 X374.637 Y369.475
G01 X374.954 Y362.812
G01 X375.274 Y356.151
G01 X375.591 Y349.488
G01 X375.911 Y342.827
G01 X376.230 Y336.166
G01 X376.548 Y329.504
G01 X376.865 Y322.841
G01 X377.185 Y316.180
G01 X377.504 Y309.517
G01 X377.822 Y302.856
G01 X378.140 Y296.195
G01 X378.459 Y289.533
G01 X378.778 Y282.870
G01 X379.095 Y276.281
G01 X379.096 Y276.209
G01 X379.411 Y269.719
G01 X379.414 Y269.546
G01 X379.728 Y263.124
G01 X379.733 Y262.885
G01 X380.046 Y256.497
G01 X380.052 Y256.224
G01 X380.363 Y249.835
G01 X380.370 Y249.561
G01 X380.683 Y243.139
G01 X380.690 Y242.900
G01 X381.004 Y236.411
G01 X381.007 Y236.238
G01 X381.325 Y229.649
G01 X381.327 Y229.577
G01 X381.644 Y222.915
G01 X381.964 Y216.252
G01 X382.281 Y209.591
G01 X382.601 Y202.929
G01 X382.918 Y196.267
G01 X383.238 Y189.606
G01 X383.557 Y182.943
G01 X383.875 Y176.281
G01 X384.193 Y169.620
G01 X384.512 Y162.957
G01 X384.831 Y156.296
G01 X385.149 Y149.635
G01 X385.467 Y142.972
G01 X385.786 Y136.310
G01 X386.105 Y129.649
G01 X386.423 Y122.986
G01 X386.741 Y116.326
G01 X387.060 Y109.663
G01 X387.379 Y103.002
G01 X387.697 Y96.339
G01 X388.017 Y89.678
G01 X388.334 Y83.016
G01 X388.654 Y76.355
G01 X388.971 Y69.692
G01 X389.291 Y63.031
G01 X389.608 Y56.369
G01 X389.928 Y49.707
G01 X390.247 Y43.044
G01 X390.166 Y49.566
G01 X390.084 Y56.087
G01 X390.004 Y62.608
G01 X389.922 Y69.129
G01 X389.841 Y75.649
G01 X389.760 Y82.171
G01 X389.678 Y88.692
G01 X389.598 Y95.213
G01 X389.517 Y101.733
G01 X389.435 Y108.255
G01 X389.355 Y114.776
G01 X389.274 Y121.297
G01 X389.192 Y127.817
G01 X389.111 Y134.339
G01 X389.031 Y140.859
G01 X388.950 Y147.380
G01 X388.869 Y153.901
G01 X388.788 Y160.423
G01 X388.707 Y166.942
G01 X388.625 Y173.464
G01 X388.545 Y179.984
G01 X388.462 Y186.506
G01 X388.382 Y193.026
G01 X388.302 Y199.548
G01 X388.220 Y206.069
G01 X388.139 Y212.590
G01 X388.058 Y219.111
G01 X387.976 Y225.632
G01 X387.896 Y232.153
G01 X387.815 Y238.674
G01 X387.733 Y245.195
G01 X387.653 Y251.716
G01 X387.572 Y258.237
G01 X387.490 Y264.757
G01 X387.409 Y271.279
G01 X387.329 Y277.800
G01 X387.248 Y284.320
G01 X387.167 Y290.841
G01 X387.086 Y297.362
G01 X387.005 Y303.882
G01 X386.923 Y310.404
G01 X386.841 Y316.925
G01 X386.760 Y323.445
G01 X386.680 Y329.966
G01 X386.599 Y336.488
G01 X386.518 Y343.009
G01 X386.437 Y349.529
G01 X386.356 Y356.050
G01 X386.274 Y362.572
G01 X386.193 Y369.093
G01 X386.113 Y375.613
G01 X386.031 Y382.135
G01 X385.951 Y388.656
G01 X385.870 Y395.177
G01 X385.788 Y401.697
G01 X385.707 Y408.219
G01 X385.627 Y414.740
G01 X385.546 Y421.260
G01 X385.464 Y427.781
G01 X385.384 Y434.302
G01 X385.303 Y440.824
G01 X385.221 Y447.344
G01 X385.139 Y453.865
G01 X385.060 Y460.385
G01 X384.976 Y453.760
G01 X384.893 Y447.132
G01 X384.810 Y440.507
G01 X384.726 Y433.880
G01 X384.643 Y427.254
G01 X384.560 Y420.627
G01 X384.476 Y414.000
G01 X384.393 Y407.375
G01 X384.310 Y400.748
G01 X384.226 Y394.122
G01 X384.143 Y387.495
G01 X384.060 Y380.868
G01 X383.976 Y374.243
G01 X383.893 Y367.615
G01 X383.810 Y360.990
G01 X383.726 Y354.363
G01 X383.643 Y347.737
G01 X383.560 Y341.111
G01 X383.476 Y334.483
G01 X383.393 Y327.858
G01 X383.310 Y321.231
G01 X383.226 Y314.605
G01 X383.143 Y307.978
G01 X383.060 Y301.351
G01 X382.976 Y294.726
G01 X382.893 Y288.099
G01 X382.810 Y281.473
G01 X382.726 Y274.846
G01 X382.643 Y268.219
G01 X382.560 Y261.618
G01 X382.560 Y261.593
G01 X382.480 Y255.056
G01 X382.476 Y254.966
G01 X382.398 Y248.463
G01 X382.394 Y248.341
G01 X382.315 Y241.837
G01 X382.310 Y241.714
G01 X382.230 Y235.178
G01 X382.226 Y235.088
G01 X382.144 Y228.486
G01 X382.144 Y228.460
G01 X382.060 Y221.835
G01 X381.976 Y215.208
G01 X381.894 Y208.582
G01 X381.810 Y201.956
G01 X381.726 Y195.329
G01 X381.644 Y188.703
G01 X381.560 Y182.075
G01 X381.476 Y175.450
G01 X381.394 Y168.822
G01 X381.310 Y162.197
G01 X381.226 Y155.570
G01 X381.144 Y148.943
G01 X381.060 Y142.317
G01 X380.976 Y135.690
G01 X380.894 Y129.065
G01 X380.810 Y122.438
G01 X380.726 Y115.812
G01 X380.644 Y109.185
G01 X380.560 Y102.559
G01 X380.476 Y95.933
G01 X380.394 Y89.305
G01 X380.310 Y82.680
G01 X380.226 Y76.053
G01 X380.144 Y69.427
G01 X380.060 Y62.800
G01 X379.978 Y56.173
G01 X379.894 Y49.548
G01 X379.810 Y42.921
G01 X379.728 Y36.294
G01 X380.038 Y42.764
G01 X380.348 Y49.233
G01 X380.658 Y55.702
G01 X380.969 Y62.171
G01 X381.279 Y68.641
G01 X381.589 Y75.108
G01 X381.899 Y81.579
G01 X382.209 Y88.048
G01 X382.519 Y94.517
G01 X382.829 Y100.986
G01 X383.140 Y107.454
G01 X383.451 Y113.923
G01 X383.760 Y120.393
G01 X384.072 Y126.862
G01 X384.382 Y133.332
G01 X384.692 Y139.800
G01 X385.002 Y146.269
G01 X385.312 Y152.738
G01 X385.623 Y159.207
G01 X385.933 Y165.676
G01 X386.244 Y172.145
G01 X386.553 Y178.615
G01 X386.863 Y185.084
G01 X387.173 Y191.554
G01 X387.485 Y198.023
G01 X387.795 Y204.492
G01 X388.105 Y210.960
G01 X388.416 Y217.430
G01 X388.726 Y223.899
G01 X389.036 Y230.369
G01 X389.346 Y236.838
G01 X389.656 Y243.306
G01 X389.966 Y249.775
G01 X390.276 Y256.245
G01 X390.587 Y262.714
G01 X390.898 Y269.183
G01 X391.207 Y275.651
G01 X391.518 Y282.120
G01 X391.829 Y288.591
G01 X392.139 Y295.060
G01 X392.449 Y301.529
G01 X392.760 Y307.998
G01 X393.070 Y314.466
G01 X393.380 Y320.935
G01 X393.691 Y327.404
G01 X394.000 Y333.874
G01 X394.310 Y340.344
G01 X394.620 Y346.812
G01 X394.932 Y353.281
G01 X395.241 Y359.750
G01 X395.552 Y366.219
G01 X395.861 Y372.689
G01 X396.173 Y379.158
G01 X396.483 Y385.627
G01 X396.793 Y392.096
G01 X397.103 Y398.565
G01 X397.413 Y405.034
G01 X397.724 Y411.504
G01 X398.034 Y417.973
G01 X398.345 Y424.442
G01 X398.654 Y430.911
G01 X398.964 Y437.380
G01 X399.276 Y443.850
G01 X399.586 Y450.319
G01 X399.106 Y443.752
G01 X398.625 Y437.185
G01 X398.147 Y430.620
G01 X397.667 Y424.053
G01 X397.187 Y417.487
G01 X396.707 Y410.921
G01 X396.228 Y404.355
G01 X395.748 Y397.788
G01 X395.268 Y391.221
G01 X394.788 Y384.656
G01 X394.308 Y378.089
G01 X393.829 Y371.522
G01 X393.350 Y364.957
G01 X392.870 Y358.391
G01 X392.389 Y351.825
G01 X391.911 Y345.257
G01 X391.430 Y338.692
G01 X390.951 Y332.125
G01 X390.471 Y325.560
G01 X389.991 Y318.993
G01 X389.512 Y312.427
G01 X389.031 Y305.861
G01 X388.552 Y299.295
G01 X388.072 Y292.728
G01 X387.592 Y286.161
G01 X387.113 Y279.596
G01 X386.634 Y273.029
G01 X386.154 Y266.463
G01 X385.673 Y259.897
G01 X385.195 Y253.331
G01 X384.714 Y246.764
G01 X384.235 Y240.198
G01 X383.755 Y233.632
G01 X383.276 Y227.066
G01 X382.796 Y220.500
G01 X382.316 Y213.934
G01 X381.837 Y207.367
G01 X381.356 Y200.800
G01 X380.877 Y194.234
G01 X380.398 Y187.668
G01 X379.918 Y181.101
G01 X379.438 Y174.536
G01 X378.957 Y167.969
G01 X378.478 Y161.404
G01 X377.999 Y154.837
G01 X377.519 Y148.270
G01 X377.038 Y141.704
G01 X376.560 Y135.138
G01 X376.079 Y128.572
G01 X375.599 Y122.005
G01 X375.120 Y115.440
G01 X374.640 Y108.874
G01 X374.161 Y102.307
G01 X373.682 Y95.740
G01 X373.202 Y89.175
G01 X372.721 Y82.608
G01 X372.243 Y76.042
G01 X371.762 Y69.476
G01 X371.282 Y62.910
G01 X370.803 Y56.343
G01 X370.323 Y49.776
G01 X369.844 Y43.211
G01 X369.363 Y36.644
G01 X368.883 Y30.078
G01 X369.579 Y36.471
G01 X370.274 Y42.865
G01 X370.969 Y49.257
G01 X371.664 Y55.651
G01 X372.358 Y62.044
G01 X373.053 Y68.438
G01 X373.748 Y74.831
G01 X374.443 Y81.225
G01 X375.139 Y87.618
G01 X375.833 Y94.012
G01 X376.529 Y100.405
G01 X377.224 Y106.798
G01 X377.918 Y113.191
G01 X378.615 Y119.584
G01 X379.308 Y125.977
G01 X380.004 Y132.370
G01 X380.700 Y138.764
G01 X381.394 Y145.157
G01 X382.089 Y151.550
G01 X382.784 Y157.945
G01 X383.478 Y164.337
G01 X384.173 Y170.731
G01 X384.870 Y177.123
G01 X385.563 Y183.517
G01 X386.259 Y189.911
G01 X386.954 Y196.304
G01 X387.649 Y202.698
G01 X388.345 Y209.091
G01 X389.039 Y215.484
G01 X389.735 Y221.877
G01 X390.430 Y228.270
G01 X391.125 Y234.663
G01 X391.820 Y241.058
G01 X392.514 Y247.451
G01 X393.209 Y253.844
G01 X393.904 Y260.237
G01 X394.600 Y266.630
G01 X395.295 Y273.024
G01 X395.990 Y279.416
G01 X396.683 Y285.810
G01 X397.380 Y292.204
G01 X398.075 Y298.596
G01 X398.769 Y304.990
G01 X399.464 Y311.384
G01 X400.159 Y317.776
G01 X400.855 Y324.170
G01 X401.550 Y330.564
G01 X402.245 Y336.957
G01 X402.940 Y343.350
G01 X403.635 Y349.743
G01 X404.329 Y356.137
G01 X405.024 Y362.529
G01 X405.720 Y368.923
G01 X406.414 Y375.317
G01 X407.108 Y381.709
G01 X407.805 Y388.103
G01 X408.500 Y394.497
G01 X409.195 Y400.889
G01 X409.889 Y407.283
G01 X410.584 Y413.677
G01 X411.279 Y420.070
G01 X411.975 Y426.463
G01 X412.670 Y432.856
G01 X413.365 Y439.250
G01 X412.495 Y432.767
G01 X411.627 Y426.286
G01 X410.757 Y419.803
G01 X409.887 Y413.322
G01 X409.019 Y406.841
G01 X408.149 Y400.358
G01 X407.281 Y393.877
G01 X406.411 Y387.394
G01 X405.543 Y380.913
G01 X404.673 Y374.430
G01 X403.805 Y367.950
G01 X402.935 Y361.468
G01 X402.067 Y354.986
G01 X401.197 Y348.504
G01 X400.329 Y342.022
G01 X399.459 Y335.540
G01 X398.589 Y329.058
G01 X397.721 Y322.577
G01 X396.851 Y316.094
G01 X395.983 Y309.613
G01 X395.113 Y303.130
G01 X394.245 Y296.649
G01 X393.375 Y290.166
G01 X392.507 Y283.685
G01 X391.637 Y277.204
G01 X390.769 Y270.721
G01 X389.899 Y264.240
G01 X389.031 Y257.757
G01 X388.161 Y251.275
G01 X387.293 Y244.794
G01 X386.423 Y238.312
G01 X385.553 Y231.831
G01 X384.685 Y225.349
G01 X383.816 Y218.867
G01 X382.947 Y212.385
G01 X382.077 Y205.903
G01 X381.209 Y199.422
G01 X380.339 Y192.940
G01 X379.471 Y186.458
G01 X378.601 Y179.976
G01 X377.733 Y173.493
G01 X376.863 Y167.012
G01 X375.995 Y160.531
G01 X375.125 Y154.048
G01 X374.257 Y147.567
G01 X373.387 Y141.084
G01 X372.518 Y134.603
G01 X371.649 Y128.120
G01 X370.779 Y121.639
G01 X369.911 Y115.158
G01 X369.041 Y108.675
G01 X368.173 Y102.194
G01 X367.303 Y95.712
G01 X366.435 Y89.230
G01 X365.565 Y82.748
G01 X364.697 Y76.267
G01 X363.827 Y69.785
G01 X362.959 Y63.303
G01 X362.089 Y56.821
G01 X361.219 Y50.339
G01 X360.351 Y43.857
G01 X359.481 Y37.375
G01 X358.613 Y30.893
G01 X357.743 Y24.412
G01 X358.815 Y30.706
G01 X359.887 Y37.000
G01 X360.959 Y43.293
G01 X362.031 Y49.588
G01 X363.101 Y55.882
G01 X364.173 Y62.177
G01 X365.245 Y68.471
G01 X366.317 Y74.764
G01 X367.387 Y81.059
G01 X368.459 Y87.353
G01 X369.531 Y93.647
G01 X370.603 Y99.941
G01 X371.674 Y106.235
G01 X372.746 Y112.529
G01 X373.817 Y118.824
G01 X374.889 Y125.117
G01 X375.961 Y131.411
G01 X377.033 Y137.705
G01 X378.105 Y144.000
G01 X379.175 Y150.293
G01 X380.248 Y156.587
G01 X381.318 Y162.882
G01 X382.390 Y169.175
G01 X383.462 Y175.471
G01 X384.534 Y181.764
G01 X385.606 Y188.059
G01 X386.678 Y194.353
G01 X387.749 Y200.647
G01 X388.821 Y206.941
G01 X389.892 Y213.234
G01 X390.964 Y219.529
G01 X392.034 Y225.823
G01 X393.106 Y232.118
G01 X394.178 Y238.412
G01 X395.250 Y244.706
G01 X396.322 Y251.000
G01 X397.394 Y257.293
G01 X398.464 Y263.588
G01 X399.536 Y269.882
G01 X400.608 Y276.175
G01 X401.680 Y282.471
G01 X402.752 Y288.764
G01 X403.822 Y295.058
G01 X404.894 Y301.353
G01 X405.966 Y307.647
G01 X407.038 Y313.940
G01 X408.110 Y320.235
G01 X409.180 Y326.529
G01 X410.252 Y332.824
G01 X411.324 Y339.118
G01 X412.396 Y345.411
G01 X413.467 Y351.706
G01 X414.538 Y358.000
G01 X415.611 Y364.293
G01 X416.683 Y370.588
G01 X417.754 Y376.882
G01 X418.826 Y383.175
G01 X419.897 Y389.471
G01 X420.969 Y395.764
G01 X422.041 Y402.058
G01 X423.111 Y408.353
G01 X424.183 Y414.647
G01 X425.255 Y420.940
G01 X426.327 Y427.235
G01 X425.077 Y420.861
G01 X423.827 Y414.488
G01 X422.577 Y408.113
G01 X421.327 Y401.740
G01 X420.077 Y395.365
G01 X418.827 Y388.992
G01 X417.577 Y382.618
G01 X416.327 Y376.245
G01 X415.077 Y369.870
G01 X413.827 Y363.497
G01 X412.577 Y357.123
G01 X411.329 Y350.749
G01 X410.077 Y344.375
G01 X408.829 Y338.000
G01 X407.579 Y331.627
G01 X406.329 Y325.252
G01 X405.079 Y318.880
G01 X403.829 Y312.505
G01 X402.579 Y306.132
G01 X401.329 Y299.757
G01 X400.079 Y293.384
G01 X398.829 Y287.010
G01 X397.579 Y280.637
G01 X396.329 Y274.262
G01 X395.079 Y267.889
G01 X393.829 Y261.514
G01 X392.579 Y255.141
G01 X391.329 Y248.767
G01 X390.079 Y242.394
G01 X388.829 Y236.019
G01 X387.581 Y229.645
G01 X386.331 Y223.272
G01 X385.081 Y216.898
G01 X383.831 Y210.524
G01 X382.581 Y204.150
G01 X381.331 Y197.776
G01 X380.081 Y191.403
G01 X378.831 Y185.029
G01 X377.581 Y178.654
G01 X376.332 Y172.281
G01 X375.082 Y165.906
G01 X373.832 Y159.534
G01 X372.582 Y153.159
G01 X371.332 Y146.786
G01 X370.082 Y140.411
G01 X368.832 Y134.037
G01 X367.582 Y127.664
G01 X366.332 Y121.291
G01 X365.082 Y114.917
G01 X363.832 Y108.543
G01 X362.582 Y102.168
G01 X361.332 Y95.795
G01 X360.082 Y89.421
G01 X358.832 Y83.047
G01 X357.582 Y76.673
G01 X356.332 Y70.300
G01 X355.084 Y63.925
G01 X353.834 Y57.552
G01 X352.584 Y51.178
G01 X351.334 Y44.804
G01 X350.084 Y38.430
G01 X348.834 Y32.056
G01 X347.584 Y25.683
G01 X346.334 Y19.309
G01 X347.772 Y25.481
G01 X349.212 Y31.653
G01 X350.649 Y37.826
G01 X352.089 Y43.998
G01 X353.527 Y50.169
G01 X354.966 Y56.343
G01 X356.404 Y62.514
G01 X357.844 Y68.687
G01 X359.281 Y74.858
G01 X360.721 Y81.031
G01 X362.159 Y87.204
G01 X363.597 Y93.375
G01 X365.036 Y99.548
G01 X366.476 Y105.721
G01 X367.913 Y111.893
G01 X369.353 Y118.065
G01 X370.791 Y124.237
G01 X372.229 Y130.409
G01 X373.668 Y136.582
G01 X375.106 Y142.755
G01 X376.546 Y148.926
G01 X377.985 Y155.099
G01 X379.423 Y161.270
G01 X380.861 Y167.443
G01 X382.300 Y173.615
G01 X383.738 Y179.787
G01 X385.178 Y185.960
G01 X386.616 Y192.132
G01 X388.055 Y198.305
G01 X389.494 Y204.477
G01 X390.933 Y210.650
G01 X392.370 Y216.822
G01 X393.810 Y222.994
G01 X395.248 Y229.166
G01 X396.687 Y235.339
G01 X398.125 Y241.511
G01 X399.563 Y247.683
G01 X401.002 Y253.856
G01 X402.442 Y260.028
G01 X403.880 Y266.200
G01 X405.318 Y272.372
G01 X406.757 Y278.545
G01 X408.196 Y284.716
G01 X409.635 Y290.889
G01 X411.074 Y297.060
G01 X412.512 Y303.233
G01 X413.951 Y309.406
G01 X415.389 Y315.577
G01 X416.827 Y321.750
G01 X418.267 Y327.923
G01 X419.706 Y334.094
G01 X421.144 Y340.267
G01 X422.582 Y346.440
G01 X424.022 Y352.612
G01 X425.459 Y358.784
G01 X426.899 Y364.957
G01 X428.337 Y371.129
G01 X429.776 Y377.300
G01 X431.214 Y383.473
G01 X432.653 Y389.646
G01 X434.091 Y395.817
G01 X435.531 Y401.990
G01 X436.969 Y408.163
G01 X438.408 Y414.334
G01 X436.786 Y408.091
G01 X435.167 Y401.849
G01 X433.546 Y395.606
G01 X431.925 Y389.363
G01 X430.305 Y383.120
G01 X428.683 Y376.877
G01 X427.062 Y370.634
G01 X425.442 Y364.391
G01 X423.822 Y358.147
G01 X422.201 Y351.904
G01 X420.581 Y345.661
G01 X418.959 Y339.418
G01 X417.339 Y333.175
G01 X415.717 Y326.933
G01 X414.098 Y320.690
G01 X412.476 Y314.447
G01 X410.856 Y308.204
G01 X409.236 Y301.961
G01 X407.615 Y295.718
G01 X405.994 Y289.475
G01 X404.374 Y283.231
G01 X402.752 Y276.988
G01 X401.132 Y270.745
G01 X399.510 Y264.502
G01 X397.890 Y258.260
G01 X396.269 Y252.017
G01 X394.649 Y245.774
G01 X393.029 Y239.531
G01 X391.408 Y233.287
G01 X389.786 Y227.044
G01 X388.167 Y220.802
G01 X386.546 Y214.559
G01 X384.925 Y208.316
G01 X383.305 Y202.073
G01 X381.683 Y195.829
G01 X380.062 Y189.587
G01 X378.442 Y183.344
G01 X376.822 Y177.101
G01 X375.201 Y170.858
G01 X373.579 Y164.615
G01 X371.960 Y158.371
G01 X370.339 Y152.128
G01 X368.717 Y145.885
G01 X367.097 Y139.642
G01 X365.476 Y133.400
G01 X363.856 Y127.157
G01 X362.236 Y120.913
G01 X360.615 Y114.671
G01 X358.993 Y108.428
G01 X357.373 Y102.185
G01 X355.752 Y95.942
G01 X354.132 Y89.699
G01 X352.512 Y83.456
G01 X350.890 Y77.213
G01 X349.269 Y70.970
G01 X347.649 Y64.726
G01 X346.029 Y58.483
G01 X344.407 Y52.240
G01 X342.786 Y45.998
G01 X341.166 Y39.755
G01 X339.546 Y33.512
G01 X337.925 Y27.269
G01 X336.305 Y21.026
G01 X334.683 Y14.782
G01 X336.478 Y20.811
G01 X338.272 Y26.840
G01 X340.067 Y32.869
G01 X341.863 Y38.897
G01 X343.657 Y44.925
G01 X345.452 Y50.954
G01 X347.246 Y56.983
G01 X349.041 Y63.011
G01 X350.837 Y69.040
G01 X352.630 Y75.069
G01 X354.425 Y81.096
G01 X356.221 Y87.125
G01 X358.015 Y93.155
G01 X359.810 Y99.183
G01 X361.604 Y105.212
G01 X363.399 Y111.240
G01 X365.195 Y117.269
G01 X366.988 Y123.297
G01 X368.784 Y129.325
G01 X370.579 Y135.354
G01 X372.374 Y141.382
G01 X374.168 Y147.411
G01 X375.962 Y153.440
G01 X377.757 Y159.469
G01 X379.553 Y165.498
G01 X381.346 Y171.525
G01 X383.142 Y177.555
G01 X384.937 Y183.584
G01 X386.731 Y189.612
G01 X388.526 Y195.641
G01 X390.321 Y201.668
G01 X392.115 Y207.698
G01 X393.911 Y213.727
G01 X395.704 Y219.755
G01 X397.500 Y225.784
G01 X399.295 Y231.811
G01 X401.089 Y237.841
G01 X402.884 Y243.869
G01 X404.678 Y249.898
G01 X406.474 Y255.927
G01 X408.268 Y261.954
G01 X410.062 Y267.983
G01 X411.858 Y274.012
G01 X413.653 Y280.041
G01 X415.447 Y286.070
G01 X417.241 Y292.098
G01 X419.036 Y298.127
G01 X420.832 Y304.154
G01 X422.625 Y310.183
G01 X424.421 Y316.213
G01 X426.216 Y322.240
G01 X428.010 Y328.269
G01 X429.805 Y334.298
G01 X431.600 Y340.327
G01 X433.394 Y346.356
G01 X435.190 Y352.384
G01 X436.983 Y358.413
G01 X438.779 Y364.440
G01 X440.574 Y370.469
G01 X442.369 Y376.499
G01 X444.163 Y382.526
G01 X445.957 Y388.555
G01 X447.752 Y394.584
G01 X449.548 Y400.613
G01 X447.567 Y394.522
G01 X445.587 Y388.433
G01 X443.606 Y382.343
G01 X441.627 Y376.252
G01 X439.647 Y370.161
G01 X437.667 Y364.072
G01 X435.687 Y357.981
G01 X433.707 Y351.892
G01 X431.726 Y345.802
G01 X429.747 Y339.712
G01 X427.767 Y333.622
G01 X425.786 Y327.531
G01 X423.805 Y321.440
G01 X421.826 Y315.351
G01 X419.846 Y309.260
G01 X417.865 Y303.171
G01 X415.885 Y297.081
G01 X413.906 Y290.990
G01 X411.925 Y284.901
G01 X409.946 Y278.810
G01 X407.966 Y272.719
G01 X405.986 Y266.630
G01 X404.005 Y260.540
G01 X402.026 Y254.450
G01 X400.045 Y248.359
G01 X398.065 Y242.269
G01 X396.084 Y236.180
G01 X394.105 Y230.089
G01 X392.125 Y223.999
G01 X390.144 Y217.909
G01 X388.164 Y211.819
G01 X386.185 Y205.728
G01 X384.204 Y199.638
G01 X382.224 Y193.549
G01 X380.244 Y187.458
G01 X378.264 Y181.368
G01 X376.284 Y175.277
G01 X374.303 Y169.188
G01 X372.324 Y163.097
G01 X370.344 Y157.007
G01 X368.364 Y150.918
G01 X366.384 Y144.827
G01 X364.404 Y138.737
G01 X362.423 Y132.647
G01 X360.443 Y126.557
G01 X358.464 Y120.466
G01 X356.483 Y114.377
G01 X354.502 Y108.286
G01 X352.522 Y102.196
G01 X350.543 Y96.107
G01 X348.562 Y90.016
G01 X346.582 Y83.925
G01 X344.603 Y77.836
G01 X342.623 Y71.745
G01 X340.642 Y65.656
G01 X338.662 Y59.566
G01 X336.681 Y53.476
G01 X334.702 Y47.385
G01 X332.721 Y41.294
G01 X330.741 Y35.204
G01 X328.762 Y29.115
G01 X326.781 Y23.025
G01 X324.801 Y16.935
G01 X322.822 Y10.845
G01 X324.959 Y16.709
G01 X327.099 Y22.572
G01 X329.238 Y28.436
G01 X331.375 Y34.300
G01 X333.514 Y40.163
G01 X335.652 Y46.028
G01 X337.791 Y51.892
G01 X339.930 Y57.756
G01 X342.068 Y63.620
G01 X344.207 Y69.483
G01 X346.346 Y75.348
G01 X348.484 Y81.212
G01 X350.623 Y87.076
G01 X352.762 Y92.940
G01 X354.899 Y98.804
G01 X357.038 Y104.668
G01 X359.176 Y110.531
G01 X361.315 Y116.396
G01 X363.454 Y122.260
G01 X365.592 Y128.124
G01 X367.731 Y133.988
G01 X369.870 Y139.851
G01 X372.009 Y145.716
G01 X374.147 Y151.579
G01 X376.286 Y157.443
G01 X378.423 Y163.308
G01 X380.562 Y169.171
G01 X382.702 Y175.036
G01 X384.839 Y180.899
G01 X386.978 Y186.763
G01 X389.116 Y192.627
G01 X391.255 Y198.492
G01 X393.394 Y204.356
G01 X395.533 Y210.219
G01 X397.671 Y216.083
G01 X399.810 Y221.947
G01 X401.949 Y227.811
G01 X404.087 Y233.674
G01 X406.226 Y239.538
G01 X408.363 Y245.403
G01 X410.502 Y251.267
G01 X412.640 Y257.130
G01 X414.779 Y262.995
G01 X416.918 Y268.858
G01 X419.057 Y274.723
G01 X421.196 Y280.587
G01 X423.334 Y286.451
G01 X425.473 Y292.315
G01 X427.611 Y298.178
G01 X429.750 Y304.043
G01 X431.887 Y309.906
G01 X434.026 Y315.771
G01 X436.166 Y321.635
G01 X438.303 Y327.499
G01 X440.442 Y333.363
G01 X442.581 Y339.226
G01 X444.720 Y345.091
G01 X446.858 Y350.954
G01 X448.996 Y356.819
G01 X451.135 Y362.683
G01 X453.274 Y368.546
G01 X455.413 Y374.411
G01 X457.550 Y380.274
G01 X459.690 Y386.137
G01 X457.363 Y380.221
G01 X455.036 Y374.305
G01 X452.709 Y368.389
G01 X450.382 Y362.474
G01 X448.055 Y356.558
G01 X445.728 Y350.641
G01 X443.401 Y344.725
G01 X441.076 Y338.808
G01 X438.749 Y332.892
G01 X436.422 Y326.976
G01 X434.096 Y321.060
G01 X431.769 Y315.144
G01 X429.442 Y309.228
G01 X427.115 Y303.312
G01 X424.788 Y297.396
G01 X422.462 Y291.480
G01 X420.135 Y285.564
G01 X417.808 Y279.647
G01 X415.481 Y273.731
G01 X413.154 Y267.815
G01 X410.827 Y261.899
G01 X408.500 Y255.983
G01 X406.173 Y250.067
G01 X403.848 Y244.150
G01 X401.521 Y238.234
G01 X399.193 Y232.317
G01 X396.866 Y226.401
G01 X394.541 Y220.486
G01 X392.214 Y214.570
G01 X389.887 Y208.654
G01 X387.560 Y202.738
G01 X385.233 Y196.821
G01 X382.906 Y190.905
G01 X380.579 Y184.988
G01 X378.252 Y179.072
G01 X375.927 Y173.156
G01 X373.600 Y167.240
G01 X371.273 Y161.323
G01 X368.947 Y155.407
G01 X366.620 Y149.491
G01 X364.293 Y143.576
G01 X361.966 Y137.660
G01 X359.639 Y131.743
G01 X357.312 Y125.827
G01 X354.986 Y119.911
G01 X352.659 Y113.995
G01 X350.332 Y108.079
G01 X348.005 Y102.163
G01 X345.678 Y96.247
G01 X343.351 Y90.331
G01 X341.025 Y84.413
G01 X338.698 Y78.498
G01 X336.371 Y72.582
G01 X334.044 Y66.666
G01 X331.719 Y60.750
G01 X329.392 Y54.833
G01 X327.065 Y48.917
G01 X324.738 Y43.001
G01 X322.411 Y37.084
G01 X320.084 Y31.168
G01 X317.757 Y25.252
G01 X315.430 Y19.337
G01 X313.104 Y13.419
G01 X310.777 Y7.504
G01 X313.246 Y13.183
G01 X315.714 Y18.863
G01 X318.183 Y24.542
G01 X320.652 Y30.221
G01 X323.121 Y35.901
G01 X325.591 Y41.579
G01 X328.060 Y47.260
G01 X330.529 Y52.939
G01 X332.996 Y58.618
G01 X335.466 Y64.298
G01 X337.935 Y69.976
G01 X340.404 Y75.656
G01 X342.873 Y81.336
G01 X345.341 Y87.014
G01 X347.810 Y92.695
G01 X350.279 Y98.374
G01 X352.748 Y104.053
G01 X355.216 Y109.733
G01 X357.685 Y115.411
G01 X360.154 Y121.091
G01 X362.623 Y126.771
G01 X365.091 Y132.450
G01 X367.561 Y138.128
G01 X370.029 Y143.808
G01 X372.499 Y149.488
G01 X374.967 Y155.168
G01 X377.437 Y160.846
G01 X379.906 Y166.525
G01 X382.374 Y172.205
G01 X384.842 Y177.885
G01 X387.312 Y183.565
G01 X389.781 Y189.244
G01 X392.250 Y194.923
G01 X394.719 Y200.603
G01 X397.187 Y206.281
G01 X399.656 Y211.960
G01 X402.125 Y217.641
G01 X404.594 Y223.320
G01 X407.062 Y228.999
G01 X409.531 Y234.679
G01 X412.000 Y240.358
G01 X414.469 Y246.037
G01 X416.938 Y251.716
G01 X419.406 Y257.396
G01 X421.875 Y263.076
G01 X424.345 Y268.755
G01 X426.813 Y274.435
G01 X429.281 Y280.113
G01 X431.750 Y285.793
G01 X434.220 Y291.473
G01 X436.688 Y297.151
G01 X439.158 Y302.831
G01 X441.627 Y308.510
G01 X444.095 Y314.190
G01 X446.563 Y319.868
G01 X449.033 Y325.548
G01 X451.502 Y331.228
G01 X453.971 Y336.908
G01 X456.440 Y342.587
G01 X458.908 Y348.266
G01 X461.377 Y353.945
G01 X463.846 Y359.625
G01 X466.315 Y365.303
G01 X468.784 Y370.983
G01 X466.124 Y365.262
G01 X463.465 Y359.538
G01 X460.805 Y353.817
G01 X458.145 Y348.094
G01 X455.486 Y342.373
G01 X452.827 Y336.651
G01 X450.168 Y330.928
G01 X447.509 Y325.207
G01 X444.849 Y319.485
G01 X442.190 Y313.762
G01 X439.529 Y308.041
G01 X436.870 Y302.317
G01 X434.212 Y296.596
G01 X431.552 Y290.874
G01 X428.893 Y285.151
G01 X426.233 Y279.430
G01 X423.574 Y273.707
G01 X420.913 Y267.986
G01 X418.255 Y262.264
G01 X415.596 Y256.541
G01 X412.935 Y250.820
G01 X410.276 Y245.097
G01 X407.616 Y239.376
G01 X404.957 Y233.653
G01 X402.298 Y227.930
G01 X399.639 Y222.209
G01 X396.980 Y216.487
G01 X394.320 Y210.764
G01 X391.661 Y205.043
G01 X389.002 Y199.321
G01 X386.341 Y193.599
G01 X383.683 Y187.877
G01 X381.023 Y182.154
G01 X378.363 Y176.433
G01 X375.704 Y170.709
G01 X373.045 Y164.988
G01 X370.385 Y159.265
G01 X367.726 Y153.543
G01 X365.067 Y147.822
G01 X362.408 Y142.100
G01 X359.748 Y136.377
G01 X357.089 Y130.656
G01 X354.428 Y124.934
G01 X351.769 Y119.212
G01 X349.109 Y113.490
G01 X346.450 Y107.767
G01 X343.791 Y102.045
G01 X341.132 Y96.322
G01 X338.472 Y90.601
G01 X335.812 Y84.879
G01 X333.154 Y79.156
G01 X330.495 Y73.435
G01 X327.834 Y67.713
G01 X325.175 Y61.990
G01 X322.515 Y56.269
G01 X319.856 Y50.547
G01 X317.197 Y44.824
G01 X314.537 Y39.102
G01 X311.878 Y33.380
G01 X309.219 Y27.657
G01 X306.560 Y21.936
G01 X303.899 Y16.214
G01 X301.240 Y10.492
G01 X298.582 Y4.769
G01 X301.365 Y10.245
G01 X304.150 Y15.721
G01 X306.935 Y21.197
G01 X309.719 Y26.673
G01 X312.503 Y32.149
G01 X315.287 Y37.625
G01 X318.072 Y43.101
G01 X320.856 Y48.577
G01 X323.642 Y54.052
G01 X326.425 Y59.528
G01 X329.209 Y65.004
G01 X331.995 Y70.480
G01 X334.779 Y75.956
G01 X337.563 Y81.432
G01 X340.347 Y86.906
G01 X343.132 Y92.382
G01 X345.916 Y97.858
G01 X348.700 Y103.334
G01 X351.486 Y108.810
G01 X354.269 Y114.286
G01 X357.055 Y119.762
G01 X359.839 Y125.239
G01 X362.623 Y130.714
G01 X365.408 Y136.190
G01 X368.192 Y141.666
G01 X370.976 Y147.142
G01 X373.760 Y152.618
G01 X376.545 Y158.094
G01 X379.329 Y163.568
G01 X382.113 Y169.044
G01 X384.899 Y174.520
G01 X387.683 Y179.996
G01 X390.467 Y185.472
G01 X393.252 Y190.948
G01 X396.036 Y196.424
G01 X398.821 Y201.900
G01 X401.605 Y207.376
G01 X404.389 Y212.852
G01 X407.173 Y218.328
G01 X409.959 Y223.804
G01 X412.743 Y229.280
G01 X415.526 Y234.756
G01 X418.312 Y240.231
G01 X421.096 Y245.707
G01 X423.880 Y251.183
G01 X426.664 Y256.659
G01 X429.450 Y262.135
G01 X432.233 Y267.610
G01 X435.018 Y273.086
G01 X437.803 Y278.562
G01 X440.587 Y284.038
G01 X443.370 Y289.514
G01 X446.156 Y294.990
G01 X448.940 Y300.466
G01 X451.725 Y305.940
G01 X454.509 Y311.416
G01 X457.293 Y316.892
G01 X460.077 Y322.368
G01 X462.861 Y327.844
G01 X465.647 Y333.320
G01 X468.430 Y338.796
G01 X471.216 Y344.272
G01 X474.000 Y349.748
G01 X476.784 Y355.224
G01 X473.807 Y349.714
G01 X470.831 Y344.206
G01 X467.853 Y338.697
G01 X464.877 Y333.188
G01 X461.899 Y327.678
G01 X458.923 Y322.170
G01 X455.946 Y316.661
G01 X452.969 Y311.151
G01 X449.993 Y305.642
G01 X447.015 Y300.134
G01 X444.038 Y294.625
G01 X441.062 Y289.115
G01 X438.084 Y283.606
G01 X435.108 Y278.098
G01 X432.130 Y272.589
G01 X429.154 Y267.079
G01 X426.178 Y261.570
G01 X423.201 Y256.062
G01 X420.224 Y250.553
G01 X417.247 Y245.043
G01 X414.269 Y239.535
G01 X411.293 Y234.025
G01 X408.316 Y228.517
G01 X405.339 Y223.007
G01 X402.363 Y217.499
G01 X399.385 Y211.990
G01 X396.409 Y206.481
G01 X393.432 Y200.972
G01 X390.454 Y195.463
G01 X387.478 Y189.954
G01 X384.500 Y184.445
G01 X381.524 Y178.935
G01 X378.548 Y173.426
G01 X375.571 Y167.918
G01 X372.594 Y162.409
G01 X369.616 Y156.899
G01 X366.639 Y151.390
G01 X363.663 Y145.882
G01 X360.686 Y140.373
G01 X357.709 Y134.864
G01 X354.733 Y129.355
G01 X351.755 Y123.846
G01 X348.779 Y118.337
G01 X345.801 Y112.827
G01 X342.825 Y107.319
G01 X339.847 Y101.810
G01 X336.870 Y96.300
G01 X333.894 Y90.793
G01 X330.918 Y85.283
G01 X327.940 Y79.774
G01 X324.964 Y74.264
G01 X321.986 Y68.756
G01 X319.010 Y63.246
G01 X316.032 Y57.738
G01 X313.055 Y52.230
G01 X310.079 Y46.721
G01 X307.101 Y41.211
G01 X304.125 Y35.703
G01 X301.149 Y30.192
G01 X298.171 Y24.684
G01 X295.195 Y19.175
G01 X292.217 Y13.667
G01 X289.240 Y8.156
G01 X286.263 Y2.648
G01 X289.347 Y7.903
G01 X292.433 Y13.157
G01 X295.517 Y18.412
G01 X298.601 Y23.667
G01 X301.685 Y28.921
G01 X304.769 Y34.175
G01 X307.853 Y39.430
G01 X310.938 Y44.685
G01 X314.022 Y49.939
G01 X317.106 Y55.194
G01 X320.190 Y60.447
G01 X323.274 Y65.702
G01 X326.358 Y70.957
G01 X329.442 Y76.212
G01 X332.526 Y81.466
G01 X335.611 Y86.721
G01 X338.695 Y91.976
G01 X341.779 Y97.230
G01 X344.863 Y102.485
G01 X347.947 Y107.738
G01 X351.031 Y112.994
G01 X354.115 Y118.248
G01 X357.200 Y123.503
G01 X360.284 Y128.757
G01 X363.369 Y134.012
G01 X366.452 Y139.265
G01 X369.537 Y144.520
G01 X372.620 Y149.774
G01 X375.706 Y155.029
G01 X378.789 Y160.284
G01 X381.874 Y165.538
G01 X384.957 Y170.793
G01 X388.042 Y176.048
G01 X391.125 Y181.303
G01 X394.211 Y186.556
G01 X397.295 Y191.811
G01 X400.379 Y197.066
G01 X403.462 Y202.321
G01 X406.547 Y207.575
G01 X409.632 Y212.829
G01 X412.716 Y218.084
G01 X415.800 Y223.339
G01 X418.884 Y228.594
G01 X421.967 Y233.847
G01 X425.052 Y239.103
G01 X428.135 Y244.357
G01 X431.221 Y249.612
G01 X434.305 Y254.865
G01 X437.389 Y260.120
G01 X440.473 Y265.375
G01 X443.557 Y270.630
G01 X446.642 Y275.884
G01 X449.726 Y281.139
G01 X452.810 Y286.392
G01 X455.894 Y291.647
G01 X458.978 Y296.901
G01 X462.062 Y302.156
G01 X465.147 Y307.411
G01 X468.231 Y312.666
G01 X471.315 Y317.920
G01 X474.399 Y323.175
G01 X477.483 Y328.430
G01 X480.567 Y333.683
G01 X483.651 Y338.939
G01 X480.374 Y333.661
G01 X477.096 Y328.382
G01 X473.817 Y323.105
G01 X470.539 Y317.827
G01 X467.260 Y312.548
G01 X463.983 Y307.271
G01 X460.704 Y301.993
G01 X457.427 Y296.714
G01 X454.149 Y291.435
G01 X450.870 Y286.158
G01 X447.592 Y280.880
G01 X444.315 Y275.601
G01 X441.036 Y270.324
G01 X437.759 Y265.046
G01 X434.481 Y259.767
G01 X431.202 Y254.490
G01 X427.925 Y249.212
G01 X424.647 Y243.934
G01 X421.369 Y238.656
G01 X418.091 Y233.377
G01 X414.812 Y228.100
G01 X411.534 Y222.822
G01 X408.257 Y217.543
G01 X404.978 Y212.266
G01 X401.700 Y206.988
G01 X398.422 Y201.710
G01 X395.144 Y196.431
G01 X391.865 Y191.154
G01 X388.587 Y185.875
G01 X385.310 Y180.597
G01 X382.031 Y175.320
G01 X378.754 Y170.041
G01 X375.476 Y164.763
G01 X372.197 Y159.486
G01 X368.919 Y154.207
G01 X365.642 Y148.930
G01 X362.364 Y143.651
G01 X359.086 Y138.374
G01 X355.808 Y133.096
G01 X352.529 Y127.818
G01 X349.252 Y122.540
G01 X345.972 Y117.262
G01 X342.695 Y111.983
G01 X339.416 Y106.706
G01 X336.138 Y101.428
G01 X332.861 Y96.149
G01 X329.582 Y90.872
G01 X326.305 Y85.594
G01 X323.026 Y80.316
G01 X319.748 Y75.038
G01 X316.471 Y69.760
G01 X313.192 Y64.482
G01 X309.914 Y59.204
G01 X306.637 Y53.925
G01 X303.358 Y48.647
G01 X300.080 Y43.370
G01 X296.803 Y38.091
G01 X293.524 Y32.812
G01 X290.245 Y27.536
G01 X286.969 Y22.257
G01 X283.690 Y16.978
G01 X280.412 Y11.701
G01 X277.133 Y6.423
G01 X273.856 Y1.144
G01 X277.224 Y6.162
G01 X280.591 Y11.179
G01 X283.957 Y16.195
G01 X287.325 Y21.212
G01 X290.692 Y26.228
G01 X294.058 Y31.245
G01 X297.425 Y36.262
G01 X300.793 Y41.278
G01 X304.159 Y46.294
G01 X307.526 Y51.310
G01 X310.894 Y56.328
G01 X314.262 Y61.345
G01 X317.628 Y66.361
G01 X320.995 Y71.377
G01 X324.363 Y76.394
G01 X327.729 Y81.411
G01 X331.096 Y86.428
G01 X334.464 Y91.444
G01 X337.830 Y96.461
G01 X341.198 Y101.478
G01 X344.565 Y106.494
G01 X347.933 Y111.511
G01 X351.299 Y116.528
G01 X354.666 Y121.543
G01 X358.034 Y126.561
G01 X361.400 Y131.577
G01 X364.768 Y136.594
G01 X368.135 Y141.611
G01 X371.502 Y146.627
G01 X374.870 Y151.644
G01 X378.236 Y156.659
G01 X381.603 Y161.676
G01 X384.971 Y166.693
G01 X388.337 Y171.709
G01 X391.704 Y176.726
G01 X395.072 Y181.743
G01 X398.438 Y186.760
G01 X401.805 Y191.776
G01 X405.173 Y196.793
G01 X408.541 Y201.810
G01 X411.908 Y206.827
G01 X415.274 Y211.843
G01 X418.642 Y216.859
G01 X422.009 Y221.876
G01 X425.375 Y226.893
G01 X428.743 Y231.910
G01 X432.110 Y236.925
G01 X435.478 Y241.942
G01 X438.845 Y246.960
G01 X442.212 Y251.976
G01 X445.579 Y256.993
G01 X448.946 Y262.009
G01 X452.312 Y267.026
G01 X455.680 Y272.043
G01 X459.047 Y277.058
G01 X462.413 Y282.076
G01 X465.781 Y287.091
G01 X469.149 Y292.108
G01 X472.515 Y297.125
G01 X475.882 Y302.142
G01 X479.250 Y307.159
G01 X482.616 Y312.175
G01 X485.983 Y317.192
G01 X489.351 Y322.209
G01 X485.788 Y317.178
G01 X482.226 Y312.147
G01 X478.664 Y307.117
G01 X475.103 Y302.087
G01 X471.542 Y297.057
G01 X467.980 Y292.026
G01 X464.418 Y286.995
G01 X460.856 Y281.966
G01 X457.293 Y276.935
G01 X453.731 Y271.904
G01 X450.169 Y266.875
G01 X446.608 Y261.844
G01 X443.046 Y256.814
G01 X439.483 Y251.784
G01 X435.923 Y246.752
G01 X432.361 Y241.722
G01 X428.798 Y236.692
G01 X425.236 Y231.662
G01 X421.675 Y226.631
G01 X418.113 Y221.601
G01 X414.550 Y216.571
G01 X410.988 Y211.540
G01 X407.427 Y206.510
G01 X403.865 Y201.480
G01 X400.303 Y196.448
G01 X396.740 Y191.418
G01 X393.180 Y186.388
G01 X389.618 Y181.358
G01 X386.055 Y176.327
G01 X382.494 Y171.296
G01 X378.932 Y166.267
G01 X375.370 Y161.236
G01 X371.808 Y156.205
G01 X368.245 Y151.175
G01 X364.683 Y146.144
G01 X361.121 Y141.115
G01 X357.560 Y136.085
G01 X353.998 Y131.054
G01 X350.436 Y126.024
G01 X346.875 Y120.994
G01 X343.312 Y115.963
G01 X339.750 Y110.933
G01 X336.188 Y105.901
G01 X332.627 Y100.872
G01 X329.065 Y95.841
G01 X325.502 Y90.810
G01 X321.940 Y85.781
G01 X318.378 Y80.750
G01 X314.817 Y75.720
G01 X311.255 Y70.690
G01 X307.693 Y65.659
G01 X304.132 Y60.629
G01 X300.570 Y55.599
G01 X297.007 Y50.567
G01 X293.445 Y45.538
G01 X289.883 Y40.507
G01 X286.322 Y35.477
G01 X282.760 Y30.447
G01 X279.197 Y25.416
G01 X275.635 Y20.386
G01 X272.075 Y15.356
G01 X268.512 Y10.325
G01 X264.950 Y5.294
G01 X261.388 Y0.263
G01 X265.020 Y5.028
G01 X268.652 Y9.791
G01 X272.286 Y14.554
G01 X275.918 Y19.317
G01 X279.549 Y24.081
G01 X283.181 Y28.844
G01 X286.815 Y33.608
G01 X290.447 Y38.370
G01 X294.079 Y43.133
G01 X297.712 Y47.898
G01 X301.344 Y52.661
G01 X304.976 Y57.423
G01 X308.608 Y62.188
G01 X312.240 Y66.951
G01 X315.873 Y71.714
G01 X319.505 Y76.478
G01 X323.137 Y81.240
G01 X326.769 Y86.004
G01 X330.401 Y90.768
G01 X334.034 Y95.531
G01 X337.666 Y100.293
G01 X341.298 Y105.058
G01 X344.930 Y109.821
G01 X348.562 Y114.584
G01 X352.195 Y119.348
G01 X355.827 Y124.111
G01 X359.459 Y128.875
G01 X363.091 Y133.638
G01 X366.725 Y138.400
G01 X370.356 Y143.164
G01 X373.988 Y147.928
G01 X377.622 Y152.690
G01 X381.254 Y157.454
G01 X384.885 Y162.217
G01 X388.518 Y166.981
G01 X392.151 Y171.745
G01 X395.783 Y176.507
G01 X399.414 Y181.270
G01 X403.048 Y186.035
G01 X406.680 Y190.798
G01 X410.312 Y195.561
G01 X413.943 Y200.325
G01 X417.577 Y205.088
G01 X421.209 Y209.851
G01 X424.841 Y214.615
G01 X428.474 Y219.377
G01 X432.106 Y224.141
G01 X435.738 Y228.905
G01 X439.370 Y233.668
G01 X443.002 Y238.430
G01 X446.635 Y243.195
G01 X450.267 Y247.958
G01 X453.899 Y252.721
G01 X457.531 Y257.485
G01 X461.163 Y262.248
G01 X464.796 Y267.010
G01 X468.428 Y271.774
G01 X472.061 Y276.538
G01 X475.692 Y281.300
G01 X479.325 Y286.065
G01 X482.957 Y290.827
G01 X486.590 Y295.591
G01 X490.221 Y300.355
G01 X493.853 Y305.118
G01 X490.026 Y300.351
G01 X486.198 Y295.582
G01 X482.371 Y290.815
G01 X478.543 Y286.048
G01 X474.716 Y281.281
G01 X470.889 Y276.514
G01 X467.062 Y271.747
G01 X463.233 Y266.978
G01 X459.406 Y262.212
G01 X455.579 Y257.444
G01 X451.752 Y252.677
G01 X447.923 Y247.910
G01 X444.096 Y243.143
G01 X440.269 Y238.375
G01 X436.442 Y233.608
G01 X432.613 Y228.840
G01 X428.786 Y224.073
G01 X424.959 Y219.305
G01 X421.130 Y214.537
G01 X417.303 Y209.770
G01 X413.476 Y205.004
G01 X409.649 Y200.236
G01 X405.821 Y195.469
G01 X401.994 Y190.702
G01 X398.166 Y185.933
G01 X394.339 Y181.166
G01 X390.510 Y176.399
G01 X386.683 Y171.632
G01 X382.856 Y166.865
G01 X379.029 Y162.096
G01 X375.201 Y157.329
G01 X371.373 Y152.562
G01 X367.546 Y147.794
G01 X363.719 Y143.028
G01 X359.890 Y138.261
G01 X356.062 Y133.493
G01 X352.236 Y128.726
G01 X348.407 Y123.959
G01 X344.580 Y119.191
G01 X340.752 Y114.423
G01 X336.925 Y109.656
G01 X333.097 Y104.889
G01 X329.270 Y100.122
G01 X325.442 Y95.355
G01 X321.615 Y90.587
G01 X317.787 Y85.820
G01 X313.960 Y81.052
G01 X310.132 Y76.285
G01 X306.305 Y71.518
G01 X302.478 Y66.750
G01 X298.650 Y61.983
G01 X294.822 Y57.216
G01 X290.995 Y52.447
G01 X287.168 Y47.680
G01 X283.339 Y42.913
G01 X279.512 Y38.145
G01 X275.685 Y33.379
G01 X271.858 Y28.612
G01 X268.029 Y23.844
G01 X264.202 Y19.077
G01 X260.375 Y14.310
G01 X256.548 Y9.542
G01 X252.719 Y4.775
G01 X248.892 Y0.007
G01 X252.771 Y4.504
G01 X256.649 Y9.000
G01 X260.529 Y13.495
G01 X264.407 Y17.990
G01 X268.286 Y22.488
G01 X272.166 Y26.983
G01 X276.044 Y31.478
G01 X279.923 Y35.975
G01 X283.801 Y40.471
G01 X287.680 Y44.968
G01 X291.560 Y49.464
G01 X295.438 Y53.959
G01 X299.317 Y58.454
G01 X303.197 Y62.952
G01 X307.075 Y67.447
G01 X310.954 Y71.944
G01 X314.832 Y76.440
G01 X318.712 Y80.935
G01 X322.591 Y85.432
G01 X326.469 Y89.927
G01 X330.347 Y94.423
G01 X334.226 Y98.920
G01 X338.106 Y103.416
G01 X341.984 Y107.911
G01 X345.863 Y112.408
G01 X349.743 Y116.904
G01 X353.621 Y121.399
G01 X357.500 Y125.896
G01 X361.378 Y130.392
G01 X365.257 Y134.888
G01 X369.137 Y139.383
G01 X373.015 Y143.880
G01 X376.894 Y148.375
G01 X380.773 Y152.871
G01 X384.651 Y157.368
G01 X388.531 Y161.863
G01 X392.409 Y166.359
G01 X396.288 Y170.856
G01 X400.168 Y175.351
G01 X404.046 Y179.847
G01 X407.925 Y184.344
G01 X411.803 Y188.840
G01 X415.683 Y193.335
G01 X419.562 Y197.832
G01 X423.441 Y202.328
G01 X427.320 Y206.823
G01 X431.199 Y211.320
G01 X435.077 Y215.815
G01 X438.956 Y220.311
G01 X442.834 Y224.808
G01 X446.714 Y229.304
G01 X450.592 Y233.799
G01 X454.471 Y238.296
G01 X458.350 Y242.792
G01 X462.228 Y247.287
G01 X466.108 Y251.784
G01 X469.986 Y256.279
G01 X473.865 Y260.776
G01 X477.745 Y265.272
G01 X481.624 Y269.767
G01 X485.502 Y274.264
G01 X489.380 Y278.760
G01 X493.260 Y283.255
G01 X497.139 Y287.752
G01 X493.065 Y283.262
G01 X488.990 Y278.771
G01 X484.917 Y274.281
G01 X480.842 Y269.791
G01 X476.768 Y265.300
G01 X472.695 Y260.810
G01 X468.620 Y256.320
G01 X464.546 Y251.829
G01 X460.471 Y247.340
G01 X456.398 Y242.849
G01 X452.324 Y238.359
G01 X448.250 Y233.869
G01 X444.175 Y229.379
G01 X440.101 Y224.888
G01 X436.028 Y220.398
G01 X431.954 Y215.907
G01 X427.880 Y211.418
G01 X423.805 Y206.927
G01 X419.731 Y202.436
G01 X415.658 Y197.947
G01 X411.584 Y193.456
G01 X407.510 Y188.966
G01 X403.435 Y184.476
G01 X399.361 Y179.986
G01 X395.286 Y175.495
G01 X391.212 Y171.005
G01 X387.139 Y166.514
G01 X383.065 Y162.024
G01 X378.990 Y157.534
G01 X374.917 Y153.043
G01 X370.842 Y148.553
G01 X366.769 Y144.063
G01 X362.695 Y139.573
G01 X358.620 Y135.083
G01 X354.546 Y130.593
G01 X350.472 Y126.103
G01 X346.399 Y121.612
G01 X342.325 Y117.122
G01 X338.250 Y112.632
G01 X334.176 Y108.142
G01 X330.103 Y103.651
G01 X326.029 Y99.161
G01 X321.954 Y94.671
G01 X317.880 Y90.180
G01 X313.805 Y85.690
G01 X309.731 Y81.200
G01 X305.657 Y76.709
G01 X301.584 Y72.220
G01 X297.510 Y67.728
G01 X293.435 Y63.239
G01 X289.361 Y58.749
G01 X285.287 Y54.258
G01 X281.214 Y49.768
G01 X277.139 Y45.278
G01 X273.065 Y40.788
G01 X268.991 Y36.298
G01 X264.918 Y31.806
G01 X260.844 Y27.317
G01 X256.769 Y22.827
G01 X252.695 Y18.337
G01 X248.620 Y13.846
G01 X244.546 Y9.356
G01 X240.473 Y4.865
G01 X236.398 Y0.376
G01 X240.505 Y4.591
G01 X244.610 Y8.806
G01 X248.717 Y13.023
G01 X252.823 Y17.239
G01 X256.930 Y21.454
G01 X261.036 Y25.671
G01 X265.142 Y29.887
G01 X269.248 Y34.103
G01 X273.353 Y38.319
G01 X277.459 Y42.535
G01 X281.565 Y46.751
G01 X285.671 Y50.966
G01 X289.777 Y55.183
G01 X293.883 Y59.399
G01 X297.990 Y63.615
G01 X302.096 Y67.831
G01 X306.202 Y72.047
G01 X310.308 Y76.262
G01 X314.414 Y80.478
G01 X318.520 Y84.695
G01 X322.627 Y88.911
G01 X326.733 Y93.127
G01 X330.839 Y97.343
G01 X334.945 Y101.559
G01 X339.050 Y105.774
G01 X343.156 Y109.990
G01 X347.262 Y114.206
G01 X351.368 Y118.422
G01 X355.476 Y122.638
G01 X359.582 Y126.854
G01 X363.688 Y131.070
G01 X367.793 Y135.286
G01 X371.899 Y139.502
G01 X376.005 Y143.717
G01 X380.111 Y147.933
G01 X384.217 Y152.149
G01 X388.324 Y156.365
G01 X392.430 Y160.582
G01 X396.536 Y164.798
G01 X400.642 Y169.013
G01 X404.748 Y173.229
G01 X408.855 Y177.445
G01 X412.961 Y181.661
G01 X417.067 Y185.877
G01 X421.173 Y190.094
G01 X425.279 Y194.310
G01 X429.385 Y198.525
G01 X433.490 Y202.740
G01 X437.596 Y206.957
G01 X441.702 Y211.173
G01 X445.808 Y215.388
G01 X449.914 Y219.605
G01 X454.020 Y223.820
G01 X458.127 Y228.036
G01 X462.233 Y232.252
G01 X466.340 Y236.469
G01 X470.446 Y240.685
G01 X474.552 Y244.900
G01 X478.658 Y249.117
G01 X482.764 Y253.332
G01 X486.870 Y257.548
G01 X490.976 Y261.764
G01 X495.082 Y265.981
G01 X499.188 Y270.197
G01 X494.887 Y265.995
G01 X490.587 Y261.796
G01 X486.286 Y257.596
G01 X481.985 Y253.394
G01 X477.685 Y249.195
G01 X473.384 Y244.994
G01 X469.082 Y240.793
G01 X464.781 Y236.593
G01 X460.481 Y232.392
G01 X456.180 Y228.192
G01 X451.880 Y223.992
G01 X447.579 Y219.791
G01 X443.278 Y215.591
G01 X438.978 Y211.389
G01 X434.677 Y207.190
G01 X430.375 Y202.988
G01 X426.075 Y198.788
G01 X421.774 Y194.589
G01 X417.474 Y190.388
G01 X413.173 Y186.188
G01 X408.872 Y181.986
G01 X404.572 Y177.786
G01 X400.271 Y173.585
G01 X395.970 Y169.385
G01 X391.668 Y165.185
G01 X387.369 Y160.984
G01 X383.067 Y156.784
G01 X378.767 Y152.584
G01 X374.466 Y148.383
G01 X370.164 Y144.183
G01 X365.865 Y139.983
G01 X361.563 Y135.781
G01 X357.262 Y131.582
G01 X352.962 Y127.381
G01 X348.661 Y123.181
G01 X344.361 Y118.980
G01 X340.060 Y114.780
G01 X335.760 Y110.579
G01 X331.459 Y106.379
G01 X327.157 Y102.179
G01 X322.856 Y97.978
G01 X318.556 Y93.778
G01 X314.255 Y89.577
G01 X309.954 Y85.377
G01 X305.654 Y81.175
G01 X301.353 Y76.976
G01 X297.053 Y72.774
G01 X292.752 Y68.575
G01 X288.450 Y64.374
G01 X284.150 Y60.173
G01 X279.849 Y55.973
G01 X275.548 Y51.773
G01 X271.248 Y47.572
G01 X266.947 Y43.371
G01 X262.647 Y39.172
G01 X258.346 Y34.971
G01 X254.044 Y30.770
G01 X249.745 Y26.570
G01 X245.443 Y22.370
G01 X241.142 Y18.168
G01 X236.841 Y13.969
G01 X232.541 Y9.768
G01 X228.240 Y5.567
G01 X223.940 Y1.367
G01 X228.252 Y5.292
G01 X232.567 Y9.216
G01 X236.880 Y13.141
G01 X241.192 Y17.066
G01 X245.507 Y20.990
G01 X249.820 Y24.915
G01 X254.132 Y28.840
G01 X258.447 Y32.764
G01 X262.760 Y36.689
G01 X267.072 Y40.613
G01 X271.385 Y44.538
G01 X275.700 Y48.463
G01 X280.012 Y52.387
G01 X284.325 Y56.312
G01 X288.639 Y60.236
G01 X292.952 Y64.161
G01 X297.265 Y68.086
G01 X301.579 Y72.010
G01 X305.892 Y75.935
G01 X310.205 Y79.858
G01 X314.519 Y83.784
G01 X318.832 Y87.708
G01 X323.145 Y91.632
G01 X327.459 Y95.558
G01 X331.772 Y99.482
G01 X336.085 Y103.406
G01 X340.399 Y107.331
G01 X344.712 Y111.256
G01 X349.025 Y115.180
G01 X353.339 Y119.105
G01 X357.652 Y123.030
G01 X361.966 Y126.954
G01 X366.279 Y130.878
G01 X370.592 Y134.803
G01 X374.906 Y138.728
G01 X379.219 Y142.652
G01 X383.533 Y146.577
G01 X387.846 Y150.502
G01 X392.159 Y154.426
G01 X396.473 Y158.351
G01 X400.786 Y162.275
G01 X405.099 Y166.200
G01 X409.411 Y170.125
G01 X413.726 Y174.048
G01 X418.038 Y177.974
G01 X422.351 Y181.899
G01 X426.666 Y185.822
G01 X430.978 Y189.748
G01 X435.292 Y193.671
G01 X439.606 Y197.596
G01 X443.918 Y201.520
G01 X448.231 Y205.445
G01 X452.546 Y209.370
G01 X456.858 Y213.294
G01 X461.172 Y217.219
G01 X465.486 Y221.144
G01 X469.798 Y225.068
G01 X474.111 Y228.993
G01 X478.425 Y232.918
G01 X482.739 Y236.842
G01 X487.052 Y240.767
G01 X491.365 Y244.691
G01 X495.678 Y248.616
G01 X499.991 Y252.540
G01 X495.485 Y248.641
G01 X490.978 Y244.742
G01 X486.471 Y240.842
G01 X481.964 Y236.943
G01 X477.457 Y233.043
G01 X472.950 Y229.144
G01 X468.442 Y225.245
G01 X463.935 Y221.346
G01 X459.428 Y217.447
G01 X454.922 Y213.546
G01 X450.416 Y209.647
G01 X445.909 Y205.748
G01 X441.401 Y201.849
G01 X436.894 Y197.950
G01 X432.387 Y194.049
G01 X427.880 Y190.150
G01 X423.373 Y186.252
G01 X418.866 Y182.351
G01 X414.360 Y178.452
G01 X409.853 Y174.553
G01 X405.346 Y170.654
G01 X400.839 Y166.755
G01 X396.332 Y162.854
G01 X391.825 Y158.955
G01 X387.317 Y155.056
G01 X382.810 Y151.156
G01 X378.303 Y147.257
G01 X373.797 Y143.358
G01 X369.289 Y139.459
G01 X364.783 Y135.560
G01 X360.275 Y131.660
G01 X355.769 Y127.761
G01 X351.262 Y123.862
G01 X346.755 Y119.962
G01 X342.248 Y116.062
G01 X337.740 Y112.163
G01 X333.233 Y108.264
G01 X328.726 Y104.365
G01 X324.219 Y100.464
G01 X319.712 Y96.566
G01 X315.205 Y92.666
G01 X310.698 Y88.767
G01 X306.192 Y84.868
G01 X301.685 Y80.969
G01 X297.178 Y77.069
G01 X292.671 Y73.170
G01 X288.163 Y69.269
G01 X283.656 Y65.370
G01 X279.149 Y61.471
G01 X274.644 Y57.572
G01 X270.135 Y53.673
G01 X265.630 Y49.773
G01 X261.123 Y45.874
G01 X256.615 Y41.975
G01 X252.109 Y38.075
G01 X247.602 Y34.175
G01 X243.094 Y30.276
G01 X238.588 Y26.377
G01 X234.081 Y22.478
G01 X229.574 Y18.578
G01 X225.067 Y14.679
G01 X220.560 Y10.780
G01 X216.053 Y6.880
G01 X211.546 Y2.981
G01 X216.046 Y6.603
G01 X220.546 Y10.228
G01 X225.046 Y13.851
G01 X229.546 Y17.474
G01 X234.046 Y21.096
G01 X238.546 Y24.721
G01 X243.046 Y28.344
G01 X247.546 Y31.966
G01 X252.046 Y35.591
G01 X256.546 Y39.214
G01 X261.046 Y42.837
G01 X265.546 Y46.461
G01 X270.046 Y50.084
G01 X274.546 Y53.707
G01 X279.046 Y57.331
G01 X283.546 Y60.954
G01 X288.046 Y64.577
G01 X292.546 Y68.200
G01 X297.046 Y71.824
G01 X301.546 Y75.447
G01 X306.046 Y79.070
G01 X310.546 Y82.694
G01 X315.046 Y86.317
G01 X319.546 Y89.940
G01 X324.046 Y93.564
G01 X328.546 Y97.187
G01 X333.046 Y100.810
G01 X337.546 Y104.433
G01 X342.046 Y108.057
G01 X346.546 Y111.680
G01 X351.046 Y115.303
G01 X355.546 Y118.927
G01 X360.046 Y122.550
G01 X364.546 Y126.173
G01 X369.046 Y129.796
G01 X373.546 Y133.419
G01 X378.046 Y137.043
G01 X382.546 Y140.666
G01 X387.046 Y144.289
G01 X391.546 Y147.912
G01 X396.046 Y151.536
G01 X400.546 Y155.159
G01 X405.046 Y158.782
G01 X409.546 Y162.406
G01 X414.046 Y166.029
G01 X418.546 Y169.652
G01 X423.046 Y173.275
G01 X427.546 Y176.899
G01 X432.046 Y180.522
G01 X436.546 Y184.145
G01 X441.046 Y187.769
G01 X445.546 Y191.392
G01 X450.047 Y195.015
G01 X454.547 Y198.639
G01 X459.046 Y202.262
G01 X463.547 Y205.885
G01 X468.046 Y209.508
G01 X472.547 Y213.132
G01 X477.047 Y216.755
G01 X481.547 Y220.378
G01 X486.047 Y224.002
G01 X490.546 Y227.625
G01 X495.047 Y231.248
G01 X499.547 Y234.872
G01 X494.853 Y231.284
G01 X490.162 Y227.695
G01 X485.470 Y224.106
G01 X480.778 Y220.519
G01 X476.086 Y216.930
G01 X471.393 Y213.341
G01 X466.701 Y209.752
G01 X462.009 Y206.164
G01 X457.317 Y202.575
G01 X452.625 Y198.988
G01 X447.933 Y195.399
G01 X443.240 Y191.810
G01 X438.548 Y188.222
G01 X433.856 Y184.633
G01 X429.163 Y181.046
G01 X424.471 Y177.457
G01 X419.779 Y173.868
G01 X415.087 Y170.281
G01 X410.394 Y166.692
G01 X405.702 Y163.103
G01 X401.010 Y159.514
G01 X396.318 Y155.926
G01 X391.627 Y152.337
G01 X386.935 Y148.750
G01 X382.241 Y145.161
G01 X377.550 Y141.572
G01 X372.858 Y137.983
G01 X368.166 Y134.395
G01 X363.474 Y130.806
G01 X358.781 Y127.219
G01 X354.089 Y123.631
G01 X349.397 Y120.042
G01 X344.704 Y116.454
G01 X340.012 Y112.865
G01 X335.320 Y109.276
G01 X330.627 Y105.688
G01 X325.935 Y102.100
G01 X321.243 Y98.512
G01 X316.551 Y94.923
G01 X311.859 Y91.334
G01 X307.168 Y87.745
G01 X302.476 Y84.158
G01 X297.782 Y80.569
G01 X293.091 Y76.981
G01 X288.399 Y73.392
G01 X283.707 Y69.804
G01 X279.014 Y66.214
G01 X274.322 Y62.627
G01 X269.630 Y59.038
G01 X264.938 Y55.450
G01 X260.245 Y51.862
G01 X255.554 Y48.273
G01 X250.862 Y44.685
G01 X246.169 Y41.096
G01 X241.476 Y37.507
G01 X236.784 Y33.919
G01 X232.093 Y30.331
G01 X227.401 Y26.743
G01 X222.709 Y23.154
G01 X218.017 Y19.566
G01 X213.324 Y15.977
G01 X208.632 Y12.389
G01 X203.940 Y8.799
G01 X199.248 Y5.212
G01 X203.913 Y8.525
G01 X208.579 Y11.839
G01 X213.245 Y15.153
G01 X217.911 Y18.466
G01 X222.576 Y21.780
G01 X227.242 Y25.093
G01 X231.908 Y28.406
G01 X236.572 Y31.720
G01 X241.238 Y35.034
G01 X245.905 Y38.346
G01 X250.571 Y41.661
G01 X255.236 Y44.974
G01 X259.901 Y48.288
G01 X264.567 Y51.602
G01 X269.233 Y54.915
G01 X273.899 Y58.228
G01 X278.565 Y61.542
G01 X283.231 Y64.856
G01 X287.895 Y68.168
G01 X292.561 Y71.483
G01 X297.228 Y74.797
G01 X301.894 Y78.110
G01 X306.558 Y81.423
G01 X311.224 Y84.737
G01 X315.890 Y88.050
G01 X320.556 Y91.363
G01 X325.221 Y94.678
G01 X329.887 Y97.992
G01 X334.553 Y101.305
G01 X339.219 Y104.619
G01 X343.885 Y107.932
G01 X348.550 Y111.245
G01 X353.216 Y114.559
G01 X357.882 Y117.873
G01 X362.548 Y121.185
G01 X367.214 Y124.499
G01 X371.878 Y127.813
G01 X376.544 Y131.127
G01 X381.211 Y134.440
G01 X385.877 Y137.753
G01 X390.542 Y141.067
G01 X395.207 Y144.380
G01 X399.874 Y147.695
G01 X404.539 Y151.007
G01 X409.204 Y154.322
G01 X413.870 Y157.635
G01 X418.536 Y160.948
G01 X423.202 Y164.262
G01 X427.868 Y167.575
G01 X432.534 Y170.889
G01 X437.199 Y174.204
G01 X441.865 Y177.517
G01 X446.531 Y180.830
G01 X451.197 Y184.144
G01 X455.861 Y187.457
G01 X460.528 Y190.770
G01 X465.193 Y194.084
G01 X469.860 Y197.397
G01 X474.524 Y200.712
G01 X479.191 Y204.025
G01 X483.856 Y207.339
G01 X488.522 Y210.652
G01 X493.188 Y213.966
G01 X497.853 Y217.279
G01 X492.998 Y214.010
G01 X488.142 Y210.741
G01 X483.286 Y207.471
G01 X478.430 Y204.202
G01 X473.573 Y200.933
G01 X468.717 Y197.664
G01 X463.863 Y194.395
G01 X459.007 Y191.127
G01 X454.151 Y187.858
G01 X449.294 Y184.587
G01 X444.438 Y181.318
G01 X439.582 Y178.049
G01 X434.726 Y174.781
G01 X429.870 Y171.512
G01 X425.014 Y168.241
G01 X420.159 Y164.974
G01 X415.303 Y161.704
G01 X410.447 Y158.435
G01 X405.591 Y155.166
G01 X400.736 Y151.897
G01 X395.880 Y148.627
G01 X391.024 Y145.358
G01 X386.168 Y142.089
G01 X381.312 Y138.820
G01 X376.457 Y135.550
G01 X371.601 Y132.281
G01 X366.745 Y129.012
G01 X361.888 Y125.744
G01 X357.032 Y122.475
G01 X352.176 Y119.206
G01 X347.320 Y115.935
G01 X342.464 Y112.667
G01 X337.608 Y109.398
G01 X332.752 Y106.129
G01 X327.897 Y102.860
G01 X323.041 Y99.591
G01 X318.185 Y96.321
G01 X313.329 Y93.052
G01 X308.474 Y89.783
G01 X303.618 Y86.514
G01 X298.762 Y83.245
G01 X293.906 Y79.976
G01 X289.049 Y76.707
G01 X284.193 Y73.437
G01 X279.339 Y70.168
G01 X274.483 Y66.899
G01 X269.627 Y63.630
G01 X264.770 Y60.361
G01 X259.914 Y57.091
G01 X255.059 Y53.822
G01 X250.203 Y50.553
G01 X245.347 Y47.284
G01 X240.490 Y44.014
G01 X235.635 Y40.745
G01 X230.779 Y37.477
G01 X225.923 Y34.208
G01 X221.067 Y30.939
G01 X216.212 Y27.668
G01 X211.356 Y24.400
G01 X206.500 Y21.131
G01 X201.644 Y17.862
G01 X196.788 Y14.593
G01 X191.933 Y11.323
G01 X187.077 Y8.055
G01 X191.887 Y11.050
G01 X196.697 Y14.048
G01 X201.507 Y17.044
G01 X206.317 Y20.042
G01 X211.127 Y23.038
G01 X215.937 Y26.035
G01 X220.747 Y29.031
G01 X225.557 Y32.029
G01 X230.367 Y35.026
G01 X235.178 Y38.023
G01 X239.988 Y41.019
G01 X244.798 Y44.016
G01 X249.608 Y47.013
G01 X254.418 Y50.010
G01 X259.228 Y53.007
G01 X264.037 Y56.004
G01 X268.847 Y59.000
G01 X273.657 Y61.996
G01 X278.467 Y64.994
G01 X283.277 Y67.990
G01 X288.087 Y70.988
G01 X292.899 Y73.983
G01 X297.709 Y76.981
G01 X302.519 Y79.978
G01 X307.329 Y82.975
G01 X312.138 Y85.971
G01 X316.948 Y88.968
G01 X321.758 Y91.964
G01 X326.568 Y94.962
G01 X331.378 Y97.959
G01 X336.190 Y100.956
G01 X341.000 Y103.952
G01 X345.810 Y106.949
G01 X350.620 Y109.946
G01 X355.430 Y112.942
G01 X360.240 Y115.940
G01 X365.049 Y118.937
G01 X369.859 Y121.933
G01 X374.669 Y124.929
G01 X379.480 Y127.926
G01 X384.289 Y130.923
G01 X389.100 Y133.921
G01 X393.909 Y136.916
G01 X398.721 Y139.913
G01 X403.531 Y142.911
G01 X408.341 Y145.907
G01 X413.151 Y148.904
G01 X417.961 Y151.901
G01 X422.771 Y154.897
G01 X427.581 Y157.894
G01 X432.390 Y160.892
G01 X437.201 Y163.888
G01 X442.010 Y166.885
G01 X446.821 Y169.882
G01 X451.632 Y172.878
G01 X456.442 Y175.875
G01 X461.252 Y178.873
G01 X466.062 Y181.870
G01 X470.871 Y184.865
G01 X475.682 Y187.863
G01 X480.491 Y190.859
G01 X485.302 Y193.856
G01 X490.111 Y196.853
G01 X494.922 Y199.849
G01 X489.924 Y196.907
G01 X484.927 Y193.964
G01 X479.928 Y191.022
G01 X474.930 Y188.079
G01 X469.933 Y185.135
G01 X464.935 Y182.192
G01 X459.938 Y179.250
G01 X454.940 Y176.306
G01 X449.942 Y173.363
G01 X444.943 Y170.421
G01 X439.946 Y167.478
G01 X434.949 Y164.534
G01 X429.951 Y161.591
G01 X424.952 Y158.649
G01 X419.954 Y155.705
G01 X414.957 Y152.762
G01 X409.959 Y149.820
G01 X404.962 Y146.877
G01 X399.964 Y143.935
G01 X394.966 Y140.990
G01 X389.969 Y138.048
G01 X384.971 Y135.106
G01 X379.973 Y132.162
G01 X374.974 Y129.219
G01 X369.976 Y126.276
G01 X364.978 Y123.334
G01 X359.981 Y120.391
G01 X354.983 Y117.447
G01 X349.986 Y114.505
G01 X344.988 Y111.562
G01 X339.990 Y108.619
G01 X334.993 Y105.675
G01 X329.995 Y102.733
G01 X324.996 Y99.790
G01 X319.998 Y96.846
G01 X315.000 Y93.905
G01 X310.003 Y90.962
G01 X305.005 Y88.019
G01 X300.007 Y85.076
G01 X295.010 Y82.132
G01 X290.012 Y79.190
G01 X285.014 Y76.247
G01 X280.017 Y73.304
G01 X275.019 Y70.361
G01 X270.020 Y67.418
G01 X265.022 Y64.475
G01 X260.024 Y61.531
G01 X255.028 Y58.589
G01 X250.030 Y55.645
G01 X245.031 Y52.703
G01 X240.034 Y49.760
G01 X235.036 Y46.817
G01 X230.038 Y43.874
G01 X225.041 Y40.930
G01 X220.043 Y37.989
G01 X215.045 Y35.046
G01 X210.046 Y32.103
G01 X205.048 Y29.160
G01 X200.052 Y26.216
G01 X195.053 Y23.274
G01 X190.055 Y20.331
G01 X185.058 Y17.388
G01 X180.060 Y14.445
G01 X175.062 Y11.502
G01 X179.995 Y14.177
G01 X184.928 Y16.851
G01 X189.861 Y19.526
G01 X194.793 Y22.200
G01 X199.726 Y24.875
G01 X204.659 Y27.549
G01 X209.593 Y30.224
G01 X214.526 Y32.898
G01 X219.459 Y35.572
G01 X224.392 Y38.246
G01 X229.324 Y40.922
G01 X234.257 Y43.596
G01 X239.190 Y46.270
G01 X244.123 Y48.946
G01 X249.055 Y51.620
G01 X253.989 Y54.294
G01 X258.921 Y56.969
G01 X263.853 Y59.644
G01 X268.786 Y62.317
G01 X273.719 Y64.992
G01 X278.652 Y67.667
G01 X283.585 Y70.341
G01 X288.519 Y73.016
G01 X293.452 Y75.691
G01 X298.385 Y78.365
G01 X303.317 Y81.040
G01 X308.250 Y83.714
G01 X313.183 Y86.389
G01 X318.115 Y89.062
G01 X323.048 Y91.738
G01 X327.981 Y94.413
G01 X332.914 Y97.087
G01 X337.847 Y99.761
G01 X342.781 Y102.435
G01 X347.712 Y105.111
G01 X352.645 Y107.785
G01 X357.579 Y110.459
G01 X362.512 Y113.134
G01 X367.445 Y115.809
G01 X372.377 Y118.483
G01 X377.310 Y121.158
G01 X382.243 Y123.831
G01 X387.175 Y126.506
G01 X392.108 Y129.180
G01 X397.042 Y131.856
G01 X401.975 Y134.529
G01 X406.908 Y137.204
G01 X411.841 Y139.878
G01 X416.774 Y142.553
G01 X421.706 Y145.228
G01 X426.639 Y147.902
G01 X431.572 Y150.577
G01 X436.505 Y153.252
G01 X441.438 Y155.926
G01 X446.370 Y158.601
G01 X451.303 Y161.275
G01 X456.236 Y163.950
G01 X461.169 Y166.625
G01 X466.101 Y169.298
G01 X471.034 Y171.974
G01 X475.967 Y174.647
G01 X480.901 Y177.322
G01 X485.834 Y179.996
G01 X490.767 Y182.671
G01 X485.649 Y180.060
G01 X480.531 Y177.448
G01 X475.413 Y174.837
G01 X470.296 Y172.226
G01 X465.178 Y169.615
G01 X460.060 Y167.003
G01 X454.942 Y164.392
G01 X449.825 Y161.781
G01 X444.707 Y159.169
G01 X439.590 Y156.558
G01 X434.471 Y153.947
G01 X429.355 Y151.335
G01 X424.236 Y148.724
G01 X419.119 Y146.113
G01 X414.002 Y143.502
G01 X408.884 Y140.889
G01 X403.767 Y138.279
G01 X398.649 Y135.668
G01 X393.531 Y133.055
G01 X388.413 Y130.445
G01 X383.296 Y127.833
G01 X378.178 Y125.221
G01 X373.060 Y122.610
G01 X367.942 Y119.999
G01 X362.825 Y117.387
G01 X357.707 Y114.776
G01 X352.589 Y112.165
G01 X347.471 Y109.554
G01 X342.353 Y106.942
G01 X337.236 Y104.331
G01 X332.118 Y101.720
G01 X327.002 Y99.108
G01 X321.883 Y96.497
G01 X316.765 Y93.886
G01 X311.647 Y91.274
G01 X306.531 Y88.663
G01 X301.412 Y86.052
G01 X296.294 Y83.441
G01 X291.178 Y80.829
G01 X286.060 Y78.218
G01 X280.942 Y75.607
G01 X275.825 Y72.995
G01 X270.707 Y70.384
G01 X265.589 Y67.773
G01 X260.471 Y65.161
G01 X255.353 Y62.550
G01 X250.236 Y59.939
G01 X245.119 Y57.327
G01 X240.000 Y54.716
G01 X234.882 Y52.105
G01 X229.766 Y49.493
G01 X224.647 Y46.882
G01 X219.529 Y44.270
G01 X214.413 Y41.659
G01 X209.295 Y39.048
G01 X204.177 Y36.437
G01 X199.060 Y33.825
G01 X193.942 Y31.214
G01 X188.824 Y28.602
G01 X183.707 Y25.990
G01 X178.589 Y23.380
G01 X173.471 Y20.768
G01 X168.353 Y18.156
G01 X163.236 Y15.546
G01 X168.269 Y17.894
G01 X173.303 Y20.242
G01 X178.338 Y22.590
G01 X183.372 Y24.939
G01 X188.406 Y27.287
G01 X193.440 Y29.635
G01 X198.474 Y31.983
G01 X203.507 Y34.331
G01 X208.541 Y36.679
G01 X213.575 Y39.028
G01 X218.608 Y41.376
G01 X223.642 Y43.724
G01 X228.677 Y46.072
G01 X233.711 Y48.419
G01 X238.745 Y50.768
G01 X243.779 Y53.117
G01 X248.812 Y55.465
G01 X253.847 Y57.812
G01 X258.880 Y60.161
G01 X263.914 Y62.510
G01 X268.948 Y64.858
G01 X273.983 Y67.206
G01 X279.017 Y69.554
G01 X284.050 Y71.901
G01 X289.084 Y74.250
G01 X294.118 Y76.599
G01 X299.151 Y78.947
G01 X304.185 Y81.295
G01 X309.219 Y83.643
G01 X314.253 Y85.990
G01 X319.287 Y88.339
G01 X324.322 Y90.688
G01 X329.356 Y93.036
G01 X334.389 Y95.384
G01 X339.423 Y97.732
G01 X344.457 Y100.079
G01 X349.491 Y102.429
G01 X354.525 Y104.776
G01 X359.560 Y107.125
G01 X364.594 Y109.473
G01 X369.627 Y111.821
G01 X374.661 Y114.170
G01 X379.695 Y116.518
G01 X384.728 Y118.865
G01 X389.762 Y121.214
G01 X394.797 Y123.561
G01 X399.831 Y125.910
G01 X404.865 Y128.258
G01 X409.899 Y130.606
G01 X414.933 Y132.954
G01 X419.966 Y135.303
G01 X425.000 Y137.650
G01 X430.034 Y140.000
G01 X435.068 Y142.347
G01 X440.101 Y144.695
G01 X445.135 Y147.043
G01 X450.169 Y149.392
G01 X455.204 Y151.740
G01 X460.238 Y154.089
G01 X465.272 Y156.436
G01 X470.305 Y158.784
G01 X475.340 Y161.132
G01 X480.374 Y163.481
G01 X485.408 Y165.829
G01 X480.192 Y163.553
G01 X474.976 Y161.277
G01 X469.762 Y159.002
G01 X464.547 Y156.726
G01 X459.331 Y154.450
G01 X454.115 Y152.174
G01 X448.901 Y149.899
G01 X443.685 Y147.623
G01 X438.470 Y145.346
G01 X433.254 Y143.070
G01 X428.038 Y140.794
G01 X422.824 Y138.519
G01 X417.608 Y136.243
G01 X412.393 Y133.967
G01 X407.178 Y131.692
G01 X401.962 Y129.416
G01 X396.747 Y127.139
G01 X391.531 Y124.863
G01 X386.317 Y122.588
G01 X381.101 Y120.312
G01 X375.885 Y118.036
G01 X370.671 Y115.761
G01 X365.454 Y113.485
G01 X360.240 Y111.209
G01 X355.024 Y108.934
G01 X349.808 Y106.658
G01 X344.594 Y104.382
G01 X339.378 Y102.106
G01 X334.162 Y99.829
G01 X328.947 Y97.554
G01 X323.733 Y95.278
G01 X318.517 Y93.002
G01 X313.301 Y90.726
G01 X308.085 Y88.451
G01 X302.870 Y86.175
G01 X297.656 Y83.899
G01 X292.440 Y81.623
G01 X287.224 Y79.346
G01 X282.010 Y77.072
G01 X276.794 Y74.796
G01 X271.579 Y72.519
G01 X266.363 Y70.244
G01 X261.147 Y67.968
G01 X255.933 Y65.692
G01 X250.718 Y63.417
G01 X245.502 Y61.141
G01 X240.286 Y58.865
G01 X235.072 Y56.589
G01 X229.856 Y54.312
G01 X224.641 Y52.036
G01 X219.425 Y49.761
G01 X214.209 Y47.484
G01 X208.995 Y45.209
G01 X203.779 Y42.934
G01 X198.564 Y40.657
G01 X193.349 Y38.382
G01 X188.134 Y36.106
G01 X182.918 Y33.829
G01 X177.702 Y31.554
G01 X172.488 Y29.279
G01 X167.272 Y27.002
G01 X162.057 Y24.727
G01 X156.841 Y22.451
G01 X151.627 Y20.175
G01 X156.740 Y22.195
G01 X161.853 Y24.214
G01 X166.966 Y26.233
G01 X172.079 Y28.252
G01 X177.192 Y30.272
G01 X182.305 Y32.291
G01 X187.418 Y34.310
G01 X192.531 Y36.329
G01 X197.644 Y38.349
G01 X202.759 Y40.368
G01 X207.872 Y42.387
G01 X212.985 Y44.406
G01 X218.098 Y46.425
G01 X223.212 Y48.445
G01 X228.325 Y50.464
G01 X233.438 Y52.483
G01 X238.550 Y54.502
G01 X243.663 Y56.522
G01 X248.778 Y58.541
G01 X253.891 Y60.560
G01 X259.003 Y62.579
G01 X264.116 Y64.599
G01 X269.229 Y66.619
G01 X274.344 Y68.637
G01 X279.457 Y70.656
G01 X284.570 Y72.675
G01 X289.683 Y74.695
G01 X294.796 Y76.714
G01 X299.909 Y78.733
G01 X305.022 Y80.752
G01 X310.135 Y82.773
G01 X315.248 Y84.792
G01 X320.363 Y86.810
G01 X325.476 Y88.829
G01 X330.589 Y90.850
G01 X335.702 Y92.869
G01 X340.815 Y94.887
G01 X345.928 Y96.906
G01 X351.041 Y98.927
G01 X356.154 Y100.946
G01 X361.267 Y102.964
G01 X366.382 Y104.985
G01 X371.495 Y107.004
G01 X376.607 Y109.023
G01 X381.721 Y111.042
G01 X386.834 Y113.062
G01 X391.947 Y115.081
G01 X397.060 Y117.100
G01 X402.173 Y119.119
G01 X407.286 Y121.139
G01 X412.401 Y123.157
G01 X417.514 Y125.176
G01 X422.627 Y127.195
G01 X427.740 Y129.216
G01 X432.853 Y131.234
G01 X437.966 Y133.253
G01 X443.079 Y135.274
G01 X448.192 Y137.293
G01 X453.305 Y139.311
G01 X458.419 Y141.330
G01 X463.533 Y143.349
G01 X468.645 Y145.370
G01 X473.759 Y147.388
G01 X478.871 Y149.407
G01 X473.582 Y147.469
G01 X468.291 Y145.531
G01 X463.000 Y143.594
G01 X457.709 Y141.656
G01 X452.418 Y139.719
G01 X447.127 Y137.781
G01 X441.837 Y135.842
G01 X436.546 Y133.904
G01 X431.255 Y131.966
G01 X425.964 Y130.029
G01 X420.673 Y128.091
G01 X415.382 Y126.152
G01 X410.091 Y124.214
G01 X404.802 Y122.276
G01 X399.510 Y120.339
G01 X394.220 Y118.401
G01 X388.928 Y116.463
G01 X383.639 Y114.524
G01 X378.348 Y112.587
G01 X373.057 Y110.649
G01 X367.765 Y108.712
G01 X362.474 Y106.773
G01 X357.185 Y104.834
G01 X351.894 Y102.898
G01 X346.603 Y100.959
G01 X341.311 Y99.022
G01 X336.022 Y97.084
G01 X330.731 Y95.146
G01 X325.440 Y93.208
G01 X320.149 Y91.269
G01 X314.858 Y89.332
G01 X309.567 Y87.394
G01 X304.276 Y85.456
G01 X298.986 Y83.518
G01 X293.695 Y81.579
G01 X288.404 Y79.642
G01 X283.113 Y77.704
G01 X277.822 Y75.766
G01 X272.531 Y73.827
G01 X267.240 Y71.889
G01 X261.950 Y69.952
G01 X256.659 Y68.014
G01 X251.369 Y66.077
G01 X246.078 Y64.137
G01 X240.786 Y62.201
G01 X235.497 Y60.263
G01 X230.206 Y58.325
G01 X224.915 Y56.387
G01 X219.624 Y54.449
G01 X214.334 Y52.511
G01 X209.043 Y50.572
G01 X203.752 Y48.635
G01 X198.461 Y46.697
G01 X193.170 Y44.758
G01 X187.880 Y42.821
G01 X182.589 Y40.882
G01 X177.298 Y38.945
G01 X172.007 Y37.007
G01 X166.716 Y35.069
G01 X161.425 Y33.131
G01 X156.135 Y31.192
G01 X150.844 Y29.255
G01 X145.553 Y27.317
G01 X140.262 Y25.380
G01 X145.433 Y27.069
G01 X150.603 Y28.757
G01 X155.774 Y30.447
G01 X160.945 Y32.136
G01 X166.117 Y33.826
G01 X171.286 Y35.514
G01 X176.457 Y37.204
G01 X181.629 Y38.893
G01 X186.800 Y40.583
G01 X191.971 Y42.272
G01 X197.141 Y43.961
G01 X202.312 Y45.650
G01 X207.483 Y47.339
G01 X212.654 Y49.029
G01 X217.824 Y50.718
G01 X222.995 Y52.406
G01 X228.166 Y54.096
G01 X233.337 Y55.785
G01 X238.507 Y57.475
G01 X243.678 Y59.163
G01 X248.849 Y60.853
G01 X254.019 Y62.542
G01 X259.190 Y64.232
G01 X264.361 Y65.921
G01 X269.531 Y67.610
G01 X274.702 Y69.298
G01 X279.873 Y70.988
G01 X285.044 Y72.678
G01 X290.214 Y74.367
G01 X295.385 Y76.055
G01 X300.556 Y77.745
G01 X305.728 Y79.435
G01 X310.899 Y81.124
G01 X316.068 Y82.812
G01 X321.240 Y84.502
G01 X326.411 Y86.192
G01 X331.582 Y87.881
G01 X336.752 Y89.570
G01 X341.923 Y91.259
G01 X347.094 Y92.947
G01 X352.264 Y94.637
G01 X357.435 Y96.327
G01 X362.606 Y98.016
G01 X367.776 Y99.704
G01 X372.947 Y101.394
G01 X378.119 Y103.084
G01 X383.289 Y104.773
G01 X388.459 Y106.462
G01 X393.630 Y108.151
G01 X398.802 Y109.841
G01 X403.973 Y111.530
G01 X409.144 Y113.219
G01 X414.313 Y114.908
G01 X419.485 Y116.596
G01 X424.656 Y118.286
G01 X429.827 Y119.976
G01 X434.998 Y121.665
G01 X440.168 Y123.353
G01 X445.339 Y125.043
G01 X450.510 Y126.732
G01 X455.680 Y128.421
G01 X460.851 Y130.111
G01 X466.022 Y131.800
G01 X471.192 Y133.490
G01 X465.849 Y131.890
G01 X460.505 Y130.291
G01 X455.161 Y128.692
G01 X449.817 Y127.092
G01 X444.473 Y125.493
G01 X439.129 Y123.894
G01 X433.784 Y122.295
G01 X428.441 Y120.697
G01 X423.096 Y119.098
G01 X417.752 Y117.498
G01 X412.409 Y115.899
G01 X407.063 Y114.300
G01 X401.720 Y112.701
G01 X396.375 Y111.101
G01 X391.031 Y109.502
G01 X385.688 Y107.904
G01 X380.344 Y106.304
G01 X375.000 Y104.704
G01 X369.656 Y103.106
G01 X364.311 Y101.507
G01 X358.967 Y99.908
G01 X353.623 Y98.309
G01 X348.279 Y96.709
G01 X342.935 Y95.111
G01 X337.591 Y93.511
G01 X332.248 Y91.911
G01 X326.902 Y90.312
G01 X321.558 Y88.714
G01 X316.214 Y87.115
G01 X310.870 Y85.516
G01 X305.526 Y83.917
G01 X300.183 Y82.317
G01 X294.839 Y80.718
G01 X289.495 Y79.119
G01 X284.150 Y77.519
G01 X278.806 Y75.921
G01 X273.462 Y74.322
G01 X268.118 Y72.721
G01 X262.774 Y71.123
G01 X257.430 Y69.524
G01 X252.087 Y67.925
G01 X246.743 Y66.326
G01 X241.397 Y64.726
G01 X236.053 Y63.127
G01 X230.709 Y61.529
G01 X225.365 Y59.929
G01 X220.022 Y58.329
G01 X214.678 Y56.731
G01 X209.334 Y55.132
G01 X203.990 Y53.532
G01 X198.646 Y51.934
G01 X193.302 Y50.334
G01 X187.957 Y48.736
G01 X182.613 Y47.137
G01 X177.269 Y45.536
G01 X171.925 Y43.938
G01 X166.582 Y42.339
G01 X161.238 Y40.740
G01 X155.894 Y39.141
G01 X150.550 Y37.542
G01 X145.204 Y35.942
G01 X139.861 Y34.343
G01 X134.517 Y32.744
G01 X129.173 Y31.144
G01 X134.380 Y32.505
G01 X139.587 Y33.864
G01 X144.793 Y35.224
G01 X150.000 Y36.583
G01 X155.207 Y37.942
G01 X160.413 Y39.302
G01 X165.620 Y40.661
G01 X170.827 Y42.020
G01 X176.034 Y43.381
G01 X181.240 Y44.740
G01 X186.447 Y46.100
G01 X191.654 Y47.459
G01 X196.862 Y48.819
G01 X202.067 Y50.178
G01 X207.274 Y51.538
G01 X212.481 Y52.897
G01 X217.689 Y54.257
G01 X222.894 Y55.615
G01 X228.101 Y56.976
G01 X233.308 Y58.334
G01 X238.516 Y59.695
G01 X243.723 Y61.054
G01 X248.930 Y62.413
G01 X254.136 Y63.773
G01 X259.342 Y65.132
G01 X264.549 Y66.492
G01 X269.757 Y67.851
G01 X274.962 Y69.211
G01 X280.169 Y70.571
G01 X285.377 Y71.930
G01 X290.584 Y73.290
G01 X295.791 Y74.649
G01 X300.998 Y76.009
G01 X306.204 Y77.368
G01 X311.411 Y78.728
G01 X316.618 Y80.087
G01 X321.825 Y81.447
G01 X327.031 Y82.805
G01 X332.238 Y84.166
G01 X337.445 Y85.524
G01 X342.651 Y86.885
G01 X347.858 Y88.244
G01 X353.065 Y89.603
G01 X358.272 Y90.963
G01 X363.478 Y92.322
G01 X368.685 Y93.682
G01 X373.892 Y95.042
G01 X379.100 Y96.401
G01 X384.305 Y97.761
G01 X389.512 Y99.120
G01 X394.720 Y100.480
G01 X399.927 Y101.839
G01 X405.134 Y103.199
G01 X410.339 Y104.558
G01 X415.547 Y105.918
G01 X420.754 Y107.276
G01 X425.961 Y108.637
G01 X431.168 Y109.997
G01 X436.374 Y111.356
G01 X441.581 Y112.714
G01 X446.788 Y114.075
G01 X451.995 Y115.435
G01 X457.201 Y116.793
G01 X462.408 Y118.153
G01 X457.033 Y116.893
G01 X451.658 Y115.632
G01 X446.281 Y114.370
G01 X440.906 Y113.110
G01 X435.531 Y111.849
G01 X430.156 Y110.588
G01 X424.781 Y109.327
G01 X419.406 Y108.066
G01 X414.029 Y106.805
G01 X408.654 Y105.545
G01 X403.279 Y104.284
G01 X397.904 Y103.023
G01 X392.529 Y101.762
G01 X387.153 Y100.500
G01 X381.778 Y99.240
G01 X376.402 Y97.978
G01 X371.026 Y96.719
G01 X365.651 Y95.458
G01 X360.276 Y94.197
G01 X354.900 Y92.935
G01 X349.525 Y91.675
G01 X344.149 Y90.413
G01 X338.774 Y89.153
G01 X333.399 Y87.893
G01 X328.024 Y86.632
G01 X322.649 Y85.370
G01 X317.274 Y84.110
G01 X311.897 Y82.849
G01 X306.522 Y81.588
G01 X301.147 Y80.327
G01 X295.772 Y79.066
G01 X290.397 Y77.805
G01 X285.022 Y76.545
G01 X279.645 Y75.284
G01 X274.270 Y74.023
G01 X268.895 Y72.762
G01 X263.519 Y71.500
G01 X258.144 Y70.240
G01 X252.769 Y68.978
G01 X247.394 Y67.719
G01 X242.019 Y66.458
G01 X236.644 Y65.197
G01 X231.267 Y63.935
G01 X225.892 Y62.675
G01 X220.517 Y61.413
G01 X215.142 Y60.153
G01 X209.767 Y58.893
G01 X204.391 Y57.632
G01 X199.016 Y56.370
G01 X193.641 Y55.109
G01 X188.264 Y53.849
G01 X182.889 Y52.588
G01 X177.514 Y51.327
G01 X172.139 Y50.066
G01 X166.764 Y48.805
G01 X161.387 Y47.544
G01 X156.012 Y46.284
G01 X150.637 Y45.023
G01 X145.262 Y43.762
G01 X139.887 Y42.501
G01 X134.512 Y41.240
G01 X129.135 Y39.978
G01 X123.760 Y38.718
G01 X118.385 Y37.458
G01 X123.606 Y38.489
G01 X128.829 Y39.520
G01 X134.050 Y40.552
G01 X139.272 Y41.584
G01 X144.493 Y42.615
G01 X149.714 Y43.647
G01 X154.935 Y44.678
G01 X160.158 Y45.709
G01 X165.379 Y46.740
G01 X170.601 Y47.773
G01 X175.822 Y48.805
G01 X181.043 Y49.836
G01 X186.264 Y50.868
G01 X191.487 Y51.899
G01 X196.707 Y52.930
G01 X201.930 Y53.962
G01 X207.151 Y54.994
G01 X212.373 Y56.025
G01 X217.594 Y57.056
G01 X222.815 Y58.088
G01 X228.036 Y59.120
G01 X233.259 Y60.151
G01 X238.480 Y61.183
G01 X243.702 Y62.215
G01 X248.923 Y63.245
G01 X254.144 Y64.278
G01 X259.365 Y65.309
G01 X264.587 Y66.341
G01 X269.808 Y67.372
G01 X275.031 Y68.404
G01 X280.252 Y69.435
G01 X285.474 Y70.466
G01 X290.695 Y71.498
G01 X295.916 Y72.530
G01 X301.137 Y73.562
G01 X306.359 Y74.593
G01 X311.580 Y75.625
G01 X316.803 Y76.656
G01 X322.024 Y77.688
G01 X327.245 Y78.719
G01 X332.466 Y79.750
G01 X337.688 Y80.781
G01 X342.909 Y81.814
G01 X348.132 Y82.845
G01 X353.353 Y83.877
G01 X358.575 Y84.908
G01 X363.796 Y85.940
G01 X369.017 Y86.971
G01 X374.238 Y88.002
G01 X379.461 Y89.035
G01 X384.682 Y90.066
G01 X389.904 Y91.098
G01 X395.125 Y92.129
G01 X400.346 Y93.161
G01 X405.567 Y94.192
G01 X410.789 Y95.224
G01 X416.010 Y96.255
G01 X421.233 Y97.286
G01 X426.454 Y98.319
G01 X431.675 Y99.350
G01 X436.898 Y100.382
G01 X442.119 Y101.413
G01 X447.340 Y102.445
G01 X452.562 Y103.476
G01 X447.177 Y102.552
G01 X441.792 Y101.627
G01 X436.406 Y100.702
G01 X431.022 Y99.778
G01 X425.637 Y98.853
G01 X420.252 Y97.929
G01 X414.868 Y97.004
G01 X409.483 Y96.079
G01 X404.098 Y95.155
G01 X398.712 Y94.230
G01 X393.327 Y93.305
G01 X387.942 Y92.381
G01 X382.558 Y91.456
G01 X377.173 Y90.531
G01 X371.787 Y89.607
G01 X366.402 Y88.683
G01 X361.017 Y87.757
G01 X355.632 Y86.833
G01 X350.248 Y85.909
G01 X344.863 Y84.983
G01 X339.478 Y84.059
G01 X334.094 Y83.135
G01 X328.709 Y82.209
G01 X323.323 Y81.286
G01 X317.938 Y80.361
G01 X312.553 Y79.437
G01 X307.168 Y78.512
G01 X301.784 Y77.587
G01 X296.399 Y76.663
G01 X291.013 Y75.738
G01 X285.628 Y74.814
G01 X280.245 Y73.889
G01 X274.859 Y72.964
G01 X269.474 Y72.040
G01 X264.089 Y71.115
G01 X258.704 Y70.191
G01 X253.320 Y69.266
G01 X247.935 Y68.341
G01 X242.550 Y67.417
G01 X237.165 Y66.492
G01 X231.779 Y65.567
G01 X226.394 Y64.643
G01 X221.010 Y63.718
G01 X215.625 Y62.793
G01 X210.240 Y61.869
G01 X204.856 Y60.944
G01 X199.471 Y60.019
G01 X194.086 Y59.095
G01 X188.701 Y58.171
G01 X183.315 Y57.245
G01 X177.930 Y56.321
G01 X172.546 Y55.397
G01 X167.161 Y54.471
G01 X161.776 Y53.548
G01 X156.391 Y52.623
G01 X151.007 Y51.697
G01 X145.622 Y50.774
G01 X140.237 Y49.849
G01 X134.851 Y48.925
G01 X129.466 Y48.000
G01 X124.081 Y47.075
G01 X118.697 Y46.151
G01 X113.312 Y45.226
G01 X107.927 Y44.302
G01 X113.142 Y45.007
G01 X118.358 Y45.715
G01 X123.572 Y46.422
G01 X128.788 Y47.127
G01 X134.004 Y47.834
G01 X139.219 Y48.542
G01 X144.433 Y49.248
G01 X149.649 Y49.954
G01 X154.863 Y50.661
G01 X160.079 Y51.369
G01 X165.295 Y52.075
G01 X170.510 Y52.781
G01 X175.725 Y53.489
G01 X180.940 Y54.195
G01 X186.156 Y54.901
G01 X191.370 Y55.608
G01 X196.587 Y56.316
G01 X201.802 Y57.023
G01 X207.017 Y57.728
G01 X212.231 Y58.435
G01 X217.447 Y59.143
G01 X222.663 Y59.849
G01 X227.877 Y60.555
G01 X233.093 Y61.263
G01 X238.308 Y61.969
G01 X243.524 Y62.675
G01 X248.739 Y63.382
G01 X253.954 Y64.089
G01 X259.168 Y64.796
G01 X264.385 Y65.502
G01 X269.599 Y66.209
G01 X274.815 Y66.916
G01 X280.029 Y67.623
G01 X285.245 Y68.329
G01 X290.460 Y69.036
G01 X295.675 Y69.743
G01 X300.890 Y70.450
G01 X306.106 Y71.156
G01 X311.322 Y71.863
G01 X316.536 Y72.570
G01 X321.752 Y73.276
G01 X326.967 Y73.983
G01 X332.183 Y74.690
G01 X337.397 Y75.397
G01 X342.613 Y76.103
G01 X347.829 Y76.810
G01 X353.043 Y77.517
G01 X358.258 Y78.224
G01 X363.474 Y78.930
G01 X368.690 Y79.637
G01 X373.904 Y80.344
G01 X379.120 Y81.050
G01 X384.334 Y81.757
G01 X389.550 Y82.464
G01 X394.765 Y83.171
G01 X399.981 Y83.877
G01 X405.196 Y84.584
G01 X410.411 Y85.291
G01 X415.627 Y85.998
G01 X420.841 Y86.704
G01 X426.057 Y87.411
G01 X431.273 Y88.118
G01 X436.488 Y88.825
G01 X441.702 Y89.531
G01 X436.329 Y88.940
G01 X430.957 Y88.348
G01 X425.584 Y87.756
G01 X420.211 Y87.163
G01 X414.837 Y86.572
G01 X409.464 Y85.981
G01 X404.091 Y85.389
G01 X398.717 Y84.797
G01 X393.345 Y84.206
G01 X387.971 Y83.613
G01 X382.599 Y83.022
G01 X377.226 Y82.430
G01 X371.853 Y81.839
G01 X366.479 Y81.247
G01 X361.106 Y80.655
G01 X355.733 Y80.062
G01 X350.359 Y79.471
G01 X344.986 Y78.880
G01 X339.613 Y78.288
G01 X334.240 Y77.696
G01 X328.868 Y77.105
G01 X323.495 Y76.512
G01 X318.121 Y75.921
G01 X312.748 Y75.329
G01 X307.375 Y74.738
G01 X302.002 Y74.146
G01 X296.628 Y73.554
G01 X291.255 Y72.962
G01 X285.882 Y72.370
G01 X280.510 Y71.779
G01 X275.137 Y71.187
G01 X269.762 Y70.595
G01 X264.389 Y70.004
G01 X259.017 Y69.411
G01 X253.644 Y68.820
G01 X248.270 Y68.228
G01 X242.897 Y67.637
G01 X237.524 Y67.045
G01 X232.151 Y66.452
G01 X226.779 Y65.862
G01 X221.404 Y65.269
G01 X216.031 Y64.678
G01 X210.659 Y64.086
G01 X205.286 Y63.494
G01 X199.913 Y62.903
G01 X194.540 Y62.310
G01 X189.166 Y61.719
G01 X183.793 Y61.127
G01 X178.421 Y60.536
G01 X173.048 Y59.944
G01 X167.673 Y59.352
G01 X162.300 Y58.761
G01 X156.928 Y58.168
G01 X151.555 Y57.577
G01 X146.182 Y56.984
G01 X140.808 Y56.394
G01 X135.435 Y55.802
G01 X130.062 Y55.209
G01 X124.689 Y54.618
G01 X119.315 Y54.026
G01 X113.942 Y53.435
G01 X108.570 Y52.843
G01 X103.197 Y52.251
G01 X97.824 Y51.660
G01 X103.012 Y52.046
G01 X108.201 Y52.431
G01 X113.389 Y52.819
G01 X118.577 Y53.204
G01 X123.766 Y53.591
G01 X128.954 Y53.978
G01 X134.142 Y54.364
G01 X139.332 Y54.751
G01 X144.519 Y55.137
G01 X149.709 Y55.523
G01 X154.897 Y55.910
G01 X160.086 Y56.296
G01 X165.274 Y56.683
G01 X170.462 Y57.069
G01 X175.651 Y57.454
G01 X180.839 Y57.841
G01 X186.028 Y58.228
G01 X191.216 Y58.614
G01 X196.404 Y59.001
G01 X201.593 Y59.387
G01 X206.781 Y59.774
G01 X211.969 Y60.160
G01 X217.159 Y60.546
G01 X222.346 Y60.933
G01 X227.536 Y61.319
G01 X232.724 Y61.706
G01 X237.913 Y62.091
G01 X243.101 Y62.478
G01 X248.290 Y62.865
G01 X253.478 Y63.251
G01 X258.666 Y63.638
G01 X263.854 Y64.024
G01 X269.043 Y64.410
G01 X274.231 Y64.797
G01 X279.421 Y65.183
G01 X284.608 Y65.570
G01 X289.796 Y65.956
G01 X294.986 Y66.341
G01 X300.173 Y66.728
G01 X305.363 Y67.115
G01 X310.550 Y67.500
G01 X315.740 Y67.887
G01 X320.928 Y68.274
G01 X326.116 Y68.661
G01 X331.305 Y69.047
G01 X336.493 Y69.434
G01 X341.681 Y69.820
G01 X346.870 Y70.206
G01 X352.058 Y70.593
G01 X357.248 Y70.978
G01 X362.435 Y71.365
G01 X367.625 Y71.752
G01 X372.812 Y72.137
G01 X378.002 Y72.524
G01 X383.190 Y72.911
G01 X388.379 Y73.297
G01 X393.567 Y73.684
G01 X398.755 Y74.070
G01 X403.943 Y74.457
G01 X409.132 Y74.843
G01 X414.321 Y75.228
G01 X419.509 Y75.615
G01 X424.697 Y76.002
G01 X429.885 Y76.387
G01 X424.546 Y76.125
G01 X419.204 Y75.861
G01 X413.865 Y75.596
G01 X408.524 Y75.334
G01 X403.183 Y75.070
G01 X397.844 Y74.807
G01 X392.504 Y74.543
G01 X387.163 Y74.279
G01 X381.822 Y74.014
G01 X376.481 Y73.752
G01 X371.142 Y73.488
G01 X365.801 Y73.224
G01 X360.460 Y72.961
G01 X355.120 Y72.697
G01 X349.779 Y72.433
G01 X344.440 Y72.170
G01 X339.099 Y71.906
G01 X333.758 Y71.642
G01 X328.418 Y71.379
G01 X323.077 Y71.115
G01 X317.738 Y70.851
G01 X312.397 Y70.587
G01 X307.056 Y70.324
G01 X301.716 Y70.060
G01 X296.375 Y69.797
G01 X291.036 Y69.533
G01 X285.695 Y69.269
G01 X280.354 Y69.006
G01 X275.014 Y68.742
G01 X269.673 Y68.478
G01 X264.334 Y68.214
G01 X258.993 Y67.951
G01 X253.653 Y67.687
G01 X248.312 Y67.423
G01 X242.971 Y67.160
G01 X237.632 Y66.896
G01 X232.291 Y66.632
G01 X226.951 Y66.369
G01 X221.611 Y66.105
G01 X216.269 Y65.841
G01 X210.930 Y65.577
G01 X205.589 Y65.314
G01 X200.249 Y65.050
G01 X194.909 Y64.786
G01 X189.567 Y64.523
G01 X184.228 Y64.259
G01 X178.887 Y63.995
G01 X173.546 Y63.732
G01 X168.207 Y63.469
G01 X162.867 Y63.204
G01 X157.526 Y62.941
G01 X152.185 Y62.677
G01 X146.844 Y62.413
G01 X141.505 Y62.150
G01 X136.163 Y61.886
G01 X130.824 Y61.623
G01 X125.483 Y61.358
G01 X120.142 Y61.096
G01 X114.803 Y60.832
G01 X109.462 Y60.567
G01 X104.122 Y60.304
G01 X98.781 Y60.041
G01 X93.440 Y59.776
G01 X88.101 Y59.513
G01 X93.243 Y59.584
G01 X98.384 Y59.656
G01 X103.526 Y59.728
G01 X108.668 Y59.800
G01 X113.808 Y59.873
G01 X118.951 Y59.945
G01 X124.093 Y60.017
G01 X129.235 Y60.088
G01 X134.375 Y60.160
G01 X139.517 Y60.232
G01 X144.659 Y60.304
G01 X149.800 Y60.376
G01 X154.942 Y60.447
G01 X160.084 Y60.519
G01 X165.226 Y60.591
G01 X170.368 Y60.663
G01 X175.510 Y60.734
G01 X180.651 Y60.806
G01 X185.793 Y60.879
G01 X190.935 Y60.951
G01 X196.077 Y61.023
G01 X201.219 Y61.095
G01 X206.360 Y61.167
G01 X211.502 Y61.238
G01 X216.644 Y61.310
G01 X221.784 Y61.382
G01 X226.927 Y61.454
G01 X232.069 Y61.526
G01 X237.209 Y61.598
G01 X242.351 Y61.669
G01 X247.494 Y61.740
G01 X252.636 Y61.812
G01 X257.776 Y61.885
G01 X262.918 Y61.957
G01 X268.060 Y62.029
G01 X273.202 Y62.101
G01 X278.344 Y62.173
G01 X283.486 Y62.244
G01 X288.627 Y62.316
G01 X293.769 Y62.388
G01 X298.911 Y62.459
G01 X304.053 Y62.531
G01 X309.193 Y62.603
G01 X314.335 Y62.675
G01 X319.478 Y62.748
G01 X324.620 Y62.819
G01 X329.760 Y62.891
G01 X334.902 Y62.963
G01 X340.044 Y63.035
G01 X345.185 Y63.107
G01 X350.327 Y63.179
G01 X355.469 Y63.251
G01 X360.611 Y63.322
G01 X365.752 Y63.394
G01 X370.894 Y63.466
G01 X376.036 Y63.538
G01 X381.178 Y63.609
G01 X386.320 Y63.681
G01 X391.462 Y63.754
G01 X396.603 Y63.826
G01 X401.745 Y63.898
G01 X406.887 Y63.969
G01 X412.029 Y64.041
G01 X417.170 Y64.113
G01 X411.882 Y64.172
G01 X406.596 Y64.230
G01 X401.308 Y64.288
G01 X396.021 Y64.346
G01 X390.733 Y64.405
G01 X385.447 Y64.463
G01 X380.159 Y64.521
G01 X374.871 Y64.579
G01 X369.584 Y64.637
G01 X364.296 Y64.696
G01 X359.010 Y64.754
G01 X353.722 Y64.812
G01 X348.435 Y64.870
G01 X343.147 Y64.929
G01 X337.861 Y64.987
G01 X332.572 Y65.046
G01 X327.286 Y65.103
G01 X321.998 Y65.161
G01 X316.712 Y65.221
G01 X311.423 Y65.279
G01 X306.137 Y65.337
G01 X300.849 Y65.394
G01 X295.561 Y65.454
G01 X290.274 Y65.512
G01 X284.988 Y65.570
G01 X279.700 Y65.629
G01 X274.412 Y65.687
G01 X269.125 Y65.745
G01 X263.837 Y65.803
G01 X258.550 Y65.862
G01 X253.263 Y65.920
G01 X247.976 Y65.978
G01 X242.689 Y66.036
G01 X237.401 Y66.095
G01 X232.115 Y66.153
G01 X226.827 Y66.211
G01 X221.540 Y66.269
G01 X216.252 Y66.327
G01 X210.964 Y66.386
G01 X205.678 Y66.445
G01 X200.391 Y66.502
G01 X195.103 Y66.560
G01 X189.815 Y66.619
G01 X184.529 Y66.678
G01 X179.240 Y66.736
G01 X173.954 Y66.793
G01 X168.666 Y66.851
G01 X163.379 Y66.911
G01 X158.091 Y66.969
G01 X152.805 Y67.028
G01 X147.517 Y67.086
G01 X142.230 Y67.144
G01 X136.942 Y67.202
G01 X131.656 Y67.261
G01 X126.367 Y67.319
G01 X121.081 Y67.377
G01 X115.793 Y67.435
G01 X110.507 Y67.494
G01 X105.219 Y67.552
G01 X99.932 Y67.610
G01 X94.644 Y67.668
G01 X89.356 Y67.726
G01 X84.070 Y67.785
G01 X78.783 Y67.843
G01 X83.858 Y67.608
G01 X88.933 Y67.372
G01 X94.009 Y67.137
G01 X99.084 Y66.901
G01 X104.159 Y66.666
G01 X109.236 Y66.430
G01 X114.312 Y66.194
G01 X119.387 Y65.959
G01 X124.463 Y65.723
G01 X129.538 Y65.488
G01 X134.613 Y65.252
G01 X139.689 Y65.017
G01 X144.764 Y64.781
G01 X149.839 Y64.545
G01 X154.916 Y64.310
G01 X159.992 Y64.074
G01 X165.067 Y63.839
G01 X170.142 Y63.603
G01 X175.218 Y63.368
G01 X180.293 Y63.132
G01 X185.368 Y62.895
G01 X190.445 Y62.661
G01 X195.521 Y62.425
G01 X200.596 Y62.190
G01 X205.671 Y61.954
G01 X210.747 Y61.719
G01 X215.822 Y61.483
G01 X220.897 Y61.246
G01 X225.974 Y61.012
G01 X231.050 Y60.776
G01 X236.125 Y60.541
G01 X241.201 Y60.305
G01 X246.275 Y60.070
G01 X251.352 Y59.834
G01 X256.426 Y59.599
G01 X261.502 Y59.363
G01 X266.579 Y59.127
G01 X271.654 Y58.892
G01 X276.729 Y58.656
G01 X281.805 Y58.421
G01 X286.880 Y58.185
G01 X291.955 Y57.950
G01 X297.031 Y57.714
G01 X302.108 Y57.478
G01 X307.183 Y57.243
G01 X312.258 Y57.007
G01 X317.334 Y56.772
G01 X322.409 Y56.536
G01 X327.486 Y56.300
G01 X332.560 Y56.065
G01 X337.637 Y55.829
G01 X342.712 Y55.594
G01 X347.787 Y55.358
G01 X352.863 Y55.123
G01 X357.938 Y54.887
G01 X363.013 Y54.651
G01 X368.089 Y54.416
G01 X373.164 Y54.180
G01 X378.240 Y53.945
G01 X383.317 Y53.709
G01 X388.392 Y53.474
G01 X393.467 Y53.238
G01 X398.543 Y53.002
G01 X403.619 Y52.767
G01 X398.404 Y53.139
G01 X393.190 Y53.513
G01 X387.975 Y53.886
G01 X382.760 Y54.257
G01 X377.546 Y54.631
G01 X372.332 Y55.004
G01 X367.118 Y55.377
G01 X361.902 Y55.750
G01 X356.688 Y56.123
G01 X351.474 Y56.495
G01 X346.260 Y56.868
G01 X341.044 Y57.240
G01 X335.830 Y57.614
G01 X330.615 Y57.987
G01 X325.401 Y58.359
G01 X320.186 Y58.733
G01 X314.972 Y59.105
G01 X309.757 Y59.478
G01 X304.543 Y59.851
G01 X299.329 Y60.224
G01 X294.115 Y60.596
G01 X288.899 Y60.970
G01 X283.685 Y61.341
G01 X278.471 Y61.715
G01 X273.257 Y62.088
G01 X268.041 Y62.461
G01 X262.827 Y62.834
G01 X257.613 Y63.207
G01 X252.399 Y63.579
G01 X247.184 Y63.952
G01 X241.969 Y64.325
G01 X236.755 Y64.697
G01 X231.541 Y65.071
G01 X226.327 Y65.442
G01 X221.112 Y65.816
G01 X215.897 Y66.189
G01 X210.683 Y66.562
G01 X205.469 Y66.935
G01 X200.254 Y67.308
G01 X195.040 Y67.680
G01 X189.825 Y68.053
G01 X184.611 Y68.425
G01 X179.396 Y68.798
G01 X174.182 Y69.172
G01 X168.966 Y69.545
G01 X163.752 Y69.918
G01 X158.538 Y70.290
G01 X153.324 Y70.663
G01 X148.108 Y71.036
G01 X142.894 Y71.409
G01 X137.680 Y71.781
G01 X132.466 Y72.154
G01 X127.252 Y72.526
G01 X122.036 Y72.899
G01 X116.822 Y73.273
G01 X111.608 Y73.646
G01 X106.394 Y74.019
G01 X101.178 Y74.392
G01 X95.964 Y74.764
G01 X90.750 Y75.137
G01 X85.536 Y75.510
G01 X80.320 Y75.882
G01 X75.106 Y76.256
G01 X69.892 Y76.629
G01 X74.882 Y76.094
G01 X79.874 Y75.559
G01 X84.865 Y75.024
G01 X89.855 Y74.490
G01 X94.846 Y73.954
G01 X99.837 Y73.420
G01 X104.827 Y72.885
G01 X109.817 Y72.351
G01 X114.808 Y71.816
G01 X119.800 Y71.281
G01 X124.790 Y70.747
G01 X129.781 Y70.212
G01 X134.772 Y69.677
G01 X139.762 Y69.142
G01 X144.752 Y68.608
G01 X149.743 Y68.072
G01 X154.735 Y67.538
G01 X159.726 Y67.004
G01 X164.716 Y66.469
G01 X169.707 Y65.934
G01 X174.697 Y65.399
G01 X179.689 Y64.865
G01 X184.678 Y64.329
G01 X189.670 Y63.794
G01 X194.661 Y63.261
G01 X199.651 Y62.726
G01 X204.642 Y62.191
G01 X209.632 Y61.656
G01 X214.624 Y61.121
G01 X219.615 Y60.587
G01 X224.605 Y60.052
G01 X229.596 Y59.518
G01 X234.587 Y58.983
G01 X239.577 Y58.447
G01 X244.567 Y57.913
G01 X249.559 Y57.379
G01 X254.549 Y56.844
G01 X259.539 Y56.310
G01 X264.531 Y55.775
G01 X269.522 Y55.240
G01 X274.512 Y54.704
G01 X279.503 Y54.171
G01 X284.493 Y53.636
G01 X289.484 Y53.101
G01 X294.476 Y52.567
G01 X299.466 Y52.031
G01 X304.457 Y51.496
G01 X309.447 Y50.962
G01 X314.438 Y50.428
G01 X319.428 Y49.893
G01 X324.419 Y49.358
G01 X329.411 Y48.822
G01 X334.400 Y48.288
G01 X339.392 Y47.754
G01 X344.382 Y47.219
G01 X349.373 Y46.685
G01 X354.363 Y46.150
G01 X359.354 Y45.615
G01 X364.346 Y45.081
G01 X369.337 Y44.546
G01 X374.327 Y44.011
G01 X379.317 Y43.476
G01 X384.308 Y42.942
G01 X389.300 Y42.406
G01 X384.177 Y43.086
G01 X379.055 Y43.764
G01 X373.932 Y44.442
G01 X368.808 Y45.121
G01 X363.686 Y45.800
G01 X358.563 Y46.480
G01 X353.440 Y47.157
G01 X348.318 Y47.837
G01 X343.195 Y48.516
G01 X338.073 Y49.194
G01 X332.950 Y49.873
G01 X327.827 Y50.552
G01 X322.705 Y51.231
G01 X317.582 Y51.910
G01 X312.459 Y52.588
G01 X307.337 Y53.267
G01 X302.214 Y53.946
G01 X297.092 Y54.625
G01 X291.969 Y55.303
G01 X286.847 Y55.982
G01 X281.724 Y56.661
G01 X276.601 Y57.339
G01 X271.479 Y58.018
G01 X266.356 Y58.697
G01 X261.233 Y59.376
G01 X256.111 Y60.055
G01 X250.989 Y60.733
G01 X245.865 Y61.411
G01 X240.743 Y62.091
G01 X235.620 Y62.769
G01 X230.499 Y63.447
G01 X225.375 Y64.127
G01 X220.252 Y64.805
G01 X215.130 Y65.483
G01 X210.007 Y66.163
G01 X204.885 Y66.841
G01 X199.762 Y67.521
G01 X194.639 Y68.200
G01 X189.517 Y68.877
G01 X184.394 Y69.557
G01 X179.272 Y70.236
G01 X174.149 Y70.915
G01 X169.026 Y71.593
G01 X163.904 Y72.272
G01 X158.781 Y72.951
G01 X153.659 Y73.630
G01 X148.536 Y74.308
G01 X143.413 Y74.987
G01 X138.291 Y75.666
G01 X133.168 Y76.344
G01 X128.046 Y77.023
G01 X122.923 Y77.702
G01 X117.800 Y78.381
G01 X112.678 Y79.060
G01 X107.555 Y79.738
G01 X102.433 Y80.417
G01 X97.310 Y81.096
G01 X92.188 Y81.774
G01 X87.065 Y82.452
G01 X81.942 Y83.132
G01 X76.820 Y83.810
G01 X71.697 Y84.490
G01 X66.575 Y85.168
G01 X61.452 Y85.846
G01 X66.339 Y85.023
G01 X71.228 Y84.197
G01 X76.115 Y83.374
G01 X81.004 Y82.548
G01 X85.892 Y81.725
G01 X90.779 Y80.901
G01 X95.668 Y80.076
G01 X100.555 Y79.252
G01 X105.444 Y78.427
G01 X110.332 Y77.603
G01 X115.219 Y76.779
G01 X120.108 Y75.954
G01 X124.995 Y75.130
G01 X129.884 Y74.305
G01 X134.772 Y73.481
G01 X139.659 Y72.656
G01 X144.548 Y71.832
G01 X149.435 Y71.007
G01 X154.324 Y70.183
G01 X159.212 Y69.358
G01 X164.100 Y68.534
G01 X168.988 Y67.709
G01 X173.875 Y66.886
G01 X178.764 Y66.060
G01 X183.651 Y65.237
G01 X188.540 Y64.411
G01 X193.428 Y63.588
G01 X198.315 Y62.763
G01 X203.204 Y61.939
G01 X208.091 Y61.115
G01 X212.980 Y60.290
G01 X217.868 Y59.466
G01 X222.755 Y58.641
G01 X227.644 Y57.817
G01 X232.531 Y56.993
G01 X237.420 Y56.168
G01 X242.308 Y55.344
G01 X247.196 Y54.519
G01 X252.084 Y53.695
G01 X256.971 Y52.870
G01 X261.859 Y52.046
G01 X266.748 Y51.221
G01 X271.635 Y50.397
G01 X276.524 Y49.572
G01 X281.411 Y48.748
G01 X286.299 Y47.923
G01 X291.188 Y47.099
G01 X296.075 Y46.275
G01 X300.964 Y45.451
G01 X305.851 Y44.626
G01 X310.740 Y43.802
G01 X315.627 Y42.977
G01 X320.515 Y42.153
G01 X325.404 Y41.328
G01 X330.293 Y40.504
G01 X335.180 Y39.680
G01 X340.067 Y38.855
G01 X344.955 Y38.031
G01 X349.844 Y37.206
G01 X354.731 Y36.382
G01 X359.620 Y35.556
G01 X364.507 Y34.733
G01 X369.395 Y33.909
G01 X374.284 Y33.084
G01 X369.272 Y34.059
G01 X364.258 Y35.034
G01 X359.246 Y36.008
G01 X354.233 Y36.983
G01 X349.221 Y37.959
G01 X344.209 Y38.934
G01 X339.197 Y39.907
G01 X334.183 Y40.882
G01 X329.171 Y41.858
G01 X324.159 Y42.833
G01 X319.147 Y43.808
G01 X314.133 Y44.782
G01 X309.121 Y45.757
G01 X304.108 Y46.732
G01 X299.096 Y47.707
G01 X294.084 Y48.681
G01 X289.070 Y49.656
G01 X284.058 Y50.632
G01 X279.046 Y51.607
G01 X274.034 Y52.582
G01 X269.020 Y53.556
G01 X264.008 Y54.531
G01 X258.996 Y55.506
G01 X253.984 Y56.481
G01 X248.971 Y57.456
G01 X243.959 Y58.430
G01 X238.945 Y59.406
G01 X233.933 Y60.381
G01 X228.921 Y61.356
G01 X223.909 Y62.329
G01 X218.896 Y63.305
G01 X213.884 Y64.280
G01 X208.870 Y65.255
G01 X203.858 Y66.230
G01 X198.846 Y67.204
G01 X193.834 Y68.180
G01 X188.820 Y69.154
G01 X183.808 Y70.129
G01 X178.796 Y71.103
G01 X173.784 Y72.079
G01 X168.771 Y73.054
G01 X163.759 Y74.029
G01 X158.745 Y75.004
G01 X153.733 Y75.978
G01 X148.721 Y76.954
G01 X143.709 Y77.928
G01 X138.695 Y78.903
G01 X133.683 Y79.877
G01 X128.671 Y80.853
G01 X123.658 Y81.827
G01 X118.646 Y82.803
G01 X113.632 Y83.778
G01 X108.620 Y84.752
G01 X103.608 Y85.726
G01 X98.596 Y86.702
G01 X93.582 Y87.677
G01 X88.570 Y88.651
G01 X83.558 Y89.627
G01 X78.546 Y90.601
G01 X73.533 Y91.577
G01 X68.521 Y92.550
G01 X63.507 Y93.526
G01 X58.495 Y94.500
G01 X53.483 Y95.476
G01 X58.250 Y94.372
G01 X63.019 Y93.269
G01 X67.788 Y92.165
G01 X72.555 Y91.062
G01 X77.324 Y89.958
G01 X82.091 Y88.853
G01 X86.861 Y87.750
G01 X91.629 Y86.647
G01 X96.397 Y85.543
G01 X101.165 Y84.440
G01 X105.933 Y83.336
G01 X110.702 Y82.233
G01 X115.469 Y81.129
G01 X120.238 Y80.026
G01 X125.005 Y78.922
G01 X129.774 Y77.819
G01 X134.543 Y76.714
G01 X139.310 Y75.611
G01 X144.079 Y74.507
G01 X148.846 Y73.404
G01 X153.615 Y72.300
G01 X158.384 Y71.197
G01 X163.151 Y70.093
G01 X167.920 Y68.990
G01 X172.688 Y67.886
G01 X177.456 Y66.781
G01 X182.224 Y65.679
G01 X186.993 Y64.575
G01 X191.760 Y63.471
G01 X196.529 Y62.368
G01 X201.296 Y61.264
G01 X206.065 Y60.161
G01 X210.834 Y59.056
G01 X215.601 Y57.954
G01 X220.370 Y56.850
G01 X225.137 Y55.746
G01 X229.906 Y54.643
G01 X234.675 Y53.538
G01 X239.442 Y52.435
G01 X244.210 Y51.332
G01 X248.978 Y50.228
G01 X253.748 Y49.125
G01 X258.515 Y48.020
G01 X263.284 Y46.918
G01 X268.051 Y45.814
G01 X272.820 Y44.709
G01 X277.589 Y43.607
G01 X282.356 Y42.502
G01 X287.125 Y41.400
G01 X291.892 Y40.296
G01 X296.661 Y39.192
G01 X301.430 Y38.089
G01 X306.197 Y36.984
G01 X310.966 Y35.882
G01 X315.733 Y34.778
G01 X320.502 Y33.673
G01 X325.269 Y32.571
G01 X330.038 Y31.466
G01 X334.806 Y30.364
G01 X339.575 Y29.260
G01 X344.342 Y28.156
G01 X349.111 Y27.053
G01 X353.880 Y25.948
G01 X358.647 Y24.846
G01 X353.762 Y26.106
G01 X348.877 Y27.365
G01 X343.993 Y28.626
G01 X339.108 Y29.886
G01 X334.222 Y31.145
G01 X329.337 Y32.406
G01 X324.452 Y33.666
G01 X319.567 Y34.925
G01 X314.681 Y36.185
G01 X309.798 Y37.446
G01 X304.911 Y38.707
G01 X300.026 Y39.966
G01 X295.142 Y41.227
G01 X290.257 Y42.487
G01 X285.371 Y43.746
G01 X280.486 Y45.007
G01 X275.601 Y46.267
G01 X270.716 Y47.526
G01 X265.832 Y48.786
G01 X260.947 Y50.047
G01 X256.061 Y51.308
G01 X251.177 Y52.567
G01 X246.292 Y53.828
G01 X241.406 Y55.088
G01 X236.522 Y56.348
G01 X231.637 Y57.608
G01 X226.752 Y58.868
G01 X221.867 Y60.127
G01 X216.981 Y61.388
G01 X212.096 Y62.648
G01 X207.212 Y63.907
G01 X202.327 Y65.168
G01 X197.442 Y66.428
G01 X192.557 Y67.689
G01 X187.671 Y68.949
G01 X182.786 Y70.209
G01 X177.901 Y71.469
G01 X173.017 Y72.728
G01 X168.130 Y73.988
G01 X163.245 Y75.249
G01 X158.361 Y76.509
G01 X153.476 Y77.769
G01 X148.591 Y79.029
G01 X143.706 Y80.290
G01 X138.820 Y81.548
G01 X133.935 Y82.810
G01 X129.050 Y84.070
G01 X124.165 Y85.329
G01 X119.281 Y86.589
G01 X114.396 Y87.850
G01 X109.510 Y89.110
G01 X104.625 Y90.370
G01 X99.740 Y91.630
G01 X94.856 Y92.889
G01 X89.971 Y94.151
G01 X85.086 Y95.410
G01 X80.201 Y96.671
G01 X75.315 Y97.930
G01 X70.430 Y99.191
G01 X65.546 Y100.451
G01 X60.661 Y101.711
G01 X55.776 Y102.971
G01 X50.891 Y104.231
G01 X46.005 Y105.490
G01 X50.637 Y104.120
G01 X55.269 Y102.749
G01 X59.901 Y101.377
G01 X64.534 Y100.006
G01 X69.166 Y98.635
G01 X73.798 Y97.264
G01 X78.430 Y95.893
G01 X83.062 Y94.521
G01 X87.695 Y93.149
G01 X92.327 Y91.779
G01 X96.959 Y90.408
G01 X101.591 Y89.036
G01 X106.225 Y87.665
G01 X110.856 Y86.293
G01 X115.488 Y84.923
G01 X120.120 Y83.552
G01 X124.754 Y82.180
G01 X129.385 Y80.809
G01 X134.017 Y79.438
G01 X138.649 Y78.067
G01 X143.283 Y76.695
G01 X147.915 Y75.324
G01 X152.546 Y73.952
G01 X157.178 Y72.582
G01 X161.810 Y71.209
G01 X166.444 Y69.839
G01 X171.076 Y68.468
G01 X175.707 Y67.096
G01 X180.339 Y65.726
G01 X184.971 Y64.353
G01 X189.605 Y62.983
G01 X194.237 Y61.612
G01 X198.868 Y60.240
G01 X203.500 Y58.869
G01 X208.134 Y57.498
G01 X212.766 Y56.127
G01 X217.397 Y54.756
G01 X222.029 Y53.385
G01 X226.663 Y52.013
G01 X231.295 Y50.642
G01 X235.927 Y49.270
G01 X240.558 Y47.900
G01 X245.192 Y46.528
G01 X249.823 Y45.156
G01 X254.456 Y43.786
G01 X259.087 Y42.415
G01 X263.719 Y41.043
G01 X268.353 Y39.672
G01 X272.984 Y38.300
G01 X277.616 Y36.930
G01 X282.248 Y35.559
G01 X286.880 Y34.187
G01 X291.513 Y32.816
G01 X296.145 Y31.445
G01 X300.777 Y30.073
G01 X305.411 Y28.702
G01 X310.043 Y27.331
G01 X314.674 Y25.959
G01 X319.306 Y24.589
G01 X323.940 Y23.216
G01 X328.572 Y21.846
G01 X333.204 Y20.475
G01 X337.835 Y19.103
G01 X342.467 Y17.732
G01 X337.726 Y19.266
G01 X332.986 Y20.799
G01 X328.245 Y22.333
G01 X323.503 Y23.865
G01 X318.762 Y25.399
G01 X314.022 Y26.933
G01 X309.281 Y28.466
G01 X304.539 Y29.999
G01 X299.798 Y31.532
G01 X295.056 Y33.066
G01 X290.315 Y34.599
G01 X285.575 Y36.132
G01 X280.834 Y37.666
G01 X276.092 Y39.200
G01 X271.351 Y40.733
G01 X266.611 Y42.266
G01 X261.870 Y43.800
G01 X257.127 Y45.333
G01 X252.387 Y46.865
G01 X247.645 Y48.400
G01 X242.904 Y49.933
G01 X238.163 Y51.466
G01 X233.423 Y53.000
G01 X228.682 Y54.532
G01 X223.940 Y56.067
G01 X219.200 Y57.600
G01 X214.459 Y59.132
G01 X209.716 Y60.666
G01 X204.976 Y62.200
G01 X200.235 Y63.733
G01 X195.493 Y65.267
G01 X190.752 Y66.800
G01 X186.012 Y68.333
G01 X181.271 Y69.867
G01 X176.529 Y71.399
G01 X171.788 Y72.933
G01 X167.048 Y74.466
G01 X162.307 Y76.000
G01 X157.565 Y77.534
G01 X152.824 Y79.067
G01 X148.082 Y80.600
G01 X143.341 Y82.134
G01 X138.601 Y83.667
G01 X133.860 Y85.201
G01 X129.118 Y86.733
G01 X124.377 Y88.267
G01 X119.635 Y89.800
G01 X114.894 Y91.334
G01 X110.154 Y92.867
G01 X105.413 Y94.401
G01 X100.671 Y95.934
G01 X95.930 Y97.466
G01 X91.190 Y99.000
G01 X86.449 Y100.534
G01 X81.707 Y102.067
G01 X76.966 Y103.601
G01 X72.225 Y105.134
G01 X67.483 Y106.668
G01 X62.743 Y108.201
G01 X58.002 Y109.733
G01 X53.260 Y111.268
G01 X48.519 Y112.800
G01 X43.779 Y114.334
G01 X39.038 Y115.868
G01 X43.519 Y114.240
G01 X48.000 Y112.615
G01 X52.481 Y110.988
G01 X56.962 Y109.362
G01 X61.442 Y107.736
G01 X65.923 Y106.108
G01 X70.404 Y104.483
G01 X74.885 Y102.857
G01 X79.367 Y101.230
G01 X83.849 Y99.603
G01 X88.329 Y97.978
G01 X92.810 Y96.351
G01 X97.291 Y94.725
G01 X101.772 Y93.099
G01 X106.254 Y91.471
G01 X110.735 Y89.846
G01 X115.216 Y88.219
G01 X119.697 Y86.593
G01 X124.177 Y84.966
G01 X128.659 Y83.339
G01 X133.139 Y81.714
G01 X137.622 Y80.088
G01 X142.103 Y78.461
G01 X146.584 Y76.834
G01 X151.065 Y75.208
G01 X155.546 Y73.582
G01 X160.026 Y71.956
G01 X164.507 Y70.329
G01 X168.988 Y68.702
G01 X173.469 Y67.077
G01 X177.951 Y65.450
G01 X182.432 Y63.824
G01 X186.913 Y62.197
G01 X191.394 Y60.571
G01 X195.875 Y58.945
G01 X200.356 Y57.319
G01 X204.838 Y55.692
G01 X209.319 Y54.066
G01 X213.800 Y52.439
G01 X218.281 Y50.812
G01 X222.762 Y49.187
G01 X227.243 Y47.560
G01 X231.724 Y45.934
G01 X236.204 Y44.308
G01 X240.685 Y42.680
G01 X245.167 Y41.055
G01 X249.649 Y39.428
G01 X254.130 Y37.802
G01 X258.611 Y36.175
G01 X263.091 Y34.548
G01 X267.572 Y32.923
G01 X272.053 Y31.297
G01 X276.534 Y29.669
G01 X281.015 Y28.043
G01 X285.496 Y26.417
G01 X289.978 Y24.791
G01 X294.459 Y23.165
G01 X298.940 Y21.538
G01 X303.421 Y19.912
G01 X307.901 Y18.286
G01 X312.383 Y16.659
G01 X316.865 Y15.032
G01 X321.346 Y13.406
G01 X325.827 Y11.780
G01 X321.245 Y13.573
G01 X316.662 Y15.368
G01 X312.082 Y17.161
G01 X307.500 Y18.954
G01 X302.918 Y20.749
G01 X298.335 Y22.543
G01 X293.755 Y24.335
G01 X289.173 Y26.130
G01 X284.591 Y27.924
G01 X280.010 Y29.718
G01 X275.428 Y31.511
G01 X270.846 Y33.305
G01 X266.263 Y35.099
G01 X261.683 Y36.892
G01 X257.101 Y38.685
G01 X252.519 Y40.480
G01 X247.938 Y42.274
G01 X243.356 Y44.067
G01 X238.774 Y45.861
G01 X234.192 Y47.655
G01 X229.611 Y49.449
G01 X225.029 Y51.242
G01 X220.447 Y53.036
G01 X215.865 Y54.829
G01 X211.284 Y56.623
G01 X206.702 Y58.417
G01 X202.120 Y60.211
G01 X197.538 Y62.005
G01 X192.957 Y63.798
G01 X188.375 Y65.591
G01 X183.793 Y67.386
G01 X179.212 Y69.180
G01 X174.630 Y70.973
G01 X170.048 Y72.767
G01 X165.466 Y74.560
G01 X160.885 Y76.355
G01 X156.303 Y78.148
G01 X151.721 Y79.942
G01 X147.139 Y81.736
G01 X142.558 Y83.529
G01 X137.976 Y85.322
G01 X133.394 Y87.117
G01 X128.812 Y88.911
G01 X124.231 Y90.704
G01 X119.649 Y92.498
G01 X115.067 Y94.292
G01 X110.487 Y96.086
G01 X105.904 Y97.879
G01 X101.322 Y99.673
G01 X96.740 Y101.466
G01 X92.159 Y103.261
G01 X87.577 Y105.054
G01 X82.995 Y106.848
G01 X78.413 Y108.642
G01 X73.832 Y110.435
G01 X69.250 Y112.228
G01 X64.668 Y114.023
G01 X60.088 Y115.817
G01 X55.505 Y117.611
G01 X50.923 Y119.404
G01 X46.341 Y121.197
G01 X41.760 Y122.992
G01 X37.178 Y124.786
G01 X32.596 Y126.579
G01 X36.913 Y124.711
G01 X41.228 Y122.843
G01 X45.545 Y120.975
G01 X49.860 Y119.107
G01 X54.175 Y117.238
G01 X58.492 Y115.370
G01 X62.808 Y113.502
G01 X67.123 Y111.634
G01 X71.439 Y109.766
G01 X75.755 Y107.898
G01 X80.070 Y106.030
G01 X84.385 Y104.161
G01 X88.702 Y102.293
G01 X93.017 Y100.425
G01 X97.334 Y98.557
G01 X101.649 Y96.689
G01 X105.964 Y94.821
G01 X110.281 Y92.952
G01 X114.596 Y91.084
G01 X118.913 Y89.216
G01 X123.228 Y87.348
G01 X127.543 Y85.480
G01 X131.860 Y83.612
G01 X136.175 Y81.744
G01 X140.490 Y79.875
G01 X144.807 Y78.007
G01 X149.123 Y76.139
G01 X153.439 Y74.271
G01 X157.754 Y72.403
G01 X162.070 Y70.535
G01 X166.385 Y68.667
G01 X170.702 Y66.798
G01 X175.017 Y64.930
G01 X179.332 Y63.062
G01 X183.649 Y61.194
G01 X187.964 Y59.326
G01 X192.281 Y57.458
G01 X196.596 Y55.590
G01 X200.911 Y53.721
G01 X205.228 Y51.853
G01 X209.543 Y49.986
G01 X213.858 Y48.117
G01 X218.175 Y46.249
G01 X222.490 Y44.381
G01 X226.807 Y42.513
G01 X231.122 Y40.644
G01 X235.438 Y38.776
G01 X239.754 Y36.909
G01 X244.070 Y35.041
G01 X248.386 Y33.173
G01 X252.701 Y31.304
G01 X257.017 Y29.436
G01 X261.332 Y27.567
G01 X265.649 Y25.700
G01 X269.964 Y23.832
G01 X274.279 Y21.964
G01 X278.596 Y20.095
G01 X282.911 Y18.227
G01 X287.226 Y16.358
G01 X291.543 Y14.490
G01 X295.858 Y12.623
G01 X300.174 Y10.755
G01 X304.490 Y8.887
G01 X308.805 Y7.019
G01 X304.397 Y9.059
G01 X299.990 Y11.099
G01 X295.582 Y13.139
G01 X291.174 Y15.180
G01 X286.767 Y17.220
G01 X282.358 Y19.260
G01 X277.950 Y21.300
G01 X273.543 Y23.341
G01 X269.135 Y25.381
G01 X264.726 Y27.422
G01 X260.318 Y29.462
G01 X255.911 Y31.502
G01 X251.502 Y33.543
G01 X247.096 Y35.583
G01 X242.688 Y37.624
G01 X238.279 Y39.663
G01 X233.872 Y41.704
G01 X229.464 Y43.744
G01 X225.055 Y45.785
G01 X220.647 Y47.825
G01 X216.240 Y49.865
G01 X211.832 Y51.906
G01 X207.423 Y53.946
G01 X203.016 Y55.986
G01 X198.608 Y58.026
G01 X194.201 Y60.067
G01 X189.793 Y62.107
G01 X185.385 Y64.148
G01 X180.976 Y66.188
G01 X176.569 Y68.228
G01 X172.161 Y70.269
G01 X167.752 Y72.309
G01 X163.344 Y74.349
G01 X158.937 Y76.389
G01 X154.529 Y78.430
G01 X150.122 Y80.470
G01 X145.714 Y82.511
G01 X141.305 Y84.550
G01 X136.897 Y86.591
G01 X132.490 Y88.632
G01 X128.082 Y90.672
G01 X123.673 Y92.712
G01 X119.266 Y94.752
G01 X114.858 Y96.793
G01 X110.451 Y98.833
G01 X106.043 Y100.873
G01 X101.635 Y102.913
G01 X97.226 Y104.954
G01 X92.819 Y106.994
G01 X88.411 Y109.035
G01 X84.002 Y111.075
G01 X79.594 Y113.115
G01 X75.187 Y115.156
G01 X70.779 Y117.196
G01 X66.370 Y119.236
G01 X61.964 Y121.276
G01 X57.555 Y123.317
G01 X53.147 Y125.357
G01 X48.740 Y127.398
G01 X44.332 Y129.438
G01 X39.923 Y131.478
G01 X35.516 Y133.519
G01 X31.108 Y135.559
G01 X26.700 Y137.599
G01 X30.838 Y135.504
G01 X34.975 Y133.408
G01 X39.113 Y131.312
G01 X43.250 Y129.216
G01 X47.387 Y127.121
G01 X51.524 Y125.025
G01 X55.661 Y122.929
G01 X59.798 Y120.833
G01 X63.937 Y118.738
G01 X68.074 Y116.642
G01 X72.211 Y114.546
G01 X76.349 Y112.450
G01 X80.486 Y110.355
G01 X84.623 Y108.259
G01 X88.760 Y106.163
G01 X92.897 Y104.067
G01 X97.036 Y101.971
G01 X101.173 Y99.875
G01 X105.310 Y97.780
G01 X109.447 Y95.684
G01 X113.584 Y93.589
G01 X117.721 Y91.493
G01 X121.860 Y89.397
G01 X125.997 Y87.300
G01 X130.134 Y85.206
G01 X134.272 Y83.110
G01 X138.409 Y81.014
G01 X142.546 Y78.918
G01 X146.683 Y76.822
G01 X150.820 Y74.726
G01 X154.959 Y72.631
G01 X159.096 Y70.535
G01 X163.233 Y68.440
G01 X167.370 Y66.344
G01 X171.507 Y64.248
G01 X175.646 Y62.151
G01 X179.783 Y60.056
G01 X183.920 Y57.961
G01 X188.057 Y55.865
G01 X192.195 Y53.769
G01 X196.332 Y51.673
G01 X200.469 Y49.578
G01 X204.606 Y47.482
G01 X208.743 Y45.386
G01 X212.882 Y43.290
G01 X217.019 Y41.195
G01 X221.156 Y39.099
G01 X225.293 Y37.002
G01 X229.430 Y34.907
G01 X233.569 Y32.812
G01 X237.706 Y30.716
G01 X241.843 Y28.620
G01 X245.981 Y26.524
G01 X250.118 Y24.429
G01 X254.255 Y22.333
G01 X258.392 Y20.237
G01 X262.529 Y18.142
G01 X266.666 Y16.046
G01 X270.805 Y13.950
G01 X274.942 Y11.853
G01 X279.079 Y9.758
G01 X283.216 Y7.662
G01 X287.353 Y5.567
G01 X291.491 Y3.471
G01 X287.270 Y5.744
G01 X283.049 Y8.016
G01 X278.829 Y10.287
G01 X274.608 Y12.561
G01 X270.387 Y14.833
G01 X266.166 Y17.105
G01 X261.945 Y19.377
G01 X257.726 Y21.650
G01 X253.505 Y23.922
G01 X249.284 Y26.195
G01 X245.062 Y28.466
G01 X240.841 Y30.739
G01 X236.622 Y33.012
G01 X232.401 Y35.284
G01 X228.180 Y37.555
G01 X223.959 Y39.829
G01 X219.738 Y42.101
G01 X215.517 Y44.373
G01 X211.296 Y46.645
G01 X207.076 Y48.918
G01 X202.855 Y51.190
G01 X198.635 Y53.462
G01 X194.413 Y55.734
G01 X190.192 Y58.007
G01 X185.971 Y60.280
G01 X181.750 Y62.552
G01 X177.531 Y64.824
G01 X173.310 Y67.096
G01 X169.089 Y69.369
G01 X164.868 Y71.641
G01 X160.647 Y73.913
G01 X156.427 Y76.185
G01 X152.206 Y78.458
G01 X147.985 Y80.731
G01 X143.764 Y83.002
G01 X139.543 Y85.274
G01 X135.322 Y87.548
G01 X131.101 Y89.820
G01 X126.880 Y92.091
G01 X122.659 Y94.365
G01 X118.439 Y96.637
G01 X114.219 Y98.909
G01 X109.998 Y101.180
G01 X105.776 Y103.454
G01 X101.555 Y105.726
G01 X97.336 Y107.998
G01 X93.115 Y110.271
G01 X88.894 Y112.543
G01 X84.673 Y114.816
G01 X80.452 Y117.088
G01 X76.231 Y119.360
G01 X72.010 Y121.632
G01 X67.790 Y123.905
G01 X63.569 Y126.177
G01 X59.349 Y128.449
G01 X55.127 Y130.722
G01 X50.906 Y132.994
G01 X46.685 Y135.267
G01 X42.464 Y137.538
G01 X38.243 Y139.811
G01 X34.024 Y142.083
G01 X29.803 Y144.356
G01 X25.582 Y146.627
G01 X21.361 Y148.900
G01 X25.308 Y146.591
G01 X29.255 Y144.284
G01 X33.202 Y141.975
G01 X37.149 Y139.666
G01 X41.096 Y137.358
G01 X45.043 Y135.050
G01 X48.990 Y132.740
G01 X52.937 Y130.432
G01 X56.885 Y128.124
G01 X60.832 Y125.815
G01 X64.779 Y123.507
G01 X68.725 Y121.197
G01 X72.671 Y118.889
G01 X76.620 Y116.581
G01 X80.565 Y114.273
G01 X84.514 Y111.964
G01 X88.459 Y109.656
G01 X92.408 Y107.346
G01 X96.355 Y105.038
G01 X100.302 Y102.730
G01 X104.249 Y100.422
G01 X108.195 Y98.113
G01 X112.142 Y95.805
G01 X116.089 Y93.495
G01 X120.036 Y91.188
G01 X123.983 Y88.879
G01 X127.930 Y86.571
G01 X131.877 Y84.262
G01 X135.825 Y81.954
G01 X139.772 Y79.644
G01 X143.719 Y77.337
G01 X147.666 Y75.028
G01 X151.612 Y72.720
G01 X155.560 Y70.411
G01 X159.507 Y68.103
G01 X163.454 Y65.793
G01 X167.401 Y63.486
G01 X171.348 Y61.177
G01 X175.295 Y58.869
G01 X179.242 Y56.560
G01 X183.189 Y54.252
G01 X187.135 Y51.942
G01 X191.082 Y49.635
G01 X195.029 Y47.326
G01 X198.976 Y45.018
G01 X202.923 Y42.709
G01 X206.870 Y40.401
G01 X210.817 Y38.091
G01 X214.764 Y35.784
G01 X218.712 Y33.475
G01 X222.659 Y31.167
G01 X226.606 Y28.858
G01 X230.553 Y26.550
G01 X234.500 Y24.240
G01 X238.447 Y21.933
G01 X242.394 Y19.624
G01 X246.341 Y17.316
G01 X250.287 Y15.007
G01 X254.234 Y12.698
G01 X258.181 Y10.389
G01 X262.128 Y8.082
G01 X266.075 Y5.773
G01 X270.022 Y3.465
G01 X273.969 Y1.156
G01 X269.947 Y3.644
G01 X265.926 Y6.133
G01 X261.904 Y8.623
G01 X257.883 Y11.112
G01 X253.861 Y13.601
G01 X249.840 Y16.091
G01 X245.818 Y18.579
G01 X241.798 Y21.069
G01 X237.776 Y23.558
G01 X233.755 Y26.047
G01 X229.733 Y28.536
G01 X225.712 Y31.025
G01 X221.690 Y33.514
G01 X217.668 Y36.002
G01 X213.647 Y38.492
G01 X209.625 Y40.981
G01 X205.603 Y43.470
G01 X201.582 Y45.959
G01 X197.562 Y48.447
G01 X193.540 Y50.937
G01 X189.519 Y53.425
G01 X185.497 Y55.915
G01 X181.475 Y58.404
G01 X177.454 Y60.893
G01 X173.432 Y63.382
G01 X169.411 Y65.870
G01 X165.389 Y68.360
G01 X161.368 Y70.849
G01 X157.346 Y73.338
G01 X153.325 Y75.827
G01 X149.303 Y78.316
G01 X145.281 Y80.805
G01 X141.260 Y83.293
G01 X137.238 Y85.783
G01 X133.216 Y88.272
G01 X129.195 Y90.761
G01 X125.173 Y93.250
G01 X121.153 Y95.738
G01 X117.132 Y98.228
G01 X113.110 Y100.718
G01 X109.088 Y103.207
G01 X105.067 Y105.696
G01 X101.046 Y108.185
G01 X97.024 Y110.673
G01 X93.002 Y113.163
G01 X88.981 Y115.651
G01 X84.959 Y118.141
G01 X80.938 Y120.630
G01 X76.916 Y123.119
G01 X72.894 Y125.608
G01 X68.874 Y128.097
G01 X64.851 Y130.586
G01 X60.829 Y133.075
G01 X56.808 Y135.564
G01 X52.788 Y138.053
G01 X48.766 Y140.542
G01 X44.745 Y143.031
G01 X40.723 Y145.519
G01 X36.702 Y148.009
G01 X32.680 Y150.498
G01 X28.659 Y152.987
G01 X24.637 Y155.476
G01 X20.615 Y157.965
G01 X16.594 Y160.454
G01 X20.339 Y157.949
G01 X24.086 Y155.442
G01 X27.832 Y152.937
G01 X31.577 Y150.430
G01 X35.322 Y147.925
G01 X39.069 Y145.420
G01 X42.815 Y142.913
G01 X46.560 Y140.408
G01 X50.307 Y137.901
G01 X54.053 Y135.397
G01 X57.798 Y132.891
G01 X61.543 Y130.385
G01 X65.290 Y127.879
G01 X69.036 Y125.373
G01 X72.781 Y122.868
G01 X76.528 Y120.362
G01 X80.272 Y117.856
G01 X84.019 Y115.350
G01 X87.764 Y112.845
G01 X91.510 Y110.339
G01 X95.257 Y107.833
G01 X99.002 Y105.327
G01 X102.749 Y102.821
G01 X106.493 Y100.316
G01 X110.240 Y97.810
G01 X113.986 Y95.304
G01 X117.731 Y92.798
G01 X121.478 Y90.293
G01 X125.223 Y87.786
G01 X128.969 Y85.281
G01 X132.714 Y82.776
G01 X136.461 Y80.269
G01 X140.207 Y77.764
G01 X143.952 Y75.257
G01 X147.699 Y72.752
G01 X151.445 Y70.247
G01 X155.190 Y67.740
G01 X158.935 Y65.235
G01 X162.682 Y62.728
G01 X166.428 Y60.224
G01 X170.173 Y57.718
G01 X173.920 Y55.212
G01 X177.665 Y52.706
G01 X181.411 Y50.200
G01 X185.156 Y47.695
G01 X188.903 Y45.189
G01 X192.649 Y42.683
G01 X196.394 Y40.177
G01 X200.141 Y37.672
G01 X203.885 Y35.166
G01 X207.632 Y32.660
G01 X211.377 Y30.154
G01 X215.124 Y27.649
G01 X218.870 Y25.143
G01 X222.615 Y22.637
G01 X226.362 Y20.131
G01 X230.106 Y17.625
G01 X233.853 Y15.120
G01 X237.599 Y12.614
G01 X241.344 Y10.108
G01 X245.090 Y7.602
G01 X248.836 Y5.097
G01 X252.581 Y2.591
G01 X256.327 Y0.085
G01 X252.516 Y2.775
G01 X248.705 Y5.464
G01 X244.894 Y8.154
G01 X241.082 Y10.844
G01 X237.272 Y13.534
G01 X233.461 Y16.224
G01 X229.649 Y18.913
G01 X225.839 Y21.603
G01 X222.026 Y24.293
G01 X218.216 Y26.983
G01 X214.404 Y29.673
G01 X210.594 Y32.363
G01 X206.781 Y35.052
G01 X202.971 Y37.742
G01 X199.159 Y40.431
G01 X195.349 Y43.121
G01 X191.536 Y45.812
G01 X187.726 Y48.501
G01 X183.915 Y51.191
G01 X180.103 Y53.881
G01 X176.293 Y56.571
G01 X172.481 Y59.261
G01 X168.670 Y61.950
G01 X164.858 Y64.639
G01 X161.048 Y67.329
G01 X157.236 Y70.019
G01 X153.425 Y72.709
G01 X149.613 Y75.399
G01 X145.803 Y78.089
G01 X141.992 Y80.779
G01 X138.180 Y83.469
G01 X134.368 Y86.159
G01 X130.558 Y88.848
G01 X126.747 Y91.538
G01 X122.935 Y94.228
G01 X119.124 Y96.918
G01 X115.312 Y99.608
G01 X111.502 Y102.297
G01 X107.690 Y104.987
G01 X103.879 Y107.677
G01 X100.067 Y110.367
G01 X96.257 Y113.055
G01 X92.445 Y115.745
G01 X88.635 Y118.435
G01 X84.822 Y121.125
G01 X81.012 Y123.816
G01 X77.201 Y126.505
G01 X73.389 Y129.195
G01 X69.577 Y131.885
G01 X65.767 Y134.575
G01 X61.956 Y137.264
G01 X58.144 Y139.954
G01 X54.334 Y142.644
G01 X50.522 Y145.334
G01 X46.711 Y148.024
G01 X42.899 Y150.714
G01 X39.089 Y153.403
G01 X35.276 Y156.093
G01 X31.466 Y158.783
G01 X27.654 Y161.473
G01 X23.844 Y164.163
G01 X20.033 Y166.852
G01 X16.221 Y169.542
G01 X12.409 Y172.232
G01 X15.945 Y169.545
G01 X19.480 Y166.858
G01 X23.014 Y164.171
G01 X26.550 Y161.484
G01 X30.086 Y158.797
G01 X33.620 Y156.110
G01 X37.156 Y153.423
G01 X40.690 Y150.736
G01 X44.226 Y148.049
G01 X47.760 Y145.362
G01 X51.296 Y142.675
G01 X54.831 Y139.988
G01 X58.365 Y137.300
G01 X61.901 Y134.614
G01 X65.435 Y131.927
G01 X68.971 Y129.240
G01 X72.505 Y126.553
G01 X76.041 Y123.866
G01 X79.577 Y121.179
G01 X83.112 Y118.492
G01 X86.647 Y115.805
G01 X90.182 Y113.118
G01 X93.716 Y110.430
G01 X97.252 Y107.743
G01 X100.786 Y105.057
G01 X104.322 Y102.369
G01 X107.856 Y99.682
G01 X111.392 Y96.995
G01 X114.927 Y94.308
G01 X118.462 Y91.620
G01 X121.998 Y88.934
G01 X125.533 Y86.247
G01 X129.067 Y83.560
G01 X132.603 Y80.873
G01 X136.137 Y78.185
G01 X139.673 Y75.499
G01 X143.207 Y72.812
G01 X146.743 Y70.125
G01 X150.278 Y67.438
G01 X153.812 Y64.750
G01 X157.348 Y62.064
G01 X160.882 Y59.377
G01 X164.418 Y56.690
G01 X167.954 Y54.002
G01 X171.488 Y51.316
G01 X175.024 Y48.629
G01 X178.558 Y45.942
G01 X182.094 Y43.255
G01 X185.629 Y40.567
G01 X189.163 Y37.881
G01 X192.699 Y35.194
G01 X196.233 Y32.507
G01 X199.769 Y29.820
G01 X203.303 Y27.132
G01 X206.839 Y24.446
G01 X210.375 Y21.758
G01 X213.909 Y19.072
G01 X217.444 Y16.385
G01 X220.980 Y13.698
G01 X224.514 Y11.011
G01 X228.050 Y8.323
G01 X231.584 Y5.637
G01 X235.119 Y2.950
G01 X238.654 Y0.263
G01 X235.064 Y3.137
G01 X231.473 Y6.011
G01 X227.882 Y8.885
G01 X224.290 Y11.758
G01 X220.699 Y14.632
G01 X217.108 Y17.507
G01 X213.517 Y20.381
G01 X209.925 Y23.255
G01 X206.334 Y26.130
G01 X202.743 Y29.004
G01 X199.151 Y31.877
G01 X195.560 Y34.752
G01 X191.969 Y37.626
G01 X188.379 Y40.500
G01 X184.786 Y43.374
G01 X181.195 Y46.248
G01 X177.605 Y49.121
G01 X174.014 Y51.995
G01 X170.423 Y54.870
G01 X166.832 Y57.744
G01 X163.240 Y60.619
G01 X159.649 Y63.493
G01 X156.058 Y66.367
G01 X152.466 Y69.240
G01 X148.875 Y72.115
G01 X145.284 Y74.988
G01 X141.692 Y77.863
G01 X138.101 Y80.737
G01 X134.510 Y83.611
G01 X130.920 Y86.485
G01 X127.329 Y89.358
G01 X123.737 Y92.233
G01 X120.146 Y95.107
G01 X116.555 Y97.982
G01 X112.964 Y100.856
G01 X109.373 Y103.730
G01 X105.781 Y106.603
G01 X102.190 Y109.478
G01 X98.599 Y112.351
G01 X95.007 Y115.226
G01 X91.416 Y118.100
G01 X87.826 Y120.974
G01 X84.235 Y123.848
G01 X80.642 Y126.722
G01 X77.052 Y129.597
G01 X73.461 Y132.471
G01 X69.870 Y135.345
G01 X66.279 Y138.219
G01 X62.688 Y141.093
G01 X59.096 Y143.966
G01 X55.505 Y146.841
G01 X51.913 Y149.715
G01 X48.322 Y152.589
G01 X44.731 Y155.463
G01 X41.141 Y158.337
G01 X37.548 Y161.211
G01 X33.957 Y164.085
G01 X30.367 Y166.960
G01 X26.776 Y169.834
G01 X23.185 Y172.708
G01 X19.594 Y175.582
G01 X16.002 Y178.456
G01 X12.411 Y181.329
G01 X8.820 Y184.204
G01 X12.135 Y181.352
G01 X15.452 Y178.500
G01 X18.767 Y175.649
G01 X22.084 Y172.797
G01 X25.399 Y169.945
G01 X28.714 Y167.093
G01 X32.031 Y164.240
G01 X35.346 Y161.389
G01 X38.663 Y158.538
G01 X41.978 Y155.686
G01 X45.295 Y152.834
G01 X48.611 Y149.983
G01 X51.927 Y147.131
G01 X55.243 Y144.279
G01 X58.558 Y141.427
G01 X61.874 Y138.575
G01 X65.190 Y135.723
G01 X68.505 Y132.872
G01 X71.822 Y130.019
G01 X75.137 Y127.168
G01 X78.454 Y124.316
G01 X81.769 Y121.464
G01 X85.086 Y118.613
G01 X88.401 Y115.761
G01 X91.718 Y112.909
G01 X95.034 Y110.057
G01 X98.350 Y107.204
G01 X101.666 Y104.353
G01 X104.981 Y101.502
G01 X108.296 Y98.649
G01 X111.613 Y95.798
G01 X114.928 Y92.946
G01 X118.245 Y90.095
G01 X121.560 Y87.243
G01 X124.877 Y84.391
G01 X128.192 Y81.538
G01 X131.509 Y78.687
G01 X134.825 Y75.834
G01 X138.141 Y72.983
G01 X141.457 Y70.132
G01 X144.772 Y67.280
G01 X148.088 Y64.428
G01 X151.404 Y61.577
G01 X154.719 Y58.725
G01 X158.036 Y55.873
G01 X161.351 Y53.020
G01 X164.668 Y50.168
G01 X167.983 Y47.317
G01 X171.300 Y44.466
G01 X174.615 Y41.614
G01 X177.932 Y38.762
G01 X181.248 Y35.910
G01 X184.564 Y33.059
G01 X187.879 Y30.207
G01 X191.195 Y27.355
G01 X194.510 Y24.502
G01 X197.827 Y21.651
G01 X201.142 Y18.800
G01 X204.459 Y15.948
G01 X207.774 Y13.096
G01 X211.091 Y10.244
G01 X214.406 Y7.393
G01 X217.723 Y4.540
G01 X221.038 Y1.689
G01 X217.675 Y4.730
G01 X214.312 Y7.772
G01 X210.951 Y10.812
G01 X207.588 Y13.853
G01 X204.226 Y16.895
G01 X200.863 Y19.936
G01 X197.500 Y22.978
G01 X194.137 Y26.019
G01 X190.774 Y29.061
G01 X187.413 Y32.103
G01 X184.050 Y35.144
G01 X180.687 Y38.185
G01 X177.325 Y41.227
G01 X173.962 Y44.269
G01 X170.600 Y47.310
G01 X167.237 Y50.352
G01 X163.875 Y53.393
G01 X160.512 Y56.435
G01 X157.149 Y59.476
G01 X153.786 Y62.517
G01 X150.423 Y65.559
G01 X147.062 Y68.600
G01 X143.699 Y71.642
G01 X140.336 Y74.683
G01 X136.974 Y77.725
G01 X133.611 Y80.766
G01 X130.249 Y83.807
G01 X126.885 Y86.849
G01 X123.523 Y89.889
G01 X120.161 Y92.932
G01 X116.798 Y95.973
G01 X113.435 Y99.014
G01 X110.072 Y102.055
G01 X106.709 Y105.098
G01 X103.348 Y108.139
G01 X99.985 Y111.180
G01 X96.623 Y114.221
G01 X93.260 Y117.262
G01 X89.897 Y120.305
G01 X86.534 Y123.346
G01 X83.171 Y126.387
G01 X79.810 Y129.429
G01 X76.447 Y132.471
G01 X73.084 Y135.512
G01 X69.721 Y138.553
G01 X66.358 Y141.595
G01 X62.997 Y144.636
G01 X59.634 Y147.678
G01 X56.272 Y150.719
G01 X52.909 Y153.760
G01 X49.546 Y156.802
G01 X46.183 Y159.843
G01 X42.820 Y162.885
G01 X39.459 Y165.925
G01 X36.096 Y168.968
G01 X32.733 Y172.009
G01 X29.370 Y175.050
G01 X26.007 Y178.091
G01 X22.646 Y181.132
G01 X19.283 Y184.175
G01 X15.920 Y187.216
G01 X12.558 Y190.257
G01 X9.195 Y193.299
G01 X5.832 Y196.340
G01 X8.921 Y193.341
G01 X12.012 Y190.341
G01 X15.101 Y187.341
G01 X18.190 Y184.341
G01 X21.281 Y181.341
G01 X24.370 Y178.341
G01 X27.459 Y175.341
G01 X30.548 Y172.341
G01 X33.639 Y169.343
G01 X36.728 Y166.343
G01 X39.817 Y163.343
G01 X42.908 Y160.343
G01 X45.997 Y157.344
G01 X49.087 Y154.344
G01 X52.177 Y151.344
G01 X55.266 Y148.344
G01 X58.356 Y145.345
G01 X61.445 Y142.345
G01 X64.534 Y139.345
G01 X67.625 Y136.345
G01 X70.714 Y133.345
G01 X73.803 Y130.346
G01 X76.894 Y127.346
G01 X79.983 Y124.346
G01 X83.072 Y121.346
G01 X86.161 Y118.346
G01 X89.252 Y115.346
G01 X92.341 Y112.346
G01 X95.430 Y109.346
G01 X98.521 Y106.348
G01 X101.610 Y103.348
G01 X104.700 Y100.348
G01 X107.788 Y97.348
G01 X110.879 Y94.349
G01 X113.969 Y91.349
G01 X117.058 Y88.349
G01 X120.147 Y85.349
G01 X123.237 Y82.350
G01 X126.326 Y79.350
G01 X129.416 Y76.350
G01 X132.505 Y73.350
G01 X135.596 Y70.351
G01 X138.685 Y67.351
G01 X141.774 Y64.351
G01 X144.865 Y61.351
G01 X147.954 Y58.352
G01 X151.043 Y55.352
G01 X154.132 Y52.352
G01 X157.223 Y49.352
G01 X160.312 Y46.353
G01 X163.401 Y43.353
G01 X166.492 Y40.353
G01 X169.581 Y37.353
G01 X172.671 Y34.353
G01 X175.760 Y31.353
G01 X178.850 Y28.353
G01 X181.940 Y25.353
G01 X185.029 Y22.353
G01 X188.118 Y19.355
G01 X191.209 Y16.355
G01 X194.298 Y13.355
G01 X197.387 Y10.355
G01 X200.476 Y7.356
G01 X203.567 Y4.356
G01 X200.440 Y7.547
G01 X197.312 Y10.739
G01 X194.187 Y13.930
G01 X191.060 Y17.121
G01 X187.933 Y20.312
G01 X184.807 Y23.505
G01 X181.680 Y26.696
G01 X178.553 Y29.888
G01 X175.425 Y33.079
G01 X172.300 Y36.270
G01 X169.173 Y39.462
G01 X166.046 Y42.654
G01 X162.918 Y45.845
G01 X159.793 Y49.036
G01 X156.666 Y52.228
G01 X153.538 Y55.419
G01 X150.411 Y58.611
G01 X147.284 Y61.803
G01 X144.159 Y64.994
G01 X141.031 Y68.185
G01 X137.904 Y71.377
G01 X134.779 Y74.569
G01 X131.651 Y77.760
G01 X128.524 Y80.952
G01 X125.398 Y84.143
G01 X122.271 Y87.334
G01 X119.144 Y90.526
G01 X116.017 Y93.718
G01 X112.892 Y96.909
G01 X109.764 Y100.101
G01 X106.637 Y103.292
G01 X103.510 Y106.483
G01 X100.384 Y109.675
G01 X97.257 Y112.867
G01 X94.130 Y116.058
G01 X91.004 Y119.249
G01 X87.877 Y122.441
G01 X84.750 Y125.633
G01 X81.624 Y128.824
G01 X78.497 Y132.014
G01 X75.370 Y135.207
G01 X72.243 Y138.398
G01 X69.117 Y141.590
G01 X65.990 Y144.781
G01 X62.863 Y147.973
G01 X59.737 Y151.163
G01 X56.610 Y154.356
G01 X53.483 Y157.547
G01 X50.356 Y160.739
G01 X47.230 Y163.930
G01 X44.103 Y167.122
G01 X40.976 Y170.312
G01 X37.850 Y173.505
G01 X34.723 Y176.696
G01 X31.596 Y179.888
G01 X28.469 Y183.079
G01 X25.343 Y186.271
G01 X22.216 Y189.462
G01 X19.089 Y192.654
G01 X15.963 Y195.845
G01 X12.836 Y199.037
G01 X9.709 Y202.228
G01 X6.582 Y205.420
G01 X3.456 Y208.611
G01 X6.312 Y205.481
G01 X9.170 Y202.350
G01 X12.028 Y199.219
G01 X14.885 Y196.089
G01 X17.742 Y192.958
G01 X20.600 Y189.827
G01 X23.457 Y186.697
G01 X26.315 Y183.566
G01 X29.171 Y180.435
G01 X32.029 Y177.305
G01 X34.887 Y174.174
G01 X37.743 Y171.043
G01 X40.601 Y167.913
G01 X43.459 Y164.781
G01 X46.315 Y161.651
G01 X49.173 Y158.521
G01 X52.031 Y155.389
G01 X54.887 Y152.260
G01 X57.745 Y149.129
G01 X60.603 Y145.999
G01 X63.459 Y142.868
G01 X66.317 Y139.737
G01 X69.175 Y136.607
G01 X72.033 Y133.476
G01 X74.889 Y130.345
G01 X77.747 Y127.215
G01 X80.605 Y124.084
G01 X83.462 Y120.952
G01 X86.319 Y117.822
G01 X89.177 Y114.692
G01 X92.034 Y111.560
G01 X94.891 Y108.430
G01 X97.749 Y105.300
G01 X100.606 Y102.170
G01 X103.464 Y99.038
G01 X106.320 Y95.908
G01 X109.178 Y92.778
G01 X112.036 Y89.647
G01 X114.892 Y86.516
G01 X117.750 Y83.386
G01 X120.608 Y80.255
G01 X123.464 Y77.125
G01 X126.322 Y73.994
G01 X129.180 Y70.863
G01 X132.036 Y67.733
G01 X134.894 Y64.601
G01 X137.752 Y61.471
G01 X140.608 Y58.341
G01 X143.466 Y55.209
G01 X146.324 Y52.079
G01 X149.182 Y48.949
G01 X152.038 Y45.817
G01 X154.896 Y42.688
G01 X157.754 Y39.556
G01 X160.611 Y36.425
G01 X163.468 Y33.296
G01 X166.326 Y30.165
G01 X169.183 Y27.034
G01 X172.040 Y23.904
G01 X174.897 Y20.773
G01 X177.755 Y17.643
G01 X180.613 Y14.512
G01 X183.469 Y11.381
G01 X186.327 Y8.251
G01 X183.442 Y11.575
G01 X180.558 Y14.899
G01 X177.673 Y18.222
G01 X174.788 Y21.547
G01 X171.903 Y24.870
G01 X169.017 Y28.195
G01 X166.132 Y31.518
G01 X163.248 Y34.841
G01 X160.363 Y38.166
G01 X157.478 Y41.490
G01 X154.594 Y44.814
G01 X151.709 Y48.138
G01 X148.824 Y51.462
G01 X145.939 Y54.786
G01 X143.053 Y58.109
G01 X140.168 Y61.434
G01 X137.284 Y64.757
G01 X134.399 Y68.082
G01 X131.514 Y71.406
G01 X128.630 Y74.730
G01 X125.745 Y78.054
G01 X122.860 Y81.377
G01 X119.975 Y84.702
G01 X117.089 Y88.026
G01 X114.204 Y91.350
G01 X111.320 Y94.673
G01 X108.435 Y97.998
G01 X105.550 Y101.322
G01 X102.666 Y104.646
G01 X99.781 Y107.970
G01 X96.896 Y111.293
G01 X94.010 Y114.618
G01 X91.125 Y117.942
G01 X88.240 Y121.266
G01 X85.356 Y124.590
G01 X82.471 Y127.914
G01 X79.587 Y131.238
G01 X76.702 Y134.562
G01 X73.817 Y137.886
G01 X70.932 Y141.210
G01 X68.046 Y144.534
G01 X65.161 Y147.858
G01 X62.278 Y151.182
G01 X59.392 Y154.506
G01 X56.507 Y157.829
G01 X53.623 Y161.154
G01 X50.738 Y164.478
G01 X47.853 Y167.802
G01 X44.968 Y171.126
G01 X42.082 Y174.450
G01 X39.197 Y177.774
G01 X36.314 Y181.098
G01 X33.428 Y184.421
G01 X30.543 Y187.745
G01 X27.659 Y191.070
G01 X24.774 Y194.393
G01 X21.889 Y197.716
G01 X19.004 Y201.041
G01 X16.118 Y204.365
G01 X13.235 Y207.689
G01 X10.350 Y211.013
G01 X7.464 Y214.337
G01 X4.579 Y217.661
G01 X1.695 Y220.985
G01 X4.315 Y217.740
G01 X6.935 Y214.497
G01 X9.557 Y211.252
G01 X12.177 Y208.007
G01 X14.796 Y204.764
G01 X17.418 Y201.519
G01 X20.038 Y198.275
G01 X22.659 Y195.031
G01 X25.279 Y191.787
G01 X27.899 Y188.543
G01 X30.519 Y185.299
G01 X33.141 Y182.054
G01 X35.760 Y178.810
G01 X38.382 Y175.566
G01 X41.002 Y172.322
G01 X43.623 Y169.077
G01 X46.243 Y165.833
G01 X48.863 Y162.589
G01 X51.483 Y159.345
G01 X54.105 Y156.100
G01 X56.725 Y152.856
G01 X59.346 Y149.612
G01 X61.966 Y146.368
G01 X64.587 Y143.123
G01 X67.207 Y139.879
G01 X69.827 Y136.635
G01 X72.447 Y133.391
G01 X75.069 Y130.147
G01 X77.689 Y126.902
G01 X80.308 Y123.658
G01 X82.930 Y120.413
G01 X85.550 Y117.170
G01 X88.171 Y113.925
G01 X90.791 Y110.680
G01 X93.411 Y107.437
G01 X96.031 Y104.192
G01 X98.653 Y100.947
G01 X101.272 Y97.704
G01 X103.894 Y94.459
G01 X106.514 Y91.216
G01 X109.135 Y87.971
G01 X111.755 Y84.726
G01 X114.375 Y81.483
G01 X116.995 Y78.238
G01 X119.617 Y74.995
G01 X122.237 Y71.750
G01 X124.858 Y68.506
G01 X127.478 Y65.262
G01 X130.099 Y62.017
G01 X132.719 Y58.773
G01 X135.339 Y55.529
G01 X137.959 Y52.285
G01 X140.581 Y49.040
G01 X143.201 Y45.796
G01 X145.822 Y42.552
G01 X148.442 Y39.308
G01 X151.062 Y36.062
G01 X153.683 Y32.819
G01 X156.303 Y29.575
G01 X158.923 Y26.331
G01 X161.545 Y23.087
G01 X164.165 Y19.841
G01 X166.784 Y16.597
G01 X169.406 Y13.353
G01 X166.767 Y16.793
G01 X164.129 Y20.231
G01 X161.490 Y23.669
G01 X158.853 Y27.108
G01 X156.214 Y30.547
G01 X153.576 Y33.986
G01 X150.938 Y37.425
G01 X148.300 Y40.864
G01 X145.661 Y44.302
G01 X143.022 Y47.740
G01 X140.385 Y51.180
G01 X137.747 Y54.618
G01 X135.108 Y58.056
G01 X132.469 Y61.495
G01 X129.832 Y64.935
G01 X127.192 Y68.373
G01 X124.555 Y71.812
G01 X121.916 Y75.250
G01 X119.278 Y78.689
G01 X116.639 Y82.127
G01 X114.002 Y85.567
G01 X111.363 Y89.006
G01 X108.725 Y92.444
G01 X106.087 Y95.882
G01 X103.447 Y99.322
G01 X100.810 Y102.760
G01 X98.171 Y106.199
G01 X95.533 Y109.637
G01 X92.894 Y113.077
G01 X90.257 Y116.514
G01 X87.618 Y119.954
G01 X84.980 Y123.393
G01 X82.341 Y126.832
G01 X79.704 Y130.269
G01 X77.065 Y133.709
G01 X74.427 Y137.148
G01 X71.788 Y140.587
G01 X69.151 Y144.025
G01 X66.512 Y147.464
G01 X63.874 Y150.903
G01 X61.236 Y154.341
G01 X58.596 Y157.780
G01 X55.959 Y161.219
G01 X53.320 Y164.656
G01 X50.682 Y168.096
G01 X48.043 Y171.535
G01 X45.406 Y174.974
G01 X42.767 Y178.412
G01 X40.129 Y181.851
G01 X37.490 Y185.290
G01 X34.853 Y188.728
G01 X32.214 Y192.167
G01 X29.576 Y195.606
G01 X26.938 Y199.045
G01 X24.300 Y202.483
G01 X21.661 Y205.922
G01 X19.022 Y209.361
G01 X16.385 Y212.800
G01 X13.745 Y216.238
G01 X11.108 Y219.677
G01 X8.469 Y223.115
G01 X5.832 Y226.554
G01 X3.192 Y229.993
G01 X0.555 Y233.432
G01 X2.935 Y230.091
G01 X5.315 Y226.751
G01 X7.695 Y223.411
G01 X10.076 Y220.070
G01 X12.456 Y216.728
G01 X14.836 Y213.389
G01 X17.216 Y210.048
G01 X19.596 Y206.708
G01 X21.976 Y203.367
G01 X24.356 Y200.026
G01 X26.737 Y196.686
G01 X29.117 Y193.346
G01 X31.497 Y190.005
G01 X33.877 Y186.665
G01 X36.257 Y183.324
G01 X38.637 Y179.984
G01 X41.017 Y176.643
G01 X43.399 Y173.303
G01 X45.779 Y169.962
G01 X48.159 Y166.622
G01 X50.538 Y163.281
G01 X52.918 Y159.941
G01 X55.298 Y156.600
G01 X57.680 Y153.260
G01 X60.060 Y149.918
G01 X62.440 Y146.579
G01 X64.820 Y143.238
G01 X67.200 Y139.898
G01 X69.581 Y136.557
G01 X71.961 Y133.216
G01 X74.341 Y129.876
G01 X76.721 Y126.536
G01 X79.101 Y123.195
G01 X81.481 Y119.855
G01 X83.862 Y116.514
G01 X86.242 Y113.173
G01 X88.622 Y109.833
G01 X91.002 Y106.493
G01 X93.382 Y103.151
G01 X95.762 Y99.812
G01 X98.142 Y96.471
G01 X100.522 Y93.131
G01 X102.903 Y89.790
G01 X105.283 Y86.450
G01 X107.663 Y83.108
G01 X110.043 Y79.769
G01 X112.423 Y76.428
G01 X114.803 Y73.088
G01 X117.183 Y69.747
G01 X119.565 Y66.406
G01 X121.945 Y63.066
G01 X124.324 Y59.726
G01 X126.704 Y56.385
G01 X129.084 Y53.044
G01 X131.466 Y49.704
G01 X133.846 Y46.364
G01 X136.226 Y43.023
G01 X138.606 Y39.683
G01 X140.986 Y36.341
G01 X143.367 Y33.002
G01 X145.747 Y29.661
G01 X148.127 Y26.321
G01 X150.507 Y22.980
G01 X152.887 Y19.639
G01 X150.499 Y23.175
G01 X148.111 Y26.710
G01 X145.723 Y30.246
G01 X143.334 Y33.781
G01 X140.945 Y37.317
G01 X138.558 Y40.853
G01 X136.170 Y44.389
G01 X133.781 Y47.925
G01 X131.392 Y51.459
G01 X129.005 Y54.995
G01 X126.615 Y58.531
G01 X124.228 Y62.067
G01 X121.839 Y65.603
G01 X119.452 Y69.137
G01 X117.062 Y72.673
G01 X114.675 Y76.209
G01 X112.286 Y79.745
G01 X109.899 Y83.281
G01 X107.510 Y86.817
G01 X105.122 Y90.351
G01 X102.733 Y93.887
G01 X100.346 Y97.423
G01 X97.957 Y100.959
G01 X95.569 Y104.495
G01 X93.180 Y108.030
G01 X90.793 Y111.566
G01 X88.404 Y115.101
G01 X86.016 Y118.637
G01 X83.627 Y122.173
G01 X81.238 Y125.708
G01 X78.851 Y129.244
G01 X76.463 Y132.780
G01 X74.075 Y136.315
G01 X71.685 Y139.851
G01 X69.298 Y143.387
G01 X66.909 Y146.922
G01 X64.522 Y150.458
G01 X62.132 Y153.994
G01 X59.745 Y157.529
G01 X57.356 Y161.065
G01 X54.969 Y164.601
G01 X52.579 Y168.136
G01 X50.192 Y171.672
G01 X47.803 Y175.207
G01 X45.415 Y178.743
G01 X43.026 Y182.279
G01 X40.639 Y185.814
G01 X38.250 Y189.350
G01 X35.862 Y192.886
G01 X33.474 Y196.421
G01 X31.086 Y199.957
G01 X28.697 Y203.492
G01 X26.308 Y207.028
G01 X23.921 Y210.564
G01 X21.533 Y214.099
G01 X19.144 Y217.635
G01 X16.755 Y221.171
G01 X14.368 Y224.706
G01 X11.980 Y228.242
G01 X9.591 Y231.776
G01 X7.202 Y235.312
G01 X4.815 Y238.849
G01 X2.427 Y242.384
G01 X0.038 Y245.920
G01 X2.175 Y242.501
G01 X4.314 Y239.081
G01 X6.452 Y235.662
G01 X8.589 Y232.242
G01 X10.726 Y228.823
G01 X12.865 Y225.404
G01 X15.002 Y221.984
G01 X17.139 Y218.565
G01 X19.278 Y215.144
G01 X21.416 Y211.726
G01 X23.553 Y208.305
G01 X25.690 Y204.887
G01 X27.829 Y201.466
G01 X29.966 Y198.048
G01 X32.103 Y194.629
G01 X34.242 Y191.209
G01 X36.380 Y187.790
G01 X38.517 Y184.371
G01 X40.656 Y180.951
G01 X42.793 Y177.531
G01 X44.930 Y174.112
G01 X47.069 Y170.692
G01 X49.207 Y167.273
G01 X51.344 Y163.853
G01 X53.481 Y160.434
G01 X55.620 Y157.014
G01 X57.757 Y153.596
G01 X59.894 Y150.175
G01 X62.033 Y146.757
G01 X64.171 Y143.337
G01 X66.308 Y139.918
G01 X68.445 Y136.498
G01 X70.584 Y133.079
G01 X72.721 Y129.660
G01 X74.860 Y126.240
G01 X76.997 Y122.821
G01 X79.135 Y119.401
G01 X81.272 Y115.982
G01 X83.411 Y112.562
G01 X85.548 Y109.143
G01 X87.685 Y105.724
G01 X89.824 Y102.304
G01 X91.962 Y98.885
G01 X94.099 Y95.464
G01 X96.237 Y92.046
G01 X98.375 Y88.627
G01 X100.512 Y85.207
G01 X102.649 Y81.788
G01 X104.788 Y78.368
G01 X106.925 Y74.949
G01 X109.062 Y71.529
G01 X111.201 Y68.110
G01 X113.339 Y64.691
G01 X115.476 Y61.270
G01 X117.615 Y57.852
G01 X119.752 Y54.431
G01 X121.889 Y51.013
G01 X124.028 Y47.594
G01 X126.165 Y44.173
G01 X128.303 Y40.755
G01 X130.440 Y37.334
G01 X132.579 Y33.916
G01 X134.716 Y30.495
G01 X136.853 Y27.077
G01 X134.718 Y30.692
G01 X132.582 Y34.305
G01 X130.445 Y37.921
G01 X128.310 Y41.536
G01 X126.173 Y45.151
G01 X124.038 Y48.764
G01 X121.901 Y52.380
G01 X119.766 Y55.995
G01 X117.630 Y59.608
G01 X115.493 Y63.224
G01 X113.358 Y66.839
G01 X111.221 Y70.452
G01 X109.086 Y74.067
G01 X106.950 Y77.683
G01 X104.812 Y81.298
G01 X102.677 Y84.911
G01 X100.541 Y88.526
G01 X98.404 Y92.142
G01 X96.269 Y95.756
G01 X94.132 Y99.370
G01 X91.997 Y102.986
G01 X89.861 Y106.601
G01 X87.725 Y110.214
G01 X85.589 Y113.829
G01 X83.452 Y117.445
G01 X81.317 Y121.059
G01 X79.180 Y124.674
G01 X77.045 Y128.288
G01 X74.909 Y131.904
G01 X72.772 Y135.518
G01 X70.637 Y139.132
G01 X68.500 Y142.748
G01 X66.363 Y146.362
G01 X64.228 Y149.977
G01 X62.091 Y153.591
G01 X59.956 Y157.206
G01 X57.820 Y160.821
G01 X55.683 Y164.436
G01 X53.548 Y168.050
G01 X51.411 Y171.665
G01 X49.276 Y175.280
G01 X47.139 Y178.894
G01 X45.004 Y182.509
G01 X42.868 Y186.124
G01 X40.731 Y189.739
G01 X38.596 Y193.353
G01 X36.459 Y196.968
G01 X34.322 Y200.583
G01 X32.188 Y204.198
G01 X30.050 Y207.812
G01 X27.915 Y211.427
G01 X25.779 Y215.042
G01 X23.642 Y218.656
G01 X21.507 Y222.271
G01 X19.370 Y225.886
G01 X17.235 Y229.501
G01 X15.099 Y233.115
G01 X12.963 Y236.730
G01 X10.827 Y240.345
G01 X8.690 Y243.959
G01 X6.555 Y247.574
G01 X4.418 Y251.189
G01 X2.283 Y254.804
G01 X0.147 Y258.418
G01 X2.041 Y254.937
G01 X3.935 Y251.456
G01 X5.829 Y247.975
G01 X7.724 Y244.494
G01 X9.618 Y241.013
G01 X11.512 Y237.531
G01 X13.406 Y234.050
G01 X15.302 Y230.569
G01 X17.195 Y227.088
G01 X19.089 Y223.607
G01 X20.985 Y220.126
G01 X22.879 Y216.644
G01 X24.772 Y213.163
G01 X26.668 Y209.683
G01 X28.562 Y206.202
G01 X30.457 Y202.721
G01 X32.351 Y199.240
G01 X34.245 Y195.759
G01 X36.139 Y192.276
G01 X38.034 Y188.796
G01 X39.928 Y185.315
G01 X41.822 Y181.834
G01 X43.716 Y178.353
G01 X45.612 Y174.872
G01 X47.505 Y171.391
G01 X49.399 Y167.910
G01 X51.295 Y164.429
G01 X53.189 Y160.948
G01 X55.084 Y157.466
G01 X56.978 Y153.986
G01 X58.872 Y150.504
G01 X60.767 Y147.023
G01 X62.661 Y143.542
G01 X64.555 Y140.061
G01 X66.450 Y136.579
G01 X68.344 Y133.099
G01 X70.238 Y129.618
G01 X72.132 Y126.137
G01 X74.026 Y122.656
G01 X75.921 Y119.175
G01 X77.815 Y115.694
G01 X79.709 Y112.212
G01 X81.605 Y108.731
G01 X83.499 Y105.250
G01 X85.394 Y101.769
G01 X87.288 Y98.288
G01 X89.182 Y94.807
G01 X91.077 Y91.326
G01 X92.971 Y87.845
G01 X94.865 Y84.363
G01 X96.760 Y80.882
G01 X98.654 Y77.401
G01 X100.548 Y73.921
G01 X102.442 Y70.439
G01 X104.337 Y66.958
G01 X106.231 Y63.477
G01 X108.125 Y59.995
G01 X110.019 Y56.514
G01 X111.915 Y53.034
G01 X113.808 Y49.553
G01 X115.704 Y46.072
G01 X117.598 Y42.590
G01 X119.492 Y39.109
G01 X121.387 Y35.627
G01 X119.504 Y39.305
G01 X117.620 Y42.980
G01 X115.738 Y46.656
G01 X113.855 Y50.333
G01 X111.971 Y54.008
G01 X110.089 Y57.685
G01 X108.206 Y61.361
G01 X106.322 Y65.036
G01 X104.440 Y68.713
G01 X102.558 Y72.389
G01 X100.675 Y76.065
G01 X98.791 Y79.740
G01 X96.909 Y83.417
G01 X95.026 Y87.093
G01 X93.142 Y90.769
G01 X91.260 Y94.445
G01 X89.377 Y98.120
G01 X87.493 Y101.797
G01 X85.611 Y105.473
G01 X83.728 Y109.149
G01 X81.844 Y112.825
G01 X79.962 Y116.500
G01 X78.079 Y120.178
G01 X76.195 Y123.854
G01 X74.312 Y127.530
G01 X72.430 Y131.206
G01 X70.548 Y134.882
G01 X68.665 Y138.558
G01 X66.781 Y142.234
G01 X64.899 Y145.910
G01 X63.016 Y149.586
G01 X61.132 Y153.262
G01 X59.250 Y156.938
G01 X57.367 Y160.614
G01 X55.483 Y164.290
G01 X53.601 Y167.966
G01 X51.718 Y171.642
G01 X49.834 Y175.317
G01 X47.952 Y178.994
G01 X46.070 Y182.670
G01 X44.187 Y186.346
G01 X42.303 Y190.022
G01 X40.421 Y193.699
G01 X38.538 Y197.375
G01 X36.654 Y201.050
G01 X34.772 Y204.727
G01 X32.889 Y208.403
G01 X31.005 Y212.079
G01 X29.123 Y215.755
G01 X27.240 Y219.430
G01 X25.356 Y223.107
G01 X23.474 Y226.783
G01 X21.591 Y230.459
G01 X19.709 Y234.135
G01 X17.826 Y237.811
G01 X15.942 Y241.487
G01 X14.060 Y245.163
G01 X12.177 Y248.839
G01 X10.293 Y252.515
G01 X8.411 Y256.190
G01 X6.528 Y259.867
G01 X4.644 Y263.543
G01 X2.762 Y267.219
G01 X0.879 Y270.894
G01 X2.531 Y267.370
G01 X4.182 Y263.844
G01 X5.832 Y260.317
G01 X7.483 Y256.793
G01 X9.135 Y253.267
G01 X10.786 Y249.741
G01 X12.438 Y246.216
G01 X14.089 Y242.690
G01 X15.740 Y239.163
G01 X17.392 Y235.639
G01 X19.043 Y232.113
G01 X20.695 Y228.587
G01 X22.346 Y225.062
G01 X23.998 Y221.536
G01 X25.649 Y218.010
G01 X27.300 Y214.484
G01 X28.951 Y210.959
G01 X30.603 Y207.433
G01 X32.254 Y203.906
G01 X33.904 Y200.382
G01 X35.555 Y196.856
G01 X37.207 Y193.329
G01 X38.858 Y189.805
G01 X40.510 Y186.279
G01 X42.161 Y182.752
G01 X43.812 Y179.228
G01 X45.464 Y175.702
G01 X47.115 Y172.175
G01 X48.767 Y168.650
G01 X50.418 Y165.125
G01 X52.069 Y161.599
G01 X53.721 Y158.074
G01 X55.372 Y154.548
G01 X57.022 Y151.022
G01 X58.675 Y147.496
G01 X60.326 Y143.971
G01 X61.976 Y140.445
G01 X63.627 Y136.918
G01 X65.279 Y133.394
G01 X66.930 Y129.868
G01 X68.582 Y126.342
G01 X70.233 Y122.817
G01 X71.885 Y119.291
G01 X73.536 Y115.764
G01 X75.187 Y112.238
G01 X76.839 Y108.714
G01 X78.490 Y105.188
G01 X80.141 Y101.661
G01 X81.791 Y98.137
G01 X83.444 Y94.611
G01 X85.094 Y91.084
G01 X86.745 Y87.560
G01 X88.397 Y84.034
G01 X90.048 Y80.507
G01 X91.700 Y76.982
G01 X93.351 Y73.457
G01 X95.002 Y69.930
G01 X96.654 Y66.406
G01 X98.305 Y62.880
G01 X99.957 Y59.353
G01 X101.608 Y55.828
G01 X103.259 Y52.303
G01 X104.911 Y48.776
G01 X106.562 Y45.251
G01 X104.932 Y48.971
G01 X103.302 Y52.691
G01 X101.671 Y56.411
G01 X100.041 Y60.131
G01 X98.411 Y63.851
G01 X96.781 Y67.570
G01 X95.151 Y71.290
G01 X93.521 Y75.010
G01 X91.891 Y78.730
G01 X90.260 Y82.450
G01 X88.630 Y86.168
G01 X87.000 Y89.889
G01 X85.370 Y93.608
G01 X83.740 Y97.329
G01 X82.110 Y101.048
G01 X80.480 Y104.769
G01 X78.850 Y108.488
G01 X77.219 Y112.208
G01 X75.589 Y115.928
G01 X73.959 Y119.648
G01 X72.329 Y123.368
G01 X70.700 Y127.087
G01 X69.069 Y130.807
G01 X67.439 Y134.526
G01 X65.808 Y138.247
G01 X64.178 Y141.966
G01 X62.548 Y145.687
G01 X60.918 Y149.406
G01 X59.288 Y153.126
G01 X57.659 Y156.846
G01 X56.028 Y160.566
G01 X54.397 Y164.286
G01 X52.767 Y168.006
G01 X51.137 Y171.726
G01 X49.507 Y175.445
G01 X47.877 Y179.165
G01 X46.248 Y182.885
G01 X44.618 Y186.605
G01 X42.988 Y190.325
G01 X41.356 Y194.045
G01 X39.726 Y197.764
G01 X38.096 Y201.484
G01 X36.466 Y205.204
G01 X34.837 Y208.924
G01 X33.207 Y212.644
G01 X31.577 Y216.363
G01 X29.947 Y220.083
G01 X28.317 Y223.803
G01 X26.687 Y227.523
G01 X25.055 Y231.243
G01 X23.425 Y234.963
G01 X21.796 Y238.683
G01 X20.166 Y242.401
G01 X18.536 Y246.122
G01 X16.906 Y249.842
G01 X15.276 Y253.562
G01 X13.644 Y257.281
G01 X12.014 Y261.002
G01 X10.385 Y264.721
G01 X8.755 Y268.440
G01 X7.125 Y272.161
G01 X5.495 Y275.880
G01 X3.865 Y279.601
G01 X2.235 Y283.320
G01 X3.644 Y279.767
G01 X5.053 Y276.213
G01 X6.464 Y272.659
G01 X7.874 Y269.106
G01 X9.283 Y265.553
G01 X10.692 Y262.000
G01 X12.101 Y258.445
G01 X13.512 Y254.893
G01 X14.921 Y251.339
G01 X16.332 Y247.786
G01 X17.740 Y244.232
G01 X19.151 Y240.679
G01 X20.560 Y237.125
G01 X21.969 Y233.572
G01 X23.380 Y230.018
G01 X24.790 Y226.465
G01 X26.199 Y222.911
G01 X27.608 Y219.358
G01 X29.019 Y215.804
G01 X30.428 Y212.251
G01 X31.838 Y208.697
G01 X33.248 Y205.144
G01 X34.656 Y201.590
G01 X36.067 Y198.037
G01 X37.476 Y194.483
G01 X38.885 Y190.930
G01 X40.296 Y187.376
G01 X41.706 Y183.823
G01 X43.115 Y180.269
G01 X44.524 Y176.716
G01 X45.935 Y173.163
G01 X47.344 Y169.609
G01 X48.754 Y166.055
G01 X50.163 Y162.502
G01 X51.572 Y158.949
G01 X52.983 Y155.394
G01 X54.392 Y151.841
G01 X55.803 Y148.288
G01 X57.212 Y144.735
G01 X58.622 Y141.180
G01 X60.031 Y137.627
G01 X61.440 Y134.074
G01 X62.851 Y130.521
G01 X64.260 Y126.967
G01 X65.670 Y123.414
G01 X67.079 Y119.860
G01 X68.490 Y116.307
G01 X69.899 Y112.752
G01 X71.308 Y109.200
G01 X72.719 Y105.646
G01 X74.127 Y102.093
G01 X75.538 Y98.538
G01 X76.947 Y94.986
G01 X78.356 Y91.432
G01 X79.767 Y87.879
G01 X81.177 Y84.325
G01 X82.586 Y80.772
G01 X83.995 Y77.218
G01 X85.406 Y73.665
G01 X86.815 Y70.111
G01 X88.225 Y66.558
G01 X89.635 Y63.004
G01 X91.043 Y59.451
G01 X92.454 Y55.898
G01 X91.075 Y59.644
G01 X89.697 Y63.389
G01 X88.317 Y67.136
G01 X86.939 Y70.882
G01 X85.560 Y74.629
G01 X84.180 Y78.375
G01 X82.802 Y82.122
G01 X81.423 Y85.868
G01 X80.045 Y89.615
G01 X78.666 Y93.361
G01 X77.286 Y97.107
G01 X75.908 Y100.853
G01 X74.529 Y104.600
G01 X73.151 Y108.346
G01 X71.772 Y112.091
G01 X70.392 Y115.839
G01 X69.014 Y119.584
G01 X67.635 Y123.332
G01 X66.257 Y127.078
G01 X64.877 Y130.824
G01 X63.499 Y134.570
G01 X62.120 Y138.317
G01 X60.740 Y142.062
G01 X59.362 Y145.809
G01 X57.983 Y149.555
G01 X56.605 Y153.302
G01 X55.226 Y157.048
G01 X53.846 Y160.795
G01 X52.468 Y164.541
G01 X51.089 Y168.287
G01 X49.711 Y172.034
G01 X48.332 Y175.780
G01 X46.952 Y179.526
G01 X45.574 Y183.272
G01 X44.195 Y187.019
G01 X42.817 Y190.764
G01 X41.438 Y194.511
G01 X40.058 Y198.257
G01 X38.680 Y202.004
G01 X37.300 Y205.750
G01 X35.921 Y209.497
G01 X34.543 Y213.243
G01 X33.165 Y216.990
G01 X31.786 Y220.736
G01 X30.406 Y224.482
G01 X29.028 Y228.228
G01 X27.649 Y231.975
G01 X26.271 Y235.721
G01 X24.892 Y239.466
G01 X23.512 Y243.214
G01 X22.134 Y246.960
G01 X20.755 Y250.706
G01 X19.377 Y254.453
G01 X17.998 Y258.199
G01 X16.618 Y261.945
G01 X15.240 Y265.692
G01 X13.861 Y269.438
G01 X12.483 Y273.183
G01 X11.103 Y276.930
G01 X9.725 Y280.677
G01 X8.346 Y284.423
G01 X6.966 Y288.170
G01 X5.588 Y291.916
G01 X4.209 Y295.661
G01 X5.380 Y292.098
G01 X6.550 Y288.533
G01 X7.721 Y284.968
G01 X8.892 Y281.403
G01 X10.062 Y277.838
G01 X11.233 Y274.272
G01 X12.404 Y270.709
G01 X13.575 Y267.144
G01 X14.745 Y263.579
G01 X15.916 Y260.014
G01 X17.087 Y256.449
G01 X18.257 Y252.884
G01 X19.428 Y249.320
G01 X20.599 Y245.755
G01 X21.769 Y242.190
G01 X22.940 Y238.625
G01 X24.111 Y235.060
G01 X25.281 Y231.495
G01 X26.452 Y227.930
G01 X27.623 Y224.365
G01 X28.793 Y220.800
G01 X29.964 Y217.236
G01 X31.135 Y213.672
G01 X32.305 Y210.107
G01 X33.476 Y206.542
G01 X34.647 Y202.977
G01 X35.817 Y199.412
G01 X36.988 Y195.847
G01 X38.159 Y192.281
G01 X39.329 Y188.718
G01 X40.500 Y185.153
G01 X41.671 Y181.588
G01 X42.841 Y178.023
G01 X44.012 Y174.458
G01 X45.183 Y170.894
G01 X46.353 Y167.329
G01 X47.524 Y163.764
G01 X48.695 Y160.199
G01 X49.865 Y156.634
G01 X51.036 Y153.070
G01 X52.207 Y149.505
G01 X53.377 Y145.940
G01 X54.548 Y142.375
G01 X55.719 Y138.810
G01 X56.891 Y135.246
G01 X58.060 Y131.680
G01 X59.231 Y128.115
G01 X60.403 Y124.551
G01 X61.572 Y120.986
G01 X62.743 Y117.421
G01 X63.915 Y113.857
G01 X65.086 Y110.292
G01 X66.255 Y106.726
G01 X67.427 Y103.161
G01 X68.598 Y99.596
G01 X69.767 Y96.033
G01 X70.939 Y92.468
G01 X72.110 Y88.903
G01 X73.279 Y85.338
G01 X74.451 Y81.773
G01 X75.622 Y78.208
G01 X76.791 Y74.644
G01 X77.963 Y71.079
G01 X79.134 Y67.514
G01 X78.004 Y71.269
G01 X76.873 Y75.026
G01 X75.743 Y78.781
G01 X74.613 Y82.536
G01 X73.481 Y86.293
G01 X72.351 Y90.048
G01 X71.221 Y93.805
G01 X70.091 Y97.560
G01 X68.961 Y101.317
G01 X67.831 Y105.072
G01 X66.701 Y108.829
G01 X65.570 Y112.584
G01 X64.440 Y116.339
G01 X63.310 Y120.096
G01 X62.180 Y123.852
G01 X61.050 Y127.608
G01 X59.920 Y131.364
G01 X58.788 Y135.120
G01 X57.659 Y138.876
G01 X56.529 Y142.631
G01 X55.399 Y146.387
G01 X54.269 Y150.143
G01 X53.137 Y153.899
G01 X52.007 Y157.655
G01 X50.877 Y161.411
G01 X49.748 Y165.167
G01 X48.617 Y168.923
G01 X47.487 Y172.678
G01 X46.356 Y176.434
G01 X45.226 Y180.190
G01 X44.096 Y183.946
G01 X42.966 Y187.702
G01 X41.836 Y191.458
G01 X40.706 Y195.214
G01 X39.575 Y198.970
G01 X38.445 Y202.726
G01 X37.315 Y206.481
G01 X36.185 Y210.237
G01 X35.055 Y213.993
G01 X33.923 Y217.749
G01 X32.793 Y221.505
G01 X31.663 Y225.261
G01 X30.534 Y229.017
G01 X29.403 Y232.772
G01 X28.272 Y236.528
G01 X27.142 Y240.284
G01 X26.012 Y244.040
G01 X24.882 Y247.796
G01 X23.752 Y251.552
G01 X22.622 Y255.308
G01 X21.492 Y259.064
G01 X20.362 Y262.819
G01 X19.231 Y266.575
G01 X18.101 Y270.331
G01 X16.971 Y274.087
G01 X15.839 Y277.843
G01 X14.709 Y281.599
G01 X13.579 Y285.355
G01 X12.450 Y289.111
G01 X11.320 Y292.865
G01 X10.189 Y296.622
G01 X9.058 Y300.377
G01 X7.928 Y304.134
G01 X6.798 Y307.889
G01 X8.670 Y300.769
G01 X10.540 Y293.649
G01 X12.411 Y286.529
G01 X14.281 Y279.409
G01 X16.153 Y272.288
G01 X18.024 Y265.168
G01 X19.894 Y258.048
G01 X21.766 Y250.928
G01 X23.637 Y243.808
G01 X25.507 Y236.688
G01 X27.377 Y229.567
G01 X29.249 Y222.447
G01 X31.120 Y215.327
G01 X32.990 Y208.207
G01 X34.862 Y201.086
G01 X36.733 Y193.966
G01 X38.603 Y186.846
G01 X40.475 Y179.726
G01 X42.346 Y172.605
G01 X44.216 Y165.485
G01 X46.087 Y158.365
G01 X47.957 Y151.245
G01 X49.829 Y144.125
G01 X51.700 Y137.004
G01 X53.570 Y129.884
G01 X55.442 Y122.764
G01 X57.312 Y115.644
G01 X59.183 Y108.523
G01 X61.053 Y101.403
G01 X62.925 Y94.283
G01 X64.796 Y87.163
G01 X66.666 Y80.042
G01 X65.781 Y83.791
G01 X64.896 Y87.540
G01 X64.010 Y91.288
G01 X63.125 Y95.038
G01 X62.240 Y98.786
G01 X61.353 Y102.536
G01 X60.469 Y106.285
G01 X59.582 Y110.034
G01 X58.697 Y113.783
G01 X57.812 Y117.531
G01 X56.927 Y121.280
G01 X56.041 Y125.029
G01 X55.156 Y128.778
G01 X54.269 Y132.526
G01 X53.385 Y136.276
G01 X52.499 Y140.025
G01 X51.613 Y143.774
G01 X50.728 Y147.523
G01 X49.843 Y151.272
G01 X48.957 Y155.021
G01 X48.072 Y158.769
G01 X47.185 Y162.518
G01 X46.300 Y166.267
G01 X45.415 Y170.016
G01 X44.529 Y173.764
G01 X43.644 Y177.514
G01 X42.759 Y181.263
G01 X41.873 Y185.012
G01 X40.988 Y188.761
G01 X40.101 Y192.510
G01 X39.216 Y196.259
G01 X38.332 Y200.007
G01 X37.445 Y203.756
G01 X36.560 Y207.505
G01 X35.675 Y211.254
G01 X34.788 Y215.002
G01 X33.904 Y218.752
G01 X33.017 Y222.501
G01 X32.132 Y226.250
G01 X31.247 Y229.999
G01 X30.362 Y233.748
G01 X29.476 Y237.497
G01 X28.591 Y241.246
G01 X27.704 Y244.995
G01 X26.820 Y248.744
G01 X25.935 Y252.492
G01 X25.048 Y256.240
G01 X24.163 Y259.990
G01 X23.278 Y263.738
G01 X22.392 Y267.488
G01 X21.507 Y271.237
G01 X20.622 Y274.986
G01 X19.736 Y278.735
G01 X18.851 Y282.483
G01 X17.964 Y286.233
G01 X17.079 Y289.981
G01 X16.194 Y293.730
G01 X15.308 Y297.478
G01 X14.423 Y301.228
G01 X13.538 Y304.976
G01 X12.651 Y308.726
G01 X11.767 Y312.475
G01 X10.880 Y316.224
G01 X9.995 Y319.973
G01 X11.406 Y312.892
G01 X12.815 Y305.812
G01 X14.226 Y298.733
G01 X15.635 Y291.654
G01 X17.046 Y284.574
G01 X18.456 Y277.493
G01 X19.865 Y270.415
G01 X21.276 Y263.334
G01 X22.685 Y256.255
G01 X24.096 Y249.174
G01 X25.505 Y242.095
G01 X26.916 Y235.016
G01 X28.326 Y227.936
G01 X29.736 Y220.856
G01 X31.146 Y213.776
G01 X32.555 Y206.697
G01 X33.966 Y199.617
G01 X35.377 Y192.537
G01 X36.786 Y185.457
G01 X38.197 Y178.377
G01 X39.606 Y171.298
G01 X41.017 Y164.218
G01 X42.427 Y157.138
G01 X43.837 Y150.059
G01 X45.247 Y142.978
G01 X46.656 Y135.899
G01 X48.067 Y128.819
G01 X49.476 Y121.740
G01 X50.887 Y114.660
G01 X52.296 Y107.579
G01 X53.707 Y100.500
G01 X55.117 Y93.420
G01 X54.471 Y97.146
G01 X53.826 Y100.872
G01 X53.180 Y104.598
G01 X52.534 Y108.324
G01 X51.889 Y112.050
G01 X51.243 Y115.776
G01 X50.596 Y119.502
G01 X49.952 Y123.228
G01 X49.305 Y126.954
G01 X48.659 Y130.680
G01 X48.014 Y134.406
G01 X47.368 Y138.132
G01 X46.723 Y141.858
G01 X46.077 Y145.584
G01 X45.432 Y149.310
G01 X44.786 Y153.036
G01 X44.139 Y156.761
G01 X43.495 Y160.488
G01 X42.849 Y164.213
G01 X42.202 Y167.939
G01 X41.557 Y171.665
G01 X40.911 Y175.391
G01 X40.266 Y179.117
G01 X39.620 Y182.843
G01 X38.975 Y186.569
G01 X38.329 Y190.295
G01 X37.683 Y194.021
G01 X37.038 Y197.747
G01 X36.392 Y201.473
G01 X35.745 Y205.199
G01 X35.101 Y208.925
G01 X34.454 Y212.651
G01 X33.808 Y216.377
G01 X33.163 Y220.103
G01 X32.517 Y223.828
G01 X31.872 Y227.554
G01 X31.226 Y231.280
G01 X30.581 Y235.006
G01 X29.935 Y238.732
G01 X29.288 Y242.458
G01 X28.642 Y246.184
G01 X27.998 Y249.910
G01 X27.351 Y253.636
G01 X26.706 Y257.362
G01 X26.060 Y261.088
G01 X25.415 Y264.814
G01 X24.769 Y268.540
G01 X24.124 Y272.266
G01 X23.478 Y275.992
G01 X22.832 Y279.718
G01 X22.187 Y283.444
G01 X21.541 Y287.170
G01 X20.894 Y290.896
G01 X20.249 Y294.620
G01 X19.603 Y298.346
G01 X18.957 Y302.072
G01 X18.312 Y305.798
G01 X17.666 Y309.524
G01 X17.021 Y313.250
G01 X16.375 Y316.976
G01 X15.730 Y320.702
G01 X15.084 Y324.428
G01 X14.438 Y328.154
G01 X13.793 Y331.880
G01 X14.754 Y324.872
G01 X15.714 Y317.862
G01 X16.675 Y310.853
G01 X17.635 Y303.843
G01 X18.596 Y296.834
G01 X19.558 Y289.825
G01 X20.519 Y282.815
G01 X21.480 Y275.805
G01 X22.440 Y268.796
G01 X23.401 Y261.786
G01 X24.362 Y254.778
G01 X25.322 Y247.769
G01 X26.284 Y240.759
G01 X27.245 Y233.750
G01 X28.206 Y226.740
G01 X29.166 Y219.731
G01 X30.127 Y212.722
G01 X31.089 Y205.712
G01 X32.050 Y198.703
G01 X33.010 Y191.692
G01 X33.971 Y184.684
G01 X34.932 Y177.675
G01 X35.892 Y170.665
G01 X36.853 Y163.656
G01 X37.815 Y156.647
G01 X38.776 Y149.637
G01 X39.737 Y142.627
G01 X40.697 Y135.618
G01 X41.658 Y128.609
G01 X42.618 Y121.600
G01 X43.579 Y114.589
G01 X44.541 Y107.581
G01 X43.716 Y114.956
G01 X42.894 Y122.331
G01 X42.070 Y129.706
G01 X41.245 Y137.081
G01 X40.421 Y144.456
G01 X39.598 Y151.832
G01 X38.774 Y159.207
G01 X37.951 Y166.582
G01 X37.127 Y173.957
G01 X36.303 Y181.332
G01 X35.478 Y188.707
G01 X34.656 Y196.082
G01 X33.832 Y203.457
G01 X33.007 Y210.832
G01 X32.183 Y218.207
G01 X31.360 Y225.583
G01 X30.536 Y232.958
G01 X29.713 Y240.333
G01 X28.889 Y247.708
G01 X28.065 Y255.083
G01 X27.242 Y262.457
G01 X26.418 Y269.832
G01 X25.594 Y277.209
G01 X24.769 Y284.582
G01 X23.945 Y291.959
G01 X23.123 Y299.334
G01 X22.298 Y306.709
G01 X21.475 Y314.084
G01 X20.651 Y321.459
G01 X19.827 Y328.834
G01 X19.004 Y336.209
G01 X18.180 Y343.584
G01 X18.704 Y336.673
G01 X19.231 Y329.764
G01 X19.755 Y322.853
G01 X20.281 Y315.942
G01 X20.807 Y309.033
G01 X21.332 Y302.122
G01 X21.856 Y295.212
G01 X22.382 Y288.302
G01 X22.908 Y281.391
G01 X23.433 Y274.481
G01 X23.959 Y267.570
G01 X24.483 Y260.659
G01 X25.010 Y253.750
G01 X25.534 Y246.839
G01 X26.060 Y239.929
G01 X26.586 Y233.019
G01 X27.111 Y226.109
G01 X27.637 Y219.198
G01 X28.161 Y212.288
G01 X28.687 Y205.377
G01 X29.213 Y198.466
G01 X29.738 Y191.557
G01 X30.264 Y184.647
G01 X30.788 Y177.736
G01 X31.314 Y170.826
G01 X31.839 Y163.915
G01 X32.365 Y157.005
G01 X32.891 Y150.095
G01 X33.416 Y143.184
G01 X33.940 Y136.274
G01 X34.466 Y129.364
G01 X34.992 Y122.453
G01 X34.622 Y129.722
G01 X34.252 Y136.990
G01 X33.880 Y144.260
G01 X33.510 Y151.528
G01 X33.141 Y158.797
G01 X32.771 Y166.066
G01 X32.401 Y173.335
G01 X32.031 Y180.603
G01 X31.661 Y187.872
G01 X31.290 Y195.141
G01 X30.920 Y202.410
G01 X30.550 Y209.679
G01 X30.180 Y216.947
G01 X29.810 Y224.216
G01 X29.439 Y231.485
G01 X29.069 Y238.754
G01 X28.699 Y246.022
G01 X28.329 Y253.291
G01 X27.959 Y260.560
G01 X27.589 Y267.829
G01 X27.218 Y275.096
G01 X26.848 Y282.365
G01 X26.478 Y289.635
G01 X26.108 Y296.904
G01 X25.738 Y304.173
G01 X25.368 Y311.440
G01 X24.997 Y318.709
G01 X24.627 Y325.978
G01 X24.257 Y333.248
G01 X23.887 Y340.516
G01 X23.517 Y347.784
G01 X23.147 Y355.053
G01 X23.252 Y348.269
G01 X23.356 Y341.486
G01 X23.463 Y334.702
G01 X23.567 Y327.916
G01 X23.673 Y321.132
G01 X23.779 Y314.349
G01 X23.884 Y307.565
G01 X23.988 Y300.781
G01 X24.094 Y293.997
G01 X24.200 Y287.213
G01 X24.305 Y280.428
G01 X24.411 Y273.644
G01 X24.516 Y266.861
G01 X24.620 Y260.077
G01 X24.726 Y253.293
G01 X24.832 Y246.508
G01 X24.937 Y239.724
G01 X25.043 Y232.940
G01 X25.147 Y226.156
G01 X25.252 Y219.372
G01 X25.358 Y212.588
G01 X25.464 Y205.804
G01 X25.570 Y199.019
G01 X25.675 Y192.236
G01 X25.779 Y185.452
G01 X25.885 Y178.668
G01 X25.990 Y171.884
G01 X26.096 Y165.100
G01 X26.202 Y158.316
G01 X26.307 Y151.531
G01 X26.411 Y144.747
G01 X26.517 Y137.963
G01 X26.584 Y145.098
G01 X26.653 Y152.232
G01 X26.719 Y159.365
G01 X26.788 Y166.500
G01 X26.855 Y173.635
G01 X26.923 Y180.769
G01 X26.990 Y187.903
G01 X27.058 Y195.038
G01 X27.125 Y202.172
G01 X27.194 Y209.305
G01 X27.260 Y216.441
G01 X27.329 Y223.575
G01 X27.396 Y230.709
G01 X27.464 Y237.843
G01 X27.531 Y244.978
G01 X27.599 Y252.112
G01 X27.666 Y259.245
G01 X27.733 Y266.380
G01 X27.802 Y273.514
G01 X27.868 Y280.649
G01 X27.937 Y287.784
G01 X28.005 Y294.918
G01 X28.072 Y302.052
G01 X28.139 Y309.185
G01 X28.207 Y316.320
G01 X28.274 Y323.454
G01 X28.341 Y330.589
G01 X28.409 Y337.724
G01 X28.478 Y344.858
G01 X28.545 Y351.992
G01 X28.613 Y359.127
G01 X28.680 Y366.260
G01 X28.382 Y359.629
G01 X28.084 Y352.997
G01 X27.788 Y346.363
G01 X27.490 Y339.731
G01 X27.192 Y333.100
G01 X26.894 Y326.468
G01 X26.598 Y319.836
G01 X26.300 Y313.204
G01 X26.002 Y306.572
G01 X25.704 Y299.940
G01 X25.408 Y293.308
G01 X25.110 Y286.675
G01 X24.812 Y280.043
G01 X24.514 Y273.411
G01 X24.218 Y266.779
G01 X23.920 Y260.147
G01 X23.623 Y253.514
G01 X23.325 Y246.882
G01 X23.028 Y240.251
G01 X22.730 Y233.618
G01 X22.433 Y226.986
G01 X22.135 Y220.353
G01 X21.838 Y213.722
G01 X21.540 Y207.090
G01 X21.243 Y200.458
G01 X20.945 Y193.826
G01 X20.647 Y187.194
G01 X20.350 Y180.561
G01 X20.053 Y173.929
G01 X19.755 Y167.297
G01 X19.457 Y160.665
G01 X19.159 Y154.033
G01 X19.647 Y161.006
G01 X20.135 Y167.980
G01 X20.623 Y174.953
G01 X21.111 Y181.925
G01 X21.599 Y188.899
G01 X22.086 Y195.873
G01 X22.574 Y202.846
G01 X23.062 Y209.819
G01 X23.550 Y216.792
G01 X24.036 Y223.766
G01 X24.524 Y230.739
G01 X25.012 Y237.712
G01 X25.500 Y244.685
G01 X25.988 Y251.659
G01 X26.476 Y258.632
G01 X26.964 Y265.605
G01 X27.451 Y272.577
G01 X27.939 Y279.552
G01 X28.427 Y286.524
G01 X28.915 Y293.498
G01 X29.401 Y300.471
G01 X29.889 Y307.445
G01 X30.377 Y314.418
G01 X30.865 Y321.391
G01 X31.353 Y328.365
G01 X31.841 Y335.338
G01 X32.329 Y342.310
G01 X32.815 Y349.284
G01 X33.303 Y356.257
G01 X33.791 Y363.231
G01 X34.279 Y370.204
G01 X34.767 Y377.177
G01 X34.086 Y370.721
G01 X33.404 Y364.264
G01 X32.723 Y357.808
G01 X32.041 Y351.353
G01 X31.358 Y344.897
G01 X30.678 Y338.440
G01 X29.995 Y331.985
G01 X29.315 Y325.528
G01 X28.632 Y319.072
G01 X27.951 Y312.615
G01 X27.269 Y306.159
G01 X26.588 Y299.704
G01 X25.906 Y293.248
G01 X25.225 Y286.791
G01 X24.543 Y280.336
G01 X23.862 Y273.880
G01 X23.180 Y267.423
G01 X22.499 Y260.968
G01 X21.817 Y254.512
G01 X21.135 Y248.055
G01 X20.454 Y241.600
G01 X19.772 Y235.143
G01 X19.091 Y228.687
G01 X18.409 Y222.231
G01 X17.726 Y215.775
G01 X17.046 Y209.319
G01 X16.363 Y202.863
G01 X15.683 Y196.406
G01 X15.000 Y189.951
G01 X14.320 Y183.495
G01 X13.637 Y177.038
G01 X12.956 Y170.583
G01 X13.844 Y177.370
G01 X14.733 Y184.156
G01 X15.622 Y190.944
G01 X16.510 Y197.732
G01 X17.399 Y204.519
G01 X18.288 Y211.305
G01 X19.177 Y218.094
G01 X20.065 Y224.881
G01 X20.954 Y231.668
G01 X21.843 Y238.454
G01 X22.731 Y245.243
G01 X23.620 Y252.030
G01 X24.507 Y258.817
G01 X25.397 Y265.605
G01 X26.286 Y272.392
G01 X27.173 Y279.178
G01 X28.062 Y285.966
G01 X28.952 Y292.754
G01 X29.839 Y299.541
G01 X30.728 Y306.327
G01 X31.617 Y313.115
G01 X32.505 Y319.903
G01 X33.394 Y326.690
G01 X34.283 Y333.478
G01 X35.171 Y340.264
G01 X36.060 Y347.052
G01 X36.949 Y353.839
G01 X37.838 Y360.627
G01 X38.726 Y367.413
G01 X39.615 Y374.201
G01 X40.504 Y380.988
G01 X41.392 Y387.776
G01 X40.346 Y381.517
G01 X39.300 Y375.260
G01 X38.255 Y369.002
G01 X37.211 Y362.745
G01 X36.165 Y356.487
G01 X35.120 Y350.228
G01 X34.074 Y343.971
G01 X33.029 Y337.714
G01 X31.983 Y331.456
G01 X30.938 Y325.199
G01 X29.892 Y318.940
G01 X28.846 Y312.683
G01 X27.800 Y306.425
G01 X26.755 Y300.168
G01 X25.709 Y293.909
G01 X24.665 Y287.651
G01 X23.618 Y281.394
G01 X22.574 Y275.137
G01 X21.529 Y268.879
G01 X20.483 Y262.622
G01 X19.437 Y256.363
G01 X18.392 Y250.106
G01 X17.346 Y243.848
G01 X16.300 Y237.591
G01 X15.255 Y231.333
G01 X14.209 Y225.075
G01 X13.165 Y218.817
G01 X12.118 Y212.560
G01 X11.074 Y206.302
G01 X10.028 Y200.045
G01 X8.983 Y193.787
G01 X7.937 Y187.529
G01 X9.206 Y194.107
G01 X10.475 Y200.685
G01 X11.743 Y207.264
G01 X13.012 Y213.841
G01 X14.281 Y220.420
G01 X15.550 Y226.998
G01 X16.819 Y233.576
G01 X18.088 Y240.154
G01 X19.356 Y246.732
G01 X20.625 Y253.311
G01 X21.894 Y259.889
G01 X23.163 Y266.466
G01 X24.432 Y273.045
G01 X25.701 Y279.623
G01 X26.969 Y286.201
G01 X28.238 Y292.779
G01 X29.507 Y299.358
G01 X30.776 Y305.935
G01 X32.043 Y312.514
G01 X33.312 Y319.091
G01 X34.582 Y325.670
G01 X35.851 Y332.248
G01 X37.120 Y338.827
G01 X38.387 Y345.404
G01 X39.656 Y351.983
G01 X40.925 Y358.560
G01 X42.195 Y365.139
G01 X43.464 Y371.716
G01 X44.733 Y378.295
G01 X46.000 Y384.874
G01 X47.269 Y391.452
G01 X48.538 Y398.029
G01 X47.151 Y391.990
G01 X45.762 Y385.952
G01 X44.375 Y379.913
G01 X42.987 Y373.875
G01 X41.600 Y367.836
G01 X40.212 Y361.796
G01 X38.824 Y355.757
G01 X37.435 Y349.719
G01 X36.048 Y343.680
G01 X34.659 Y337.642
G01 X33.272 Y331.603
G01 X31.885 Y325.564
G01 X30.497 Y319.524
G01 X29.108 Y313.486
G01 X27.721 Y307.447
G01 X26.334 Y301.409
G01 X24.945 Y295.370
G01 X23.558 Y289.331
G01 X22.170 Y283.291
G01 X20.781 Y277.254
G01 X19.394 Y271.214
G01 X18.007 Y265.175
G01 X16.618 Y259.137
G01 X15.231 Y253.098
G01 X13.843 Y247.060
G01 X12.454 Y241.021
G01 X11.067 Y234.982
G01 X9.678 Y228.942
G01 X8.291 Y222.904
G01 X6.904 Y216.865
G01 X5.516 Y210.827
G01 X4.127 Y204.788
G01 X5.755 Y211.136
G01 X7.382 Y217.483
G01 X9.009 Y223.831
G01 X10.635 Y230.179
G01 X12.262 Y236.526
G01 X13.889 Y242.874
G01 X15.517 Y249.222
G01 X17.142 Y255.569
G01 X18.769 Y261.916
G01 X20.397 Y268.264
G01 X22.024 Y274.612
G01 X23.651 Y280.959
G01 X25.278 Y287.308
G01 X26.904 Y293.656
G01 X28.531 Y300.002
G01 X30.159 Y306.351
G01 X31.784 Y312.699
G01 X33.411 Y319.046
G01 X35.038 Y325.394
G01 X36.666 Y331.742
G01 X38.293 Y338.089
G01 X39.920 Y344.437
G01 X41.546 Y350.784
G01 X43.173 Y357.132
G01 X44.800 Y363.480
G01 X46.427 Y369.827
G01 X48.053 Y376.175
G01 X49.680 Y382.522
G01 X51.308 Y388.870
G01 X52.935 Y395.219
G01 X54.562 Y401.565
G01 X56.189 Y407.913
G01 X54.481 Y402.113
G01 X52.774 Y396.310
G01 X51.065 Y390.510
G01 X49.358 Y384.709
G01 X47.651 Y378.908
G01 X45.944 Y373.106
G01 X44.236 Y367.305
G01 X42.529 Y361.504
G01 X40.820 Y355.702
G01 X39.113 Y349.901
G01 X37.406 Y344.100
G01 X35.699 Y338.298
G01 X33.990 Y332.497
G01 X32.283 Y326.695
G01 X30.576 Y320.894
G01 X28.868 Y315.093
G01 X27.161 Y309.291
G01 X25.452 Y303.490
G01 X23.745 Y297.689
G01 X22.038 Y291.887
G01 X20.331 Y286.087
G01 X18.623 Y280.284
G01 X16.916 Y274.483
G01 X15.207 Y268.683
G01 X13.500 Y262.882
G01 X11.793 Y257.079
G01 X10.086 Y251.279
G01 X8.377 Y245.478
G01 X6.671 Y239.677
G01 X4.963 Y233.875
G01 X3.255 Y228.074
G01 X1.548 Y222.273
G01 X3.510 Y228.371
G01 X5.471 Y234.468
G01 X7.433 Y240.566
G01 X9.394 Y246.664
G01 X11.356 Y252.762
G01 X13.317 Y258.860
G01 X15.279 Y264.957
G01 X17.242 Y271.055
G01 X19.202 Y277.153
G01 X21.165 Y283.250
G01 X23.127 Y289.349
G01 X25.089 Y295.447
G01 X27.050 Y301.543
G01 X29.012 Y307.642
G01 X30.974 Y313.740
G01 X32.935 Y319.838
G01 X34.897 Y325.935
G01 X36.858 Y332.034
G01 X38.820 Y338.132
G01 X40.781 Y344.228
G01 X42.743 Y350.327
G01 X44.706 Y356.425
G01 X46.668 Y362.522
G01 X48.629 Y368.620
G01 X50.591 Y374.719
G01 X52.553 Y380.815
G01 X54.514 Y386.913
G01 X56.476 Y393.012
G01 X58.438 Y399.110
G01 X60.399 Y405.207
G01 X62.361 Y411.305
G01 X64.322 Y417.404
G01 X62.320 Y411.856
G01 X60.315 Y406.308
G01 X58.312 Y400.762
G01 X56.308 Y395.214
G01 X54.305 Y389.668
G01 X52.302 Y384.120
G01 X50.298 Y378.574
G01 X48.295 Y373.026
G01 X46.291 Y367.478
G01 X44.288 Y361.932
G01 X42.284 Y356.385
G01 X40.279 Y350.838
G01 X38.276 Y345.291
G01 X36.272 Y339.743
G01 X34.269 Y334.197
G01 X32.266 Y328.649
G01 X30.262 Y323.101
G01 X28.259 Y317.555
G01 X26.255 Y312.007
G01 X24.252 Y306.461
G01 X22.249 Y300.913
G01 X20.245 Y295.367
G01 X18.242 Y289.820
G01 X16.238 Y284.272
G01 X14.233 Y278.726
G01 X12.231 Y273.178
G01 X10.226 Y267.632
G01 X8.224 Y262.084
G01 X6.219 Y256.536
G01 X4.216 Y250.990
G01 X2.213 Y245.443
G01 X0.209 Y239.896
G01 X2.481 Y245.726
G01 X4.754 Y251.557
G01 X7.026 Y257.387
G01 X9.298 Y263.218
G01 X11.570 Y269.048
G01 X13.843 Y274.879
G01 X16.115 Y280.709
G01 X18.387 Y286.541
G01 X20.659 Y292.370
G01 X22.932 Y298.202
G01 X25.204 Y304.031
G01 X27.476 Y309.863
G01 X29.749 Y315.694
G01 X32.021 Y321.524
G01 X34.293 Y327.355
G01 X36.565 Y333.185
G01 X38.838 Y339.016
G01 X41.110 Y344.846
G01 X43.382 Y350.677
G01 X45.654 Y356.507
G01 X47.927 Y362.338
G01 X50.199 Y368.168
G01 X52.471 Y373.999
G01 X54.743 Y379.829
G01 X57.016 Y385.659
G01 X59.288 Y391.490
G01 X61.560 Y397.322
G01 X63.832 Y403.151
G01 X66.105 Y408.983
G01 X68.377 Y414.812
G01 X70.649 Y420.644
G01 X72.921 Y426.475
G01 X70.647 Y421.195
G01 X68.372 Y415.918
G01 X66.096 Y410.639
G01 X63.820 Y405.362
G01 X61.546 Y400.082
G01 X59.271 Y394.805
G01 X56.995 Y389.526
G01 X54.721 Y384.248
G01 X52.445 Y378.969
G01 X50.171 Y373.692
G01 X47.896 Y368.413
G01 X45.620 Y363.135
G01 X43.346 Y357.856
G01 X41.070 Y352.579
G01 X38.796 Y347.300
G01 X36.521 Y342.022
G01 X34.245 Y336.743
G01 X31.969 Y331.466
G01 X29.695 Y326.187
G01 X27.420 Y320.909
G01 X25.144 Y315.630
G01 X22.870 Y310.351
G01 X20.594 Y305.074
G01 X18.320 Y299.796
G01 X16.045 Y294.517
G01 X13.769 Y289.240
G01 X11.495 Y283.961
G01 X9.219 Y278.683
G01 X6.945 Y273.404
G01 X4.670 Y268.127
G01 X2.394 Y262.848
G01 X0.118 Y257.570
G01 X2.677 Y263.118
G01 X5.235 Y268.666
G01 X7.791 Y274.214
G01 X10.350 Y279.762
G01 X12.908 Y285.310
G01 X15.464 Y290.858
G01 X18.022 Y296.406
G01 X20.579 Y301.952
G01 X23.137 Y307.500
G01 X25.695 Y313.048
G01 X28.252 Y318.596
G01 X30.810 Y324.144
G01 X33.368 Y329.692
G01 X35.925 Y335.240
G01 X38.483 Y340.788
G01 X41.041 Y346.337
G01 X43.599 Y351.885
G01 X46.156 Y357.433
G01 X48.714 Y362.981
G01 X51.271 Y368.529
G01 X53.829 Y374.077
G01 X56.387 Y379.625
G01 X58.944 Y385.173
G01 X61.502 Y390.721
G01 X64.060 Y396.269
G01 X66.617 Y401.817
G01 X69.175 Y407.365
G01 X71.731 Y412.913
G01 X74.290 Y418.461
G01 X76.848 Y424.009
G01 X79.404 Y429.557
G01 X81.963 Y435.105
G01 X79.440 Y430.108
G01 X76.920 Y425.111
G01 X74.399 Y420.113
G01 X71.877 Y415.117
G01 X69.356 Y410.120
G01 X66.834 Y405.124
G01 X64.312 Y400.127
G01 X61.791 Y395.130
G01 X59.269 Y390.132
G01 X56.749 Y385.135
G01 X54.228 Y380.139
G01 X51.706 Y375.142
G01 X49.185 Y370.146
G01 X46.663 Y365.149
G01 X44.142 Y360.151
G01 X41.620 Y355.154
G01 X39.099 Y350.158
G01 X36.577 Y345.161
G01 X34.055 Y340.165
G01 X31.534 Y335.168
G01 X29.014 Y330.171
G01 X26.492 Y325.173
G01 X23.971 Y320.177
G01 X21.450 Y315.180
G01 X18.928 Y310.183
G01 X16.406 Y305.187
G01 X13.885 Y300.190
G01 X11.363 Y295.192
G01 X8.843 Y290.195
G01 X6.320 Y285.200
G01 X3.800 Y280.202
G01 X1.278 Y275.206
G01 X4.094 Y280.457
G01 X6.911 Y285.709
G01 X9.730 Y290.962
G01 X12.546 Y296.214
G01 X15.363 Y301.466
G01 X18.180 Y306.718
G01 X20.998 Y311.969
G01 X23.815 Y317.221
G01 X26.632 Y322.474
G01 X29.449 Y327.726
G01 X32.266 Y332.978
G01 X35.082 Y338.231
G01 X37.899 Y343.483
G01 X40.716 Y348.735
G01 X43.534 Y353.987
G01 X46.351 Y359.238
G01 X49.168 Y364.490
G01 X51.985 Y369.743
G01 X54.802 Y374.995
G01 X57.618 Y380.247
G01 X60.435 Y385.499
G01 X63.254 Y390.750
G01 X66.070 Y396.002
G01 X68.887 Y401.255
G01 X71.704 Y406.507
G01 X74.522 Y411.759
G01 X77.339 Y417.010
G01 X80.156 Y422.264
G01 X82.973 Y427.516
G01 X85.790 Y432.767
G01 X88.606 Y438.019
G01 X91.423 Y443.272
G01 X88.682 Y438.567
G01 X85.940 Y433.862
G01 X83.197 Y429.156
G01 X80.456 Y424.452
G01 X77.714 Y419.747
G01 X74.971 Y415.043
G01 X72.230 Y410.338
G01 X69.488 Y405.632
G01 X66.745 Y400.928
G01 X64.004 Y396.223
G01 X61.262 Y391.517
G01 X58.519 Y386.812
G01 X55.778 Y382.108
G01 X53.036 Y377.404
G01 X50.293 Y372.699
G01 X47.552 Y367.993
G01 X44.810 Y363.288
G01 X42.067 Y358.584
G01 X39.326 Y353.879
G01 X36.584 Y349.173
G01 X33.841 Y344.469
G01 X31.100 Y339.764
G01 X28.358 Y335.060
G01 X25.615 Y330.355
G01 X22.874 Y325.649
G01 X20.132 Y320.945
G01 X17.391 Y316.240
G01 X14.647 Y311.536
G01 X11.906 Y306.831
G01 X9.163 Y302.125
G01 X6.421 Y297.421
G01 X3.680 Y292.716
G01 X6.731 Y297.661
G01 X9.781 Y302.606
G01 X12.831 Y307.550
G01 X15.880 Y312.495
G01 X18.930 Y317.440
G01 X21.981 Y322.385
G01 X25.031 Y327.331
G01 X28.081 Y332.276
G01 X31.130 Y337.221
G01 X34.180 Y342.166
G01 X37.231 Y347.111
G01 X40.281 Y352.055
G01 X43.331 Y357.000
G01 X46.380 Y361.945
G01 X49.430 Y366.891
G01 X52.481 Y371.836
G01 X55.531 Y376.781
G01 X58.581 Y381.726
G01 X61.630 Y386.671
G01 X64.680 Y391.615
G01 X67.731 Y396.560
G01 X70.781 Y401.505
G01 X73.831 Y406.451
G01 X76.880 Y411.396
G01 X79.930 Y416.341
G01 X82.981 Y421.286
G01 X86.031 Y426.231
G01 X89.081 Y431.175
G01 X92.132 Y436.120
G01 X95.180 Y441.065
G01 X98.231 Y446.010
G01 X101.281 Y450.956
G01 X98.344 Y446.552
G01 X95.409 Y442.147
G01 X92.471 Y437.743
G01 X89.536 Y433.338
G01 X86.599 Y428.933
G01 X83.663 Y424.529
G01 X80.726 Y420.125
G01 X77.790 Y415.719
G01 X74.853 Y411.315
G01 X71.916 Y406.911
G01 X68.980 Y402.507
G01 X66.043 Y398.101
G01 X63.106 Y393.697
G01 X60.171 Y389.293
G01 X57.233 Y384.889
G01 X54.298 Y380.483
G01 X51.361 Y376.079
G01 X48.425 Y371.675
G01 X45.488 Y367.271
G01 X42.552 Y362.865
G01 X39.615 Y358.462
G01 X36.678 Y354.057
G01 X33.742 Y349.653
G01 X30.805 Y345.249
G01 X27.868 Y340.844
G01 X24.933 Y336.439
G01 X21.995 Y332.034
G01 X19.060 Y327.630
G01 X16.123 Y323.226
G01 X13.187 Y318.822
G01 X10.250 Y314.416
G01 X7.314 Y310.012
G01 X10.570 Y314.642
G01 X13.826 Y319.271
G01 X17.082 Y323.899
G01 X20.338 Y328.528
G01 X23.594 Y333.156
G01 X26.851 Y337.786
G01 X30.106 Y342.415
G01 X33.363 Y347.043
G01 X36.618 Y351.673
G01 X39.875 Y356.302
G01 X43.130 Y360.930
G01 X46.387 Y365.560
G01 X49.644 Y370.189
G01 X52.899 Y374.817
G01 X56.156 Y379.445
G01 X59.411 Y384.075
G01 X62.668 Y388.704
G01 X65.925 Y393.332
G01 X69.180 Y397.962
G01 X72.437 Y402.591
G01 X75.692 Y407.219
G01 X78.949 Y411.849
G01 X82.204 Y416.478
G01 X85.461 Y421.106
G01 X88.718 Y425.736
G01 X91.974 Y430.365
G01 X95.230 Y434.993
G01 X98.486 Y439.622
G01 X101.742 Y444.250
G01 X104.998 Y448.880
G01 X108.255 Y453.509
G01 X111.510 Y458.137
G01 X108.406 Y454.040
G01 X105.300 Y449.942
G01 X102.197 Y445.844
G01 X99.091 Y441.747
G01 X95.987 Y437.649
G01 X92.882 Y433.552
G01 X89.778 Y429.454
G01 X86.673 Y425.356
G01 X83.567 Y421.257
G01 X80.464 Y417.159
G01 X77.358 Y413.062
G01 X74.254 Y408.964
G01 X71.149 Y404.867
G01 X68.045 Y400.769
G01 X64.940 Y396.671
G01 X61.834 Y392.574
G01 X58.731 Y388.476
G01 X55.625 Y384.377
G01 X52.521 Y380.279
G01 X49.416 Y376.183
G01 X46.312 Y372.084
G01 X43.207 Y367.987
G01 X40.101 Y363.889
G01 X36.998 Y359.791
G01 X33.892 Y355.694
G01 X30.788 Y351.596
G01 X27.683 Y347.498
G01 X24.579 Y343.399
G01 X21.474 Y339.303
G01 X18.368 Y335.204
G01 X15.264 Y331.106
G01 X12.159 Y327.009
G01 X15.594 Y331.315
G01 X19.029 Y335.620
G01 X22.466 Y339.927
G01 X25.901 Y344.233
G01 X29.336 Y348.538
G01 X32.771 Y352.844
G01 X36.206 Y357.151
G01 X39.641 Y361.457
G01 X43.077 Y365.762
G01 X46.512 Y370.069
G01 X49.947 Y374.375
G01 X53.382 Y378.680
G01 X56.817 Y382.987
G01 X60.252 Y387.293
G01 X63.688 Y391.599
G01 X67.123 Y395.904
G01 X70.558 Y400.209
G01 X73.993 Y404.517
G01 X77.428 Y408.822
G01 X80.863 Y413.127
G01 X84.298 Y417.433
G01 X87.733 Y421.740
G01 X91.168 Y426.046
G01 X94.605 Y430.351
G01 X98.040 Y434.658
G01 X101.475 Y438.964
G01 X104.909 Y443.269
G01 X108.344 Y447.576
G01 X111.781 Y451.882
G01 X115.216 Y456.188
G01 X118.651 Y460.493
G01 X122.086 Y464.800
G01 X118.839 Y461.012
G01 X115.593 Y457.226
G01 X112.346 Y453.439
G01 X109.100 Y449.651
G01 X105.853 Y445.865
G01 X102.606 Y442.079
G01 X99.360 Y438.291
G01 X96.113 Y434.505
G01 X92.867 Y430.718
G01 X89.620 Y426.930
G01 X86.374 Y423.144
G01 X83.127 Y419.358
G01 X79.880 Y415.570
G01 X76.634 Y411.784
G01 X73.387 Y407.997
G01 X70.139 Y404.211
G01 X66.894 Y400.423
G01 X63.647 Y396.637
G01 X60.401 Y392.850
G01 X57.154 Y389.062
G01 X53.906 Y385.276
G01 X50.661 Y381.490
G01 X47.413 Y377.702
G01 X44.168 Y373.916
G01 X40.921 Y370.129
G01 X37.675 Y366.341
G01 X34.428 Y362.555
G01 X31.180 Y358.769
G01 X27.935 Y354.981
G01 X24.688 Y351.195
G01 X21.440 Y347.408
G01 X18.195 Y343.620
G01 X21.781 Y347.600
G01 X25.368 Y351.577
G01 X28.956 Y355.555
G01 X32.543 Y359.534
G01 X36.130 Y363.512
G01 X39.716 Y367.490
G01 X43.303 Y371.469
G01 X46.891 Y375.447
G01 X50.478 Y379.425
G01 X54.065 Y383.403
G01 X57.653 Y387.382
G01 X61.240 Y391.360
G01 X64.827 Y395.338
G01 X68.413 Y399.315
G01 X72.000 Y403.295
G01 X75.588 Y407.272
G01 X79.175 Y411.250
G01 X82.762 Y415.228
G01 X86.349 Y419.207
G01 X89.935 Y423.185
G01 X93.522 Y427.163
G01 X97.111 Y431.142
G01 X100.697 Y435.120
G01 X104.284 Y439.099
G01 X107.872 Y443.077
G01 X111.459 Y447.055
G01 X115.046 Y451.033
G01 X118.632 Y455.012
G01 X122.219 Y458.990
G01 X125.807 Y462.968
G01 X129.394 Y466.945
G01 X132.981 Y470.925
G01 X129.618 Y467.451
G01 X126.257 Y463.976
G01 X122.895 Y460.502
G01 X119.531 Y457.029
G01 X116.170 Y453.555
G01 X112.808 Y450.082
G01 X109.445 Y446.608
G01 X106.082 Y443.135
G01 X102.721 Y439.661
G01 X99.358 Y436.187
G01 X95.995 Y432.714
G01 X92.634 Y429.240
G01 X89.272 Y425.766
G01 X85.909 Y422.291
G01 X82.546 Y418.819
G01 X79.185 Y415.344
G01 X75.822 Y411.870
G01 X72.459 Y408.397
G01 X69.098 Y404.923
G01 X65.736 Y401.450
G01 X62.373 Y397.976
G01 X59.010 Y394.502
G01 X55.649 Y391.029
G01 X52.286 Y387.555
G01 X48.923 Y384.081
G01 X45.562 Y380.608
G01 X42.200 Y377.134
G01 X38.837 Y373.659
G01 X35.475 Y370.185
G01 X32.113 Y366.713
G01 X28.750 Y363.238
G01 X25.387 Y359.764
G01 X29.100 Y363.413
G01 X32.812 Y367.060
G01 X36.524 Y370.709
G01 X40.236 Y374.356
G01 X43.947 Y378.005
G01 X47.659 Y381.651
G01 X51.372 Y385.300
G01 X55.082 Y388.947
G01 X58.795 Y392.596
G01 X62.507 Y396.243
G01 X66.219 Y399.892
G01 X69.930 Y403.540
G01 X73.642 Y407.188
G01 X77.355 Y410.834
G01 X81.067 Y414.483
G01 X84.779 Y418.130
G01 X88.490 Y421.779
G01 X92.202 Y425.427
G01 X95.913 Y429.075
G01 X99.625 Y432.723
G01 X103.338 Y436.370
G01 X107.050 Y440.017
G01 X110.762 Y443.666
G01 X114.474 Y447.314
G01 X118.185 Y450.962
G01 X121.897 Y454.610
G01 X125.610 Y458.257
G01 X129.320 Y461.906
G01 X133.033 Y465.553
G01 X136.745 Y469.201
G01 X140.457 Y472.849
G01 X144.168 Y476.497
G01 X140.716 Y473.337
G01 X137.264 Y470.175
G01 X133.812 Y467.016
G01 X130.361 Y463.855
G01 X126.909 Y460.695
G01 X123.457 Y457.534
G01 X120.005 Y454.374
G01 X116.553 Y451.213
G01 X113.101 Y448.053
G01 X109.649 Y444.892
G01 X106.197 Y441.731
G01 X102.745 Y438.570
G01 X99.293 Y435.409
G01 X95.841 Y432.250
G01 X92.389 Y429.089
G01 X88.937 Y425.928
G01 X85.485 Y422.767
G01 X82.033 Y419.608
G01 X78.581 Y416.447
G01 X75.129 Y413.286
G01 X71.675 Y410.125
G01 X68.225 Y406.966
G01 X64.772 Y403.805
G01 X61.320 Y400.644
G01 X57.868 Y397.483
G01 X54.416 Y394.324
G01 X50.964 Y391.163
G01 X47.512 Y388.002
G01 X44.060 Y384.841
G01 X40.608 Y381.682
G01 X37.156 Y378.521
G01 X33.704 Y375.360
G01 X37.514 Y378.678
G01 X41.324 Y381.993
G01 X45.134 Y385.310
G01 X48.944 Y388.629
G01 X52.754 Y391.945
G01 X56.564 Y395.262
G01 X60.374 Y398.579
G01 X64.183 Y401.896
G01 X67.993 Y405.213
G01 X71.803 Y408.529
G01 X75.613 Y411.846
G01 X79.423 Y415.163
G01 X83.233 Y418.481
G01 X87.043 Y421.798
G01 X90.853 Y425.115
G01 X94.663 Y428.432
G01 X98.473 Y431.749
G01 X102.283 Y435.065
G01 X106.093 Y438.382
G01 X109.903 Y441.700
G01 X113.712 Y445.017
G01 X117.522 Y448.334
G01 X121.332 Y451.651
G01 X125.142 Y454.968
G01 X128.952 Y458.284
G01 X132.762 Y461.601
G01 X136.572 Y464.918
G01 X140.382 Y468.236
G01 X144.192 Y471.553
G01 X148.002 Y474.870
G01 X151.810 Y478.187
G01 X155.620 Y481.504
G01 X152.105 Y478.654
G01 X148.589 Y475.805
G01 X145.072 Y472.956
G01 X141.555 Y470.106
G01 X138.040 Y467.257
G01 X134.524 Y464.409
G01 X131.007 Y461.558
G01 X127.491 Y458.709
G01 X123.975 Y455.861
G01 X120.459 Y453.012
G01 X116.942 Y450.163
G01 X113.425 Y447.312
G01 X109.909 Y444.464
G01 X106.394 Y441.615
G01 X102.877 Y438.766
G01 X99.361 Y435.916
G01 X95.844 Y433.067
G01 X92.329 Y430.218
G01 X88.812 Y427.368
G01 X85.296 Y424.519
G01 X81.779 Y421.671
G01 X78.264 Y418.820
G01 X74.748 Y415.971
G01 X71.231 Y413.123
G01 X67.714 Y410.274
G01 X64.199 Y407.425
G01 X60.683 Y404.575
G01 X57.166 Y401.726
G01 X53.649 Y398.877
G01 X50.134 Y396.028
G01 X46.618 Y393.178
G01 X43.101 Y390.329
G01 X46.983 Y393.317
G01 X50.863 Y396.303
G01 X54.745 Y399.291
G01 X58.627 Y402.279
G01 X62.509 Y405.267
G01 X66.391 Y408.255
G01 X70.272 Y411.242
G01 X74.154 Y414.230
G01 X78.034 Y417.218
G01 X81.916 Y420.204
G01 X85.798 Y423.192
G01 X89.680 Y426.180
G01 X93.560 Y429.168
G01 X97.442 Y432.156
G01 X101.324 Y435.142
G01 X105.204 Y438.130
G01 X109.087 Y441.118
G01 X112.969 Y444.106
G01 X116.850 Y447.093
G01 X120.731 Y450.081
G01 X124.613 Y453.067
G01 X128.493 Y456.055
G01 X132.375 Y459.043
G01 X136.257 Y462.031
G01 X140.139 Y465.019
G01 X144.021 Y468.005
G01 X147.901 Y470.993
G01 X151.783 Y473.981
G01 X155.665 Y476.969
G01 X159.546 Y479.957
G01 X163.428 Y482.944
G01 X167.310 Y485.932
G01 X163.754 Y483.389
G01 X160.197 Y480.848
G01 X156.642 Y478.307
G01 X153.087 Y475.764
G01 X149.531 Y473.223
G01 X145.976 Y470.682
G01 X142.421 Y468.139
G01 X138.865 Y465.598
G01 X135.310 Y463.055
G01 X131.754 Y460.514
G01 X128.199 Y457.973
G01 X124.642 Y455.430
G01 X121.088 Y452.889
G01 X117.531 Y450.348
G01 X113.976 Y447.805
G01 X110.421 Y445.264
G01 X106.865 Y442.721
G01 X103.310 Y440.180
G01 X99.754 Y437.639
G01 X96.199 Y435.098
G01 X92.644 Y432.555
G01 X89.088 Y430.014
G01 X85.533 Y427.471
G01 X81.976 Y424.930
G01 X78.421 Y422.389
G01 X74.865 Y419.846
G01 X71.310 Y417.305
G01 X67.755 Y414.764
G01 X64.199 Y412.221
G01 X60.644 Y409.680
G01 X57.088 Y407.139
G01 X53.533 Y404.596
G01 X57.459 Y407.257
G01 X61.387 Y409.920
G01 X65.315 Y412.582
G01 X69.242 Y415.243
G01 X73.168 Y417.904
G01 X77.096 Y420.567
G01 X81.022 Y423.228
G01 X84.951 Y425.889
G01 X88.877 Y428.552
G01 X92.805 Y431.213
G01 X96.731 Y433.875
G01 X100.659 Y436.536
G01 X104.587 Y439.197
G01 X108.514 Y441.860
G01 X112.440 Y444.522
G01 X116.368 Y447.183
G01 X120.296 Y449.844
G01 X124.223 Y452.507
G01 X128.149 Y455.168
G01 X132.077 Y457.829
G01 X136.005 Y460.492
G01 X139.932 Y463.153
G01 X143.858 Y465.815
G01 X147.786 Y468.476
G01 X151.713 Y471.137
G01 X155.641 Y473.800
G01 X159.567 Y476.462
G01 X163.495 Y479.123
G01 X167.423 Y481.784
G01 X171.350 Y484.447
G01 X175.276 Y487.108
G01 X179.204 Y489.769
G01 X175.634 Y487.529
G01 X172.062 Y485.290
G01 X168.493 Y483.050
G01 X164.921 Y480.810
G01 X161.351 Y478.570
G01 X157.781 Y476.329
G01 X154.209 Y474.089
G01 X150.639 Y471.850
G01 X147.069 Y469.610
G01 X143.499 Y467.370
G01 X139.928 Y465.130
G01 X136.356 Y462.891
G01 X132.786 Y460.651
G01 X129.216 Y458.411
G01 X125.646 Y456.171
G01 X122.075 Y453.930
G01 X118.505 Y451.690
G01 X114.933 Y449.451
G01 X111.363 Y447.211
G01 X107.793 Y444.971
G01 X104.221 Y442.731
G01 X100.651 Y440.490
G01 X97.081 Y438.250
G01 X93.510 Y436.010
G01 X89.940 Y433.771
G01 X86.370 Y431.531
G01 X82.798 Y429.291
G01 X79.228 Y427.052
G01 X75.658 Y424.812
G01 X72.087 Y422.572
G01 X68.517 Y420.332
G01 X64.945 Y418.091
G01 X68.894 Y420.433
G01 X72.841 Y422.774
G01 X76.790 Y425.115
G01 X80.737 Y427.456
G01 X84.685 Y429.798
G01 X88.632 Y432.139
G01 X92.581 Y434.480
G01 X96.528 Y436.820
G01 X100.476 Y439.161
G01 X104.423 Y441.502
G01 X108.372 Y443.844
G01 X112.320 Y446.185
G01 X116.267 Y448.526
G01 X120.214 Y450.868
G01 X124.163 Y453.209
G01 X128.111 Y455.550
G01 X132.058 Y457.892
G01 X136.007 Y460.233
G01 X139.954 Y462.574
G01 X143.901 Y464.915
G01 X147.850 Y467.255
G01 X151.798 Y469.596
G01 X155.745 Y471.939
G01 X159.692 Y474.279
G01 X163.641 Y476.620
G01 X167.589 Y478.962
G01 X171.536 Y481.303
G01 X175.485 Y483.644
G01 X179.432 Y485.985
G01 X183.380 Y488.326
G01 X187.327 Y490.668
G01 X191.276 Y493.009
G01 X187.714 Y491.062
G01 X184.151 Y489.117
G01 X180.589 Y487.171
G01 X177.026 Y485.226
G01 X173.464 Y483.279
G01 X169.901 Y481.334
G01 X166.339 Y479.389
G01 X162.778 Y477.442
G01 X159.216 Y475.498
G01 X155.654 Y473.552
G01 X152.091 Y471.606
G01 X148.529 Y469.659
G01 X144.966 Y467.714
G01 X141.404 Y465.769
G01 X137.841 Y463.824
G01 X134.279 Y461.877
G01 X130.718 Y459.932
G01 X127.156 Y457.986
G01 X123.593 Y456.041
G01 X120.031 Y454.094
G01 X116.469 Y452.149
G01 X112.906 Y450.202
G01 X109.344 Y448.257
G01 X105.781 Y446.312
G01 X102.219 Y444.365
G01 X98.658 Y442.421
G01 X95.094 Y440.475
G01 X91.533 Y438.529
G01 X87.971 Y436.584
G01 X84.409 Y434.637
G01 X80.846 Y432.692
G01 X77.284 Y430.747
G01 X81.228 Y432.774
G01 X85.171 Y434.802
G01 X89.115 Y436.829
G01 X93.060 Y438.858
G01 X97.005 Y440.885
G01 X100.949 Y442.913
G01 X104.892 Y444.942
G01 X108.837 Y446.969
G01 X112.781 Y448.998
G01 X116.725 Y451.026
G01 X120.668 Y453.053
G01 X124.613 Y455.082
G01 X128.557 Y457.110
G01 X132.500 Y459.137
G01 X136.445 Y461.166
G01 X140.389 Y463.194
G01 X144.334 Y465.221
G01 X148.278 Y467.249
G01 X152.221 Y469.276
G01 X156.166 Y471.305
G01 X160.110 Y473.332
G01 X164.053 Y475.361
G01 X167.998 Y477.389
G01 X171.942 Y479.416
G01 X175.885 Y481.445
G01 X179.829 Y483.473
G01 X183.774 Y485.500
G01 X187.718 Y487.529
G01 X191.661 Y489.557
G01 X195.606 Y491.584
G01 X199.550 Y493.612
G01 X203.495 Y495.639
G01 X199.963 Y493.980
G01 X196.430 Y492.319
G01 X192.899 Y490.658
G01 X189.368 Y488.998
G01 X185.837 Y487.337
G01 X182.305 Y485.675
G01 X178.774 Y484.014
G01 X175.242 Y482.355
G01 X171.711 Y480.694
G01 X168.178 Y479.034
G01 X164.647 Y477.373
G01 X161.115 Y475.712
G01 X157.584 Y474.050
G01 X154.053 Y472.391
G01 X150.522 Y470.730
G01 X146.990 Y469.069
G01 X143.459 Y467.408
G01 X139.927 Y465.748
G01 X136.394 Y464.087
G01 X132.863 Y462.427
G01 X129.332 Y460.766
G01 X125.801 Y459.105
G01 X122.269 Y457.444
G01 X118.738 Y455.784
G01 X115.206 Y454.123
G01 X111.675 Y452.462
G01 X108.142 Y450.802
G01 X104.612 Y449.141
G01 X101.079 Y447.480
G01 X97.548 Y445.819
G01 X94.017 Y444.159
G01 X90.486 Y442.498
G01 X94.403 Y444.221
G01 X98.320 Y445.945
G01 X102.237 Y447.668
G01 X106.154 Y449.392
G01 X110.070 Y451.117
G01 X113.987 Y452.841
G01 X117.904 Y454.564
G01 X121.822 Y456.288
G01 X125.739 Y458.012
G01 X129.656 Y459.735
G01 X133.572 Y461.459
G01 X137.488 Y463.183
G01 X141.406 Y464.906
G01 X145.324 Y466.630
G01 X149.240 Y468.353
G01 X153.158 Y470.077
G01 X157.074 Y471.802
G01 X160.990 Y473.526
G01 X164.908 Y475.249
G01 X168.825 Y476.973
G01 X172.743 Y478.697
G01 X176.659 Y480.420
G01 X180.576 Y482.144
G01 X184.493 Y483.868
G01 X188.411 Y485.591
G01 X192.327 Y487.315
G01 X196.243 Y489.038
G01 X200.161 Y490.762
G01 X204.077 Y492.487
G01 X207.995 Y494.209
G01 X211.911 Y495.933
G01 X215.829 Y497.658
G01 X208.870 Y494.885
G01 X201.911 Y492.112
G01 X194.952 Y489.339
G01 X187.993 Y486.565
G01 X181.034 Y483.791
G01 X174.075 Y481.019
G01 X167.115 Y478.245
G01 X160.156 Y475.473
G01 X153.197 Y472.699
G01 X146.238 Y469.925
G01 X139.279 Y467.153
G01 X132.320 Y464.380
G01 X125.361 Y461.606
G01 X118.403 Y458.834
G01 X111.442 Y456.060
G01 X104.483 Y453.286
G01 X108.351 Y454.718
G01 X112.219 Y456.147
G01 X116.087 Y457.577
G01 X119.954 Y459.009
G01 X123.823 Y460.439
G01 X127.690 Y461.868
G01 X131.558 Y463.298
G01 X135.425 Y464.730
G01 X139.293 Y466.159
G01 X143.161 Y467.589
G01 X147.029 Y469.021
G01 X150.896 Y470.451
G01 X154.764 Y471.880
G01 X158.632 Y473.310
G01 X162.499 Y474.742
G01 X166.367 Y476.171
G01 X170.235 Y477.601
G01 X174.101 Y479.033
G01 X177.969 Y480.463
G01 X181.838 Y481.892
G01 X185.704 Y483.324
G01 X189.572 Y484.754
G01 X193.440 Y486.183
G01 X197.308 Y487.613
G01 X201.175 Y489.045
G01 X205.043 Y490.475
G01 X208.911 Y491.904
G01 X212.779 Y493.334
G01 X216.647 Y494.766
G01 X220.514 Y496.195
G01 X224.382 Y497.625
G01 X228.250 Y499.057
G01 X221.435 Y496.807
G01 X214.620 Y494.557
G01 X207.805 Y492.307
G01 X200.990 Y490.058
G01 X194.175 Y487.808
G01 X187.360 Y485.558
G01 X180.545 Y483.308
G01 X173.730 Y481.058
G01 X166.915 Y478.808
G01 X160.100 Y476.558
G01 X153.284 Y474.308
G01 X146.469 Y472.060
G01 X139.654 Y469.810
G01 X132.839 Y467.560
G01 X126.025 Y465.310
G01 X119.209 Y463.060
G01 X123.008 Y464.209
G01 X126.805 Y465.358
G01 X130.601 Y466.507
G01 X134.399 Y467.656
G01 X138.197 Y468.805
G01 X141.993 Y469.954
G01 X145.791 Y471.105
G01 X149.589 Y472.254
G01 X153.385 Y473.403
G01 X157.183 Y474.552
G01 X160.981 Y475.701
G01 X164.778 Y476.850
G01 X168.575 Y477.999
G01 X172.373 Y479.149
G01 X176.170 Y480.298
G01 X179.966 Y481.447
G01 X183.764 Y482.596
G01 X187.562 Y483.745
G01 X191.358 Y484.894
G01 X195.156 Y486.043
G01 X198.954 Y487.192
G01 X202.750 Y488.341
G01 X206.548 Y489.490
G01 X210.346 Y490.639
G01 X214.142 Y491.788
G01 X217.940 Y492.938
G01 X221.738 Y494.087
G01 X225.534 Y495.236
G01 X229.332 Y496.385
G01 X233.130 Y497.534
G01 X236.927 Y498.683
G01 X240.724 Y499.832
G01 X234.091 Y498.079
G01 X227.457 Y496.325
G01 X220.824 Y494.570
G01 X214.190 Y492.817
G01 X207.557 Y491.062
G01 X200.923 Y489.308
G01 X194.291 Y487.555
G01 X187.656 Y485.800
G01 X181.024 Y484.046
G01 X174.389 Y482.293
G01 X167.757 Y480.538
G01 X161.124 Y478.784
G01 X154.490 Y477.031
G01 X147.856 Y475.276
G01 X141.223 Y473.522
G01 X134.589 Y471.769
G01 X138.296 Y472.651
G01 X142.005 Y473.533
G01 X145.712 Y474.415
G01 X149.418 Y475.296
G01 X153.125 Y476.178
G01 X156.834 Y477.060
G01 X160.541 Y477.940
G01 X164.248 Y478.822
G01 X167.954 Y479.704
G01 X171.661 Y480.587
G01 X175.370 Y481.468
G01 X179.077 Y482.350
G01 X182.784 Y483.231
G01 X186.492 Y484.113
G01 X190.199 Y484.995
G01 X193.906 Y485.877
G01 X197.613 Y486.759
G01 X201.320 Y487.639
G01 X205.028 Y488.522
G01 X208.735 Y489.404
G01 X212.442 Y490.284
G01 X216.149 Y491.166
G01 X219.856 Y492.048
G01 X223.564 Y492.930
G01 X227.271 Y493.812
G01 X230.978 Y494.694
G01 X234.685 Y495.576
G01 X238.392 Y496.457
G01 X242.100 Y497.339
G01 X245.808 Y498.221
G01 X249.515 Y499.103
G01 X253.222 Y499.983
G01 X246.805 Y498.695
G01 X240.388 Y497.406
G01 X233.969 Y496.118
G01 X227.553 Y494.831
G01 X221.135 Y493.541
G01 X214.719 Y492.254
G01 X208.302 Y490.964
G01 X201.884 Y489.677
G01 X195.466 Y488.387
G01 X189.050 Y487.100
G01 X182.632 Y485.812
G01 X176.214 Y484.522
G01 X169.798 Y483.235
G01 X163.380 Y481.945
G01 X156.964 Y480.658
G01 X150.546 Y479.368
G01 X157.745 Y480.627
G01 X164.942 Y481.887
G01 X172.139 Y483.146
G01 X179.338 Y484.404
G01 X186.536 Y485.663
G01 X193.733 Y486.923
G01 X200.930 Y488.182
G01 X208.129 Y489.440
G01 X215.327 Y490.699
G01 X222.524 Y491.957
G01 X229.723 Y493.216
G01 X236.921 Y494.476
G01 X244.118 Y495.735
G01 X251.316 Y496.993
G01 X258.514 Y498.252
G01 X265.712 Y499.510
G01 X259.542 Y498.656
G01 X253.373 Y497.800
G01 X247.204 Y496.945
G01 X241.034 Y496.089
G01 X234.865 Y495.233
G01 X228.695 Y494.377
G01 X222.526 Y493.522
G01 X216.356 Y492.666
G01 X210.187 Y491.812
G01 X204.017 Y490.956
G01 X197.848 Y490.101
G01 X191.678 Y489.245
G01 X185.509 Y488.389
G01 X179.339 Y487.534
G01 X173.170 Y486.678
G01 X167.000 Y485.822
G01 X173.947 Y486.610
G01 X180.896 Y487.397
G01 X187.843 Y488.183
G01 X194.791 Y488.971
G01 X201.738 Y489.757
G01 X208.685 Y490.545
G01 X215.634 Y491.332
G01 X222.581 Y492.118
G01 X229.529 Y492.906
G01 X236.476 Y493.692
G01 X243.424 Y494.478
G01 X250.372 Y495.266
G01 X257.319 Y496.053
G01 X264.267 Y496.839
G01 X271.215 Y497.627
G01 X278.162 Y498.413
G01 X272.269 Y497.957
G01 X266.376 Y497.500
G01 X260.482 Y497.041
G01 X254.589 Y496.584
G01 X248.696 Y496.127
G01 X242.802 Y495.671
G01 X236.909 Y495.214
G01 X231.016 Y494.755
G01 X225.122 Y494.298
G01 X219.228 Y493.841
G01 X213.336 Y493.385
G01 X207.442 Y492.927
G01 X201.548 Y492.469
G01 X195.656 Y492.012
G01 X189.762 Y491.555
G01 X183.868 Y491.098
G01 X190.536 Y491.447
G01 X197.202 Y491.798
G01 X203.870 Y492.147
G01 X210.536 Y492.498
G01 X217.204 Y492.848
G01 X223.872 Y493.197
G01 X230.538 Y493.548
G01 X237.206 Y493.897
G01 X243.873 Y494.247
G01 X250.540 Y494.596
G01 X257.207 Y494.947
G01 X263.874 Y495.296
G01 X270.541 Y495.647
G01 X277.208 Y495.997
G01 X283.875 Y496.346
G01 X290.542 Y496.697
G01 X284.950 Y496.601
G01 X279.358 Y496.505
G01 X273.766 Y496.409
G01 X268.174 Y496.315
G01 X262.582 Y496.219
G01 X256.989 Y496.123
G01 X251.398 Y496.028
G01 X245.805 Y495.933
G01 X240.213 Y495.837
G01 X234.620 Y495.740
G01 X229.029 Y495.646
G01 X223.437 Y495.550
G01 X217.844 Y495.454
G01 X212.252 Y495.358
G01 X206.659 Y495.264
G01 X201.067 Y495.168
G01 X207.428 Y495.118
G01 X213.786 Y495.067
G01 X220.147 Y495.017
G01 X226.505 Y494.966
G01 X232.865 Y494.916
G01 X239.225 Y494.865
G01 X245.585 Y494.815
G01 X251.945 Y494.764
G01 X258.304 Y494.714
G01 X264.663 Y494.663
G01 X271.023 Y494.613
G01 X277.382 Y494.564
G01 X283.742 Y494.512
G01 X290.102 Y494.463
G01 X296.462 Y494.413
G01 X302.821 Y494.362
G01 X297.552 Y494.589
G01 X292.283 Y494.819
G01 X287.013 Y495.046
G01 X281.744 Y495.274
G01 X276.475 Y495.502
G01 X271.204 Y495.731
G01 X265.936 Y495.959
G01 X260.666 Y496.188
G01 X255.397 Y496.416
G01 X250.128 Y496.644
G01 X244.858 Y496.872
G01 X239.589 Y497.101
G01 X234.320 Y497.329
G01 X229.050 Y497.557
G01 X223.781 Y497.784
G01 X218.510 Y498.012
G01 X224.540 Y497.601
G01 X230.569 Y497.189
G01 X236.597 Y496.776
G01 X242.626 Y496.363
G01 X248.654 Y495.952
G01 X254.683 Y495.540
G01 X260.711 Y495.127
G01 X266.740 Y494.714
G01 X272.769 Y494.303
G01 X278.797 Y493.891
G01 X284.825 Y493.478
G01 X290.853 Y493.065
G01 X296.882 Y492.654
G01 X302.911 Y492.242
G01 X308.940 Y491.829
G01 X314.968 Y491.416
G01 X310.040 Y491.930
G01 X305.111 Y492.442
G01 X300.183 Y492.954
G01 X295.254 Y493.466
G01 X290.326 Y493.980
G01 X285.397 Y494.493
G01 X280.469 Y495.005
G01 X275.540 Y495.517
G01 X270.612 Y496.031
G01 X265.683 Y496.543
G01 X260.755 Y497.055
G01 X255.826 Y497.567
G01 X250.898 Y498.081
G01 X245.970 Y498.593
G01 X241.041 Y499.106
G01 X236.112 Y499.618
G01 X241.790 Y498.884
G01 X247.468 Y498.149
G01 X253.145 Y497.416
G01 X258.822 Y496.680
G01 X264.500 Y495.947
G01 X270.178 Y495.212
G01 X275.855 Y494.478
G01 X281.533 Y493.743
G01 X287.210 Y493.009
G01 X292.888 Y492.274
G01 X298.565 Y491.540
G01 X304.243 Y490.805
G01 X309.920 Y490.072
G01 X315.598 Y489.337
G01 X321.275 Y488.603
G01 X326.953 Y487.868
G01 X322.380 Y488.625
G01 X317.805 Y489.382
G01 X313.233 Y490.139
G01 X308.660 Y490.894
G01 X304.087 Y491.651
G01 X299.514 Y492.409
G01 X294.941 Y493.166
G01 X290.368 Y493.921
G01 X285.795 Y494.678
G01 X281.222 Y495.435
G01 X276.649 Y496.192
G01 X272.075 Y496.949
G01 X267.502 Y497.706
G01 X262.929 Y498.463
G01 X258.356 Y499.219
G01 X253.783 Y499.976
G01 X259.093 Y498.961
G01 X264.403 Y497.945
G01 X269.713 Y496.928
G01 X275.023 Y495.913
G01 X280.334 Y494.897
G01 X285.644 Y493.882
G01 X290.954 Y492.867
G01 X296.264 Y491.851
G01 X301.574 Y490.834
G01 X306.884 Y489.820
G01 X312.194 Y488.803
G01 X317.504 Y487.788
G01 X322.815 Y486.772
G01 X328.125 Y485.757
G01 X333.435 Y484.740
G01 X338.745 Y483.725
G01 X334.538 Y484.685
G01 X330.331 Y485.644
G01 X326.124 Y486.605
G01 X321.917 Y487.565
G01 X317.710 Y488.524
G01 X313.502 Y489.485
G01 X309.296 Y490.445
G01 X305.090 Y491.404
G01 X300.882 Y492.365
G01 X296.675 Y493.325
G01 X292.469 Y494.284
G01 X288.262 Y495.245
G01 X284.055 Y496.204
G01 X279.848 Y497.165
G01 X275.642 Y498.125
G01 X271.435 Y499.084
G01 X276.365 Y497.829
G01 X281.295 Y496.574
G01 X286.225 Y495.319
G01 X291.155 Y494.062
G01 X296.085 Y492.808
G01 X301.014 Y491.552
G01 X305.945 Y490.296
G01 X310.875 Y489.041
G01 X315.805 Y487.786
G01 X320.735 Y486.531
G01 X325.665 Y485.274
G01 X330.595 Y484.019
G01 X335.525 Y482.764
G01 X340.454 Y481.509
G01 X345.385 Y480.254
G01 X350.315 Y478.998
G01 X346.482 Y480.120
G01 X342.648 Y481.242
G01 X338.815 Y482.363
G01 X334.981 Y483.486
G01 X331.148 Y484.608
G01 X327.314 Y485.728
G01 X323.480 Y486.851
G01 X319.647 Y487.973
G01 X315.814 Y489.094
G01 X311.980 Y490.216
G01 X308.147 Y491.339
G01 X304.312 Y492.461
G01 X300.480 Y493.582
G01 X296.646 Y494.704
G01 X292.812 Y495.827
G01 X288.978 Y496.947
G01 X293.519 Y495.495
G01 X298.061 Y494.041
G01 X302.602 Y492.589
G01 X307.143 Y491.135
G01 X311.684 Y489.683
G01 X316.225 Y488.230
G01 X320.766 Y486.776
G01 X325.307 Y485.324
G01 X329.848 Y483.870
G01 X334.389 Y482.416
G01 X338.930 Y480.964
G01 X343.471 Y479.510
G01 X348.012 Y478.058
G01 X352.553 Y476.605
G01 X357.094 Y475.151
G01 X361.635 Y473.699
G01 X354.721 Y476.183
G01 X347.808 Y478.668
G01 X340.894 Y481.153
G01 X333.982 Y483.637
G01 X327.069 Y486.123
G01 X320.155 Y488.608
G01 X313.242 Y491.093
G01 X306.329 Y493.577
G01 X310.475 Y491.969
G01 X314.622 Y490.360
G01 X318.769 Y488.752
G01 X322.915 Y487.142
G01 X327.062 Y485.534
G01 X331.209 Y483.925
G01 X335.356 Y482.317
G01 X339.502 Y480.709
G01 X343.649 Y479.100
G01 X347.795 Y477.492
G01 X351.942 Y475.882
G01 X356.089 Y474.274
G01 X360.235 Y472.666
G01 X364.382 Y471.057
G01 X368.528 Y469.447
G01 X372.675 Y467.839
G01 X366.514 Y470.483
G01 X360.356 Y473.127
G01 X354.196 Y475.771
G01 X348.036 Y478.415
G01 X341.876 Y481.058
G01 X335.716 Y483.702
G01 X329.557 Y486.346
G01 X323.397 Y488.990
G01 X327.148 Y487.267
G01 X330.899 Y485.545
G01 X334.649 Y483.822
G01 X338.400 Y482.101
G01 X342.151 Y480.379
G01 X345.901 Y478.656
G01 X349.651 Y476.935
G01 X353.403 Y475.213
G01 X357.154 Y473.490
G01 X360.905 Y471.769
G01 X364.655 Y470.046
G01 X368.406 Y468.325
G01 X372.157 Y466.603
G01 X375.908 Y464.880
G01 X379.658 Y463.159
G01 X383.409 Y461.437
G01 X377.995 Y464.158
G01 X372.581 Y466.879
G01 X367.168 Y469.600
G01 X361.754 Y472.322
G01 X356.340 Y475.043
G01 X350.925 Y477.764
G01 X345.512 Y480.486
G01 X340.098 Y483.207
G01 X343.454 Y481.413
G01 X346.812 Y479.618
G01 X350.168 Y477.825
G01 X353.526 Y476.031
G01 X356.882 Y474.238
G01 X360.240 Y472.444
G01 X363.597 Y470.649
G01 X366.954 Y468.856
G01 X370.311 Y467.062
G01 X373.668 Y465.267
G01 X377.024 Y463.474
G01 X380.382 Y461.680
G01 X383.738 Y459.887
G01 X387.096 Y458.093
G01 X390.452 Y456.298
G01 X393.810 Y454.505
G01 X389.127 Y457.224
G01 X384.445 Y459.942
G01 X379.762 Y462.663
G01 X375.079 Y465.382
G01 X370.397 Y468.101
G01 X365.715 Y470.820
G01 X361.031 Y473.540
G01 X356.349 Y476.259
G01 X362.287 Y472.608
G01 X368.225 Y468.959
G01 X374.162 Y465.310
G01 X380.100 Y461.659
G01 X386.038 Y458.010
G01 X391.975 Y454.361
G01 X397.913 Y450.712
G01 X403.851 Y447.062
G01 X399.877 Y449.702
G01 X395.904 Y452.341
G01 X391.932 Y454.981
G01 X387.959 Y457.620
G01 X383.986 Y460.260
G01 X380.014 Y462.899
G01 X376.042 Y465.540
G01 X372.069 Y468.180
G01 X377.249 Y464.548
G01 X382.428 Y460.916
G01 X387.608 Y457.284
G01 X392.788 Y453.653
G01 X397.967 Y450.022
G01 X403.148 Y446.389
G01 X408.327 Y442.759
G01 X413.507 Y439.127
G01 X410.216 Y441.612
G01 X406.925 Y444.098
G01 X403.634 Y446.582
G01 X400.342 Y449.069
G01 X397.052 Y451.553
G01 X393.760 Y454.040
G01 X390.470 Y456.524
G01 X387.178 Y459.010
G01 X391.625 Y455.474
G01 X396.072 Y451.938
G01 X400.519 Y448.401
G01 X404.966 Y444.865
G01 X409.413 Y441.327
G01 X413.861 Y437.791
G01 X418.308 Y434.255
G01 X422.755 Y430.719
G01 X417.466 Y435.238
G01 X412.178 Y439.757
G01 X406.890 Y444.276
G01 X401.603 Y448.796
G01 X405.349 Y445.430
G01 X409.095 Y442.062
G01 X412.841 Y438.695
G01 X416.587 Y435.327
G01 X420.332 Y431.961
G01 X424.079 Y428.593
G01 X427.825 Y425.226
G01 X431.571 Y421.858
G01 X427.495 Y425.791
G01 X423.420 Y429.724
G01 X419.344 Y433.656
G01 X415.269 Y437.589
G01 X418.351 Y434.462
G01 X421.435 Y431.334
G01 X424.518 Y428.207
G01 X427.601 Y425.079
G01 X430.683 Y421.952
G01 X433.767 Y418.824
G01 X436.850 Y415.697
G01 X439.933 Y412.570
G01 X436.976 Y415.788
G01 X434.021 Y419.007
G01 X431.065 Y422.226
G01 X428.108 Y425.444
G01 X433.036 Y419.802
G01 X437.965 Y414.159
G01 X442.893 Y408.516
G01 X447.821 Y402.874
G01 X443.940 Y407.647
G01 X440.058 Y412.423
G01 X443.848 Y407.516
G01 X447.637 Y402.608
G01 X451.425 Y397.702
G01 X455.214 Y392.796
G01 X451.058 Y398.589
G01 X453.817 Y394.531
G01 X456.577 Y390.475
G01 X459.334 Y386.418
G01 X462.094 Y382.361
G01 X461.055 Y384.012
G01 X464.749 Y377.803
G01 X468.443 Y371.596
G01 X469.995 Y368.767
G01 X472.121 Y364.647
G01 X474.248 Y360.526
G01 X476.042 Y356.726
G01 X477.836 Y352.927
G01 X479.491 Y349.180
G01 X482.014 Y342.877

